0,1,2,3,4,5,6,7,8,9,10,11,12,13,14,15,16,17,18,19,mean_size,mean_relative_time,duration,label,,,Statistics per label,,,,,
"[1, 52, 0]","[0, 48, 4]","[1, 40, 6]","[1, 713, 8]","[0, 40, 9]","[0, 1500, 14]","[0, 1500, 14]","[0, 343, 14]","[1, 40, 14]","[1, 104, 25]","[0, 40, 25]","[1, 210, 26]","[1, 410, 26]","[0, 40, 26]","[0, 40, 27]","[0, 552, 28]","[0, 71, 29]","[1, 40, 29]","[1, 71, 31]","[0, 40, 32]",294.7,19.35,32,210,,,,,,,,
"[1, 52, 0]","[0, 48, 5]","[1, 40, 6]","[1, 713, 8]","[0, 40, 9]","[0, 1500, 14]","[0, 1500, 14]","[0, 343, 14]","[1, 40, 14]","[1, 104, 32]","[1, 210, 33]","[1, 410, 33]","[0, 40, 33]","[0, 40, 34]","[0, 40, 34]","[0, 552, 35]","[0, 71, 35]","[1, 40, 36]","[1, 71, 38]","[0, 40, 39]",294.7,23.3,39,210,,label,mean_size + std,mean_relative_time,mean_duration,mean+std_IAT,mean+std_CH,mean+std_SH
"[1, 52, 0]","[0, 48, 5]","[1, 40, 6]","[1, 713, 9]","[0, 40, 10]","[0, 1500, 14]","[0, 1500, 14]","[0, 344, 14]","[1, 40, 14]","[1, 104, 25]","[0, 40, 26]","[1, 210, 27]","[1, 410, 27]","[0, 40, 27]","[0, 40, 27]","[0, 552, 28]","[0, 71, 29]","[1, 40, 29]","[1, 71, 30]","[0, 40, 31]",294.75,19.6,31,210,,110,315.8755±23.36,12.6735,23.71,1.2479 ± 2.5232,725.00 ± 0,1500.00 ± 0
"[1, 52, 0]","[0, 48, 4]","[1, 40, 5]","[1, 713, 8]","[0, 40, 9]","[0, 1500, 14]","[0, 1500, 14]","[0, 343, 14]","[1, 40, 15]","[1, 104, 25]","[0, 40, 25]","[1, 210, 27]","[0, 552, 27]","[1, 410, 27]","[0, 40, 27]","[1, 71, 29]","[0, 71, 29]","[0, 40, 29]","[0, 246, 38]","[1, 40, 38]",305,20.2,38,210,,111,426.7325±18.56,12.879,22.73,1.1963 ± 2.3877,1947.00 ± 0,732.56 ± 722.70
"[1, 52, 0]","[0, 48, 3]","[1, 40, 4]","[1, 713, 5]","[0, 40, 6]","[0, 1500, 13]","[0, 1500, 13]","[0, 343, 13]","[1, 40, 13]","[1, 104, 23]","[1, 210, 24]","[1, 410, 24]","[0, 40, 26]","[0, 40, 26]","[0, 40, 26]","[0, 561, 28]","[1, 71, 30]","[0, 40, 31]","[0, 246, 43]","[0, 1500, 43]",376.9,19.7,43,210,,112,378.102±13.53,13.3215,22.28,1.1726 ± 2.0364,1962.00 ± 0,848.40 ± 720.37
"[1, 52, 0]","[0, 48, 4]","[1, 40, 5]","[1, 713, 6]","[0, 40, 6]","[0, 1500, 12]","[0, 1500, 12]","[0, 343, 12]","[1, 40, 12]","[1, 104, 22]","[0, 40, 23]","[1, 210, 24]","[1, 410, 24]","[0, 40, 25]","[0, 40, 25]","[0, 552, 25]","[0, 71, 27]","[1, 40, 27]","[1, 71, 29]","[0, 40, 29]",294.7,17.45,29,210,,120,295.766±39.33,16.5865,35.2,1.8526 ± 3.5258,614.40 ± 35.97,1500.00 ± 0
"[1, 52, 0]","[0, 48, 4]","[1, 40, 5]","[1, 713, 6]","[0, 40, 7]","[0, 1500, 13]","[0, 1500, 13]","[0, 342, 13]","[1, 40, 13]","[1, 104, 24]","[0, 40, 25]","[0, 552, 27]","[1, 210, 28]","[1, 410, 28]","[0, 40, 30]","[0, 71, 32]","[1, 71, 34]","[0, 40, 35]","[0, 247, 40]","[0, 86, 41]",307.3,20.9,41,210,,121,378.2565±13.52,14.959,26.14,1.3758 ± 2.7514,1835.96 ± 34.60,877.36 ± 716.87
"[1, 52, 0]","[0, 48, 4]","[1, 40, 5]","[1, 713, 8]","[0, 40, 9]","[0, 1500, 14]","[0, 1500, 14]","[0, 343, 14]","[1, 40, 15]","[1, 104, 38]","[0, 40, 38]","[0, 552, 40]","[1, 210, 41]","[1, 410, 41]","[0, 40, 41]","[0, 40, 42]","[0, 71, 43]","[1, 71, 44]","[0, 40, 45]","[0, 292, 52]",307.3,27.4,52,210,,122,381.996±13.29,13.7175,26.41,1.3900 ± 3.6707,1827.32 ± 34.65,1022.16 ± 680.87
"[1, 52, 0]","[0, 48, 5]","[1, 40, 5]","[1, 713, 6]","[0, 40, 7]","[0, 1500, 12]","[0, 1500, 12]","[1, 40, 12]","[0, 344, 13]","[1, 104, 22]","[0, 40, 22]","[1, 210, 23]","[1, 410, 23]","[0, 40, 23]","[0, 40, 24]","[0, 552, 24]","[0, 71, 26]","[1, 40, 26]","[1, 71, 27]","[0, 40, 27]",294.75,16.95,27,210,,210,310.2525±30.59,23.8215,41.72,2.1958 ± 4.0561,713.00 ± 0,1500.00 ± 0
"[1, 52, 0]","[0, 48, 7]","[1, 40, 7]","[1, 713, 9]","[0, 40, 10]","[0, 1500, 16]","[0, 1500, 16]","[0, 342, 17]","[1, 40, 17]","[1, 104, 31]","[0, 40, 32]","[1, 210, 33]","[1, 410, 33]","[0, 552, 34]","[0, 40, 34]","[0, 40, 34]","[1, 71, 36]","[0, 71, 36]","[0, 40, 37]","[0, 292, 44]",307.25,24.15,44,210,,211,415.576±16.65,22.752,40.85,2.1500 ± 4.4519,1935.00 ± 0,507.20 ± 681.06
"[1, 52, 0]","[0, 48, 2]","[1, 40, 3]","[1, 713, 5]","[0, 40, 6]","[0, 1500, 11]","[0, 1500, 11]","[0, 342, 11]","[1, 40, 12]","[1, 104, 31]","[0, 40, 32]","[1, 210, 32]","[1, 410, 32]","[0, 40, 33]","[0, 552, 33]","[0, 71, 35]","[1, 40, 35]","[1, 71, 36]","[0, 40, 36]","[0, 292, 42]",307.25,21.9,42,210,,212,373.593±23.05,20.8295,39.75,2.0921 ± 7.2762,1950.00 ± 0,463.40 ± 662.49
"[1, 52, 0]","[0, 48, 6]","[1, 40, 7]","[1, 713, 11]","[0, 40, 11]","[0, 1500, 16]","[0, 1500, 16]","[0, 343, 16]","[1, 40, 16]","[1, 40, 29]","[1, 104, 34]","[0, 40, 35]","[1, 210, 35]","[1, 410, 36]","[0, 40, 36]","[0, 40, 36]","[0, 552, 36]","[0, 71, 38]","[1, 40, 38]","[1, 71, 39]",294.7,24.55,39,210,,220,262.554±14.05,106.9785,245.37,12.9142 ± 48.9818,600.38 ± 33.78,1500.00 ± 0
"[1, 52, 0]","[0, 48, 4]","[1, 40, 5]","[1, 713, 7]","[0, 40, 9]","[0, 1500, 13]","[0, 1500, 13]","[0, 344, 13]","[1, 40, 13]","[1, 104, 26]","[0, 40, 27]","[1, 210, 28]","[1, 410, 28]","[0, 40, 28]","[0, 40, 29]","[0, 552, 30]","[0, 71, 31]","[1, 40, 31]","[1, 71, 32]","[0, 40, 33]",294.75,20,33,210,,221,366.284±10.17,70.3375,184.72,9.7221 ± 32.9211,1825.56 ± 35.97,551.00 ± 696.38
"[1, 52, 0]","[0, 48, 6]","[1, 40, 7]","[1, 713, 9]","[0, 40, 10]","[0, 1500, 16]","[0, 1500, 16]","[0, 343, 16]","[1, 40, 16]","[1, 104, 35]","[0, 40, 35]","[1, 210, 36]","[1, 410, 36]","[0, 40, 36]","[0, 40, 36]","[0, 552, 37]","[0, 71, 38]","[1, 40, 38]","[1, 71, 40]","[0, 40, 40]",294.7,25.15,40,210,,222,367.207±35.36,41.3005,84.22,4.4326 ± 18.5325,1949.20 ± 126.11,492.75 ± 660.43
"[1, 52, 0]","[0, 48, 6]","[1, 40, 6]","[1, 713, 8]","[0, 40, 10]","[0, 1500, 16]","[0, 1500, 16]","[0, 343, 16]","[1, 40, 16]","[1, 104, 33]","[0, 40, 34]","[1, 210, 35]","[1, 410, 35]","[0, 40, 35]","[0, 40, 36]","[0, 552, 36]","[0, 71, 37]","[1, 40, 37]","[1, 71, 39]","[0, 40, 40]",294.7,24.55,40,210,,,,,,,,
"[1, 52, 0]","[0, 48, 8]","[1, 40, 8]","[1, 713, 10]","[0, 40, 12]","[0, 1500, 18]","[0, 1500, 18]","[0, 343, 18]","[1, 40, 18]","[1, 104, 35]","[0, 40, 37]","[0, 552, 39]","[1, 210, 40]","[1, 410, 40]","[0, 40, 41]","[0, 40, 41]","[1, 71, 43]","[0, 71, 43]","[0, 40, 43]","[0, 292, 52]",307.3,28.2,52,210,,,Statistics per-packet-index across sessions,,,,,
"[1, 52, 0]","[0, 48, 7]","[1, 40, 8]","[1, 713, 10]","[0, 40, 11]","[0, 1500, 15]","[0, 1500, 15]","[0, 342, 15]","[1, 40, 16]","[1, 104, 25]","[0, 40, 26]","[1, 210, 27]","[1, 410, 27]","[0, 40, 27]","[0, 40, 28]","[0, 552, 28]","[0, 71, 30]","[1, 40, 30]","[1, 71, 31]","[0, 40, 31]",294.65,20.35,31,210,,label,packet_index,mean_size,std_size,,,
"[1, 52, 0]","[0, 48, 4]","[1, 40, 4]","[1, 713, 6]","[0, 40, 7]","[0, 1500, 12]","[0, 1500, 12]","[0, 344, 12]","[1, 40, 12]","[1, 104, 37]","[1, 210, 38]","[0, 40, 38]","[1, 410, 38]","[0, 40, 38]","[0, 40, 39]","[0, 552, 40]","[0, 71, 40]","[1, 40, 41]","[1, 71, 41]","[0, 40, 42]",294.75,25.05,42,210,,110,0,60,0,,,
"[1, 52, 0]","[0, 48, 5]","[1, 40, 5]","[1, 713, 6]","[0, 40, 7]","[0, 1500, 13]","[0, 1500, 13]","[0, 344, 13]","[1, 40, 13]","[1, 104, 30]","[0, 40, 31]","[1, 210, 32]","[1, 410, 32]","[0, 40, 32]","[0, 40, 33]","[0, 561, 64]","[1, 71, 66]","[0, 40, 67]","[0, 292, 71]","[0, 1431, 71]",375.8,30.2,71,210,,110,1,60,0,,,
"[1, 52, 0]","[0, 48, 4]","[1, 40, 4]","[1, 713, 6]","[0, 40, 6]","[0, 1500, 11]","[0, 1500, 11]","[0, 343, 11]","[1, 40, 12]","[1, 104, 22]","[0, 40, 23]","[1, 210, 24]","[1, 410, 25]","[0, 552, 25]","[0, 40, 25]","[0, 40, 26]","[0, 71, 27]","[1, 40, 27]","[1, 71, 27]","[0, 40, 28]",294.7,17.2,28,210,,110,2,52,0,,,
"[1, 52, 0]","[0, 48, 4]","[1, 40, 4]","[1, 713, 5]","[0, 40, 6]","[0, 1500, 13]","[0, 1500, 13]","[0, 342, 13]","[1, 40, 14]","[1, 104, 49]","[0, 40, 49]","[1, 210, 50]","[1, 410, 51]","[0, 552, 51]","[0, 40, 51]","[0, 40, 51]","[0, 71, 53]","[1, 40, 53]","[1, 71, 54]","[0, 40, 54]",294.65,31.9,54,210,,110,3,725,0,,,
"[1, 52, 0]","[0, 48, 4]","[1, 40, 4]","[1, 713, 6]","[0, 40, 7]","[0, 1500, 13]","[0, 1500, 13]","[1, 40, 14]","[0, 343, 14]","[1, 104, 29]","[1, 210, 30]","[1, 410, 30]","[0, 40, 31]","[0, 561, 35]","[1, 71, 37]","[0, 40, 38]","[0, 246, 42]","[0, 1500, 43]","[0, 1035, 43]","[1, 40, 43]",426.65,23.8,43,210,,110,4,52,0,,,
"[1, 52, 0]","[0, 48, 5]","[1, 40, 6]","[1, 713, 9]","[0, 40, 10]","[0, 1500, 16]","[0, 1500, 16]","[0, 343, 16]","[1, 40, 18]","[1, 104, 29]","[0, 40, 30]","[1, 210, 31]","[1, 410, 31]","[0, 40, 31]","[0, 40, 31]","[0, 552, 32]","[0, 71, 32]","[1, 40, 33]","[1, 71, 37]","[0, 40, 38]",294.7,22.55,38,210,,110,5,1500,0,,,
"[1, 52, 0]","[0, 48, 6]","[1, 40, 7]","[1, 713, 8]","[0, 40, 8]","[0, 1500, 14]","[0, 1500, 14]","[0, 343, 14]","[1, 40, 14]","[1, 104, 22]","[0, 40, 23]","[1, 210, 23]","[1, 410, 23]","[0, 40, 24]","[0, 40, 24]","[0, 552, 24]","[1, 71, 26]","[0, 71, 26]","[0, 40, 32]","[0, 292, 36]",307.3,18.4,36,210,,110,6,52,0,,,
"[1, 52, 0]","[0, 48, 3]","[1, 40, 4]","[1, 713, 6]","[0, 40, 7]","[0, 1500, 13]","[0, 1500, 13]","[0, 343, 13]","[1, 40, 13]","[1, 104, 24]","[0, 40, 25]","[1, 210, 25]","[1, 410, 25]","[0, 40, 26]","[0, 40, 27]","[0, 552, 27]","[0, 71, 28]","[1, 40, 29]","[1, 71, 29]","[0, 40, 30]",294.7,18.35,30,210,,110,7,1500,0,,,
"[1, 52, 0]","[0, 48, 4]","[1, 40, 5]","[1, 713, 7]","[0, 40, 8]","[0, 1500, 12]","[0, 1500, 12]","[0, 344, 12]","[1, 40, 13]","[1, 104, 30]","[0, 40, 31]","[1, 210, 32]","[1, 410, 32]","[0, 552, 33]","[0, 40, 33]","[1, 71, 34]","[0, 71, 35]","[0, 40, 35]","[0, 292, 44]","[1, 40, 44]",307.35,22.8,44,210,,110,8,68.36,71.67103863,,,
"[1, 52, 0]","[0, 48, 5]","[1, 40, 5]","[1, 713, 7]","[0, 40, 8]","[0, 1500, 13]","[0, 1500, 14]","[0, 344, 14]","[1, 40, 14]","[1, 104, 27]","[0, 40, 27]","[1, 210, 28]","[1, 410, 28]","[0, 40, 28]","[0, 40, 29]","[0, 552, 29]","[0, 71, 30]","[1, 40, 30]","[1, 71, 32]","[0, 40, 32]",294.75,20,32,210,,110,9,362.68,71.63767983,,,
"[1, 52, 0]","[0, 48, 3]","[1, 40, 4]","[1, 713, 5]","[0, 40, 6]","[0, 1500, 12]","[0, 1500, 13]","[0, 343, 13]","[1, 40, 13]","[1, 104, 24]","[0, 40, 24]","[1, 210, 26]","[1, 410, 26]","[0, 552, 26]","[0, 40, 27]","[0, 40, 27]","[0, 71, 29]","[1, 71, 29]","[0, 40, 29]","[0, 292, 37]",307.3,18.65,37,210,,110,10,52,0,,,
"[1, 52, 0]","[0, 48, 4]","[1, 40, 5]","[1, 713, 6]","[0, 40, 7]","[0, 1500, 13]","[0, 1500, 13]","[0, 344, 13]","[1, 40, 14]","[1, 104, 24]","[1, 210, 25]","[0, 40, 25]","[1, 410, 25]","[0, 40, 26]","[0, 552, 27]","[0, 71, 28]","[1, 40, 28]","[1, 71, 29]","[0, 40, 30]","[0, 246, 36]",305.05,18.9,36,210,,110,11,116,0,,,
"[1, 52, 0]","[0, 48, 4]","[1, 40, 6]","[1, 713, 11]","[0, 40, 13]","[0, 1500, 18]","[0, 1500, 18]","[0, 344, 18]","[1, 40, 19]","[1, 104, 55]","[0, 40, 56]","[0, 552, 59]","[1, 210, 63]","[1, 410, 63]","[0, 40, 64]","[1, 71, 65]","[0, 40, 65]","[0, 71, 66]","[0, 246, 74]","[0, 1477, 74]",376.9,40.55,74,210,,110,12,215.2,33.48088555,,,
"[1, 52, 0]","[0, 48, 5]","[1, 40, 6]","[1, 713, 8]","[0, 40, 9]","[0, 1500, 15]","[0, 1500, 15]","[0, 343, 15]","[1, 40, 16]","[1, 104, 27]","[0, 40, 28]","[1, 210, 28]","[1, 410, 28]","[0, 40, 29]","[0, 40, 29]","[0, 552, 30]","[0, 71, 31]","[1, 40, 31]","[1, 71, 32]","[0, 40, 33]",294.7,20.75,33,210,,110,13,385.5,92.8006988,,,
"[1, 52, 0]","[0, 48, 6]","[1, 40, 7]","[1, 713, 8]","[0, 40, 9]","[0, 1500, 13]","[0, 1500, 13]","[0, 344, 13]","[1, 40, 13]","[1, 104, 24]","[0, 40, 25]","[1, 210, 25]","[1, 410, 25]","[0, 40, 26]","[0, 40, 26]","[0, 552, 28]","[0, 71, 28]","[1, 40, 28]","[1, 71, 31]","[0, 40, 32]",294.75,19,32,210,,110,14,73.78,86.64202214,,,
"[1, 52, 0]","[0, 48, 5]","[1, 40, 5]","[1, 713, 7]","[0, 40, 10]","[0, 1500, 16]","[0, 1500, 16]","[0, 343, 16]","[1, 40, 17]","[1, 104, 28]","[0, 40, 29]","[1, 210, 30]","[1, 410, 30]","[0, 40, 30]","[0, 40, 30]","[0, 552, 31]","[0, 71, 32]","[1, 40, 33]","[1, 71, 34]","[0, 40, 35]",294.7,21.7,35,210,,110,15,120.02,171.1485845,,,
"[1, 52, 0]","[0, 48, 3]","[1, 40, 4]","[1, 713, 8]","[0, 40, 8]","[0, 1500, 15]","[0, 1500, 16]","[0, 344, 16]","[1, 40, 16]","[1, 104, 31]","[0, 40, 31]","[1, 210, 32]","[1, 410, 32]","[0, 40, 33]","[0, 552, 33]","[0, 40, 33]","[0, 71, 34]","[1, 40, 34]","[1, 71, 35]","[0, 40, 36]",294.75,22.5,36,210,,110,16,272.61,253.7968206,,,
"[1, 52, 0]","[0, 48, 17]","[1, 40, 18]","[1, 713, 22]","[0, 40, 23]","[0, 1500, 30]","[0, 1500, 31]","[0, 342, 31]","[1, 40, 31]","[1, 104, 48]","[0, 40, 49]","[0, 552, 50]","[1, 210, 56]","[1, 410, 56]","[0, 40, 57]","[0, 71, 59]","[1, 71, 61]","[0, 40, 62]","[0, 247, 66]","[0, 1500, 66]",378,41.65,66,210,,110,17,307.54,246.7286744,,,
"[1, 52, 0]","[0, 48, 4]","[1, 40, 5]","[1, 713, 12]","[0, 40, 13]","[0, 1500, 18]","[0, 1500, 18]","[0, 342, 18]","[1, 40, 19]","[1, 104, 45]","[0, 40, 46]","[0, 552, 48]","[1, 210, 49]","[1, 410, 49]","[0, 40, 50]","[0, 40, 50]","[0, 71, 51]","[1, 40, 52]","[1, 71, 58]","[0, 40, 59]",294.65,33.2,59,210,,110,18,108.75,156.1424741,,,
"[1, 52, 0]","[0, 48, 4]","[1, 40, 5]","[1, 713, 6]","[0, 40, 7]","[0, 1500, 10]","[0, 1500, 11]","[1, 40, 11]","[0, 343, 11]","[1, 104, 26]","[0, 40, 27]","[1, 210, 27]","[1, 410, 27]","[0, 40, 28]","[0, 552, 29]","[0, 71, 30]","[1, 40, 30]","[1, 71, 31]","[0, 40, 32]","[0, 292, 42]",307.3,19.7,42,210,,110,19,234.07,382.7045239,,,
"[1, 52, 0]","[0, 48, 10]","[1, 40, 11]","[1, 713, 14]","[0, 40, 15]","[0, 1500, 19]","[0, 1500, 19]","[0, 343, 19]","[1, 40, 20]","[1, 104, 33]","[1, 210, 35]","[1, 410, 35]","[0, 40, 37]","[0, 561, 39]","[1, 71, 43]","[0, 40, 45]","[0, 293, 48]","[0, 1500, 48]","[0, 958, 48]","[0, 71, 48]",426.7,29.3,48,210,,111,0,60,0,,,
"[1, 52, 0]","[0, 48, 5]","[1, 40, 5]","[1, 713, 6]","[0, 40, 7]","[0, 1500, 13]","[0, 1500, 13]","[0, 343, 13]","[1, 40, 14]","[1, 104, 24]","[1, 210, 25]","[1, 410, 25]","[0, 40, 26]","[0, 552, 29]","[0, 40, 29]","[0, 40, 30]","[0, 71, 31]","[1, 40, 32]","[1, 71, 32]","[0, 40, 33]",294.7,19.6,33,210,,111,1,60,0,,,
"[1, 52, 0]","[0, 48, 5]","[1, 40, 5]","[1, 713, 6]","[0, 40, 7]","[0, 1500, 12]","[0, 1500, 12]","[0, 344, 13]","[1, 40, 13]","[1, 104, 37]","[0, 40, 38]","[1, 210, 39]","[1, 410, 39]","[0, 40, 39]","[0, 40, 40]","[0, 552, 41]","[0, 71, 41]","[1, 40, 42]","[1, 71, 44]","[0, 40, 45]",294.75,25.9,45,210,,111,2,52,0,,,
"[1, 52, 0]","[0, 48, 4]","[1, 40, 5]","[1, 713, 7]","[0, 40, 8]","[0, 1500, 12]","[0, 1500, 12]","[0, 344, 12]","[1, 40, 13]","[1, 104, 33]","[0, 40, 34]","[1, 210, 34]","[1, 410, 34]","[0, 40, 35]","[0, 552, 37]","[0, 71, 37]","[1, 40, 38]","[1, 71, 41]","[0, 40, 42]","[0, 292, 49]",307.35,24.35,49,210,,111,3,1947,0,,,
"[1, 52, 0]","[0, 48, 6]","[1, 40, 6]","[1, 713, 7]","[0, 40, 8]","[0, 1500, 13]","[0, 1500, 13]","[0, 343, 13]","[1, 40, 14]","[1, 104, 21]","[1, 210, 22]","[0, 40, 22]","[1, 410, 23]","[0, 40, 23]","[0, 40, 23]","[0, 552, 24]","[0, 71, 27]","[1, 40, 27]","[1, 71, 29]","[0, 40, 30]",294.7,17.55,30,210,,111,4,52,0,,,
"[1, 52, 0]","[0, 48, 5]","[1, 40, 5]","[1, 713, 7]","[0, 40, 9]","[0, 1500, 15]","[0, 1500, 15]","[0, 342, 15]","[1, 40, 16]","[1, 104, 33]","[0, 40, 35]","[0, 552, 37]","[1, 210, 37]","[1, 410, 37]","[0, 40, 39]","[0, 40, 39]","[0, 71, 40]","[1, 40, 42]","[1, 71, 47]","[0, 40, 48]",294.65,26.05,48,210,,111,5,732.56,726.3364321,,,
"[1, 52, 0]","[0, 48, 5]","[1, 40, 5]","[1, 713, 6]","[0, 40, 10]","[0, 1500, 14]","[0, 1500, 14]","[0, 343, 14]","[1, 40, 15]","[1, 104, 38]","[1, 210, 39]","[1, 410, 39]","[0, 40, 39]","[0, 40, 40]","[0, 40, 40]","[0, 552, 42]","[0, 71, 42]","[1, 40, 43]","[1, 71, 44]","[0, 40, 44]",294.7,26.65,44,210,,111,6,819.44,726.3364321,,,
"[1, 52, 0]","[0, 48, 5]","[1, 40, 6]","[1, 713, 7]","[0, 40, 8]","[0, 1500, 14]","[0, 1500, 14]","[0, 342, 14]","[1, 40, 14]","[1, 104, 25]","[1, 210, 26]","[0, 40, 26]","[1, 410, 26]","[0, 40, 27]","[0, 40, 27]","[0, 552, 28]","[0, 71, 28]","[1, 40, 28]","[1, 71, 31]","[0, 40, 31]",294.65,19.25,31,210,,111,7,732.56,726.3364321,,,
"[1, 52, 0]","[0, 48, 4]","[1, 40, 6]","[1, 713, 8]","[0, 40, 9]","[0, 1500, 16]","[0, 1500, 16]","[1, 40, 16]","[0, 344, 16]","[1, 40, 32]","[1, 104, 34]","[0, 40, 35]","[1, 210, 35]","[1, 410, 35]","[0, 40, 36]","[0, 40, 36]","[0, 552, 37]","[0, 71, 39]","[1, 40, 40]","[1, 71, 40]",294.75,24.5,40,210,,111,8,833.59,725.0165041,,,
"[1, 52, 0]","[0, 48, 3]","[1, 40, 4]","[1, 713, 31]","[0, 40, 32]","[0, 1500, 37]","[0, 1500, 37]","[0, 342, 37]","[1, 40, 37]","[1, 104, 63]","[1, 210, 65]","[1, 410, 65]","[0, 40, 65]","[0, 40, 65]","[0, 40, 66]","[0, 552, 67]","[0, 71, 68]","[1, 40, 68]","[1, 71, 70]","[0, 40, 70]",294.65,47.5,70,210,,111,9,717.04,709.7726613,,,
"[1, 52, 0]","[0, 48, 4]","[1, 40, 5]","[1, 713, 6]","[0, 40, 6]","[0, 1500, 11]","[0, 1500, 12]","[1, 40, 12]","[0, 342, 12]","[1, 104, 21]","[1, 210, 22]","[0, 40, 22]","[1, 410, 22]","[0, 40, 23]","[0, 40, 23]","[0, 552, 24]","[0, 71, 24]","[1, 40, 25]","[1, 71, 26]","[0, 40, 27]",294.65,16.35,27,210,,111,10,787.85,710.5436868,,,
"[1, 52, 0]","[0, 48, 4]","[1, 40, 4]","[1, 713, 6]","[0, 40, 7]","[0, 1500, 11]","[0, 1500, 11]","[1, 40, 11]","[0, 343, 11]","[1, 104, 24]","[0, 40, 25]","[1, 210, 25]","[0, 40, 26]","[0, 552, 27]","[0, 71, 28]","[1, 40, 28]","[1, 71, 31]","[0, 40, 32]","[1, 410, 39]","[0, 40, 40]",294.7,19.5,40,210,,111,11,82.08,32.10326771,,,
"[1, 52, 0]","[0, 48, 6]","[1, 40, 6]","[1, 713, 7]","[0, 40, 8]","[0, 1500, 13]","[0, 1500, 13]","[0, 344, 13]","[1, 40, 14]","[1, 104, 24]","[0, 40, 24]","[1, 210, 24]","[1, 410, 24]","[0, 40, 25]","[0, 40, 26]","[0, 552, 26]","[0, 71, 27]","[1, 40, 27]","[1, 71, 29]","[0, 40, 30]",294.75,18.3,30,210,,111,12,155.62,57.58415537,,,
"[1, 52, 0]","[0, 48, 5]","[1, 40, 5]","[1, 713, 8]","[0, 40, 9]","[0, 1500, 14]","[0, 1500, 14]","[0, 342, 14]","[1, 40, 15]","[1, 104, 67]","[1, 210, 68]","[0, 40, 68]","[1, 410, 68]","[0, 40, 69]","[0, 40, 69]","[0, 552, 70]","[0, 71, 70]","[1, 40, 71]","[1, 71, 72]","[0, 40, 72]",294.65,42.4,72,210,,111,13,295.82,109.063264,,,
"[1, 52, 0]","[0, 48, 4]","[1, 40, 5]","[1, 713, 9]","[0, 40, 10]","[0, 1500, 15]","[0, 1500, 15]","[0, 343, 15]","[1, 40, 15]","[1, 104, 32]","[1, 210, 33]","[1, 410, 33]","[0, 40, 33]","[0, 40, 33]","[0, 40, 33]","[0, 552, 35]","[0, 71, 35]","[1, 40, 35]","[1, 71, 37]","[0, 40, 38]",294.7,23.25,38,210,,111,14,250.98,180.9494589,,,
"[1, 52, 0]","[0, 48, 4]","[1, 40, 5]","[1, 713, 7]","[0, 40, 9]","[0, 1500, 14]","[0, 1500, 14]","[0, 343, 14]","[1, 40, 15]","[1, 104, 24]","[0, 40, 25]","[1, 210, 26]","[1, 410, 26]","[0, 40, 26]","[0, 40, 26]","[0, 552, 28]","[0, 71, 29]","[1, 40, 29]","[1, 71, 31]","[0, 40, 31]",294.7,19.15,31,210,,111,15,111.59,153.3239849,,,
"[1, 52, 0]","[0, 48, 4]","[1, 40, 5]","[1, 713, 8]","[0, 40, 10]","[0, 1500, 17]","[0, 1500, 17]","[0, 344, 17]","[1, 40, 18]","[1, 104, 30]","[0, 40, 31]","[0, 552, 33]","[1, 210, 34]","[1, 410, 35]","[0, 40, 35]","[0, 40, 36]","[0, 71, 37]","[1, 71, 39]","[0, 40, 40]","[0, 292, 47]",307.35,24.65,47,210,,111,16,200.35,231.6426792,,,
"[1, 52, 0]","[0, 48, 5]","[1, 40, 5]","[1, 713, 7]","[0, 40, 8]","[0, 1500, 14]","[0, 1500, 14]","[0, 344, 14]","[1, 40, 14]","[1, 104, 27]","[0, 40, 29]","[1, 210, 29]","[1, 410, 29]","[0, 40, 29]","[0, 40, 30]","[0, 552, 31]","[0, 71, 31]","[1, 40, 31]","[1, 71, 33]","[0, 40, 34]",294.75,20.7,34,210,,111,17,211.08,231.351352,,,
"[1, 52, 0]","[0, 48, 14]","[1, 40, 14]","[1, 713, 16]","[0, 40, 16]","[0, 1500, 22]","[0, 1500, 22]","[0, 344, 22]","[1, 40, 22]","[1, 104, 38]","[0, 40, 38]","[1, 210, 40]","[0, 552, 40]","[1, 410, 40]","[0, 40, 41]","[0, 40, 41]","[0, 71, 43]","[1, 71, 44]","[0, 40, 44]","[0, 293, 53]",307.4,30.5,53,210,,111,18,252.6,235.4832984,,,
"[1, 52, 0]","[0, 48, 4]","[1, 40, 5]","[1, 713, 6]","[0, 40, 7]","[0, 1500, 13]","[0, 1500, 13]","[0, 342, 13]","[1, 40, 14]","[1, 104, 28]","[0, 40, 29]","[1, 210, 30]","[1, 410, 31]","[0, 40, 31]","[0, 40, 31]","[0, 552, 31]","[0, 71, 33]","[1, 40, 34]","[1, 71, 35]","[0, 40, 35]",294.65,21.15,35,210,,111,19,180.49,338.9494016,,,
"[1, 52, 0]","[0, 48, 5]","[1, 40, 5]","[1, 713, 8]","[0, 40, 9]","[0, 1500, 13]","[0, 1500, 13]","[0, 343, 13]","[1, 40, 14]","[1, 104, 25]","[0, 40, 26]","[1, 210, 27]","[1, 410, 27]","[0, 552, 27]","[0, 40, 28]","[0, 40, 28]","[0, 71, 29]","[1, 40, 29]","[1, 71, 30]","[0, 40, 31]",294.7,19.35,31,210,,112,0,60,0,,,
"[1, 52, 0]","[0, 48, 5]","[1, 40, 6]","[1, 713, 8]","[0, 40, 8]","[0, 1500, 15]","[0, 1500, 15]","[0, 343, 15]","[1, 40, 16]","[1, 104, 28]","[0, 40, 30]","[1, 210, 30]","[1, 410, 30]","[0, 40, 31]","[0, 40, 31]","[0, 552, 33]","[0, 71, 33]","[1, 40, 33]","[1, 71, 36]","[0, 40, 37]",294.7,22,37,210,,112,1,60,0,,,
"[1, 52, 0]","[0, 48, 5]","[1, 40, 5]","[1, 713, 6]","[0, 40, 7]","[0, 1500, 12]","[0, 1500, 12]","[0, 344, 12]","[1, 40, 12]","[1, 104, 22]","[0, 40, 23]","[1, 210, 24]","[1, 410, 24]","[0, 552, 24]","[0, 40, 25]","[0, 40, 25]","[1, 71, 26]","[0, 71, 27]","[0, 40, 28]","[0, 292, 36]",307.35,17.75,36,210,,112,2,52,0,,,
"[1, 52, 0]","[0, 48, 5]","[1, 40, 6]","[1, 713, 9]","[0, 40, 12]","[0, 1500, 19]","[0, 1500, 19]","[0, 344, 19]","[1, 40, 20]","[1, 104, 28]","[0, 40, 29]","[1, 210, 29]","[1, 410, 29]","[0, 40, 30]","[0, 40, 30]","[0, 552, 31]","[0, 71, 32]","[1, 40, 33]","[1, 71, 34]","[0, 40, 34]",294.75,22.4,34,210,,112,3,1962,0,,,
"[1, 52, 0]","[0, 48, 4]","[1, 40, 4]","[1, 713, 6]","[0, 40, 7]","[0, 1500, 12]","[0, 1500, 12]","[0, 343, 12]","[1, 40, 12]","[1, 104, 30]","[0, 40, 31]","[0, 552, 33]","[1, 210, 35]","[1, 410, 35]","[0, 40, 35]","[0, 40, 35]","[0, 71, 37]","[1, 71, 39]","[0, 40, 39]","[0, 292, 46]",307.3,23.2,46,210,,112,4,52,0,,,
"[1, 52, 0]","[0, 48, 4]","[1, 40, 5]","[1, 713, 7]","[0, 40, 8]","[0, 1500, 13]","[0, 1500, 13]","[0, 344, 13]","[1, 40, 14]","[1, 40, 34]","[1, 104, 46]","[0, 40, 47]","[1, 210, 49]","[0, 552, 49]","[1, 410, 49]","[0, 40, 49]","[0, 40, 50]","[0, 71, 51]","[1, 40, 52]","[1, 71, 54]",294.75,30.35,54,210,,112,5,848.4,724,,,
"[1, 52, 0]","[0, 48, 6]","[1, 40, 7]","[1, 713, 12]","[0, 40, 14]","[0, 1500, 17]","[0, 1500, 17]","[0, 344, 18]","[1, 40, 18]","[1, 40, 28]","[1, 104, 32]","[0, 40, 33]","[1, 210, 34]","[1, 410, 34]","[0, 40, 34]","[0, 40, 35]","[0, 552, 35]","[0, 71, 36]","[1, 40, 37]","[1, 71, 39]",294.75,24.3,39,210,,112,6,703.6,724,,,
"[1, 52, 0]","[0, 48, 5]","[1, 40, 6]","[1, 713, 7]","[0, 40, 7]","[0, 1500, 13]","[0, 1500, 13]","[1, 40, 13]","[0, 342, 14]","[1, 40, 26]","[1, 104, 26]","[0, 40, 27]","[1, 210, 28]","[1, 410, 28]","[0, 40, 28]","[0, 40, 28]","[0, 552, 29]","[0, 71, 30]","[1, 40, 30]","[1, 71, 31]",294.65,19.45,31,210,,112,7,848.4,724,,,
"[1, 52, 0]","[0, 48, 5]","[1, 40, 6]","[1, 713, 7]","[0, 40, 8]","[0, 1500, 13]","[0, 1500, 13]","[0, 344, 14]","[1, 40, 14]","[1, 104, 23]","[0, 40, 24]","[1, 210, 24]","[1, 410, 24]","[0, 40, 25]","[0, 552, 26]","[0, 71, 28]","[1, 71, 28]","[0, 40, 29]","[0, 292, 35]","[1, 40, 36]",307.35,19.1,36,210,,112,8,728.08,711.6735388,,,
"[1, 52, 0]","[0, 48, 6]","[1, 40, 6]","[1, 713, 7]","[0, 40, 9]","[0, 1500, 14]","[0, 1500, 15]","[0, 344, 15]","[1, 40, 16]","[1, 104, 29]","[0, 40, 30]","[1, 210, 30]","[1, 410, 30]","[0, 40, 31]","[0, 40, 31]","[0, 552, 31]","[1, 71, 33]","[0, 40, 34]","[0, 71, 35]","[0, 1500, 46]",367.75,22.4,46,210,,112,9,370.2,307.2572048,,,
"[1, 52, 0]","[0, 48, 5]","[1, 40, 6]","[1, 713, 30]","[0, 40, 31]","[0, 1500, 37]","[0, 1500, 37]","[0, 343, 37]","[1, 40, 38]","[1, 104, 51]","[0, 40, 53]","[1, 210, 53]","[1, 410, 53]","[0, 40, 54]","[0, 40, 54]","[0, 552, 55]","[0, 71, 55]","[1, 40, 56]","[1, 71, 57]","[0, 40, 58]",294.7,41,58,210,,112,10,321.29,305.3309281,,,
"[1, 52, 0]","[0, 48, 4]","[1, 40, 5]","[1, 713, 7]","[0, 40, 7]","[0, 1500, 13]","[0, 1500, 13]","[0, 343, 13]","[1, 40, 13]","[1, 104, 30]","[0, 40, 31]","[1, 210, 31]","[1, 410, 32]","[0, 40, 32]","[0, 552, 32]","[0, 40, 33]","[0, 71, 34]","[1, 40, 35]","[1, 71, 36]","[0, 40, 36]",294.7,21.85,36,210,,112,11,87.2,32,,,
"[1, 52, 0]","[0, 48, 11]","[1, 40, 12]","[1, 713, 15]","[0, 40, 16]","[0, 1500, 22]","[0, 1500, 22]","[0, 344, 22]","[1, 40, 22]","[1, 104, 34]","[0, 40, 35]","[0, 552, 37]","[1, 210, 38]","[1, 410, 38]","[0, 40, 39]","[1, 71, 41]","[0, 40, 42]","[0, 71, 42]","[0, 292, 51]","[0, 1500, 51]",380.35,29.5,51,210,,112,12,124.04,25.25663029,,,
"[1, 52, 0]","[0, 48, 6]","[1, 40, 6]","[1, 713, 8]","[0, 40, 8]","[0, 1500, 13]","[0, 1500, 14]","[0, 343, 14]","[1, 40, 14]","[1, 104, 29]","[0, 40, 29]","[1, 210, 30]","[1, 410, 30]","[0, 40, 31]","[0, 40, 31]","[0, 552, 31]","[0, 71, 32]","[1, 40, 33]","[1, 71, 34]","[0, 40, 35]",294.7,21.4,35,210,,112,13,241.4,130.9957205,,,
"[1, 52, 0]","[0, 48, 4]","[1, 40, 5]","[1, 713, 7]","[0, 40, 8]","[0, 1500, 13]","[0, 1500, 13]","[0, 343, 13]","[1, 40, 14]","[1, 104, 28]","[0, 40, 28]","[1, 210, 29]","[1, 410, 30]","[0, 40, 30]","[0, 40, 30]","[0, 552, 31]","[0, 71, 32]","[1, 40, 33]","[1, 71, 36]","[0, 40, 37]",294.7,21.05,37,210,,112,14,211.68,160.7263111,,,
"[1, 52, 0]","[0, 48, 6]","[1, 40, 6]","[1, 713, 8]","[0, 40, 9]","[0, 1500, 13]","[0, 1500, 14]","[0, 343, 14]","[1, 40, 15]","[1, 104, 22]","[1, 210, 23]","[0, 40, 23]","[1, 410, 23]","[0, 40, 24]","[0, 40, 24]","[0, 552, 25]","[0, 71, 26]","[1, 40, 26]","[1, 71, 27]","[0, 40, 27]",294.7,17.75,27,210,,112,15,95.13,119.9075953,,,
"[1, 52, 0]","[0, 48, 5]","[1, 40, 5]","[1, 713, 6]","[0, 40, 6]","[0, 1500, 11]","[0, 1500, 11]","[0, 342, 11]","[1, 40, 12]","[1, 104, 22]","[1, 210, 23]","[1, 410, 23]","[0, 40, 24]","[0, 40, 24]","[0, 40, 24]","[0, 552, 26]","[0, 71, 27]","[1, 40, 27]","[1, 71, 28]","[0, 40, 29]",294.65,17.2,29,210,,112,16,181.34,224.4805101,,,
"[1, 52, 0]","[0, 48, 12]","[1, 40, 13]","[1, 713, 16]","[0, 40, 17]","[0, 1500, 22]","[0, 1500, 22]","[0, 344, 22]","[1, 40, 22]","[1, 104, 32]","[0, 40, 32]","[1, 210, 34]","[1, 410, 34]","[0, 40, 34]","[0, 552, 35]","[1, 71, 36]","[0, 71, 36]","[0, 40, 37]","[0, 292, 46]","[0, 1500, 46]",380.35,27.4,46,210,,112,17,266.16,248.0430771,,,
"[1, 52, 0]","[0, 48, 6]","[1, 40, 7]","[1, 713, 9]","[0, 40, 11]","[0, 1500, 16]","[0, 1500, 16]","[0, 343, 16]","[1, 40, 17]","[1, 104, 27]","[0, 40, 27]","[1, 210, 27]","[1, 410, 27]","[0, 40, 28]","[0, 552, 29]","[0, 71, 30]","[1, 40, 30]","[1, 71, 33]","[0, 40, 33]","[0, 292, 37]",307.3,21.3,37,210,,112,18,248.18,262.1766842,,,
"[1, 52, 0]","[0, 48, 4]","[1, 40, 5]","[1, 713, 7]","[0, 40, 8]","[0, 1500, 13]","[0, 1500, 13]","[0, 344, 13]","[1, 40, 14]","[1, 104, 35]","[0, 40, 36]","[1, 210, 36]","[1, 410, 36]","[0, 40, 37]","[0, 40, 37]","[0, 552, 38]","[0, 71, 39]","[1, 40, 39]","[1, 71, 40]","[0, 40, 41]",294.75,24.55,41,210,,112,19,100.94,131.0903629,,,
"[1, 52, 0]","[0, 48, 4]","[1, 40, 4]","[1, 713, 5]","[0, 40, 6]","[0, 1500, 12]","[0, 1500, 12]","[0, 344, 12]","[1, 40, 13]","[1, 104, 24]","[0, 40, 24]","[0, 552, 26]","[1, 210, 28]","[1, 410, 28]","[0, 40, 29]","[0, 40, 29]","[0, 71, 31]","[1, 71, 31]","[0, 40, 32]","[0, 1500, 41]",367.75,19.55,41,210,,120,0,60,0,,,
"[1, 52, 0]","[0, 48, 5]","[1, 40, 6]","[1, 713, 9]","[0, 40, 10]","[0, 1500, 15]","[0, 1500, 15]","[0, 342, 15]","[1, 40, 16]","[1, 104, 32]","[0, 40, 34]","[0, 552, 36]","[1, 210, 36]","[1, 410, 37]","[0, 40, 37]","[0, 40, 37]","[0, 71, 39]","[1, 40, 39]","[1, 71, 40]","[0, 40, 40]",294.65,24.9,40,210,,120,1,60,0,,,
"[1, 52, 0]","[0, 48, 5]","[1, 40, 5]","[1, 713, 8]","[0, 40, 10]","[0, 1500, 14]","[0, 1500, 15]","[0, 342, 15]","[1, 40, 15]","[1, 104, 27]","[0, 40, 28]","[0, 552, 30]","[1, 210, 32]","[1, 410, 33]","[0, 40, 33]","[0, 40, 33]","[0, 71, 35]","[1, 71, 35]","[0, 40, 36]","[0, 247, 47]",305,22.8,47,210,,120,2,52,0,,,
"[1, 52, 0]","[0, 48, 4]","[1, 40, 5]","[1, 713, 6]","[0, 40, 7]","[0, 1500, 16]","[0, 1500, 16]","[0, 342, 16]","[1, 40, 17]","[1, 104, 33]","[0, 40, 34]","[1, 210, 35]","[1, 410, 35]","[0, 552, 36]","[0, 40, 36]","[1, 71, 38]","[0, 40, 39]","[0, 71, 39]","[0, 292, 47]","[0, 1431, 47]",376.8,25.3,47,210,,120,3,614.4,36.15343285,,,
"[1, 52, 0]","[0, 48, 4]","[1, 40, 5]","[1, 713, 9]","[0, 40, 9]","[0, 1500, 14]","[0, 1500, 14]","[0, 343, 14]","[1, 40, 15]","[1, 104, 29]","[0, 40, 30]","[1, 210, 31]","[1, 410, 31]","[0, 552, 32]","[0, 40, 32]","[0, 40, 32]","[1, 71, 33]","[0, 71, 34]","[0, 40, 34]","[0, 1500, 41]",367.7,22.15,41,210,,120,4,52,0,,,
"[1, 52, 0]","[0, 48, 7]","[1, 40, 8]","[1, 713, 15]","[0, 40, 18]","[0, 1500, 26]","[0, 1500, 26]","[0, 343, 26]","[1, 40, 29]","[1, 104, 50]","[0, 40, 51]","[1, 210, 53]","[1, 410, 54]","[0, 552, 54]","[0, 40, 54]","[0, 40, 55]","[0, 71, 56]","[1, 40, 57]","[1, 71, 58]","[0, 40, 60]",294.7,37.85,60,210,,120,5,1500,0,,,
"[1, 52, 0]","[0, 48, 4]","[1, 40, 5]","[1, 713, 7]","[0, 40, 7]","[0, 1500, 13]","[0, 1500, 13]","[0, 343, 13]","[1, 40, 13]","[1, 104, 27]","[0, 40, 28]","[1, 210, 28]","[1, 410, 28]","[0, 40, 28]","[0, 40, 29]","[0, 552, 30]","[0, 71, 32]","[1, 71, 32]","[0, 40, 33]","[0, 292, 39]",307.3,20.45,39,210,,120,6,52,0,,,
"[1, 52, 0]","[0, 48, 6]","[1, 40, 6]","[1, 713, 9]","[0, 40, 10]","[0, 1500, 13]","[0, 1500, 13]","[0, 344, 13]","[1, 40, 14]","[1, 104, 23]","[0, 40, 25]","[0, 552, 26]","[1, 40, 38]","[1, 210, 38]","[1, 410, 38]","[0, 40, 39]","[0, 40, 39]","[1, 71, 40]","[0, 71, 41]","[0, 40, 41]",294.75,23.6,41,210,,120,7,1024.06,0.693694545,,,
"[1, 52, 0]","[0, 48, 4]","[1, 40, 5]","[1, 713, 8]","[0, 40, 9]","[0, 1500, 16]","[0, 1500, 16]","[0, 342, 16]","[1, 40, 16]","[1, 104, 33]","[0, 40, 35]","[0, 552, 37]","[1, 210, 38]","[1, 410, 39]","[0, 40, 40]","[0, 40, 40]","[0, 71, 41]","[1, 71, 42]","[0, 40, 43]","[0, 246, 52]",304.95,26.5,52,210,,120,8,52,0,,,
"[1, 52, 0]","[0, 48, 5]","[1, 40, 6]","[1, 713, 7]","[0, 40, 7]","[0, 1500, 14]","[0, 1500, 14]","[0, 344, 14]","[1, 40, 14]","[1, 104, 24]","[0, 40, 25]","[1, 210, 25]","[1, 410, 26]","[0, 40, 26]","[0, 40, 27]","[0, 552, 27]","[0, 71, 29]","[1, 40, 29]","[1, 71, 30]","[0, 40, 30]",294.75,18.95,30,210,,120,9,116,0,,,
"[1, 52, 0]","[0, 48, 4]","[1, 40, 5]","[1, 713, 7]","[0, 40, 8]","[0, 1500, 13]","[0, 1500, 13]","[0, 342, 13]","[1, 40, 14]","[1, 104, 27]","[0, 40, 28]","[1, 210, 29]","[1, 410, 29]","[0, 40, 30]","[0, 40, 30]","[0, 552, 31]","[0, 71, 33]","[1, 71, 33]","[0, 40, 34]","[0, 292, 40]",307.25,21.05,40,210,,120,10,98.06,49.15812869,,,
"[1, 52, 0]","[0, 48, 7]","[1, 40, 7]","[1, 713, 8]","[0, 40, 9]","[0, 1500, 15]","[0, 1500, 15]","[0, 342, 15]","[1, 40, 15]","[1, 104, 26]","[1, 210, 27]","[0, 40, 27]","[0, 40, 27]","[1, 410, 29]","[0, 583, 30]","[0, 40, 30]","[1, 71, 32]","[0, 40, 32]","[0, 292, 42]","[0, 1431, 42]",376.8,21.75,42,210,,120,11,472.6,167.9927247,,,
"[1, 52, 0]","[0, 48, 5]","[1, 40, 6]","[1, 713, 7]","[0, 40, 8]","[0, 1500, 13]","[0, 1500, 13]","[0, 344, 13]","[1, 40, 13]","[1, 104, 22]","[0, 40, 22]","[1, 210, 23]","[1, 410, 23]","[0, 40, 24]","[0, 552, 24]","[1, 71, 26]","[0, 71, 26]","[0, 40, 26]","[0, 292, 37]","[1, 40, 38]",307.35,18.45,38,210,,120,12,167.86,157.0249945,,,
"[1, 52, 0]","[0, 48, 6]","[1, 40, 7]","[1, 713, 9]","[0, 40, 10]","[0, 1500, 16]","[0, 1500, 17]","[0, 343, 17]","[1, 40, 17]","[1, 104, 27]","[0, 40, 28]","[1, 210, 30]","[1, 410, 30]","[0, 552, 30]","[0, 40, 31]","[0, 40, 31]","[1, 71, 34]","[0, 71, 34]","[0, 40, 35]","[0, 292, 41]",307.3,22.5,41,210,,120,13,81.19,84.28243703,,,
"[1, 52, 0]","[0, 48, 3]","[1, 40, 4]","[1, 713, 6]","[0, 40, 6]","[0, 1500, 11]","[0, 1500, 11]","[0, 343, 11]","[1, 40, 12]","[1, 104, 25]","[0, 40, 27]","[1, 210, 27]","[1, 410, 28]","[0, 40, 28]","[0, 40, 28]","[0, 552, 29]","[1, 71, 31]","[0, 71, 31]","[0, 40, 31]","[0, 247, 45]",305.05,19.7,45,210,,120,14,288.31,237.6619573,,,
"[1, 52, 0]","[0, 48, 5]","[1, 40, 6]","[1, 713, 12]","[0, 40, 12]","[0, 1500, 19]","[0, 1500, 19]","[0, 343, 19]","[1, 40, 19]","[1, 104, 53]","[0, 40, 54]","[1, 210, 57]","[1, 410, 57]","[0, 552, 57]","[0, 40, 58]","[0, 40, 59]","[0, 71, 60]","[1, 40, 61]","[1, 71, 61]","[0, 40, 62]",294.7,37.5,62,210,,120,15,296.15,258.2300038,,,
"[1, 52, 0]","[0, 48, 6]","[1, 40, 7]","[1, 713, 8]","[0, 40, 9]","[0, 1500, 14]","[0, 1500, 15]","[0, 343, 15]","[1, 40, 15]","[1, 104, 29]","[0, 40, 30]","[0, 552, 33]","[1, 210, 36]","[1, 410, 36]","[0, 40, 36]","[0, 40, 36]","[0, 71, 39]","[1, 71, 41]","[0, 40, 42]","[0, 246, 46]",305,24.65,46,210,,120,16,69.05,15.5,,,
"[1, 52, 0]","[0, 48, 6]","[1, 40, 7]","[1, 713, 10]","[0, 40, 10]","[0, 1500, 16]","[0, 1500, 16]","[0, 343, 16]","[1, 40, 16]","[1, 104, 27]","[0, 40, 28]","[1, 210, 28]","[1, 410, 28]","[0, 40, 29]","[0, 40, 29]","[0, 552, 32]","[0, 71, 32]","[1, 40, 32]","[1, 71, 36]","[0, 40, 37]",294.7,21.75,37,210,,120,17,83.87,149.5200169,,,
"[1, 52, 0]","[0, 48, 4]","[1, 40, 5]","[1, 713, 6]","[0, 40, 6]","[0, 1500, 10]","[0, 1500, 10]","[0, 342, 10]","[1, 40, 11]","[1, 104, 29]","[0, 40, 30]","[0, 552, 31]","[1, 210, 33]","[1, 410, 33]","[1, 71, 34]","[0, 40, 34]","[0, 40, 34]","[0, 40, 35]","[0, 71, 36]","[0, 246, 45]",304.95,21.8,45,210,,120,18,195.82,284.6943206,,,
"[1, 52, 0]","[0, 48, 4]","[1, 40, 5]","[1, 713, 7]","[0, 40, 8]","[0, 1500, 12]","[0, 1500, 12]","[0, 343, 12]","[1, 40, 12]","[1, 104, 27]","[0, 40, 28]","[1, 210, 28]","[0, 40, 29]","[1, 410, 29]","[0, 40, 30]","[0, 552, 30]","[0, 71, 31]","[1, 40, 31]","[1, 71, 34]","[0, 40, 34]",294.7,20.15,34,210,,120,19,579.95,595.4344713,,,
"[1, 52, 0]","[0, 48, 8]","[1, 40, 9]","[1, 713, 9]","[0, 40, 10]","[0, 1500, 16]","[0, 1500, 16]","[0, 343, 16]","[1, 40, 16]","[1, 40, 31]","[1, 104, 33]","[0, 40, 34]","[1, 210, 34]","[1, 410, 35]","[0, 40, 35]","[0, 40, 35]","[0, 552, 37]","[1, 71, 39]","[0, 71, 39]","[0, 40, 39]",294.7,24.55,39,210,,121,0,60,0,,,
"[1, 52, 0]","[0, 48, 6]","[1, 40, 6]","[1, 713, 27]","[0, 40, 28]","[0, 1500, 34]","[0, 1500, 34]","[0, 343, 34]","[1, 40, 35]","[1, 104, 56]","[0, 40, 57]","[1, 210, 59]","[1, 410, 60]","[0, 40, 60]","[0, 40, 60]","[0, 583, 68]","[1, 71, 71]","[0, 40, 72]","[0, 246, 79]","[0, 1500, 80]",378,46.3,80,210,,121,1,60,0,,,
"[1, 52, 0]","[0, 48, 5]","[1, 40, 6]","[1, 713, 6]","[0, 40, 7]","[0, 1500, 13]","[0, 1500, 13]","[0, 343, 13]","[1, 40, 14]","[1, 104, 25]","[0, 40, 26]","[1, 210, 27]","[0, 552, 28]","[1, 410, 28]","[0, 40, 28]","[0, 40, 28]","[0, 71, 30]","[1, 40, 30]","[1, 71, 31]","[0, 40, 32]",294.7,19.5,32,210,,121,2,52,0,,,
"[1, 52, 0]","[0, 48, 3]","[1, 40, 5]","[1, 1935, 12]","[0, 40, 13]","[0, 40, 13]","[0, 1500, 17]","[0, 1500, 17]","[0, 1431, 17]","[1, 40, 17]","[1, 104, 72]","[0, 40, 74]","[0, 552, 75]","[1, 210, 76]","[1, 410, 77]","[0, 40, 77]","[0, 40, 78]","[0, 71, 80]","[1, 71, 80]","[0, 40, 81]",410.2,44.2,81,211,,121,3,1835.96,34.77428517,,,
"[1, 52, 0]","[0, 48, 5]","[1, 40, 5]","[1, 1935, 6]","[0, 40, 7]","[0, 40, 7]","[0, 1500, 11]","[0, 1500, 11]","[0, 1431, 11]","[1, 40, 12]","[1, 104, 22]","[0, 40, 23]","[0, 552, 25]","[1, 210, 25]","[1, 410, 25]","[0, 40, 26]","[0, 40, 26]","[0, 71, 27]","[1, 71, 30]","[0, 40, 31]",410.2,16.75,31,211,,121,4,52,0,,,
"[1, 52, 0]","[0, 48, 5]","[1, 40, 5]","[1, 1935, 6]","[0, 40, 7]","[0, 40, 7]","[0, 1500, 11]","[0, 1500, 11]","[0, 1430, 11]","[1, 40, 11]","[1, 104, 23]","[0, 40, 25]","[1, 210, 25]","[1, 410, 25]","[0, 40, 26]","[0, 40, 26]","[0, 552, 27]","[0, 71, 27]","[1, 40, 28]","[1, 71, 31]",410.15,16.85,31,211,,121,5,877.36,720.4811456,,,
"[1, 52, 0]","[0, 48, 5]","[1, 40, 5]","[1, 1935, 6]","[0, 40, 7]","[0, 40, 7]","[0, 1500, 12]","[0, 1500, 13]","[0, 1430, 13]","[1, 40, 13]","[1, 104, 23]","[0, 40, 24]","[1, 210, 24]","[1, 410, 24]","[0, 40, 25]","[0, 552, 25]","[0, 71, 28]","[1, 40, 28]","[1, 71, 29]","[0, 40, 30]",410.15,17.05,30,211,,121,6,674.64,720.4811456,,,
"[1, 52, 0]","[0, 48, 5]","[1, 40, 5]","[1, 1935, 6]","[0, 40, 7]","[0, 40, 8]","[0, 1500, 15]","[0, 1500, 15]","[0, 1432, 15]","[1, 40, 15]","[1, 104, 31]","[0, 40, 32]","[0, 552, 34]","[1, 210, 35]","[1, 410, 35]","[0, 40, 36]","[0, 40, 36]","[1, 71, 37]","[0, 71, 38]","[0, 40, 39]",410.25,22.2,39,211,,121,7,877.36,720.4811456,,,
"[1, 52, 0]","[0, 48, 5]","[1, 40, 6]","[1, 1935, 7]","[0, 40, 8]","[0, 40, 8]","[0, 1500, 14]","[0, 1500, 14]","[0, 1431, 14]","[1, 40, 14]","[1, 104, 25]","[1, 210, 26]","[0, 40, 26]","[1, 410, 26]","[0, 40, 27]","[0, 40, 27]","[0, 552, 28]","[0, 71, 28]","[1, 40, 28]","[1, 71, 30]",410.2,18.05,30,211,,121,8,674.64,720.4811456,,,
"[1, 52, 0]","[0, 48, 4]","[1, 40, 4]","[1, 1935, 6]","[0, 40, 7]","[0, 40, 7]","[0, 1500, 13]","[0, 1500, 13]","[0, 1431, 13]","[1, 40, 13]","[1, 104, 37]","[0, 40, 38]","[0, 552, 39]","[1, 210, 47]","[1, 410, 47]","[1, 71, 47]","[0, 40, 48]","[0, 40, 48]","[0, 40, 48]","[0, 71, 49]",410.2,26.4,49,211,,121,9,406.95,303.5714808,,,
"[1, 52, 0]","[0, 48, 3]","[1, 40, 4]","[1, 1935, 6]","[0, 40, 7]","[0, 1500, 12]","[0, 1500, 13]","[0, 1432, 13]","[1, 40, 13]","[1, 104, 36]","[0, 40, 37]","[1, 210, 39]","[1, 410, 39]","[0, 552, 39]","[0, 40, 39]","[0, 40, 40]","[0, 71, 41]","[1, 40, 41]","[1, 71, 46]","[0, 40, 47]",410.25,25.75,47,211,,121,10,309.06,303.6035034,,,
"[1, 52, 0]","[0, 48, 4]","[1, 40, 5]","[1, 1935, 8]","[0, 40, 9]","[0, 1500, 13]","[0, 1500, 14]","[0, 1431, 14]","[1, 40, 14]","[1, 104, 31]","[0, 40, 32]","[1, 210, 34]","[0, 552, 34]","[1, 410, 34]","[0, 40, 35]","[0, 40, 35]","[0, 71, 37]","[1, 40, 38]","[1, 71, 39]","[0, 40, 40]",410.2,23.5,40,211,,121,11,88.48,31.84447053,,,
"[1, 52, 0]","[0, 48, 4]","[1, 40, 4]","[1, 1935, 6]","[0, 40, 7]","[0, 40, 7]","[0, 1500, 11]","[0, 1500, 11]","[0, 1431, 12]","[1, 40, 12]","[1, 104, 21]","[0, 40, 23]","[1, 210, 24]","[1, 410, 24]","[0, 552, 24]","[1, 40, 24]","[0, 40, 24]","[0, 71, 26]","[1, 40, 26]","[1, 71, 26]",410.2,15.8,26,211,,121,12,106.96,38.0031684,,,
"[1, 52, 0]","[0, 48, 4]","[1, 40, 4]","[1, 1935, 6]","[0, 40, 7]","[0, 40, 7]","[0, 1500, 14]","[0, 1500, 14]","[0, 1432, 14]","[1, 40, 15]","[1, 104, 36]","[1, 210, 37]","[1, 410, 37]","[0, 40, 37]","[0, 40, 38]","[0, 552, 39]","[0, 71, 41]","[1, 71, 41]","[0, 40, 42]","[0, 246, 48]",420.55,24.05,48,211,,121,13,302.99,227.2648744,,,
"[1, 52, 0]","[0, 48, 4]","[1, 40, 5]","[1, 1935, 10]","[0, 40, 12]","[0, 1500, 15]","[0, 1500, 15]","[0, 1431, 16]","[1, 40, 16]","[1, 104, 27]","[1, 210, 28]","[1, 410, 28]","[0, 40, 28]","[0, 40, 29]","[0, 40, 29]","[0, 552, 30]","[0, 71, 30]","[1, 40, 31]","[1, 71, 33]","[0, 40, 34]",410.2,21,34,211,,121,14,331.37,219.6959173,,,
"[1, 52, 0]","[0, 48, 4]","[1, 40, 5]","[1, 1935, 7]","[0, 40, 8]","[0, 40, 8]","[0, 1500, 13]","[0, 1500, 13]","[0, 1432, 13]","[1, 40, 14]","[1, 104, 30]","[0, 40, 31]","[0, 552, 32]","[1, 210, 33]","[1, 410, 33]","[0, 40, 34]","[1, 71, 35]","[0, 40, 36]","[0, 71, 36]","[0, 292, 44]",422.85,21.45,44,211,,121,15,93.42,84.3529358,,,
"[1, 52, 0]","[0, 48, 5]","[1, 40, 6]","[1, 1935, 7]","[0, 40, 8]","[0, 40, 9]","[0, 1500, 14]","[0, 1500, 15]","[0, 1431, 15]","[1, 40, 15]","[1, 104, 25]","[0, 40, 26]","[1, 210, 27]","[1, 410, 27]","[0, 552, 28]","[0, 40, 28]","[0, 71, 30]","[1, 40, 30]","[1, 71, 31]","[0, 40, 31]",410.2,18.85,31,211,,121,16,207.09,218.986559,,,
"[1, 52, 0]","[0, 48, 4]","[1, 40, 5]","[1, 1935, 6]","[0, 40, 7]","[0, 1500, 12]","[0, 1500, 13]","[0, 1431, 13]","[1, 40, 14]","[1, 104, 29]","[0, 40, 30]","[0, 552, 32]","[1, 210, 32]","[1, 410, 33]","[0, 40, 33]","[0, 40, 33]","[0, 71, 35]","[1, 71, 35]","[0, 40, 36]","[0, 246, 41]",420.5,22.15,41,211,,121,17,297.17,248.9402612,,,
"[1, 52, 0]","[0, 48, 3]","[1, 40, 4]","[1, 1935, 6]","[0, 40, 7]","[0, 40, 7]","[0, 1500, 13]","[0, 1500, 13]","[0, 1432, 13]","[1, 40, 13]","[1, 104, 32]","[0, 40, 33]","[1, 210, 34]","[1, 410, 35]","[0, 552, 35]","[0, 40, 35]","[0, 71, 37]","[1, 40, 37]","[1, 71, 40]","[0, 40, 41]",410.25,21.9,41,211,,121,18,173.21,238.3392157,,,
"[1, 52, 0]","[0, 48, 6]","[1, 40, 7]","[1, 1935, 10]","[0, 40, 11]","[0, 40, 11]","[0, 1500, 18]","[0, 1500, 18]","[0, 1431, 18]","[1, 40, 19]","[1, 104, 35]","[0, 40, 36]","[0, 552, 37]","[1, 210, 40]","[1, 410, 41]","[0, 40, 42]","[0, 40, 42]","[1, 71, 44]","[0, 71, 44]","[0, 40, 44]",410.2,26.15,44,211,,121,19,84.47,127.7329486,,,
"[1, 52, 0]","[0, 48, 4]","[1, 40, 4]","[1, 1935, 6]","[0, 40, 7]","[0, 1500, 13]","[0, 1500, 13]","[0, 1431, 13]","[1, 40, 13]","[1, 104, 25]","[1, 210, 26]","[1, 410, 26]","[0, 40, 27]","[0, 40, 27]","[0, 40, 27]","[0, 552, 29]","[0, 71, 29]","[1, 40, 29]","[1, 71, 32]","[0, 40, 33]",410.2,19.15,33,211,,122,0,60,0,,,
"[1, 52, 0]","[0, 48, 3]","[1, 40, 4]","[1, 1935, 5]","[0, 40, 6]","[0, 1500, 11]","[0, 1500, 12]","[0, 1431, 12]","[1, 40, 12]","[1, 104, 25]","[0, 40, 26]","[1, 210, 26]","[1, 410, 26]","[0, 40, 27]","[0, 40, 27]","[0, 552, 27]","[0, 71, 28]","[1, 40, 29]","[1, 71, 32]","[0, 40, 33]",410.2,18.55,33,211,,122,1,60,0,,,
"[1, 52, 0]","[0, 48, 5]","[1, 40, 6]","[1, 1935, 9]","[0, 40, 10]","[0, 1500, 15]","[0, 1500, 15]","[0, 1432, 16]","[1, 40, 16]","[1, 104, 29]","[0, 40, 30]","[0, 552, 32]","[1, 210, 32]","[1, 410, 33]","[0, 40, 33]","[0, 40, 33]","[0, 71, 35]","[1, 71, 37]","[0, 40, 38]","[0, 246, 44]",420.55,23.4,44,211,,122,2,52,0,,,
"[1, 52, 0]","[0, 48, 6]","[1, 40, 6]","[1, 1935, 8]","[0, 40, 9]","[0, 40, 9]","[0, 1500, 15]","[0, 1500, 16]","[0, 1432, 16]","[1, 40, 16]","[1, 104, 34]","[0, 40, 35]","[1, 210, 36]","[1, 410, 36]","[0, 40, 37]","[0, 40, 37]","[0, 552, 37]","[1, 71, 39]","[0, 71, 40]","[0, 40, 40]",410.25,23.6,40,211,,122,3,1827.32,34.823329,,,
"[1, 52, 0]","[0, 48, 4]","[1, 40, 4]","[1, 1935, 6]","[0, 40, 7]","[0, 40, 7]","[0, 1500, 12]","[0, 1500, 12]","[1, 40, 12]","[0, 1430, 12]","[1, 104, 26]","[0, 40, 27]","[1, 210, 28]","[1, 410, 28]","[0, 552, 29]","[0, 40, 29]","[0, 40, 29]","[1, 40, 30]","[0, 71, 31]","[1, 40, 31]",408.6,18.2,31,211,,122,4,52,0,,,
"[1, 52, 0]","[0, 48, 5]","[1, 40, 5]","[1, 1935, 7]","[0, 40, 9]","[0, 40, 9]","[0, 1500, 13]","[0, 1500, 13]","[0, 1431, 14]","[1, 40, 14]","[1, 104, 22]","[0, 40, 23]","[1, 210, 23]","[1, 410, 23]","[0, 40, 24]","[0, 40, 24]","[0, 552, 25]","[0, 71, 26]","[1, 71, 26]","[0, 40, 27]",410.2,16.6,27,211,,122,5,1022.16,684.2981027,,,
"[1, 52, 0]","[0, 48, 5]","[1, 40, 6]","[1, 1935, 13]","[0, 40, 14]","[0, 40, 14]","[0, 1500, 18]","[0, 1500, 18]","[0, 1430, 18]","[1, 40, 20]","[1, 104, 42]","[0, 40, 43]","[1, 210, 44]","[1, 410, 44]","[0, 40, 45]","[0, 552, 45]","[0, 71, 46]","[1, 40, 47]","[1, 71, 49]","[0, 40, 50]",410.15,29.05,50,211,,122,6,529.84,684.2981027,,,
"[1, 52, 0]","[0, 48, 5]","[1, 40, 6]","[1, 1935, 9]","[0, 40, 10]","[0, 40, 10]","[0, 1500, 16]","[0, 1500, 16]","[0, 1431, 16]","[1, 40, 16]","[1, 104, 27]","[0, 40, 28]","[1, 210, 29]","[0, 40, 30]","[1, 410, 30]","[0, 552, 30]","[1, 40, 30]","[0, 40, 30]","[0, 71, 31]","[1, 40, 32]",408.65,20.05,32,211,,122,7,1036.64,678.8602974,,,
"[1, 52, 0]","[0, 48, 4]","[1, 40, 4]","[1, 1935, 6]","[0, 40, 7]","[0, 1500, 13]","[0, 1500, 13]","[0, 1431, 13]","[1, 40, 13]","[1, 104, 30]","[0, 40, 31]","[0, 552, 32]","[1, 210, 33]","[1, 410, 33]","[0, 40, 34]","[0, 40, 34]","[0, 71, 36]","[1, 71, 36]","[0, 40, 37]","[0, 292, 46]",422.8,22.75,46,211,,122,8,527.59,675.8743547,,,
"[1, 52, 0]","[0, 48, 4]","[1, 40, 4]","[1, 1935, 6]","[0, 40, 6]","[0, 1500, 12]","[0, 1500, 12]","[0, 1432, 12]","[1, 40, 13]","[1, 104, 29]","[0, 40, 30]","[1, 210, 31]","[1, 410, 31]","[0, 552, 31]","[0, 40, 31]","[0, 71, 33]","[1, 71, 33]","[0, 40, 34]","[0, 292, 41]","[0, 1431, 41]",492.4,21.7,41,211,,122,9,455.82,291.2985688,,,
"[1, 52, 0]","[0, 48, 4]","[1, 40, 4]","[1, 1935, 6]","[0, 40, 7]","[0, 40, 7]","[0, 1500, 12]","[0, 1500, 12]","[0, 1430, 12]","[1, 40, 12]","[1, 104, 29]","[1, 210, 30]","[1, 410, 30]","[0, 40, 30]","[0, 40, 31]","[0, 40, 31]","[0, 552, 33]","[0, 71, 33]","[1, 40, 34]","[1, 71, 35]",410.15,19.6,35,211,,122,10,247.83,286.9071597,,,
"[1, 52, 0]","[0, 48, 4]","[1, 40, 5]","[1, 1935, 6]","[0, 40, 7]","[0, 40, 7]","[0, 1500, 11]","[0, 1500, 11]","[0, 1431, 11]","[1, 40, 12]","[1, 104, 22]","[0, 40, 22]","[1, 210, 24]","[1, 410, 24]","[0, 552, 24]","[0, 40, 24]","[0, 40, 24]","[1, 71, 26]","[0, 71, 26]","[0, 40, 26]",410.2,15.8,26,211,,122,11,94.88,30.24522001,,,
"[1, 52, 0]","[0, 48, 4]","[1, 40, 4]","[1, 1935, 7]","[0, 40, 8]","[0, 40, 8]","[0, 1500, 16]","[0, 1500, 16]","[0, 1430, 16]","[1, 40, 17]","[1, 104, 37]","[0, 40, 38]","[1, 210, 38]","[1, 410, 38]","[0, 40, 39]","[0, 40, 39]","[0, 552, 40]","[0, 71, 41]","[1, 40, 41]","[1, 71, 43]",410.15,24.5,43,211,,122,12,138.78,16.06777313,,,
"[1, 52, 0]","[0, 48, 4]","[1, 40, 5]","[1, 1935, 11]","[0, 40, 12]","[0, 40, 12]","[0, 1500, 18]","[0, 1500, 18]","[0, 1432, 18]","[1, 40, 18]","[1, 104, 32]","[1, 210, 33]","[1, 410, 33]","[0, 40, 33]","[0, 40, 34]","[0, 40, 34]","[0, 552, 35]","[0, 71, 35]","[1, 40, 36]","[1, 71, 38]",410.25,22.95,38,211,,122,13,370.43,190.5543882,,,
"[1, 52, 0]","[0, 48, 4]","[1, 40, 5]","[1, 1935, 7]","[0, 40, 7]","[0, 40, 8]","[0, 1500, 14]","[0, 1500, 14]","[0, 1430, 14]","[1, 40, 15]","[1, 104, 32]","[0, 40, 32]","[1, 210, 33]","[1, 410, 33]","[0, 40, 34]","[0, 40, 34]","[0, 552, 34]","[1, 71, 37]","[0, 71, 37]","[0, 40, 37]",410.15,21.55,37,211,,122,14,211.46,223.2886622,,,
"[1, 52, 0]","[0, 48, 5]","[1, 40, 6]","[1, 1935, 9]","[0, 40, 10]","[0, 1500, 15]","[0, 1500, 15]","[0, 1431, 15]","[1, 40, 16]","[1, 104, 30]","[0, 40, 31]","[1, 210, 33]","[0, 552, 33]","[0, 40, 33]","[1, 410, 33]","[0, 40, 34]","[0, 71, 35]","[1, 40, 35]","[1, 71, 38]","[0, 40, 39]",410.2,23.25,39,211,,122,15,81.7,118.3214676,,,
"[1, 52, 0]","[0, 48, 3]","[1, 40, 4]","[1, 1935, 6]","[0, 40, 6]","[0, 40, 6]","[0, 1500, 13]","[0, 1500, 13]","[0, 1431, 13]","[1, 40, 13]","[1, 104, 55]","[0, 40, 57]","[0, 552, 59]","[1, 210, 70]","[1, 410, 70]","[0, 40, 71]","[0, 71, 73]","[1, 71, 74]","[0, 40, 75]","[0, 292, 83]",422.8,38.2,83,211,,122,16,224.86,245.6156569,,,
"[1, 52, 0]","[0, 48, 5]","[1, 40, 6]","[1, 1935, 8]","[0, 40, 9]","[0, 40, 9]","[0, 1500, 15]","[0, 1500, 15]","[0, 1431, 15]","[1, 40, 16]","[1, 104, 26]","[0, 40, 27]","[1, 210, 28]","[1, 410, 28]","[0, 552, 29]","[0, 40, 29]","[1, 71, 31]","[0, 71, 32]","[0, 40, 32]","[0, 247, 39]",420.55,19.95,39,211,,122,17,295.48,250.1971941,,,
"[1, 52, 0]","[0, 48, 4]","[1, 40, 5]","[1, 1935, 7]","[0, 40, 8]","[0, 1500, 14]","[0, 1500, 14]","[0, 1432, 14]","[1, 40, 15]","[1, 104, 35]","[0, 40, 37]","[0, 552, 38]","[1, 210, 43]","[1, 410, 44]","[0, 40, 44]","[0, 40, 45]","[0, 71, 46]","[1, 71, 48]","[0, 40, 50]","[0, 292, 56]",422.85,28.35,56,211,,122,18,174.17,205.0209674,,,
"[1, 52, 0]","[0, 48, 6]","[1, 40, 7]","[1, 1935, 9]","[0, 40, 10]","[0, 40, 10]","[0, 1500, 15]","[0, 1500, 15]","[0, 1431, 15]","[1, 40, 16]","[1, 104, 27]","[0, 40, 28]","[0, 552, 30]","[1, 210, 31]","[1, 410, 31]","[0, 40, 32]","[0, 40, 32]","[0, 71, 34]","[1, 71, 35]","[0, 40, 36]",410.2,20.95,36,211,,122,19,176.96,256.4273154,,,
"[1, 52, 0]","[0, 48, 5]","[1, 40, 5]","[1, 1935, 7]","[0, 40, 8]","[0, 40, 8]","[0, 1500, 14]","[0, 1500, 14]","[0, 1430, 14]","[1, 40, 15]","[1, 104, 23]","[1, 210, 24]","[1, 410, 24]","[0, 40, 24]","[0, 40, 25]","[0, 552, 26]","[0, 71, 26]","[1, 40, 27]","[1, 71, 27]","[0, 40, 28]",410.15,17.2,28,211,,210,0,52,0,,,
"[1, 52, 0]","[0, 48, 6]","[1, 40, 7]","[1, 1935, 10]","[0, 40, 11]","[0, 1500, 19]","[0, 1500, 19]","[0, 1431, 19]","[1, 40, 20]","[1, 104, 37]","[0, 40, 39]","[1, 210, 39]","[1, 410, 39]","[0, 40, 39]","[0, 40, 40]","[0, 552, 41]","[0, 71, 42]","[1, 40, 43]","[1, 71, 43]","[0, 40, 44]",410.2,27.85,44,211,,210,1,48,0,,,
"[1, 52, 0]","[0, 48, 5]","[1, 40, 5]","[1, 1935, 7]","[0, 40, 7]","[0, 40, 7]","[0, 1500, 14]","[0, 1500, 14]","[0, 1432, 14]","[1, 40, 14]","[1, 104, 33]","[0, 40, 34]","[0, 552, 35]","[1, 210, 35]","[1, 410, 35]","[1, 40, 36]","[0, 40, 36]","[0, 40, 36]","[0, 71, 37]","[1, 40, 38]",408.7,22.1,38,211,,210,2,40,0,,,
"[1, 52, 0]","[0, 48, 5]","[1, 40, 5]","[1, 1935, 6]","[0, 40, 7]","[0, 40, 7]","[0, 1500, 15]","[0, 1500, 15]","[0, 1432, 15]","[1, 40, 16]","[1, 104, 29]","[0, 40, 30]","[0, 552, 33]","[1, 210, 34]","[1, 410, 34]","[0, 40, 34]","[0, 40, 34]","[1, 71, 36]","[0, 40, 37]","[0, 71, 37]",410.25,21.45,37,211,,210,3,713,0,,,
"[1, 52, 0]","[0, 48, 4]","[1, 40, 5]","[1, 1935, 8]","[0, 40, 9]","[0, 40, 9]","[0, 1500, 15]","[0, 1500, 15]","[0, 1430, 15]","[1, 40, 16]","[1, 104, 25]","[0, 40, 26]","[1, 210, 27]","[1, 410, 27]","[0, 40, 28]","[0, 552, 28]","[0, 40, 28]","[1, 40, 28]","[0, 71, 29]","[1, 40, 30]",408.6,18.6,30,211,,210,4,40,0,,,
"[1, 52, 0]","[0, 48, 4]","[1, 40, 5]","[1, 1935, 7]","[0, 40, 8]","[0, 40, 8]","[0, 1500, 13]","[0, 1500, 13]","[0, 1432, 13]","[1, 40, 14]","[1, 104, 23]","[1, 210, 24]","[1, 410, 24]","[0, 40, 24]","[0, 40, 25]","[0, 40, 25]","[0, 552, 26]","[0, 71, 26]","[1, 40, 27]","[1, 71, 29]",410.25,16.9,29,211,,210,5,1500,0,,,
"[1, 52, 0]","[0, 48, 4]","[1, 40, 5]","[1, 1935, 7]","[0, 40, 8]","[0, 40, 8]","[0, 1500, 13]","[0, 1500, 13]","[0, 1431, 13]","[1, 40, 13]","[1, 104, 26]","[1, 210, 27]","[1, 410, 27]","[0, 40, 27]","[0, 40, 28]","[0, 40, 28]","[0, 552, 29]","[0, 71, 29]","[1, 40, 30]","[1, 71, 32]",410.2,18.35,32,211,,210,6,1500,0,,,
"[1, 52, 0]","[0, 48, 6]","[1, 40, 6]","[1, 1935, 8]","[0, 40, 9]","[0, 1500, 15]","[0, 1500, 15]","[0, 1430, 15]","[1, 40, 15]","[1, 104, 36]","[1, 210, 37]","[0, 40, 37]","[1, 410, 38]","[0, 40, 38]","[0, 552, 41]","[0, 71, 42]","[1, 40, 42]","[1, 71, 43]","[0, 40, 44]","[0, 292, 49]",422.75,26.8,49,211,,210,7,321.88,77.7269606,,,
"[1, 52, 0]","[0, 48, 5]","[1, 40, 5]","[1, 1935, 8]","[0, 40, 8]","[0, 40, 8]","[0, 1500, 14]","[0, 1500, 14]","[0, 1431, 14]","[1, 40, 15]","[1, 104, 37]","[0, 40, 38]","[1, 210, 39]","[1, 410, 39]","[0, 40, 40]","[0, 552, 40]","[0, 40, 40]","[0, 71, 41]","[1, 40, 42]","[1, 71, 44]",410.2,24.55,44,211,,210,8,61.21,77.6992772,,,
"[1, 52, 0]","[0, 48, 5]","[1, 40, 5]","[1, 1935, 6]","[0, 40, 7]","[0, 40, 7]","[0, 1500, 12]","[0, 1500, 12]","[0, 1432, 12]","[1, 40, 12]","[1, 104, 23]","[0, 40, 24]","[1, 210, 24]","[1, 410, 25]","[0, 40, 25]","[0, 40, 25]","[0, 552, 25]","[0, 71, 27]","[1, 40, 27]","[1, 71, 28]",410.25,16.55,28,211,,210,9,100.16,15.27572842,,,
"[1, 52, 0]","[0, 48, 4]","[1, 40, 4]","[1, 1935, 5]","[0, 40, 6]","[0, 40, 6]","[0, 1500, 12]","[0, 1500, 12]","[0, 1431, 12]","[1, 40, 12]","[1, 104, 31]","[0, 40, 32]","[0, 552, 33]","[1, 210, 35]","[1, 410, 35]","[0, 40, 36]","[0, 71, 37]","[1, 71, 40]","[0, 40, 41]","[0, 292, 47]",422.8,22,47,211,,210,10,72.74,64.25055437,,,
"[1, 52, 0]","[0, 48, 5]","[1, 40, 5]","[1, 1935, 7]","[0, 40, 8]","[0, 1500, 14]","[0, 1500, 14]","[1, 40, 14]","[0, 1432, 14]","[1, 40, 27]","[1, 104, 34]","[0, 40, 35]","[1, 210, 36]","[1, 410, 36]","[0, 552, 37]","[0, 40, 37]","[1, 40, 37]","[1, 71, 39]","[0, 71, 39]","[0, 40, 39]",410.25,23.85,39,211,,210,11,262.34,158.2428909,,,
"[1, 52, 0]","[0, 48, 4]","[1, 40, 4]","[1, 1935, 6]","[0, 40, 6]","[0, 1500, 12]","[0, 1500, 12]","[0, 1432, 12]","[1, 40, 13]","[1, 104, 28]","[0, 40, 29]","[1, 210, 29]","[1, 410, 30]","[0, 40, 30]","[0, 40, 30]","[0, 552, 31]","[0, 71, 32]","[1, 40, 32]","[1, 71, 34]","[0, 40, 35]",410.25,20.45,35,211,,210,12,322.16,140.2956993,,,
"[1, 52, 0]","[0, 48, 4]","[1, 40, 4]","[1, 1935, 6]","[0, 40, 7]","[0, 40, 7]","[0, 1500, 12]","[0, 1500, 12]","[0, 1431, 12]","[1, 40, 12]","[1, 104, 22]","[0, 40, 23]","[1, 210, 24]","[1, 410, 25]","[0, 40, 25]","[0, 552, 25]","[0, 40, 25]","[0, 71, 26]","[1, 71, 27]","[0, 40, 27]",410.2,16.25,27,211,,210,13,225.12,216.4077838,,,
"[1, 52, 0]","[0, 48, 5]","[1, 40, 6]","[1, 1935, 9]","[0, 40, 10]","[0, 40, 10]","[0, 1500, 15]","[0, 1500, 15]","[0, 1432, 15]","[1, 40, 16]","[1, 104, 33]","[1, 210, 34]","[1, 410, 34]","[0, 40, 34]","[0, 40, 35]","[0, 552, 36]","[0, 71, 37]","[1, 71, 38]","[0, 40, 39]","[0, 247, 46]",420.6,23.35,46,211,,210,14,105.27,167.2086856,,,
"[1, 52, 0]","[0, 48, 4]","[1, 40, 5]","[1, 1935, 11]","[0, 40, 12]","[0, 1500, 17]","[0, 1500, 17]","[0, 1432, 17]","[1, 40, 17]","[1, 104, 56]","[0, 40, 56]","[0, 552, 59]","[1, 210, 66]","[1, 410, 66]","[0, 40, 66]","[0, 40, 67]","[0, 71, 68]","[1, 71, 72]","[0, 40, 73]","[0, 292, 76]",422.85,41.25,76,211,,210,15,285.78,253.1758115,,,
"[1, 52, 0]","[0, 48, 4]","[1, 40, 5]","[1, 1935, 8]","[0, 40, 9]","[0, 1500, 15]","[0, 1500, 16]","[1, 40, 16]","[0, 1432, 16]","[1, 104, 28]","[0, 40, 29]","[0, 552, 31]","[1, 210, 36]","[1, 410, 36]","[1, 71, 36]","[0, 40, 37]","[0, 40, 37]","[0, 40, 37]","[0, 71, 39]","[0, 292, 48]",422.85,24.15,48,211,,210,16,95.61,109.485472,,,
"[1, 52, 0]","[0, 48, 4]","[1, 40, 4]","[1, 1935, 5]","[0, 40, 6]","[0, 40, 6]","[0, 1500, 11]","[0, 1500, 11]","[0, 1431, 11]","[1, 40, 11]","[1, 104, 27]","[0, 40, 28]","[0, 552, 30]","[1, 210, 31]","[1, 410, 31]","[0, 40, 31]","[0, 40, 32]","[1, 71, 34]","[0, 71, 34]","[0, 40, 35]",410.2,19.1,35,211,,210,17,79.43,204.4811248,,,
"[1, 52, 0]","[0, 48, 4]","[1, 40, 5]","[1, 1935, 6]","[0, 40, 7]","[0, 40, 7]","[0, 1500, 13]","[0, 1500, 13]","[0, 1429, 13]","[1, 40, 14]","[1, 104, 25]","[0, 40, 26]","[0, 552, 27]","[1, 210, 28]","[1, 410, 29]","[0, 40, 29]","[0, 40, 29]","[0, 71, 31]","[1, 71, 32]","[0, 40, 33]",410.1,18.55,33,211,,210,18,112.42,151.1408588,,,
"[1, 52, 0]","[0, 48, 4]","[1, 40, 5]","[1, 1935, 6]","[0, 40, 7]","[0, 40, 7]","[0, 1500, 13]","[0, 1500, 13]","[0, 1430, 13]","[1, 40, 13]","[1, 40, 23]","[1, 104, 32]","[0, 40, 33]","[1, 210, 33]","[1, 410, 34]","[0, 40, 34]","[0, 552, 34]","[0, 40, 34]","[1, 40, 35]","[0, 71, 36]",408.6,20.45,36,211,,210,19,267.93,460.6439992,,,
"[1, 52, 0]","[0, 48, 5]","[1, 40, 5]","[1, 1935, 8]","[0, 40, 9]","[0, 40, 9]","[0, 1500, 13]","[0, 1500, 13]","[0, 1431, 13]","[1, 40, 14]","[1, 104, 27]","[0, 40, 28]","[0, 552, 30]","[1, 210, 32]","[1, 410, 33]","[0, 40, 33]","[0, 40, 33]","[0, 71, 36]","[1, 71, 37]","[0, 40, 39]",410.2,20.85,39,211,,211,0,52,0,,,
"[1, 52, 0]","[0, 48, 5]","[1, 40, 5]","[1, 1935, 8]","[0, 40, 8]","[0, 40, 9]","[0, 1500, 13]","[0, 1500, 13]","[0, 1430, 13]","[1, 40, 14]","[1, 104, 54]","[0, 40, 55]","[0, 552, 57]","[1, 210, 60]","[1, 410, 60]","[0, 40, 60]","[0, 40, 61]","[0, 71, 62]","[1, 71, 67]","[0, 40, 68]",410.15,34.6,68,211,,211,1,48,0,,,
"[1, 52, 0]","[0, 48, 3]","[1, 40, 4]","[1, 1935, 29]","[0, 40, 30]","[0, 40, 31]","[0, 1500, 36]","[0, 1500, 36]","[0, 1431, 36]","[1, 40, 37]","[1, 104, 56]","[0, 40, 57]","[0, 552, 58]","[1, 210, 59]","[1, 410, 59]","[0, 40, 60]","[0, 71, 62]","[1, 40, 62]","[1, 71, 63]","[0, 40, 64]",410.2,42.1,64,211,,211,2,40,0,,,
"[1, 52, 0]","[0, 48, 5]","[1, 40, 6]","[1, 1935, 8]","[0, 40, 10]","[0, 40, 10]","[0, 1500, 17]","[0, 1500, 17]","[0, 1431, 17]","[1, 40, 18]","[1, 104, 29]","[0, 40, 30]","[1, 210, 32]","[1, 410, 32]","[0, 40, 33]","[0, 40, 33]","[0, 552, 33]","[0, 71, 35]","[1, 40, 35]","[1, 71, 36]",410.2,21.8,36,211,,211,3,1935,0,,,
"[1, 52, 0]","[0, 48, 3]","[1, 40, 4]","[1, 1935, 6]","[0, 40, 7]","[0, 1500, 12]","[0, 1500, 12]","[0, 1431, 12]","[1, 40, 13]","[1, 104, 45]","[0, 40, 46]","[0, 552, 48]","[1, 210, 49]","[1, 410, 49]","[0, 40, 50]","[0, 71, 52]","[1, 71, 54]","[0, 40, 55]","[0, 292, 60]","[0, 1500, 60]",495.8,31.85,60,211,,211,4,40,0,,,
"[1, 52, 0]","[0, 48, 4]","[1, 40, 4]","[1, 1935, 8]","[0, 40, 9]","[0, 1500, 13]","[0, 1500, 13]","[0, 1432, 13]","[1, 40, 13]","[1, 104, 22]","[0, 40, 24]","[1, 210, 24]","[1, 410, 24]","[0, 40, 25]","[0, 40, 25]","[0, 552, 26]","[0, 71, 27]","[1, 40, 28]","[1, 71, 28]","[0, 40, 29]",410.25,17.95,29,211,,211,5,507.2,684.4862115,,,
"[1, 52, 0]","[0, 48, 4]","[1, 40, 5]","[1, 1935, 8]","[0, 40, 9]","[0, 40, 10]","[0, 1500, 14]","[0, 1500, 14]","[0, 1431, 14]","[1, 40, 15]","[1, 104, 23]","[1, 210, 24]","[0, 40, 24]","[1, 410, 24]","[0, 40, 24]","[0, 552, 25]","[0, 71, 26]","[1, 40, 26]","[1, 71, 27]","[0, 40, 28]",410.2,17.2,28,211,,211,6,1500,0,,,
"[1, 52, 0]","[0, 48, 3]","[1, 40, 4]","[1, 1935, 6]","[0, 40, 7]","[0, 1500, 12]","[0, 1500, 12]","[0, 1431, 12]","[1, 40, 13]","[1, 104, 25]","[1, 210, 27]","[0, 40, 27]","[1, 410, 27]","[0, 40, 27]","[0, 40, 28]","[0, 552, 28]","[0, 71, 30]","[1, 40, 30]","[1, 71, 31]","[0, 40, 32]",410.2,19.05,32,211,,211,7,1422.34,285.2570423,,,
"[1, 52, 0]","[0, 48, 3]","[1, 40, 4]","[1, 1935, 5]","[0, 40, 6]","[0, 40, 6]","[0, 1500, 12]","[0, 1500, 12]","[0, 1431, 12]","[1, 40, 12]","[1, 40, 26]","[1, 104, 30]","[0, 40, 30]","[0, 552, 33]","[1, 210, 36]","[1, 410, 37]","[0, 40, 37]","[0, 40, 37]","[0, 71, 38]","[1, 71, 41]",410.2,20.85,41,211,,211,8,999.83,646.5963263,,,
"[1, 52, 0]","[0, 48, 4]","[1, 40, 5]","[1, 1935, 8]","[0, 40, 9]","[0, 1500, 15]","[0, 1500, 15]","[0, 1432, 15]","[1, 40, 15]","[1, 104, 32]","[1, 210, 33]","[1, 410, 33]","[0, 40, 34]","[0, 40, 34]","[0, 40, 34]","[0, 552, 35]","[0, 71, 37]","[1, 40, 37]","[1, 71, 38]","[0, 40, 39]",410.25,23.6,39,211,,211,9,101.57,236.8252672,,,
"[1, 52, 0]","[0, 48, 5]","[1, 40, 6]","[1, 1935, 7]","[0, 40, 8]","[0, 1500, 13]","[0, 1500, 13]","[0, 1431, 13]","[1, 40, 13]","[1, 104, 34]","[0, 40, 36]","[1, 210, 37]","[1, 410, 37]","[0, 552, 37]","[0, 40, 38]","[0, 71, 39]","[1, 40, 40]","[1, 71, 42]","[0, 40, 42]","[0, 292, 49]",422.8,25.45,49,211,,211,10,93.5,42.91346708,,,
"[1, 52, 0]","[0, 48, 5]","[1, 40, 6]","[1, 1935, 8]","[0, 40, 9]","[0, 40, 9]","[0, 1500, 14]","[0, 1500, 14]","[0, 1430, 14]","[1, 40, 15]","[1, 104, 27]","[0, 40, 28]","[0, 552, 29]","[1, 210, 29]","[1, 410, 30]","[0, 40, 30]","[0, 40, 31]","[1, 71, 32]","[0, 71, 32]","[0, 40, 33]",410.15,19.75,33,211,,211,11,145.62,151.6134625,,,
"[1, 52, 0]","[0, 48, 4]","[1, 40, 5]","[1, 1935, 9]","[0, 40, 10]","[0, 1500, 14]","[0, 1500, 14]","[0, 1430, 14]","[1, 40, 15]","[1, 104, 33]","[0, 40, 34]","[1, 210, 35]","[1, 410, 35]","[0, 552, 36]","[0, 40, 36]","[0, 40, 36]","[0, 71, 37]","[1, 40, 38]","[1, 71, 40]","[0, 40, 40]",410.15,24.25,40,211,,211,12,311.72,169.2899061,,,
"[1, 52, 0]","[0, 48, 4]","[1, 40, 5]","[1, 1935, 8]","[0, 40, 9]","[0, 1500, 17]","[0, 1500, 17]","[0, 1430, 17]","[1, 40, 17]","[1, 104, 44]","[0, 40, 45]","[1, 210, 45]","[1, 410, 46]","[0, 552, 47]","[0, 40, 47]","[1, 71, 48]","[0, 71, 49]","[0, 40, 49]","[0, 247, 57]","[0, 1431, 57]",490.05,31.4,57,211,,211,13,280.88,175.5389554,,,
"[1, 52, 0]","[0, 48, 3]","[1, 40, 4]","[1, 1935, 5]","[0, 40, 6]","[0, 40, 6]","[0, 1500, 12]","[0, 1500, 12]","[0, 1430, 12]","[1, 40, 12]","[1, 104, 30]","[0, 40, 31]","[1, 210, 31]","[1, 410, 31]","[0, 40, 32]","[0, 40, 32]","[0, 552, 33]","[0, 71, 33]","[1, 40, 34]","[1, 71, 36]",410.15,19.75,36,211,,211,14,194.26,203.7882452,,,
"[1, 52, 0]","[0, 48, 5]","[1, 40, 6]","[1, 1935, 8]","[0, 40, 8]","[0, 40, 8]","[0, 1500, 14]","[0, 1500, 14]","[0, 1432, 14]","[1, 40, 14]","[1, 104, 26]","[1, 210, 27]","[1, 410, 28]","[0, 40, 28]","[0, 40, 28]","[0, 552, 30]","[0, 71, 31]","[1, 40, 31]","[1, 71, 34]","[0, 40, 34]",410.25,19.4,34,211,,211,15,181.58,224.0016766,,,
"[1, 52, 0]","[0, 48, 5]","[1, 40, 5]","[1, 1935, 7]","[0, 40, 8]","[0, 40, 8]","[0, 1500, 13]","[0, 1500, 13]","[0, 1432, 13]","[1, 40, 14]","[1, 104, 22]","[1, 210, 23]","[0, 40, 23]","[1, 410, 23]","[0, 40, 24]","[0, 40, 24]","[0, 552, 25]","[0, 71, 25]","[1, 40, 25]","[1, 71, 28]",410.25,16.4,28,211,,211,16,180.22,213.3067019,,,
"[1, 52, 0]","[0, 48, 4]","[1, 40, 5]","[1, 1935, 9]","[0, 40, 10]","[0, 40, 10]","[0, 1500, 16]","[0, 1500, 16]","[0, 1431, 16]","[1, 40, 16]","[1, 104, 28]","[0, 40, 29]","[1, 210, 29]","[1, 410, 29]","[0, 40, 30]","[0, 40, 30]","[0, 552, 31]","[0, 71, 33]","[1, 40, 34]","[1, 71, 35]",410.2,20.5,35,211,,211,17,63.41,51.64370849,,,
"[1, 52, 0]","[0, 48, 4]","[1, 40, 4]","[1, 1935, 6]","[0, 40, 6]","[0, 40, 6]","[0, 1500, 11]","[0, 1500, 11]","[0, 1431, 11]","[1, 40, 11]","[1, 104, 20]","[1, 210, 21]","[0, 40, 21]","[0, 40, 21]","[1, 410, 21]","[0, 40, 22]","[0, 552, 22]","[0, 71, 23]","[1, 40, 23]","[1, 71, 25]",410.2,14.45,25,211,,211,18,66.06,46.75118321,,,
"[1, 52, 0]","[0, 48, 4]","[1, 40, 5]","[1, 1935, 7]","[0, 40, 7]","[0, 40, 8]","[0, 1500, 13]","[0, 1500, 13]","[0, 1431, 13]","[1, 40, 14]","[1, 104, 28]","[0, 40, 28]","[1, 210, 29]","[1, 410, 29]","[0, 40, 30]","[0, 40, 30]","[0, 552, 31]","[0, 71, 32]","[1, 71, 33]","[0, 40, 34]",410.2,19.4,34,211,,211,19,148.33,284.3444722,,,
"[1, 52, 0]","[0, 48, 4]","[1, 40, 5]","[1, 1935, 7]","[0, 40, 8]","[0, 40, 8]","[0, 1500, 13]","[0, 1500, 13]","[0, 1432, 13]","[1, 40, 14]","[1, 104, 28]","[0, 40, 29]","[1, 210, 30]","[0, 552, 31]","[0, 40, 31]","[1, 410, 31]","[0, 40, 32]","[0, 71, 33]","[1, 40, 33]","[1, 71, 36]",410.25,19.95,36,211,,212,0,52,0,,,
"[1, 52, 0]","[0, 48, 4]","[1, 40, 4]","[1, 1935, 6]","[0, 40, 7]","[0, 40, 7]","[0, 1500, 12]","[0, 1500, 12]","[0, 1432, 12]","[1, 40, 13]","[1, 104, 31]","[0, 40, 32]","[1, 210, 33]","[1, 410, 33]","[0, 552, 33]","[0, 40, 34]","[1, 71, 36]","[0, 71, 36]","[0, 40, 36]","[0, 246, 48]",420.55,21.45,48,211,,212,1,48,0,,,
"[1, 52, 0]","[0, 48, 6]","[1, 40, 7]","[1, 1935, 8]","[0, 40, 8]","[0, 40, 9]","[0, 1500, 15]","[0, 1500, 16]","[0, 1431, 16]","[1, 40, 16]","[1, 104, 27]","[0, 40, 28]","[1, 210, 28]","[1, 410, 28]","[0, 40, 29]","[0, 40, 30]","[0, 552, 30]","[0, 71, 33]","[1, 40, 33]","[1, 71, 34]",410.2,20.05,34,211,,212,2,40,0,,,
"[1, 52, 0]","[0, 48, 5]","[1, 40, 6]","[1, 1935, 8]","[0, 40, 9]","[0, 1500, 14]","[0, 1500, 14]","[1, 40, 14]","[0, 1431, 14]","[1, 104, 24]","[1, 210, 25]","[0, 40, 25]","[1, 410, 25]","[0, 40, 26]","[0, 40, 26]","[0, 552, 27]","[0, 71, 27]","[1, 40, 27]","[1, 71, 29]","[0, 40, 30]",410.2,18.75,30,211,,212,3,1950,0,,,
"[1, 52, 0]","[0, 48, 6]","[1, 40, 6]","[1, 1935, 8]","[0, 40, 8]","[0, 40, 9]","[0, 1500, 16]","[0, 1500, 16]","[0, 1432, 16]","[1, 40, 16]","[1, 104, 31]","[0, 40, 32]","[1, 210, 32]","[1, 410, 32]","[0, 40, 32]","[0, 552, 35]","[1, 71, 36]","[0, 40, 37]","[0, 71, 41]","[0, 293, 55]",422.9,23.2,55,211,,212,4,40,0,,,
"[1, 52, 0]","[0, 48, 4]","[1, 40, 5]","[1, 1935, 7]","[0, 40, 8]","[0, 40, 8]","[0, 1500, 13]","[0, 1500, 13]","[0, 1431, 13]","[1, 40, 14]","[1, 104, 24]","[0, 40, 25]","[1, 210, 25]","[1, 410, 25]","[0, 40, 26]","[0, 40, 26]","[0, 552, 27]","[0, 71, 28]","[1, 40, 28]","[1, 71, 29]",410.2,17.4,29,211,,212,5,463.4,665.8301115,,,
"[1, 52, 0]","[0, 48, 4]","[1, 40, 5]","[1, 1935, 7]","[0, 40, 7]","[0, 40, 7]","[0, 1500, 12]","[0, 1500, 13]","[0, 1432, 13]","[1, 40, 13]","[1, 104, 22]","[0, 40, 22]","[1, 210, 23]","[1, 410, 24]","[0, 552, 24]","[0, 40, 25]","[1, 71, 26]","[0, 40, 26]","[0, 71, 27]","[0, 40, 27]",410.25,16.35,27,211,,212,6,1500,0,,,
"[1, 52, 0]","[0, 48, 4]","[1, 40, 5]","[1, 1935, 6]","[0, 40, 7]","[0, 40, 7]","[0, 1500, 12]","[0, 1500, 12]","[0, 1432, 12]","[1, 40, 13]","[1, 104, 24]","[0, 40, 25]","[1, 210, 26]","[1, 410, 26]","[0, 40, 27]","[0, 552, 27]","[0, 40, 27]","[0, 71, 28]","[1, 40, 29]","[1, 71, 30]",410.25,17.35,30,211,,212,7,1241.18,411.133525,,,
"[1, 52, 0]","[0, 48, 5]","[1, 40, 5]","[1, 1935, 7]","[0, 40, 8]","[0, 1500, 14]","[0, 1500, 14]","[0, 1430, 14]","[1, 40, 14]","[1, 104, 26]","[0, 40, 27]","[1, 210, 27]","[1, 410, 27]","[0, 40, 28]","[0, 40, 28]","[0, 552, 28]","[0, 71, 30]","[1, 71, 30]","[0, 40, 30]","[1, 40, 44]",410.15,20.3,44,211,,212,8,451.61,270.8202242,,,
"[1, 52, 0]","[0, 48, 4]","[1, 40, 5]","[1, 1935, 9]","[0, 40, 10]","[0, 40, 10]","[0, 1500, 16]","[0, 1500, 16]","[0, 1431, 16]","[1, 40, 17]","[1, 104, 25]","[0, 40, 26]","[1, 210, 26]","[1, 410, 27]","[0, 40, 27]","[0, 40, 27]","[0, 552, 27]","[0, 71, 29]","[1, 71, 29]","[0, 40, 29]",410.2,18.75,29,211,,212,9,69.69,85.23309631,,,
"[1, 52, 0]","[0, 48, 4]","[1, 40, 5]","[1, 1935, 6]","[0, 40, 7]","[0, 1500, 12]","[0, 1500, 12]","[0, 1431, 12]","[1, 40, 12]","[1, 104, 42]","[0, 40, 43]","[0, 552, 45]","[1, 210, 45]","[1, 410, 45]","[0, 40, 46]","[0, 40, 46]","[0, 71, 47]","[1, 40, 48]","[1, 71, 51]","[0, 40, 51]",410.2,28.95,51,211,,212,10,88.48,29.3954164,,,
"[1, 52, 0]","[0, 48, 4]","[1, 40, 4]","[1, 1935, 6]","[0, 40, 7]","[0, 40, 7]","[0, 1500, 12]","[0, 1500, 12]","[1, 40, 13]","[0, 1432, 13]","[1, 40, 29]","[1, 104, 73]","[0, 40, 74]","[0, 552, 76]","[1, 210, 77]","[1, 410, 77]","[0, 40, 78]","[0, 40, 78]","[0, 71, 79]","[1, 71, 81]",410.25,40,81,211,,212,11,106.56,129.9193472,,,
"[1, 52, 0]","[0, 48, 4]","[1, 40, 4]","[1, 1935, 6]","[0, 40, 7]","[0, 1500, 12]","[0, 1500, 12]","[0, 1432, 12]","[1, 40, 13]","[1, 104, 25]","[1, 210, 26]","[0, 40, 26]","[1, 410, 27]","[0, 40, 27]","[0, 40, 27]","[0, 552, 28]","[0, 71, 29]","[1, 40, 29]","[1, 71, 31]","[0, 40, 32]",410.25,18.85,32,211,,212,12,231.19,165.7304429,,,
"[1, 52, 0]","[0, 48, 4]","[1, 40, 5]","[1, 1935, 8]","[0, 40, 9]","[0, 40, 9]","[0, 1500, 14]","[0, 1500, 14]","[0, 1432, 14]","[1, 40, 15]","[1, 104, 31]","[0, 40, 32]","[0, 552, 34]","[1, 210, 35]","[1, 410, 35]","[0, 40, 36]","[1, 71, 37]","[0, 71, 37]","[0, 40, 38]","[0, 292, 48]",422.85,22.75,48,211,,212,13,286.68,174.016537,,,
"[1, 52, 0]","[0, 48, 4]","[1, 40, 5]","[1, 1935, 6]","[0, 40, 6]","[0, 1500, 13]","[0, 1500, 14]","[0, 1432, 14]","[1, 40, 14]","[1, 104, 28]","[0, 40, 29]","[1, 210, 29]","[0, 40, 30]","[0, 552, 30]","[0, 71, 32]","[1, 40, 32]","[1, 410, 33]","[1, 71, 33]","[0, 40, 34]","[0, 40, 34]",410.25,21,34,211,,212,14,191.57,209.5671467,,,
"[1, 52, 0]","[0, 48, 4]","[1, 40, 5]","[1, 1935, 6]","[0, 40, 7]","[0, 40, 7]","[0, 1500, 13]","[0, 1500, 13]","[0, 1430, 13]","[1, 40, 13]","[1, 104, 32]","[1, 210, 33]","[1, 410, 33]","[0, 40, 33]","[0, 40, 34]","[0, 40, 34]","[0, 552, 35]","[0, 71, 35]","[1, 40, 36]","[1, 71, 38]",410.15,21.2,38,211,,212,15,148.32,205.941243,,,
"[1, 52, 0]","[0, 48, 5]","[1, 40, 5]","[1, 1935, 8]","[0, 40, 9]","[0, 1500, 13]","[0, 1500, 13]","[1, 40, 14]","[0, 1430, 14]","[1, 104, 26]","[0, 40, 27]","[1, 210, 28]","[1, 410, 28]","[0, 40, 28]","[0, 40, 28]","[0, 552, 30]","[0, 71, 30]","[1, 40, 30]","[1, 71, 32]","[0, 40, 33]",410.15,20.05,33,211,,212,16,209.04,228.2248546,,,
"[1, 52, 0]","[0, 48, 4]","[1, 40, 5]","[1, 1935, 8]","[0, 40, 9]","[0, 40, 9]","[0, 1500, 15]","[0, 1500, 15]","[0, 1430, 15]","[1, 40, 16]","[1, 40, 33]","[1, 104, 39]","[0, 40, 40]","[1, 210, 40]","[1, 410, 40]","[0, 40, 41]","[0, 40, 41]","[0, 552, 42]","[0, 71, 42]","[1, 40, 42]",408.6,24.8,42,211,,212,17,68.68,50.54508538,,,
"[1, 52, 0]","[0, 48, 5]","[1, 40, 6]","[1, 1935, 9]","[0, 40, 9]","[0, 40, 9]","[0, 1500, 17]","[0, 1500, 17]","[0, 1431, 17]","[1, 40, 18]","[1, 104, 66]","[0, 40, 67]","[0, 552, 69]","[1, 210, 69]","[1, 410, 69]","[0, 40, 70]","[0, 40, 70]","[1, 71, 72]","[0, 40, 73]","[0, 71, 74]",410.2,40.3,74,211,,212,18,84.93,157.2281528,,,
"[1, 52, 0]","[0, 48, 4]","[1, 40, 5]","[1, 1935, 7]","[0, 40, 8]","[0, 1500, 14]","[0, 1500, 15]","[0, 1431, 15]","[1, 40, 15]","[1, 104, 39]","[0, 40, 39]","[1, 210, 40]","[1, 410, 40]","[0, 40, 41]","[0, 552, 41]","[0, 71, 42]","[1, 40, 43]","[1, 71, 44]","[0, 40, 45]","[0, 292, 54]",422.8,27.55,54,211,,212,19,200.53,356.1189636,,,
"[1, 52, 0]","[0, 48, 4]","[1, 40, 5]","[1, 1935, 7]","[0, 40, 8]","[0, 40, 8]","[0, 1500, 13]","[0, 1500, 13]","[0, 1431, 13]","[1, 40, 14]","[1, 104, 29]","[1, 210, 30]","[0, 40, 30]","[1, 410, 30]","[0, 40, 30]","[0, 40, 30]","[0, 552, 32]","[0, 71, 32]","[1, 40, 33]","[1, 71, 35]",410.2,19.8,35,211,,220,0,52,0,,,
"[1, 52, 0]","[0, 48, 12]","[1, 40, 13]","[1, 1935, 16]","[0, 40, 17]","[0, 40, 17]","[0, 1500, 22]","[0, 1500, 22]","[1, 40, 22]","[0, 1431, 23]","[1, 104, 70]","[0, 40, 71]","[1, 210, 72]","[1, 410, 72]","[0, 40, 73]","[0, 40, 74]","[0, 552, 74]","[0, 71, 76]","[1, 40, 76]","[1, 71, 77]",410.2,44.95,77,211,,220,1,48,0,,,
"[1, 52, 0]","[0, 48, 5]","[1, 40, 6]","[1, 1935, 9]","[0, 40, 10]","[0, 1500, 16]","[0, 1500, 16]","[0, 1431, 16]","[1, 40, 16]","[1, 104, 24]","[0, 40, 25]","[1, 210, 26]","[1, 410, 26]","[0, 40, 27]","[0, 552, 27]","[0, 71, 29]","[1, 71, 29]","[0, 40, 30]","[0, 292, 40]","[0, 1500, 40]",495.8,20.85,40,211,,220,2,40,0,,,
"[1, 52, 0]","[0, 48, 4]","[1, 40, 5]","[1, 1950, 6]","[0, 40, 7]","[0, 40, 7]","[0, 1500, 12]","[0, 1500, 12]","[0, 628, 12]","[1, 40, 12]","[1, 104, 18]","[1, 132, 19]","[0, 40, 19]","[0, 40, 20]","[0, 552, 21]","[0, 71, 21]","[1, 40, 22]","[1, 71, 22]","[0, 40, 23]","[1, 375, 69]",365.15,16.55,69,212,,220,3,600.38,33.94641648,,,
"[1, 52, 0]","[0, 48, 5]","[1, 40, 6]","[1, 1950, 10]","[0, 40, 11]","[0, 40, 11]","[0, 1500, 16]","[0, 1500, 16]","[0, 629, 16]","[1, 40, 17]","[1, 104, 23]","[0, 40, 24]","[1, 132, 25]","[1, 375, 25]","[0, 552, 25]","[0, 40, 26]","[0, 40, 26]","[1, 71, 27]","[0, 71, 27]","[0, 40, 28]",365.2,18.2,28,212,,220,4,40,0,,,
"[1, 52, 0]","[0, 48, 4]","[1, 40, 5]","[1, 1950, 7]","[0, 40, 7]","[0, 40, 8]","[0, 1500, 13]","[0, 1500, 13]","[0, 628, 13]","[1, 40, 14]","[1, 104, 20]","[1, 132, 21]","[0, 40, 21]","[1, 375, 21]","[0, 40, 22]","[0, 40, 22]","[0, 552, 24]","[0, 71, 24]","[1, 40, 24]","[1, 71, 25]",365.15,15.4,25,212,,220,5,1500,0,,,
"[1, 52, 0]","[0, 48, 5]","[1, 40, 6]","[1, 1950, 7]","[0, 40, 8]","[0, 40, 8]","[0, 1500, 14]","[0, 1500, 15]","[0, 627, 15]","[1, 40, 15]","[1, 104, 22]","[0, 40, 24]","[1, 132, 24]","[1, 375, 25]","[0, 40, 25]","[0, 40, 25]","[0, 552, 26]","[1, 71, 27]","[0, 71, 27]","[0, 40, 28]",365.1,17.3,28,212,,220,6,1014,0.666666667,,,
"[1, 52, 0]","[0, 48, 7]","[1, 40, 7]","[1, 1950, 8]","[0, 40, 9]","[0, 40, 9]","[0, 1500, 18]","[0, 1500, 18]","[0, 627, 18]","[1, 40, 19]","[1, 104, 25]","[0, 40, 27]","[1, 132, 27]","[1, 375, 28]","[0, 40, 29]","[0, 40, 29]","[0, 552, 32]","[1, 71, 33]","[0, 40, 35]","[0, 71, 37]",365.1,20.75,37,212,,220,7,40,0,,,
"[1, 52, 0]","[0, 48, 5]","[1, 40, 6]","[1, 1950, 7]","[0, 40, 9]","[0, 1500, 14]","[0, 1500, 14]","[0, 628, 14]","[1, 40, 14]","[1, 40, 26]","[1, 104, 33]","[1, 132, 34]","[1, 375, 34]","[0, 40, 34]","[0, 40, 34]","[0, 552, 36]","[0, 71, 36]","[1, 40, 36]","[1, 71, 38]","[0, 40, 39]",365.15,23.15,39,212,,220,8,104,0,,,
"[1, 52, 0]","[0, 48, 7]","[1, 40, 9]","[1, 1950, 12]","[0, 40, 13]","[0, 40, 13]","[0, 1500, 20]","[0, 1500, 20]","[0, 629, 20]","[1, 40, 21]","[1, 104, 29]","[0, 40, 30]","[0, 552, 32]","[1, 132, 35]","[1, 375, 36]","[1, 71, 36]","[0, 40, 37]","[0, 40, 37]","[0, 40, 37]","[0, 71, 38]",365.2,24.1,38,212,,220,9,40,0,,,
"[1, 52, 0]","[0, 48, 5]","[1, 40, 5]","[1, 1950, 7]","[0, 40, 8]","[0, 40, 8]","[0, 1500, 14]","[0, 1500, 14]","[0, 628, 14]","[1, 40, 14]","[1, 104, 28]","[0, 40, 29]","[0, 552, 31]","[1, 132, 31]","[1, 375, 31]","[0, 40, 32]","[0, 40, 32]","[1, 71, 33]","[0, 71, 33]","[0, 40, 34]",365.15,20.15,34,212,,220,10,552,0,,,
"[1, 52, 0]","[0, 48, 5]","[1, 40, 6]","[1, 1950, 9]","[0, 40, 9]","[0, 1500, 15]","[0, 1500, 15]","[0, 628, 15]","[1, 40, 16]","[1, 104, 23]","[0, 40, 24]","[1, 132, 25]","[1, 375, 25]","[0, 40, 25]","[0, 40, 25]","[0, 552, 27]","[1, 71, 28]","[0, 71, 28]","[0, 40, 28]","[0, 292, 37]",377.75,19.25,37,212,,220,11,40.92,9.2,,,
"[1, 52, 0]","[0, 48, 4]","[1, 40, 5]","[1, 1950, 7]","[0, 40, 8]","[0, 1500, 13]","[0, 1500, 13]","[0, 629, 13]","[1, 40, 13]","[1, 104, 22]","[0, 40, 23]","[1, 132, 24]","[1, 375, 24]","[0, 40, 24]","[0, 40, 24]","[0, 552, 25]","[1, 71, 26]","[0, 71, 27]","[0, 40, 27]","[0, 292, 38]",377.8,18,38,212,,220,12,131.39,6.1,,,
"[1, 52, 0]","[0, 48, 5]","[1, 40, 6]","[1, 1950, 8]","[0, 40, 9]","[0, 40, 9]","[0, 1500, 14]","[0, 1500, 14]","[0, 629, 15]","[1, 40, 15]","[1, 104, 22]","[1, 132, 24]","[0, 40, 24]","[1, 375, 24]","[0, 40, 25]","[0, 40, 25]","[0, 552, 25]","[0, 71, 27]","[1, 40, 27]","[1, 71, 29]",365.2,17.35,29,212,,220,13,43.72,10.1245576,,,
"[1, 52, 0]","[0, 48, 4]","[1, 40, 5]","[1, 1950, 11]","[0, 40, 11]","[0, 40, 11]","[0, 1500, 17]","[0, 1500, 17]","[0, 628, 17]","[1, 40, 18]","[1, 104, 34]","[0, 40, 35]","[0, 552, 37]","[1, 132, 38]","[1, 375, 38]","[0, 40, 38]","[0, 40, 39]","[0, 71, 40]","[1, 71, 41]","[0, 40, 41]",365.15,24.6,41,212,,220,14,76.53,64.12825769,,,
"[1, 52, 0]","[0, 48, 4]","[1, 40, 4]","[1, 1950, 6]","[0, 40, 7]","[0, 40, 7]","[0, 1500, 12]","[0, 1500, 12]","[0, 629, 12]","[1, 40, 13]","[1, 104, 22]","[0, 40, 23]","[0, 552, 25]","[1, 132, 28]","[1, 375, 28]","[0, 40, 29]","[0, 40, 29]","[1, 71, 30]","[0, 40, 31]","[0, 71, 31]",365.2,17.65,31,212,,220,15,140.17,172.3118535,,,
"[1, 52, 0]","[0, 48, 4]","[1, 40, 5]","[1, 1950, 7]","[0, 40, 7]","[0, 40, 7]","[0, 1500, 13]","[0, 1500, 13]","[0, 628, 13]","[1, 40, 13]","[1, 104, 21]","[0, 40, 21]","[1, 132, 22]","[1, 375, 22]","[0, 552, 23]","[0, 40, 23]","[0, 71, 25]","[1, 40, 25]","[1, 71, 26]","[0, 40, 27]",365.15,15.85,27,212,,220,16,93.38,142.7435208,,,
"[1, 52, 0]","[0, 48, 5]","[1, 40, 5]","[1, 1950, 7]","[0, 40, 8]","[0, 40, 9]","[0, 1500, 12]","[0, 1500, 12]","[0, 627, 12]","[1, 40, 13]","[1, 104, 27]","[1, 132, 28]","[0, 40, 28]","[1, 375, 28]","[0, 40, 29]","[0, 40, 29]","[0, 552, 29]","[1, 71, 30]","[0, 71, 31]","[0, 40, 31]",365.1,18.65,31,212,,220,17,338.22,230.9019898,,,
"[1, 52, 0]","[0, 48, 4]","[1, 40, 5]","[1, 1950, 7]","[0, 40, 8]","[0, 40, 8]","[0, 1500, 13]","[0, 1500, 13]","[0, 627, 13]","[1, 40, 14]","[1, 104, 27]","[0, 40, 27]","[0, 552, 30]","[1, 132, 32]","[1, 375, 32]","[1, 71, 33]","[0, 40, 33]","[0, 40, 33]","[0, 40, 34]","[0, 71, 35]",365.1,20.05,35,212,,220,18,90.2,137.9055452,,,
"[1, 52, 0]","[0, 48, 4]","[1, 40, 5]","[1, 1950, 9]","[0, 40, 9]","[0, 40, 10]","[0, 1500, 14]","[0, 1500, 14]","[0, 629, 14]","[1, 40, 17]","[1, 104, 26]","[0, 40, 27]","[1, 132, 29]","[0, 552, 29]","[0, 40, 29]","[1, 71, 31]","[0, 71, 31]","[0, 40, 32]","[1, 375, 32]","[0, 40, 33]",365.2,19.75,33,212,,220,19,266.17,272.6130219,,,
"[1, 52, 0]","[0, 48, 4]","[1, 40, 5]","[1, 1950, 7]","[0, 40, 8]","[0, 40, 8]","[0, 1500, 14]","[0, 1500, 14]","[0, 627, 14]","[1, 40, 15]","[1, 104, 21]","[0, 40, 22]","[1, 132, 23]","[0, 552, 23]","[1, 375, 23]","[0, 40, 24]","[0, 40, 25]","[1, 71, 25]","[0, 71, 26]","[0, 40, 27]",365.1,16.4,27,212,,221,0,52,0,,,
"[1, 52, 0]","[0, 48, 4]","[1, 40, 5]","[1, 1950, 8]","[0, 40, 8]","[0, 40, 8]","[0, 1500, 15]","[0, 1500, 15]","[0, 627, 15]","[1, 40, 16]","[1, 104, 26]","[0, 40, 26]","[0, 552, 29]","[1, 132, 29]","[1, 375, 29]","[0, 40, 30]","[0, 40, 30]","[1, 71, 31]","[0, 71, 31]","[0, 40, 32]",365.1,19.35,32,212,,221,1,48,0,,,
"[1, 52, 0]","[0, 48, 4]","[1, 40, 5]","[1, 1950, 10]","[0, 40, 11]","[0, 40, 11]","[0, 1500, 18]","[0, 1500, 18]","[0, 628, 18]","[1, 40, 19]","[1, 104, 28]","[0, 40, 29]","[1, 132, 31]","[1, 375, 31]","[0, 552, 31]","[0, 40, 32]","[0, 71, 33]","[1, 71, 34]","[0, 40, 35]","[0, 292, 45]",377.75,22.15,45,212,,221,2,40,0,,,
"[1, 52, 0]","[0, 48, 5]","[1, 40, 6]","[1, 1950, 8]","[0, 40, 9]","[0, 40, 9]","[0, 1500, 14]","[0, 1500, 14]","[0, 628, 14]","[1, 40, 15]","[1, 104, 24]","[0, 40, 26]","[1, 132, 27]","[1, 375, 27]","[0, 552, 27]","[0, 40, 28]","[0, 71, 30]","[1, 71, 30]","[0, 40, 32]","[0, 292, 37]",377.75,19.1,37,212,,221,3,1825.56,36.15240467,,,
"[1, 52, 0]","[0, 48, 4]","[1, 40, 5]","[1, 1950, 9]","[0, 40, 10]","[0, 40, 10]","[0, 1500, 15]","[0, 1500, 15]","[0, 628, 15]","[1, 40, 16]","[1, 104, 26]","[1, 132, 28]","[0, 40, 28]","[1, 375, 28]","[0, 40, 29]","[0, 40, 29]","[0, 552, 29]","[0, 71, 30]","[1, 40, 30]","[1, 71, 31]",365.15,19.35,31,212,,221,4,40,0,,,
"[1, 52, 0]","[0, 48, 4]","[1, 40, 5]","[1, 1950, 6]","[0, 40, 7]","[0, 40, 8]","[0, 1500, 14]","[0, 1500, 14]","[0, 629, 14]","[1, 40, 14]","[1, 104, 21]","[1, 132, 22]","[1, 375, 22]","[0, 40, 22]","[0, 40, 22]","[0, 40, 22]","[0, 552, 24]","[0, 71, 24]","[1, 40, 24]","[1, 71, 25]",365.2,15.7,25,212,,221,5,551,699.8838287,,,
"[1, 52, 0]","[0, 48, 5]","[1, 40, 6]","[1, 1950, 7]","[0, 40, 8]","[0, 40, 8]","[0, 1500, 13]","[0, 1500, 14]","[0, 628, 14]","[1, 40, 14]","[1, 104, 22]","[0, 40, 23]","[0, 552, 25]","[1, 132, 26]","[1, 375, 26]","[0, 40, 26]","[0, 40, 26]","[1, 71, 28]","[0, 71, 28]","[0, 40, 28]",365.15,17.35,28,212,,221,6,1500,0,,,
"[1, 52, 0]","[0, 48, 4]","[1, 40, 4]","[1, 1950, 6]","[0, 40, 6]","[0, 1500, 12]","[0, 1500, 12]","[0, 627, 12]","[1, 40, 13]","[1, 104, 23]","[0, 40, 25]","[1, 132, 25]","[0, 40, 26]","[0, 552, 27]","[1, 375, 27]","[0, 40, 28]","[0, 71, 28]","[1, 40, 29]","[1, 71, 30]","[0, 40, 31]",365.1,18.4,31,212,,221,7,1199.67,411.3428871,,,
"[1, 52, 0]","[0, 48, 5]","[1, 40, 6]","[1, 1950, 7]","[0, 40, 8]","[0, 40, 8]","[0, 1500, 14]","[0, 1500, 14]","[0, 628, 14]","[1, 40, 15]","[1, 104, 28]","[0, 40, 29]","[1, 132, 30]","[1, 375, 31]","[0, 552, 31]","[0, 40, 31]","[0, 40, 31]","[0, 71, 32]","[1, 40, 33]","[1, 71, 34]",365.15,20.05,34,212,,221,8,431.33,288.6049012,,,
"[1, 52, 0]","[0, 48, 7]","[1, 40, 8]","[1, 1950, 12]","[0, 40, 12]","[0, 40, 13]","[0, 1500, 18]","[0, 1500, 19]","[0, 628, 19]","[1, 40, 19]","[1, 104, 26]","[0, 40, 27]","[1, 132, 27]","[1, 375, 27]","[0, 40, 28]","[0, 40, 28]","[0, 552, 29]","[0, 71, 29]","[1, 40, 30]","[1, 71, 31]",365.15,20.45,31,212,,221,9,61.76,30.47009463,,,
"[1, 52, 0]","[0, 48, 3]","[1, 40, 4]","[1, 1950, 9]","[0, 40, 11]","[0, 1500, 17]","[0, 1500, 17]","[0, 628, 17]","[1, 40, 18]","[1, 104, 29]","[0, 40, 30]","[0, 552, 31]","[1, 132, 35]","[1, 375, 36]","[1, 71, 36]","[0, 40, 36]","[0, 40, 37]","[0, 71, 40]","[0, 1500, 48]","[0, 1242, 48]",498.25,25.1,48,212,,221,10,81.6,30.67983907,,,
"[1, 52, 0]","[0, 48, 4]","[1, 40, 5]","[1, 1950, 6]","[0, 40, 7]","[0, 40, 7]","[0, 1500, 14]","[0, 1500, 14]","[0, 629, 14]","[1, 40, 14]","[1, 104, 33]","[0, 40, 34]","[1, 132, 34]","[1, 375, 35]","[0, 40, 35]","[0, 40, 36]","[0, 552, 36]","[1, 71, 37]","[0, 71, 37]","[0, 40, 38]",365.2,22,38,212,,221,11,214.72,243.3828127,,,
"[1, 52, 0]","[0, 48, 4]","[1, 40, 5]","[1, 1950, 8]","[0, 40, 9]","[0, 40, 9]","[0, 1500, 15]","[0, 1500, 15]","[0, 629, 15]","[1, 40, 16]","[1, 104, 26]","[0, 40, 27]","[1, 132, 27]","[1, 375, 28]","[0, 40, 28]","[0, 552, 28]","[0, 40, 28]","[0, 71, 30]","[1, 40, 30]","[1, 71, 31]",365.2,18.95,31,212,,221,12,372.8,245.4387125,,,
"[1, 52, 0]","[0, 48, 4]","[1, 40, 5]","[1, 1950, 6]","[0, 40, 7]","[0, 1500, 12]","[0, 1500, 12]","[0, 628, 12]","[1, 40, 13]","[1, 104, 28]","[0, 40, 29]","[1, 132, 30]","[1, 375, 30]","[0, 40, 31]","[0, 40, 31]","[0, 552, 31]","[0, 71, 33]","[1, 40, 33]","[1, 71, 33]","[0, 40, 34]",365.15,20.7,34,212,,221,13,77.32,65.0645181,,,
"[1, 52, 0]","[0, 48, 5]","[1, 40, 5]","[1, 1950, 10]","[0, 40, 11]","[0, 40, 11]","[0, 1500, 16]","[0, 1500, 16]","[0, 628, 16]","[1, 40, 17]","[1, 104, 23]","[1, 132, 24]","[1, 375, 24]","[0, 40, 24]","[0, 40, 25]","[0, 40, 25]","[0, 552, 26]","[0, 71, 26]","[1, 40, 27]","[1, 71, 28]",365.15,17.95,28,212,,221,14,100.12,43.12286417,,,
"[1, 52, 0]","[0, 48, 4]","[1, 40, 4]","[1, 1950, 5]","[0, 40, 6]","[0, 40, 6]","[0, 1500, 12]","[0, 1500, 12]","[0, 628, 12]","[1, 40, 13]","[1, 104, 20]","[0, 40, 21]","[1, 132, 23]","[1, 375, 23]","[0, 552, 23]","[0, 40, 24]","[1, 71, 25]","[0, 40, 26]","[0, 71, 26]","[0, 292, 36]",377.75,16.05,36,212,,221,15,62.26,67.59947702,,,
"[1, 52, 0]","[0, 48, 5]","[1, 40, 5]","[1, 1950, 6]","[0, 40, 7]","[0, 40, 8]","[0, 1500, 13]","[0, 1500, 13]","[0, 628, 13]","[1, 40, 13]","[1, 104, 24]","[1, 132, 25]","[1, 375, 25]","[0, 40, 25]","[0, 40, 26]","[0, 40, 26]","[0, 552, 27]","[0, 71, 27]","[1, 40, 28]","[1, 71, 28]",365.15,17.2,28,212,,221,16,74.05,64.89671281,,,
"[1, 52, 0]","[0, 48, 4]","[1, 40, 5]","[1, 1950, 6]","[0, 40, 7]","[0, 40, 7]","[0, 1500, 12]","[0, 1500, 12]","[0, 627, 12]","[1, 40, 12]","[1, 104, 22]","[1, 132, 23]","[0, 40, 23]","[1, 375, 23]","[0, 40, 24]","[0, 40, 24]","[0, 552, 25]","[0, 71, 25]","[1, 40, 26]","[1, 71, 27]",365.1,15.95,27,212,,221,17,128.57,171.4100321,,,
"[1, 52, 0]","[0, 48, 4]","[1, 40, 5]","[1, 1950, 6]","[0, 40, 7]","[0, 40, 7]","[0, 1500, 12]","[0, 1500, 12]","[0, 628, 12]","[1, 40, 13]","[1, 104, 21]","[0, 40, 22]","[1, 132, 23]","[1, 375, 23]","[0, 40, 23]","[0, 40, 24]","[0, 552, 24]","[0, 71, 25]","[1, 40, 25]","[1, 71, 26]",365.15,15.7,26,212,,221,18,224.03,227.9713545,,,
"[1, 52, 0]","[0, 48, 8]","[1, 40, 8]","[1, 1950, 10]","[0, 40, 11]","[0, 1500, 18]","[0, 1500, 18]","[0, 629, 18]","[1, 40, 19]","[1, 104, 27]","[0, 40, 28]","[1, 132, 28]","[1, 375, 29]","[0, 40, 29]","[0, 40, 30]","[0, 552, 30]","[1, 71, 32]","[0, 40, 32]","[0, 71, 32]","[0, 293, 46]",377.85,22.65,46,212,,221,19,240.89,261.9416195,,,
"[1, 52, 0]","[0, 48, 5]","[1, 40, 6]","[1, 1950, 9]","[0, 40, 10]","[0, 1500, 15]","[0, 1500, 15]","[0, 628, 15]","[1, 40, 16]","[1, 104, 35]","[0, 40, 37]","[1, 132, 37]","[1, 375, 37]","[0, 40, 38]","[0, 552, 38]","[0, 40, 38]","[0, 71, 40]","[1, 40, 40]","[1, 71, 41]","[0, 40, 42]",365.15,25.7,42,212,,222,0,52,0,,,
"[1, 52, 0]","[0, 48, 3]","[1, 40, 4]","[1, 1950, 5]","[0, 40, 5]","[0, 40, 5]","[0, 1500, 11]","[0, 1500, 11]","[0, 629, 11]","[1, 40, 12]","[1, 104, 20]","[0, 40, 21]","[1, 132, 22]","[1, 375, 22]","[0, 552, 22]","[0, 40, 23]","[0, 40, 23]","[1, 71, 24]","[0, 71, 24]","[0, 40, 24]",365.2,14.6,24,212,,222,1,48,0,,,
"[1, 52, 0]","[0, 48, 5]","[1, 40, 6]","[1, 1950, 7]","[0, 40, 8]","[0, 1500, 13]","[0, 1500, 13]","[0, 628, 13]","[1, 40, 14]","[1, 104, 20]","[1, 132, 21]","[0, 40, 21]","[0, 40, 21]","[0, 552, 23]","[0, 71, 23]","[1, 40, 24]","[1, 71, 26]","[0, 40, 27]","[1, 375, 295]","[0, 40, 296]",365.15,43.8,296,212,,222,2,40,0,,,
"[1, 52, 0]","[0, 48, 5]","[1, 40, 5]","[1, 1950, 8]","[0, 40, 9]","[0, 40, 9]","[0, 1500, 15]","[0, 1500, 15]","[0, 627, 15]","[1, 40, 16]","[1, 104, 24]","[1, 132, 25]","[1, 375, 25]","[0, 40, 25]","[0, 40, 26]","[0, 40, 26]","[0, 552, 27]","[0, 71, 27]","[1, 40, 28]","[1, 71, 29]",365.1,17.95,29,212,,222,3,1949.2,126.7431986,,,
"[1, 52, 0]","[0, 48, 4]","[1, 40, 5]","[1, 1950, 7]","[0, 40, 7]","[0, 40, 8]","[0, 1500, 13]","[0, 1500, 13]","[0, 628, 14]","[1, 40, 14]","[1, 40, 29]","[1, 104, 32]","[1, 132, 33]","[0, 40, 33]","[1, 375, 33]","[0, 40, 34]","[0, 40, 34]","[0, 552, 35]","[0, 71, 35]","[1, 40, 35]",363.6,20.9,35,212,,222,4,40,0,,,
"[1, 52, 0]","[0, 48, 3]","[1, 40, 4]","[1, 1950, 5]","[0, 40, 6]","[0, 1500, 10]","[0, 1500, 10]","[0, 628, 10]","[1, 40, 11]","[1, 104, 17]","[0, 40, 18]","[1, 132, 18]","[1, 375, 18]","[0, 40, 19]","[0, 552, 19]","[0, 40, 19]","[1, 71, 20]","[0, 71, 21]","[0, 40, 21]","[0, 292, 29]",377.75,13.9,29,212,,222,5,492.75,663.7540066,,,
"[1, 52, 0]","[0, 48, 4]","[1, 40, 5]","[1, 1950, 6]","[0, 40, 7]","[0, 40, 7]","[0, 1500, 13]","[0, 1500, 14]","[0, 628, 14]","[1, 40, 14]","[1, 104, 63]","[0, 40, 64]","[1, 132, 65]","[0, 552, 66]","[1, 375, 66]","[0, 40, 66]","[0, 40, 67]","[0, 71, 68]","[1, 71, 68]","[0, 40, 69]",365.15,37.3,69,212,,222,6,1229.73,522.1563653,,,
"[1, 52, 0]","[0, 48, 5]","[1, 40, 6]","[1, 1950, 7]","[0, 40, 8]","[0, 40, 8]","[0, 1500, 13]","[0, 1500, 14]","[0, 626, 14]","[1, 40, 14]","[1, 104, 24]","[0, 40, 25]","[0, 552, 27]","[1, 132, 27]","[1, 375, 27]","[0, 40, 28]","[0, 40, 28]","[0, 71, 30]","[1, 71, 30]","[0, 40, 31]",365.05,18.3,31,212,,222,7,634.92,637.4355928,,,
"[1, 52, 0]","[0, 48, 4]","[1, 40, 5]","[1, 1950, 8]","[0, 40, 9]","[0, 40, 9]","[0, 1500, 15]","[0, 1500, 15]","[0, 628, 15]","[1, 40, 15]","[1, 104, 23]","[0, 40, 24]","[1, 132, 25]","[1, 375, 25]","[0, 40, 26]","[0, 40, 26]","[0, 552, 27]","[0, 71, 28]","[1, 40, 29]","[1, 71, 31]",365.15,17.95,31,212,,222,8,288.13,269.7990893,,,
"[1, 52, 0]","[0, 48, 5]","[1, 40, 6]","[1, 1950, 7]","[0, 40, 8]","[0, 1500, 13]","[0, 1500, 14]","[0, 627, 14]","[1, 40, 14]","[1, 104, 29]","[0, 40, 30]","[1, 132, 31]","[1, 375, 31]","[0, 40, 32]","[0, 40, 32]","[0, 552, 32]","[1, 71, 33]","[0, 71, 34]","[0, 40, 34]","[0, 246, 41]",375.4,22,41,212,,222,9,128.84,165.5053309,,,
"[1, 52, 0]","[0, 48, 3]","[1, 40, 4]","[1, 1950, 6]","[0, 40, 7]","[0, 1500, 11]","[0, 1500, 11]","[0, 628, 11]","[1, 40, 12]","[1, 104, 37]","[0, 40, 38]","[1, 132, 39]","[1, 375, 39]","[0, 40, 40]","[0, 40, 40]","[0, 552, 40]","[0, 71, 41]","[1, 40, 41]","[1, 71, 42]","[0, 40, 42]",365.15,25.2,42,212,,222,10,155.72,174.1948334,,,
"[1, 52, 0]","[0, 48, 5]","[1, 40, 5]","[1, 1950, 8]","[0, 40, 8]","[0, 40, 8]","[0, 1500, 13]","[0, 1500, 13]","[0, 627, 13]","[1, 40, 13]","[1, 104, 20]","[0, 40, 21]","[1, 132, 22]","[1, 375, 22]","[0, 40, 23]","[0, 552, 23]","[0, 40, 23]","[0, 71, 24]","[1, 71, 24]","[0, 40, 25]",365.1,15.65,25,212,,222,11,176.32,214.200646,,,
"[1, 52, 0]","[0, 48, 4]","[1, 40, 5]","[1, 1950, 7]","[0, 40, 8]","[0, 40, 8]","[0, 1500, 14]","[0, 1500, 14]","[0, 627, 14]","[1, 40, 15]","[1, 104, 25]","[0, 40, 25]","[1, 132, 27]","[1, 375, 27]","[0, 552, 27]","[0, 40, 27]","[0, 40, 28]","[0, 71, 29]","[1, 40, 30]","[1, 71, 30]",365.1,18.2,30,212,,222,12,297.65,274.4994112,,,
"[1, 52, 0]","[0, 48, 4]","[1, 40, 5]","[1, 1950, 10]","[0, 40, 10]","[0, 40, 10]","[0, 1500, 16]","[0, 1500, 16]","[0, 629, 16]","[1, 40, 16]","[1, 104, 25]","[0, 40, 26]","[1, 132, 26]","[1, 375, 27]","[0, 40, 27]","[0, 40, 27]","[0, 552, 27]","[1, 71, 29]","[0, 71, 29]","[0, 40, 29]",365.2,18.75,29,212,,222,13,196.19,220.3940775,,,
"[1, 52, 0]","[0, 48, 5]","[1, 40, 5]","[1, 1950, 8]","[0, 40, 9]","[0, 40, 9]","[0, 1500, 14]","[0, 1500, 14]","[0, 628, 14]","[1, 40, 15]","[1, 104, 24]","[0, 40, 25]","[1, 132, 25]","[1, 375, 25]","[0, 40, 26]","[0, 552, 27]","[1, 71, 27]","[0, 71, 28]","[0, 40, 28]","[0, 292, 36]",377.75,18.2,36,212,,222,14,152.59,174.7718337,,,
"[1, 52, 0]","[0, 48, 3]","[1, 40, 4]","[1, 1950, 6]","[0, 40, 7]","[0, 1500, 11]","[0, 1500, 11]","[0, 628, 11]","[1, 40, 12]","[1, 104, 23]","[0, 40, 25]","[0, 552, 26]","[1, 132, 27]","[1, 375, 28]","[0, 40, 28]","[0, 40, 28]","[0, 71, 29]","[1, 71, 30]","[0, 40, 31]","[0, 292, 40]",377.75,19,40,212,,222,15,144.19,243.8607276,,,
"[1, 52, 0]","[0, 48, 4]","[1, 40, 5]","[1, 1950, 9]","[0, 40, 10]","[0, 1500, 16]","[0, 1500, 16]","[0, 628, 16]","[1, 40, 16]","[1, 104, 46]","[0, 40, 48]","[1, 132, 48]","[1, 375, 49]","[0, 40, 49]","[0, 552, 49]","[0, 40, 49]","[0, 71, 50]","[1, 40, 51]","[1, 71, 51]","[0, 40, 52]",365.15,31.7,52,212,,222,16,195.88,341.4429358,,,
"[1, 52, 0]","[0, 48, 5]","[1, 40, 6]","[1, 1950, 7]","[0, 40, 8]","[0, 40, 8]","[0, 1500, 14]","[0, 1500, 14]","[0, 629, 14]","[1, 40, 14]","[1, 104, 26]","[0, 40, 27]","[1, 132, 28]","[0, 552, 28]","[1, 375, 28]","[0, 40, 29]","[0, 40, 29]","[0, 71, 30]","[1, 40, 31]","[1, 71, 31]",365.2,18.85,31,212,,222,17,318.13,458.8008229,,,
"[1, 52, 0]","[0, 48, 4]","[1, 40, 5]","[1, 1950, 6]","[0, 40, 6]","[0, 1500, 12]","[0, 1500, 12]","[0, 628, 12]","[1, 40, 13]","[1, 104, 17]","[0, 40, 18]","[1, 132, 19]","[1, 375, 19]","[0, 552, 20]","[0, 40, 20]","[0, 40, 20]","[1, 71, 21]","[0, 71, 21]","[0, 40, 21]","[0, 292, 30]",377.75,14.8,30,212,,222,18,388.77,507.7873144,,,
"[1, 52, 0]","[0, 48, 4]","[1, 40, 5]","[1, 1950, 7]","[0, 40, 8]","[0, 40, 8]","[0, 1500, 13]","[0, 1500, 13]","[0, 627, 13]","[1, 40, 13]","[1, 104, 22]","[0, 40, 23]","[1, 132, 24]","[1, 375, 24]","[0, 40, 25]","[0, 552, 25]","[0, 40, 25]","[0, 71, 26]","[1, 40, 27]","[1, 71, 29]",365.1,16.7,29,212,,222,19,415.13,540.2930865,,,
"[1, 52, 0]","[0, 48, 4]","[1, 40, 5]","[1, 1950, 22]","[0, 40, 24]","[0, 1500, 30]","[0, 1500, 30]","[0, 628, 30]","[1, 40, 31]","[1, 104, 53]","[0, 40, 54]","[1, 132, 54]","[1, 375, 55]","[0, 552, 55]","[0, 40, 55]","[0, 40, 56]","[0, 71, 57]","[1, 40, 57]","[1, 71, 59]","[0, 40, 60]",365.15,39.55,60,212,,,,,,,,
"[1, 52, 0]","[0, 48, 5]","[1, 40, 5]","[1, 1950, 6]","[0, 40, 8]","[0, 40, 8]","[0, 1500, 13]","[0, 1500, 14]","[0, 628, 14]","[1, 40, 14]","[1, 104, 26]","[0, 40, 27]","[0, 552, 28]","[1, 132, 29]","[1, 375, 29]","[0, 40, 29]","[0, 40, 30]","[0, 71, 31]","[1, 71, 32]","[0, 40, 32]",365.15,19,32,212,,,,,,,,
"[1, 52, 0]","[0, 48, 3]","[1, 40, 4]","[1, 1950, 6]","[0, 40, 7]","[0, 40, 7]","[0, 1500, 12]","[0, 1500, 12]","[0, 627, 12]","[1, 40, 13]","[1, 104, 40]","[0, 40, 41]","[1, 132, 42]","[1, 375, 42]","[0, 552, 42]","[0, 40, 43]","[0, 40, 43]","[0, 71, 44]","[1, 40, 45]","[1, 71, 45]",365.1,25.15,45,212,,,,,,,,
"[1, 52, 0]","[0, 48, 5]","[1, 40, 6]","[1, 1950, 11]","[0, 40, 12]","[0, 1500, 18]","[0, 1500, 18]","[0, 627, 18]","[1, 40, 18]","[1, 104, 26]","[0, 40, 27]","[1, 132, 28]","[1, 375, 28]","[0, 552, 29]","[0, 40, 29]","[0, 40, 29]","[0, 71, 31]","[1, 71, 31]","[0, 40, 31]","[0, 292, 39]",377.7,21.7,39,212,,,,,,,,
"[1, 52, 0]","[0, 48, 3]","[1, 40, 3]","[1, 1950, 5]","[0, 40, 6]","[0, 1500, 12]","[0, 1500, 12]","[0, 628, 12]","[1, 40, 12]","[1, 104, 20]","[0, 40, 20]","[1, 132, 21]","[1, 375, 21]","[0, 40, 22]","[0, 40, 22]","[0, 552, 22]","[0, 71, 24]","[1, 40, 24]","[1, 71, 25]","[0, 40, 26]",365.15,15.6,26,212,,,,,,,,
"[1, 52, 0]","[0, 48, 4]","[1, 40, 5]","[1, 1950, 6]","[0, 40, 7]","[0, 40, 8]","[0, 1500, 12]","[0, 1500, 12]","[0, 628, 12]","[1, 40, 12]","[1, 104, 18]","[0, 40, 18]","[1, 132, 19]","[1, 375, 19]","[0, 40, 19]","[0, 40, 20]","[0, 552, 20]","[0, 71, 21]","[1, 40, 21]","[1, 71, 22]",365.15,13.75,22,212,,,,,,,,
"[1, 52, 0]","[0, 48, 5]","[1, 40, 6]","[1, 1950, 8]","[0, 40, 8]","[0, 40, 9]","[0, 1500, 15]","[0, 1500, 15]","[0, 629, 15]","[1, 40, 16]","[1, 104, 22]","[0, 40, 23]","[1, 132, 24]","[1, 375, 24]","[0, 40, 25]","[0, 552, 25]","[1, 71, 27]","[0, 71, 27]","[0, 40, 27]","[0, 246, 37]",375.5,17.9,37,212,,,,,,,,
"[1, 52, 0]","[0, 48, 5]","[1, 40, 6]","[1, 1950, 9]","[0, 40, 10]","[0, 40, 10]","[0, 1500, 15]","[0, 1500, 15]","[0, 629, 16]","[1, 40, 16]","[1, 104, 23]","[0, 40, 24]","[1, 132, 26]","[1, 375, 26]","[0, 552, 26]","[0, 40, 27]","[1, 71, 27]","[0, 71, 28]","[0, 40, 29]","[0, 246, 38]",375.5,18.8,38,212,,,,,,,,
"[1, 52, 0]","[0, 48, 4]","[1, 40, 5]","[1, 1950, 6]","[0, 40, 7]","[0, 40, 7]","[0, 1500, 13]","[0, 1500, 13]","[0, 628, 13]","[1, 40, 13]","[1, 104, 21]","[0, 40, 22]","[1, 132, 23]","[1, 375, 23]","[0, 552, 23]","[0, 40, 23]","[0, 40, 24]","[1, 71, 24]","[0, 71, 25]","[0, 40, 25]",365.15,15.7,25,212,,,,,,,,
"[1, 52, 0]","[0, 48, 4]","[1, 40, 5]","[1, 1950, 6]","[0, 40, 7]","[0, 40, 7]","[0, 1500, 12]","[0, 1500, 13]","[0, 629, 13]","[1, 40, 13]","[1, 104, 31]","[0, 40, 32]","[1, 132, 32]","[1, 375, 32]","[0, 40, 33]","[0, 552, 33]","[0, 71, 34]","[1, 40, 35]","[1, 71, 36]","[0, 40, 36]",365.2,20.7,36,212,,,,,,,,
"[1, 52, 0]","[0, 48, 5]","[1, 40, 6]","[1, 1950, 24]","[0, 40, 25]","[0, 1500, 31]","[0, 1500, 31]","[1, 40, 31]","[0, 628, 31]","[1, 104, 37]","[1, 132, 38]","[0, 40, 38]","[1, 375, 39]","[0, 40, 39]","[0, 40, 39]","[0, 552, 40]","[0, 71, 41]","[1, 40, 42]","[1, 71, 43]","[0, 40, 44]",365.15,31.2,44,212,,,,,,,,
"[1, 52, 0]","[0, 48, 5]","[1, 40, 5]","[1, 1950, 7]","[0, 40, 8]","[0, 40, 8]","[0, 1500, 15]","[0, 1500, 15]","[0, 628, 15]","[1, 40, 16]","[1, 104, 24]","[1, 132, 25]","[0, 40, 25]","[1, 375, 25]","[0, 40, 27]","[0, 40, 27]","[0, 552, 27]","[0, 71, 29]","[1, 40, 30]","[1, 71, 34]",365.15,18.35,34,212,,,,,,,,
"[1, 52, 0]","[0, 48, 10]","[1, 40, 13]","[1, 1950, 17]","[0, 40, 18]","[0, 40, 19]","[0, 1500, 25]","[0, 1500, 25]","[0, 628, 25]","[1, 40, 26]","[1, 104, 43]","[0, 40, 44]","[0, 552, 49]","[1, 40, 92]","[1, 132, 120]","[0, 40, 121]","[0, 71, 123]","[1, 71, 125]","[0, 40, 126]","[1, 375, 187]",365.15,60.4,187,212,,,,,,,,
"[1, 52, 0]","[0, 48, 5]","[1, 40, 5]","[1, 1950, 8]","[0, 40, 8]","[0, 40, 9]","[0, 1500, 13]","[0, 1500, 13]","[0, 628, 13]","[1, 40, 13]","[1, 104, 30]","[0, 40, 31]","[0, 552, 33]","[1, 132, 34]","[1, 375, 34]","[0, 40, 35]","[0, 71, 37]","[1, 71, 40]","[0, 40, 41]","[0, 246, 45]",375.45,22.35,45,212,,,,,,,,
"[1, 52, 0]","[0, 48, 4]","[1, 40, 5]","[1, 1950, 6]","[0, 40, 7]","[0, 40, 7]","[0, 1500, 13]","[0, 1500, 13]","[0, 628, 13]","[1, 40, 13]","[1, 104, 22]","[0, 40, 22]","[1, 132, 23]","[1, 375, 23]","[0, 40, 24]","[0, 40, 24]","[0, 552, 24]","[1, 71, 26]","[0, 71, 26]","[0, 40, 26]",365.15,16.05,26,212,,,,,,,,
"[1, 52, 0]","[0, 48, 7]","[1, 40, 7]","[1, 1950, 9]","[0, 40, 10]","[0, 40, 10]","[0, 1500, 16]","[0, 1500, 16]","[0, 628, 16]","[1, 40, 16]","[1, 104, 24]","[0, 40, 25]","[1, 132, 26]","[0, 552, 27]","[1, 375, 27]","[0, 40, 27]","[0, 40, 27]","[0, 71, 28]","[1, 40, 29]","[1, 71, 32]",365.15,18.95,32,212,,,,,,,,
"[1, 52, 0]","[0, 48, 5]","[1, 40, 6]","[1, 1950, 9]","[0, 40, 10]","[0, 40, 10]","[0, 1500, 18]","[0, 1500, 18]","[0, 629, 18]","[1, 40, 19]","[1, 104, 26]","[0, 40, 27]","[1, 132, 27]","[1, 375, 28]","[0, 40, 28]","[0, 40, 28]","[0, 552, 29]","[1, 71, 30]","[0, 40, 31]","[0, 71, 32]",365.2,19.95,32,212,,,,,,,,
"[1, 52, 0]","[0, 48, 4]","[1, 40, 5]","[1, 1950, 6]","[0, 40, 7]","[0, 1500, 13]","[0, 1500, 13]","[0, 628, 13]","[1, 40, 14]","[1, 104, 20]","[0, 40, 20]","[1, 132, 21]","[1, 375, 21]","[0, 40, 22]","[0, 40, 22]","[0, 552, 22]","[1, 71, 23]","[0, 71, 23]","[0, 40, 24]","[0, 292, 34]",377.75,16.35,34,212,,,,,,,,
"[1, 52, 0]","[0, 48, 3]","[1, 40, 3]","[1, 1950, 7]","[0, 40, 8]","[0, 40, 8]","[0, 1500, 14]","[0, 1500, 14]","[0, 628, 14]","[1, 40, 15]","[1, 104, 24]","[1, 132, 25]","[1, 375, 25]","[0, 40, 25]","[0, 40, 26]","[0, 40, 26]","[0, 552, 28]","[0, 71, 29]","[1, 71, 30]","[0, 40, 30]",365.15,17.7,30,212,,,,,,,,
"[1, 52, 0]","[0, 48, 4]","[1, 40, 5]","[1, 1950, 9]","[0, 40, 10]","[0, 40, 10]","[0, 1500, 16]","[0, 1500, 16]","[0, 629, 16]","[1, 40, 17]","[1, 104, 36]","[0, 40, 37]","[1, 132, 37]","[1, 375, 38]","[0, 40, 38]","[0, 40, 38]","[0, 552, 38]","[0, 71, 40]","[1, 40, 42]","[1, 71, 44]",365.2,24.55,44,212,,,,,,,,
"[1, 52, 0]","[0, 48, 4]","[1, 40, 5]","[1, 1950, 8]","[0, 40, 9]","[0, 40, 9]","[0, 1500, 15]","[0, 1500, 15]","[0, 628, 15]","[1, 40, 16]","[1, 104, 28]","[0, 40, 29]","[0, 552, 31]","[1, 132, 31]","[0, 40, 32]","[1, 375, 32]","[0, 40, 33]","[0, 71, 34]","[1, 71, 36]","[0, 40, 37]",365.15,20.95,37,212,,,,,,,,
"[1, 52, 0]","[0, 48, 6]","[1, 40, 6]","[1, 1950, 8]","[0, 40, 9]","[0, 1500, 15]","[0, 1500, 15]","[0, 628, 15]","[1, 40, 15]","[1, 104, 22]","[0, 40, 23]","[0, 552, 25]","[1, 40, 36]","[1, 132, 36]","[1, 375, 36]","[0, 40, 37]","[0, 40, 37]","[1, 71, 38]","[0, 71, 38]","[0, 40, 39]",365.15,22.8,39,212,,,,,,,,
"[1, 52, 0]","[0, 48, 5]","[1, 40, 5]","[1, 1950, 8]","[0, 40, 9]","[0, 1500, 14]","[0, 1500, 14]","[0, 627, 14]","[1, 40, 15]","[1, 104, 27]","[0, 40, 28]","[0, 552, 30]","[1, 132, 30]","[1, 375, 31]","[0, 40, 32]","[0, 40, 32]","[0, 71, 33]","[1, 71, 34]","[0, 40, 35]","[0, 246, 41]",375.4,21.85,41,212,,,,,,,,
"[1, 52, 0]","[0, 48, 4]","[1, 40, 5]","[1, 1950, 6]","[0, 40, 6]","[0, 40, 6]","[0, 1500, 12]","[0, 1500, 12]","[0, 627, 12]","[1, 40, 13]","[1, 104, 39]","[0, 40, 40]","[1, 132, 40]","[1, 375, 40]","[0, 40, 41]","[0, 40, 41]","[0, 552, 42]","[0, 71, 43]","[1, 71, 43]","[0, 40, 44]",365.1,24.45,44,212,,,,,,,,
"[1, 52, 0]","[0, 48, 4]","[1, 40, 4]","[1, 1950, 5]","[0, 40, 7]","[0, 1500, 11]","[0, 1500, 11]","[0, 627, 11]","[1, 40, 12]","[1, 104, 25]","[1, 132, 26]","[0, 40, 26]","[1, 375, 26]","[0, 40, 26]","[0, 40, 27]","[0, 561, 28]","[1, 71, 29]","[0, 40, 29]","[0, 246, 35]","[0, 1431, 35]",443.85,18.85,35,212,,,,,,,,
"[1, 52, 0]","[0, 48, 5]","[1, 40, 6]","[1, 1950, 7]","[0, 40, 8]","[0, 40, 8]","[0, 1500, 15]","[0, 1500, 15]","[0, 629, 15]","[1, 40, 16]","[1, 104, 22]","[1, 132, 23]","[0, 40, 23]","[1, 375, 23]","[0, 40, 24]","[0, 40, 24]","[0, 552, 25]","[0, 71, 25]","[1, 40, 26]","[1, 71, 27]",365.2,16.85,27,212,,,,,,,,
"[1, 52, 0]","[0, 48, 4]","[1, 40, 5]","[1, 1950, 7]","[0, 40, 8]","[0, 1500, 14]","[0, 1500, 14]","[0, 628, 14]","[1, 40, 14]","[1, 104, 22]","[0, 40, 23]","[0, 552, 25]","[1, 132, 25]","[1, 375, 26]","[0, 40, 27]","[0, 40, 27]","[0, 71, 28]","[1, 71, 28]","[0, 40, 29]","[0, 292, 36]",377.75,18.8,36,212,,,,,,,,
"[1, 52, 0]","[0, 48, 5]","[1, 40, 6]","[1, 1950, 8]","[0, 40, 8]","[0, 1500, 14]","[0, 1500, 14]","[0, 628, 14]","[1, 40, 14]","[1, 104, 29]","[1, 132, 30]","[0, 40, 30]","[1, 375, 30]","[0, 40, 31]","[0, 40, 31]","[0, 552, 31]","[0, 71, 32]","[1, 40, 33]","[1, 71, 33]","[0, 40, 34]",365.15,21.35,34,212,,,,,,,,
"[1, 52, 0]","[0, 48, 4]","[1, 40, 5]","[1, 1950, 8]","[0, 40, 10]","[0, 1500, 15]","[0, 1500, 15]","[0, 628, 15]","[1, 40, 16]","[1, 104, 41]","[0, 40, 42]","[1, 132, 42]","[1, 375, 42]","[0, 40, 43]","[0, 552, 44]","[0, 71, 45]","[1, 71, 45]","[0, 40, 46]","[0, 292, 51]","[0, 1431, 51]",447.3,29,51,212,,,,,,,,
"[1, 52, 0]","[0, 48, 4]","[1, 40, 5]","[1, 1950, 7]","[0, 40, 8]","[0, 1500, 14]","[0, 1500, 14]","[0, 627, 14]","[1, 40, 15]","[1, 104, 20]","[0, 40, 20]","[0, 552, 23]","[1, 132, 23]","[1, 375, 23]","[0, 40, 24]","[1, 71, 26]","[0, 40, 27]","[0, 71, 28]","[0, 292, 37]","[0, 1500, 37]",450.7,18.45,37,212,,,,,,,,
"[1, 52, 0]","[0, 48, 4]","[1, 40, 5]","[1, 1950, 9]","[0, 40, 10]","[0, 40, 10]","[0, 1500, 14]","[0, 1500, 14]","[0, 628, 15]","[1, 40, 15]","[1, 104, 21]","[0, 40, 22]","[1, 132, 22]","[1, 375, 23]","[0, 40, 23]","[0, 40, 23]","[0, 552, 24]","[0, 71, 24]","[1, 40, 24]","[1, 71, 25]",365.15,16.35,25,212,,,,,,,,
"[1, 52, 0]","[0, 48, 5]","[1, 40, 6]","[1, 1950, 10]","[0, 40, 11]","[0, 1500, 16]","[0, 1500, 16]","[0, 627, 16]","[1, 40, 17]","[1, 104, 26]","[0, 40, 27]","[1, 132, 28]","[1, 375, 28]","[0, 552, 29]","[0, 40, 29]","[1, 71, 30]","[0, 71, 31]","[0, 40, 31]","[0, 247, 49]","[0, 1500, 49]",448.45,22.7,49,212,,,,,,,,
"[1, 52, 0]","[0, 48, 4]","[1, 40, 6]","[1, 1950, 7]","[0, 40, 8]","[0, 40, 8]","[0, 1500, 14]","[0, 1500, 14]","[0, 628, 14]","[1, 40, 14]","[1, 104, 21]","[0, 40, 23]","[1, 132, 23]","[1, 375, 23]","[0, 552, 24]","[0, 40, 24]","[1, 71, 26]","[0, 71, 26]","[0, 40, 26]","[0, 292, 34]",377.75,16.95,34,212,,,,,,,,
"[1, 52, 0]","[0, 48, 4]","[1, 40, 5]","[1, 1950, 7]","[0, 40, 7]","[0, 40, 8]","[0, 1500, 14]","[0, 1500, 15]","[0, 627, 15]","[1, 40, 15]","[1, 104, 24]","[0, 40, 24]","[1, 132, 25]","[1, 375, 25]","[0, 40, 26]","[0, 552, 26]","[0, 40, 26]","[1, 71, 27]","[0, 40, 28]","[0, 71, 28]",365.1,17.45,28,212,,,,,,,,
"[1, 52, 0]","[0, 48, 5]","[1, 40, 5]","[1, 1950, 8]","[0, 40, 9]","[0, 40, 9]","[0, 1500, 14]","[0, 1500, 14]","[0, 629, 14]","[1, 40, 14]","[1, 104, 24]","[0, 40, 25]","[1, 132, 26]","[1, 375, 26]","[0, 40, 27]","[0, 40, 27]","[0, 552, 27]","[0, 71, 28]","[1, 40, 29]","[1, 71, 29]",365.2,18,29,212,,,,,,,,
"[1, 52, 0]","[0, 48, 4]","[1, 40, 5]","[1, 1950, 8]","[0, 40, 9]","[0, 40, 9]","[0, 1500, 15]","[0, 1500, 15]","[0, 627, 15]","[1, 40, 16]","[1, 104, 37]","[1, 132, 38]","[0, 40, 38]","[1, 375, 38]","[0, 40, 39]","[0, 40, 39]","[0, 552, 40]","[0, 71, 40]","[1, 40, 41]","[1, 71, 42]",365.1,24.4,42,212,,,,,,,,
"[1, 52, 0]","[0, 48, 4]","[1, 40, 5]","[1, 1950, 7]","[0, 40, 8]","[0, 40, 8]","[0, 1500, 13]","[0, 1500, 13]","[1, 40, 14]","[0, 628, 14]","[1, 40, 25]","[1, 104, 29]","[0, 40, 29]","[0, 552, 31]","[1, 132, 32]","[0, 40, 32]","[1, 375, 33]","[0, 40, 34]","[0, 71, 35]","[1, 71, 36]",365.15,20.1,36,212,,,,,,,,
"[1, 52, 0]","[0, 48, 4]","[1, 40, 5]","[1, 1950, 7]","[0, 40, 8]","[0, 40, 8]","[0, 1500, 14]","[0, 1500, 14]","[0, 628, 14]","[1, 40, 15]","[1, 104, 22]","[0, 40, 23]","[1, 132, 24]","[1, 375, 24]","[0, 40, 25]","[0, 40, 25]","[0, 552, 25]","[1, 71, 26]","[0, 71, 26]","[0, 40, 27]",365.15,16.8,27,212,,,,,,,,
"[1, 52, 0]","[0, 48, 6]","[1, 40, 7]","[1, 1950, 12]","[0, 40, 13]","[0, 1500, 21]","[0, 1500, 21]","[0, 627, 21]","[1, 40, 22]","[1, 104, 66]","[0, 40, 67]","[0, 552, 69]","[1, 132, 70]","[1, 375, 70]","[0, 40, 71]","[0, 71, 73]","[1, 71, 75]","[0, 40, 76]","[0, 246, 83]","[0, 1477, 83]",447.25,46.3,83,212,,,,,,,,
"[1, 52, 0]","[0, 48, 4]","[1, 40, 5]","[1, 1950, 6]","[0, 40, 7]","[0, 40, 7]","[0, 1500, 12]","[0, 1500, 12]","[0, 629, 12]","[1, 40, 13]","[1, 104, 26]","[0, 40, 28]","[1, 132, 28]","[1, 375, 28]","[0, 40, 29]","[0, 40, 29]","[0, 552, 29]","[0, 71, 31]","[1, 71, 31]","[0, 40, 32]",365.2,18.45,32,212,,,,,,,,
"[1, 52, 0]","[0, 48, 6]","[1, 40, 7]","[1, 1950, 10]","[0, 40, 10]","[0, 40, 10]","[0, 1500, 16]","[0, 1500, 16]","[0, 627, 16]","[1, 40, 17]","[1, 104, 32]","[0, 40, 33]","[1, 132, 34]","[1, 375, 34]","[0, 552, 34]","[0, 40, 35]","[0, 40, 35]","[0, 71, 36]","[1, 71, 36]","[0, 40, 37]",365.1,22.7,37,212,,,,,,,,
"[1, 52, 0]","[0, 48, 4]","[1, 40, 5]","[1, 1950, 9]","[0, 40, 10]","[0, 40, 10]","[0, 1500, 16]","[0, 1500, 16]","[0, 628, 16]","[1, 40, 17]","[1, 104, 30]","[0, 40, 31]","[1, 132, 31]","[1, 375, 32]","[0, 40, 32]","[0, 552, 33]","[1, 71, 34]","[0, 71, 34]","[0, 40, 35]","[0, 1500, 43]",438.15,21.9,43,212,,,,,,,,
"[1, 52, 0]","[0, 48, 4]","[1, 40, 5]","[1, 1950, 8]","[0, 40, 8]","[0, 40, 9]","[0, 1500, 14]","[0, 1500, 14]","[1, 40, 14]","[0, 629, 14]","[1, 104, 23]","[0, 40, 24]","[1, 132, 24]","[1, 375, 24]","[0, 40, 25]","[0, 40, 25]","[0, 552, 26]","[0, 71, 26]","[1, 40, 27]","[1, 71, 27]",365.2,17.05,27,212,,,,,,,,
"[1, 52, 0]","[0, 48, 5]","[1, 40, 6]","[1, 2046, 10]","[0, 40, 12]","[0, 40, 12]","[0, 1415, 17]","[1, 104, 22]","[1, 132, 22]","[0, 40, 23]","[0, 40, 23]","[1, 518, 23]","[0, 552, 25]","[0, 71, 25]","[0, 40, 25]","[1, 40, 25]","[1, 71, 27]","[0, 40, 28]","[0, 292, 36]","[0, 1500, 36]",356.05,20.1,36,222,,,,,,,,
"[1, 52, 0]","[0, 48, 5]","[1, 40, 6]","[1, 2046, 7]","[0, 40, 8]","[0, 40, 8]","[0, 1415, 12]","[1, 104, 18]","[1, 132, 18]","[0, 40, 19]","[1, 518, 20]","[0, 40, 21]","[0, 561, 21]","[1, 71, 22]","[0, 40, 23]","[0, 292, 32]","[0, 1500, 32]","[0, 990, 32]","[1, 40, 33]","[1, 205, 106]",410.7,22.15,106,222,,,,,,,,
"[1, 52, 0]","[0, 48, 4]","[1, 40, 5]","[1, 2110, 6]","[0, 40, 7]","[0, 40, 7]","[0, 1415, 11]","[1, 104, 17]","[1, 132, 17]","[0, 40, 17]","[0, 40, 18]","[1, 518, 18]","[0, 40, 19]","[0, 552, 19]","[0, 71, 19]","[1, 40, 20]","[1, 71, 26]","[0, 40, 27]","[0, 292, 28]","[0, 1500, 28]",359.25,15.65,28,222,,,,,,,,
"[1, 52, 0]","[0, 48, 5]","[1, 40, 8]","[1, 1871, 128]","[0, 40, 129]","[0, 1500, 136]","[0, 1500, 136]","[0, 642, 136]","[1, 40, 137]","[1, 104, 256]","[0, 40, 258]","[0, 552, 260]","[1, 132, 271]","[1, 71, 272]","[1, 518, 272]","[0, 40, 273]","[0, 40, 273]","[0, 40, 273]","[0, 71, 275]","[0, 1500, 285]",442.05,189.15,285,222,,,,,,,,
"[1, 52, 0]","[0, 48, 3]","[1, 40, 4]","[1, 1871, 5]","[0, 40, 6]","[0, 1500, 11]","[0, 1500, 11]","[0, 641, 11]","[1, 40, 12]","[1, 104, 24]","[0, 40, 25]","[0, 552, 27]","[1, 40, 38]","[1, 132, 150]","[0, 40, 151]","[1, 71, 152]","[0, 40, 153]","[1, 518, 153]","[0, 71, 154]","[0, 40, 154]",369,62.2,154,222,,,,,,,,
"[1, 52, 0]","[0, 48, 4]","[1, 40, 5]","[1, 2014, 6]","[0, 40, 7]","[0, 40, 7]","[0, 1415, 10]","[1, 40, 22]","[1, 104, 58]","[1, 132, 58]","[0, 40, 59]","[0, 40, 60]","[1, 420, 60]","[1, 170, 60]","[0, 40, 60]","[1, 100, 61]","[0, 561, 61]","[0, 40, 61]","[1, 40, 62]","[0, 40, 62]",270.8,39.15,62,222,,,,,,,,
"[1, 52, 0]","[0, 48, 5]","[1, 40, 6]","[1, 2014, 9]","[0, 40, 10]","[0, 40, 10]","[0, 1415, 14]","[1, 104, 18]","[1, 132, 18]","[1, 518, 19]","[0, 40, 19]","[0, 40, 19]","[0, 40, 19]","[0, 583, 21]","[1, 71, 22]","[0, 40, 23]","[0, 246, 34]","[0, 1500, 34]","[0, 1031, 34]","[1, 40, 35]",401.7,18.45,35,222,,,,,,,,
"[1, 52, 0]","[0, 48, 4]","[1, 40, 4]","[1, 1871, 13]","[0, 40, 14]","[0, 40, 14]","[0, 1500, 19]","[0, 1500, 19]","[0, 641, 19]","[1, 40, 20]","[1, 104, 92]","[0, 40, 93]","[0, 552, 95]","[1, 132, 103]","[1, 71, 104]","[1, 518, 104]","[0, 40, 105]","[0, 40, 105]","[0, 40, 106]","[0, 71, 106]",369,56.95,106,222,,,,,,,,
"[1, 52, 0]","[0, 48, 4]","[1, 40, 5]","[1, 1839, 9]","[0, 40, 11]","[0, 40, 11]","[0, 1500, 17]","[0, 1500, 17]","[0, 641, 17]","[1, 40, 18]","[1, 104, 28]","[0, 40, 30]","[0, 552, 31]","[1, 40, 43]","[1, 132, 72]","[1, 71, 72]","[0, 40, 73]","[1, 518, 74]","[0, 40, 74]","[0, 40, 75]",365.85,34.05,75,222,,,,,,,,
"[1, 52, 0]","[0, 48, 5]","[1, 40, 6]","[1, 1807, 8]","[0, 40, 9]","[0, 1500, 15]","[0, 1500, 15]","[0, 641, 15]","[1, 40, 15]","[1, 104, 123]","[0, 40, 123]","[0, 552, 125]","[1, 40, 137]","[1, 132, 348]","[0, 40, 348]","[1, 71, 349]","[0, 40, 350]","[0, 71, 350]","[1, 518, 350]","[0, 40, 351]",365.8,152.1,351,222,,,,,,,,
"[1, 52, 0]","[0, 48, 5]","[1, 40, 5]","[1, 1807, 12]","[0, 40, 13]","[0, 1500, 19]","[0, 1500, 19]","[0, 642, 19]","[1, 40, 20]","[1, 104, 26]","[0, 40, 27]","[0, 552, 29]","[1, 40, 40]","[1, 132, 74]","[1, 71, 75]","[0, 40, 75]","[0, 40, 75]","[0, 71, 76]","[1, 518, 77]","[0, 40, 77]",365.85,38.15,77,222,,,,,,,,
"[1, 52, 0]","[0, 48, 5]","[1, 40, 6]","[1, 1807, 10]","[0, 40, 11]","[0, 40, 11]","[0, 1500, 20]","[0, 1500, 20]","[0, 642, 20]","[1, 40, 21]","[1, 104, 138]","[0, 40, 139]","[0, 552, 142]","[1, 40, 151]","[1, 132, 170]","[0, 40, 171]","[1, 71, 171]","[0, 40, 171]","[1, 518, 171]","[0, 40, 172]",364.3,86,172,222,,,,,,,,
"[1, 52, 0]","[0, 48, 4]","[1, 40, 4]","[1, 2110, 5]","[0, 40, 6]","[0, 40, 6]","[0, 1415, 11]","[1, 104, 15]","[1, 132, 15]","[1, 518, 16]","[0, 40, 16]","[0, 40, 16]","[0, 40, 17]","[0, 583, 18]","[1, 71, 19]","[0, 40, 20]","[0, 292, 27]","[0, 1431, 27]","[0, 1059, 27]","[1, 40, 28]",406.75,14.85,28,222,,,,,,,,
"[1, 52, 0]","[0, 48, 4]","[1, 40, 5]","[1, 1871, 6]","[0, 40, 8]","[0, 1500, 11]","[0, 1500, 11]","[0, 641, 11]","[1, 40, 12]","[1, 104, 17]","[1, 132, 18]","[0, 40, 19]","[1, 518, 19]","[0, 40, 19]","[0, 40, 20]","[0, 552, 20]","[0, 71, 20]","[1, 40, 21]","[1, 71, 22]","[0, 40, 23]",369,14.3,23,222,,,,,,,,
"[1, 52, 0]","[0, 48, 4]","[1, 40, 5]","[1, 1839, 8]","[0, 40, 9]","[0, 40, 9]","[0, 1500, 14]","[0, 1500, 14]","[0, 642, 14]","[1, 40, 15]","[1, 104, 36]","[0, 40, 38]","[0, 552, 39]","[1, 40, 50]","[1, 132, 167]","[0, 40, 168]","[0, 71, 169]","[1, 40, 180]","[1, 71, 200]","[0, 40, 201]",343.55,67,201,222,,,,,,,,
"[1, 52, 0]","[0, 48, 4]","[1, 40, 5]","[1, 1775, 8]","[0, 40, 9]","[0, 40, 9]","[0, 1500, 15]","[0, 1500, 15]","[0, 643, 15]","[1, 40, 16]","[1, 104, 62]","[0, 40, 64]","[0, 552, 66]","[1, 132, 66]","[0, 40, 66]","[1, 518, 67]","[0, 40, 67]","[0, 71, 68]","[1, 71, 68]","[0, 40, 69]",364.3,37.95,69,222,,,,,,,,
"[1, 52, 0]","[0, 48, 3]","[1, 40, 4]","[1, 1839, 7]","[0, 40, 8]","[0, 40, 8]","[0, 1500, 13]","[0, 1500, 13]","[0, 642, 13]","[1, 40, 14]","[1, 104, 39]","[0, 40, 40]","[0, 552, 42]","[1, 40, 53]","[1, 132, 162]","[0, 40, 163]","[1, 71, 164]","[1, 518, 164]","[0, 71, 165]","[0, 40, 165]",367.45,62,165,222,,,,,,,,
"[1, 52, 0]","[0, 48, 5]","[1, 40, 6]","[1, 2110, 8]","[0, 40, 9]","[0, 1415, 15]","[1, 104, 23]","[0, 40, 24]","[0, 552, 26]","[1, 132, 27]","[0, 40, 28]","[1, 518, 29]","[1, 71, 29]","[0, 71, 30]","[0, 40, 30]","[0, 40, 30]","[0, 292, 40]","[0, 1500, 40]","[0, 990, 40]","[1, 40, 41]",406.75,24,41,222,,,,,,,,
"[1, 52, 0]","[0, 48, 3]","[1, 40, 4]","[1, 2110, 8]","[0, 40, 9]","[0, 1415, 14]","[1, 104, 19]","[1, 132, 20]","[0, 40, 20]","[0, 40, 21]","[1, 518, 21]","[0, 583, 22]","[0, 40, 22]","[1, 40, 23]","[1, 71, 24]","[0, 40, 25]","[0, 246, 34]","[0, 86, 34]","[0, 1431, 34]","[0, 1058, 34]",406.7,19.55,34,222,,,,,,,,
"[1, 52, 0]","[0, 48, 4]","[1, 40, 5]","[1, 2078, 8]","[0, 40, 9]","[0, 40, 10]","[0, 1415, 14]","[1, 40, 25]","[1, 104, 48]","[1, 132, 49]","[1, 518, 49]","[0, 40, 50]","[0, 40, 50]","[0, 40, 50]","[0, 552, 51]","[0, 71, 51]","[1, 40, 52]","[1, 71, 53]","[0, 40, 54]","[0, 292, 60]",284.65,34.6,60,222,,,,,,,,
"[1, 52, 0]","[0, 48, 4]","[1, 40, 5]","[1, 1839, 10]","[0, 40, 11]","[0, 40, 11]","[0, 1500, 16]","[0, 1500, 16]","[0, 643, 16]","[1, 40, 17]","[1, 104, 73]","[0, 40, 75]","[0, 552, 76]","[1, 40, 86]","[1, 132, 192]","[0, 40, 193]","[1, 71, 193]","[1, 518, 194]","[0, 40, 194]","[0, 71, 194]",367.5,78.8,194,222,,,,,,,,
"[1, 52, 0]","[0, 48, 5]","[1, 40, 6]","[1, 2014, 12]","[0, 40, 13]","[0, 1415, 17]","[1, 40, 29]","[1, 104, 55]","[0, 40, 56]","[1, 132, 57]","[0, 552, 58]","[0, 40, 58]","[1, 40, 59]","[1, 518, 59]","[0, 71, 60]","[0, 40, 60]","[1, 71, 62]","[0, 40, 63]","[0, 246, 77]","[0, 1500, 77]",352.15,44.15,77,222,,,,,,,,
"[1, 52, 0]","[0, 48, 5]","[1, 40, 6]","[1, 1775, 28]","[0, 40, 30]","[0, 1500, 35]","[0, 1500, 35]","[0, 642, 36]","[1, 40, 36]","[1, 40, 47]","[1, 104, 174]","[0, 40, 175]","[0, 552, 176]","[1, 40, 188]","[1, 132, 247]","[1, 71, 248]","[0, 40, 248]","[0, 40, 249]","[0, 71, 250]","[1, 518, 250]",364.25,123.15,250,222,,,,,,,,
"[1, 52, 0]","[0, 48, 4]","[1, 40, 5]","[1, 2078, 7]","[0, 40, 8]","[0, 40, 8]","[0, 1415, 12]","[1, 104, 16]","[1, 132, 17]","[1, 518, 17]","[0, 40, 18]","[0, 40, 18]","[0, 40, 19]","[0, 561, 19]","[1, 71, 20]","[0, 40, 21]","[0, 292, 30]","[0, 1500, 30]","[0, 948, 30]","[0, 112, 30]",405.55,16.45,30,222,,,,,,,,
"[1, 52, 0]","[0, 48, 5]","[1, 40, 6]","[1, 1775, 46]","[0, 40, 48]","[0, 1500, 53]","[0, 1500, 53]","[0, 643, 53]","[1, 40, 54]","[1, 104, 163]","[0, 40, 165]","[0, 552, 166]","[1, 40, 178]","[1, 132, 224]","[1, 71, 225]","[0, 40, 225]","[0, 40, 226]","[0, 71, 227]","[1, 40, 238]","[1, 518, 258]",364.3,130.65,258,222,,,,,,,,
"[1, 52, 0]","[0, 48, 4]","[1, 40, 4]","[1, 2014, 6]","[0, 40, 7]","[0, 40, 7]","[0, 1415, 11]","[1, 104, 16]","[1, 132, 17]","[0, 40, 17]","[0, 40, 18]","[0, 552, 19]","[0, 71, 19]","[1, 518, 20]","[1, 40, 20]","[0, 40, 21]","[1, 71, 24]","[0, 40, 25]","[0, 247, 41]","[0, 1500, 41]",352.2,16.85,41,222,,,,,,,,
"[1, 52, 0]","[0, 48, 3]","[1, 40, 4]","[1, 2110, 8]","[0, 40, 9]","[0, 1415, 14]","[1, 104, 17]","[1, 132, 18]","[0, 40, 18]","[0, 40, 19]","[1, 518, 19]","[0, 40, 20]","[0, 552, 20]","[0, 71, 20]","[1, 40, 20]","[1, 71, 21]","[0, 40, 22]","[0, 292, 29]","[0, 1500, 29]","[0, 988, 29]",406.65,16.95,29,222,,,,,,,,
"[1, 52, 0]","[0, 48, 5]","[1, 40, 5]","[1, 1775, 7]","[0, 40, 8]","[0, 1500, 13]","[0, 1500, 13]","[0, 642, 14]","[1, 40, 14]","[1, 104, 22]","[1, 132, 23]","[0, 40, 23]","[1, 518, 24]","[0, 40, 24]","[0, 40, 24]","[0, 552, 25]","[0, 71, 25]","[1, 40, 26]","[1, 71, 27]","[0, 40, 28]",364.25,17.5,28,222,,,,,,,,
"[1, 52, 0]","[0, 48, 5]","[1, 40, 5]","[1, 2110, 9]","[0, 40, 10]","[0, 40, 10]","[0, 1415, 13]","[1, 104, 17]","[1, 132, 18]","[0, 40, 18]","[0, 40, 19]","[1, 518, 19]","[0, 40, 20]","[0, 561, 20]","[1, 71, 22]","[0, 40, 23]","[0, 247, 35]","[0, 1500, 36]","[0, 1033, 36]","[1, 40, 36]",405.55,18.55,36,222,,,,,,,,
"[1, 52, 0]","[0, 48, 5]","[1, 40, 5]","[1, 1775, 10]","[0, 40, 11]","[0, 40, 11]","[0, 1500, 15]","[0, 1500, 15]","[0, 642, 15]","[1, 40, 16]","[1, 104, 22]","[1, 132, 23]","[1, 518, 23]","[0, 40, 24]","[0, 40, 24]","[0, 40, 24]","[0, 561, 25]","[1, 71, 27]","[0, 40, 29]","[0, 292, 36]",375.75,18,36,222,,,,,,,,
"[1, 52, 0]","[0, 48, 4]","[1, 40, 5]","[1, 2046, 19]","[0, 40, 20]","[0, 40, 20]","[0, 1415, 25]","[1, 104, 33]","[1, 132, 34]","[0, 40, 35]","[0, 40, 35]","[1, 518, 36]","[0, 40, 36]","[0, 552, 36]","[0, 71, 36]","[1, 40, 37]","[1, 71, 38]","[0, 40, 39]","[0, 246, 47]","[0, 1477, 47]",352.6,29.1,47,222,,,,,,,,
"[1, 52, 0]","[0, 48, 4]","[1, 40, 6]","[1, 1871, 31]","[0, 40, 32]","[0, 40, 32]","[0, 1500, 37]","[0, 1500, 37]","[0, 643, 37]","[1, 40, 37]","[1, 104, 41]","[1, 132, 42]","[0, 40, 43]","[0, 40, 43]","[0, 552, 44]","[0, 71, 44]","[1, 518, 45]","[1, 40, 45]","[0, 40, 45]","[1, 71, 48]",369.1,34.65,48,222,,,,,,,,
"[1, 52, 0]","[0, 48, 4]","[1, 40, 5]","[1, 1839, 21]","[0, 40, 22]","[0, 1500, 27]","[0, 1500, 27]","[0, 642, 27]","[1, 40, 28]","[1, 104, 88]","[0, 40, 89]","[0, 552, 91]","[1, 40, 101]","[1, 132, 105]","[1, 71, 106]","[0, 40, 106]","[0, 40, 106]","[0, 71, 108]","[1, 518, 110]","[0, 40, 111]",367.45,64.1,111,222,,,,,,,,
"[1, 52, 0]","[0, 48, 5]","[1, 40, 5]","[1, 2078, 7]","[0, 40, 8]","[0, 40, 8]","[0, 1415, 12]","[1, 40, 23]","[1, 104, 46]","[0, 40, 48]","[1, 132, 49]","[0, 552, 49]","[0, 40, 50]","[1, 40, 50]","[1, 518, 51]","[0, 71, 52]","[0, 40, 52]","[1, 71, 55]","[0, 40, 56]","[0, 246, 62]",282.35,34.4,62,222,,,,,,,,
"[1, 52, 0]","[0, 48, 5]","[1, 40, 7]","[1, 2078, 12]","[0, 40, 13]","[0, 1415, 17]","[1, 104, 23]","[0, 40, 24]","[1, 132, 25]","[0, 552, 26]","[0, 40, 26]","[1, 40, 26]","[0, 71, 28]","[1, 40, 28]","[1, 470, 30]","[1, 1455, 30]","[0, 40, 31]","[1, 71, 31]","[0, 40, 31]","[0, 40, 32]",340.4,22.25,32,222,,,,,,,,
"[1, 52, 0]","[0, 48, 4]","[1, 40, 5]","[1, 2078, 9]","[0, 40, 9]","[0, 40, 10]","[0, 1415, 14]","[1, 104, 18]","[1, 132, 19]","[0, 40, 19]","[0, 40, 20]","[1, 518, 20]","[0, 40, 21]","[0, 561, 21]","[1, 71, 23]","[0, 40, 23]","[0, 1500, 39]","[0, 1207, 39]","[1, 40, 40]","[1, 205, 78]",410.55,21.55,78,222,,,,,,,,
"[1, 52, 0]","[0, 48, 4]","[1, 40, 4]","[1, 2078, 6]","[0, 40, 7]","[0, 1415, 12]","[1, 104, 16]","[0, 40, 17]","[0, 552, 18]","[1, 132, 18]","[0, 40, 19]","[1, 40, 19]","[0, 71, 21]","[1, 40, 21]","[1, 518, 24]","[1, 71, 25]","[0, 40, 25]","[0, 40, 26]","[0, 247, 37]","[0, 1500, 38]",355.4,17.85,38,222,,,,,,,,
"[1, 52, 0]","[0, 48, 4]","[1, 40, 5]","[1, 2014, 10]","[0, 40, 11]","[0, 40, 11]","[0, 1415, 15]","[1, 104, 20]","[1, 132, 20]","[1, 518, 20]","[0, 40, 21]","[0, 40, 21]","[0, 561, 23]","[1, 71, 24]","[0, 40, 25]","[0, 246, 35]","[0, 1500, 35]","[0, 1000, 35]","[1, 40, 36]","[1, 205, 74]",407.3,22.25,74,222,,,,,,,,
"[1, 52, 0]","[0, 48, 3]","[1, 40, 4]","[1, 2014, 6]","[0, 40, 7]","[0, 40, 7]","[0, 1415, 11]","[1, 104, 15]","[0, 40, 15]","[1, 132, 17]","[0, 552, 17]","[1, 40, 18]","[0, 40, 18]","[1, 518, 18]","[0, 40, 19]","[0, 71, 19]","[1, 71, 21]","[0, 40, 22]","[0, 246, 28]","[0, 1431, 28]",348.7,14.65,28,222,,,,,,,,
"[1, 52, 0]","[0, 48, 4]","[1, 40, 5]","[1, 2110, 6]","[0, 40, 7]","[0, 40, 7]","[0, 1415, 12]","[1, 104, 16]","[1, 132, 17]","[0, 40, 17]","[0, 40, 18]","[1, 518, 18]","[0, 40, 19]","[0, 583, 19]","[1, 71, 20]","[0, 40, 21]","[0, 292, 29]","[0, 1500, 29]","[0, 1019, 29]","[1, 40, 30]",408.2,16.15,30,222,,,,,,,,
"[1, 52, 0]","[0, 48, 3]","[1, 40, 4]","[1, 2078, 5]","[0, 40, 6]","[0, 1415, 11]","[1, 104, 14]","[1, 132, 15]","[0, 40, 15]","[0, 40, 15]","[1, 518, 16]","[0, 40, 16]","[0, 552, 17]","[0, 71, 17]","[1, 40, 17]","[1, 71, 19]","[0, 40, 20]","[0, 292, 28]","[0, 1500, 28]","[0, 989, 28]",405.1,14.7,28,222,,,,,,,,
"[1, 52, 0]","[0, 48, 5]","[1, 40, 5]","[1, 2014, 7]","[0, 40, 8]","[0, 40, 8]","[0, 1415, 13]","[1, 104, 17]","[1, 132, 18]","[0, 40, 18]","[1, 518, 19]","[0, 40, 19]","[0, 40, 19]","[0, 552, 20]","[0, 71, 20]","[1, 40, 21]","[1, 71, 21]","[0, 40, 22]","[0, 292, 29]","[0, 1500, 29]",354.45,15.9,29,222,,,,,,,,
"[1, 52, 0]","[0, 48, 4]","[1, 40, 5]","[1, 2014, 7]","[0, 40, 8]","[0, 1415, 13]","[1, 104, 17]","[1, 132, 17]","[0, 40, 17]","[0, 40, 18]","[1, 518, 18]","[0, 40, 19]","[0, 552, 19]","[0, 71, 19]","[1, 40, 20]","[1, 71, 21]","[0, 40, 22]","[0, 246, 30]","[0, 1500, 31]","[0, 1001, 31]",400.2,16.8,31,222,,,,,,,,
"[1, 52, 0]","[0, 48, 4]","[1, 40, 5]","[1, 1839, 6]","[0, 40, 7]","[0, 40, 7]","[0, 1500, 13]","[0, 1500, 13]","[0, 643, 13]","[1, 40, 14]","[1, 104, 39]","[0, 40, 40]","[0, 552, 42]","[1, 40, 52]","[1, 132, 74]","[1, 71, 75]","[0, 40, 75]","[0, 40, 76]","[1, 518, 76]","[0, 71, 76]",367.5,35.35,76,222,,,,,,,,
"[1, 52, 0]","[0, 48, 4]","[1, 40, 5]","[1, 2014, 8]","[0, 40, 8]","[0, 1415, 13]","[1, 104, 17]","[0, 40, 18]","[0, 552, 20]","[1, 132, 20]","[1, 40, 21]","[0, 40, 21]","[1, 518, 22]","[0, 71, 23]","[0, 40, 23]","[1, 71, 25]","[0, 40, 27]","[0, 246, 34]","[0, 1500, 34]","[0, 999, 34]",400.1,18.85,34,222,,,,,,,,
"[1, 52, 0]","[0, 48, 3]","[1, 40, 4]","[1, 2110, 5]","[0, 40, 6]","[0, 40, 6]","[0, 1415, 13]","[1, 104, 16]","[1, 132, 17]","[1, 518, 17]","[0, 40, 18]","[0, 40, 18]","[0, 40, 18]","[0, 583, 20]","[1, 71, 21]","[0, 40, 22]","[0, 292, 28]","[0, 1500, 28]","[1, 40, 28]","[0, 990, 28]",406.75,15.8,28,222,,,,,,,,
"[1, 52, 0]","[0, 48, 9]","[1, 40, 10]","[1, 2110, 13]","[0, 40, 14]","[0, 40, 15]","[0, 1415, 18]","[1, 104, 21]","[1, 132, 22]","[0, 40, 22]","[1, 518, 23]","[0, 40, 23]","[0, 40, 23]","[0, 583, 24]","[1, 71, 25]","[0, 40, 26]","[0, 246, 32]","[0, 1500, 32]","[0, 1000, 33]","[1, 40, 33]",404.95,20.9,33,222,,,,,,,,
"[1, 52, 0]","[0, 48, 4]","[1, 40, 4]","[1, 2078, 11]","[0, 40, 12]","[0, 40, 12]","[0, 1415, 17]","[1, 104, 21]","[0, 40, 22]","[1, 132, 23]","[0, 40, 23]","[1, 518, 24]","[0, 552, 24]","[0, 40, 25]","[1, 40, 25]","[0, 71, 25]","[1, 40, 26]","[1, 71, 27]","[0, 40, 28]","[0, 293, 36]",284.7,19.45,36,222,,,,,,,,
"[1, 52, 0]","[0, 48, 4]","[1, 40, 5]","[1, 1839, 9]","[0, 40, 10]","[0, 40, 10]","[0, 1500, 17]","[0, 1500, 17]","[0, 642, 17]","[1, 40, 19]","[1, 104, 55]","[0, 40, 57]","[0, 552, 58]","[1, 40, 69]","[1, 132, 91]","[0, 40, 92]","[0, 71, 93]","[1, 71, 93]","[1, 518, 94]","[0, 40, 94]",367.45,45.2,94,222,,,,,,,,
"[1, 52, 0]","[0, 48, 4]","[1, 40, 5]","[1, 1775, 17]","[0, 40, 18]","[0, 40, 18]","[0, 1500, 24]","[0, 1500, 24]","[0, 642, 24]","[1, 40, 25]","[1, 104, 28]","[0, 40, 29]","[1, 132, 30]","[0, 40, 31]","[0, 552, 31]","[0, 71, 33]","[1, 40, 33]","[1, 518, 37]","[1, 71, 37]","[0, 40, 39]",364.25,24.35,39,222,,,,,,,,
"[1, 52, 0]","[0, 48, 3]","[1, 40, 4]","[1, 1775, 8]","[0, 40, 9]","[0, 40, 9]","[0, 1500, 14]","[0, 1500, 14]","[0, 642, 14]","[1, 40, 14]","[1, 104, 38]","[1, 132, 39]","[0, 40, 40]","[0, 40, 40]","[1, 518, 40]","[0, 552, 41]","[0, 71, 41]","[0, 40, 41]","[1, 40, 42]","[1, 71, 42]",364.25,24.65,42,222,,,,,,,,
"[1, 52, 0]","[0, 48, 3]","[1, 40, 4]","[1, 2046, 7]","[0, 40, 8]","[0, 1415, 12]","[1, 104, 17]","[1, 132, 17]","[0, 40, 18]","[1, 518, 18]","[0, 40, 18]","[0, 40, 19]","[0, 561, 20]","[1, 71, 21]","[0, 40, 22]","[0, 292, 28]","[0, 1500, 28]","[0, 989, 28]","[1, 40, 28]","[1, 205, 74]",410.65,19.5,74,222,,,,,,,,
"[1, 52, 0]","[0, 48, 3]","[1, 40, 4]","[1, 2110, 6]","[0, 40, 7]","[0, 40, 7]","[0, 1415, 12]","[1, 104, 16]","[1, 132, 16]","[1, 518, 16]","[0, 40, 17]","[0, 40, 17]","[0, 561, 19]","[1, 71, 29]","[0, 40, 30]","[0, 292, 30]","[0, 1431, 30]","[1, 40, 31]","[0, 1059, 31]","[1, 40, 42]",405.65,18.15,42,222,,,,,,,,
"[1, 52, 0]","[0, 48, 5]","[1, 40, 6]","[1, 2078, 7]","[0, 40, 8]","[0, 40, 8]","[0, 1415, 13]","[1, 104, 16]","[0, 40, 17]","[1, 132, 17]","[1, 518, 17]","[0, 40, 18]","[0, 40, 18]","[0, 552, 19]","[0, 71, 19]","[1, 40, 20]","[1, 71, 21]","[0, 40, 21]","[0, 1500, 28]","[0, 1242, 28]",405.15,15.3,28,222,,,,,,,,
"[1, 52, 0]","[0, 48, 4]","[1, 40, 5]","[1, 1839, 8]","[0, 40, 9]","[0, 40, 9]","[0, 1500, 15]","[0, 1500, 15]","[0, 643, 15]","[1, 40, 16]","[1, 104, 24]","[0, 40, 25]","[1, 132, 26]","[0, 40, 27]","[0, 552, 27]","[1, 518, 28]","[0, 40, 29]","[1, 71, 29]","[0, 40, 30]","[0, 71, 65]",367.5,20.3,65,222,,,,,,,,
"[1, 52, 0]","[0, 48, 4]","[1, 40, 5]","[1, 1871, 101]","[0, 40, 103]","[0, 40, 103]","[0, 1500, 109]","[0, 1500, 109]","[0, 643, 109]","[1, 40, 110]","[1, 104, 126]","[1, 132, 126]","[0, 40, 127]","[0, 40, 127]","[1, 518, 127]","[0, 40, 128]","[0, 552, 129]","[0, 71, 129]","[1, 40, 129]","[1, 71, 131]",369.1,101.6,131,222,,,,,,,,
"[1, 52, 0]","[0, 48, 4]","[1, 40, 4]","[1, 2046, 7]","[0, 40, 9]","[0, 40, 9]","[0, 1415, 13]","[1, 104, 16]","[1, 132, 16]","[0, 40, 17]","[0, 40, 17]","[1, 518, 17]","[0, 40, 18]","[0, 552, 18]","[0, 71, 18]","[1, 40, 19]","[1, 71, 19]","[0, 40, 20]","[0, 246, 28]","[0, 1500, 28]",353.75,14.85,28,222,,,,,,,,
"[1, 52, 0]","[0, 48, 5]","[1, 40, 6]","[1, 1775, 9]","[0, 40, 10]","[0, 1500, 14]","[0, 1500, 14]","[1, 40, 14]","[0, 642, 14]","[1, 40, 25]","[1, 104, 178]","[0, 40, 179]","[0, 552, 181]","[1, 40, 192]","[1, 132, 214]","[0, 40, 215]","[1, 71, 216]","[0, 71, 217]","[0, 40, 217]","[1, 518, 217]",364.25,106.85,217,222,,,,,,,,
"[1, 52, 0]","[0, 48, 4]","[1, 40, 5]","[1, 1775, 8]","[0, 40, 9]","[0, 40, 9]","[0, 1500, 14]","[0, 1500, 14]","[0, 642, 15]","[1, 40, 15]","[1, 104, 19]","[1, 132, 19]","[0, 40, 20]","[0, 40, 20]","[0, 552, 22]","[0, 71, 22]","[1, 40, 22]","[1, 518, 23]","[0, 40, 24]","[1, 71, 25]",364.25,15.45,25,222,,,,,,,,
"[1, 52, 0]","[0, 48, 5]","[1, 40, 6]","[1, 2078, 15]","[0, 40, 16]","[0, 40, 16]","[0, 1415, 20]","[1, 104, 29]","[0, 40, 30]","[0, 552, 31]","[1, 132, 33]","[0, 40, 34]","[0, 71, 36]","[1, 518, 36]","[1, 71, 37]","[0, 40, 37]","[0, 40, 37]","[0, 247, 50]","[0, 1500, 51]","[0, 1030, 51]",404.9,28.5,51,222,,,,,,,,
"[1, 52, 0]","[0, 48, 5]","[1, 40, 5]","[1, 2078, 8]","[0, 40, 8]","[0, 1415, 12]","[1, 40, 22]","[1, 104, 31]","[0, 40, 32]","[1, 132, 32]","[0, 40, 33]","[0, 552, 34]","[1, 518, 34]","[0, 71, 35]","[1, 40, 35]","[0, 40, 35]","[1, 40, 35]","[1, 71, 37]","[0, 40, 37]","[0, 1500, 44]",345.05,25.7,44,222,,,,,,,,
"[1, 52, 0]","[0, 48, 4]","[1, 40, 5]","[1, 1807, 7]","[0, 40, 8]","[0, 40, 8]","[0, 1500, 14]","[0, 1500, 14]","[0, 641, 14]","[1, 40, 15]","[1, 104, 18]","[0, 40, 19]","[0, 552, 20]","[1, 132, 23]","[0, 40, 24]","[1, 71, 25]","[0, 71, 26]","[1, 518, 26]","[0, 40, 27]","[0, 40, 27]",365.8,16.2,27,222,,,,,,,,
"[1, 52, 0]","[0, 48, 6]","[1, 40, 7]","[1, 2110, 8]","[0, 40, 9]","[0, 40, 9]","[0, 1415, 15]","[1, 104, 18]","[1, 132, 19]","[0, 40, 19]","[1, 518, 19]","[0, 40, 19]","[0, 40, 20]","[0, 552, 21]","[0, 71, 21]","[1, 40, 21]","[1, 71, 22]","[0, 40, 23]","[0, 292, 31]","[0, 1500, 31]",359.25,16.9,31,222,,,,,,,,
"[1, 52, 0]","[0, 48, 5]","[1, 40, 6]","[1, 2110, 15]","[0, 40, 16]","[0, 40, 16]","[0, 1415, 20]","[1, 104, 24]","[0, 40, 25]","[1, 132, 26]","[1, 470, 27]","[0, 40, 27]","[1, 1463, 27]","[0, 552, 27]","[0, 40, 28]","[0, 40, 28]","[1, 40, 28]","[0, 71, 29]","[1, 40, 29]","[1, 71, 30]",342.4,21.65,30,222,,,,,,,,
"[1, 52, 0]","[0, 48, 6]","[1, 40, 6]","[1, 1807, 11]","[0, 40, 12]","[0, 40, 13]","[0, 1500, 18]","[0, 1500, 18]","[0, 641, 18]","[1, 40, 19]","[1, 104, 490]","[0, 40, 491]","[0, 552, 493]","[1, 40, 505]","[1, 132, 704]","[0, 40, 705]","[1, 71, 707]","[0, 71, 707]","[0, 40, 707]","[1, 518, 708]",365.8,316.9,708,222,,,,,,,,
"[1, 52, 0]","[0, 48, 5]","[1, 40, 5]","[1, 2046, 9]","[0, 40, 11]","[0, 1415, 15]","[1, 104, 18]","[1, 132, 19]","[0, 40, 19]","[1, 518, 20]","[0, 40, 20]","[0, 40, 20]","[0, 552, 21]","[0, 71, 22]","[1, 40, 22]","[1, 71, 23]","[0, 40, 24]","[0, 292, 30]","[0, 1500, 30]","[0, 989, 30]",403.5,18.15,30,222,,,,,,,,
"[1, 52, 0]","[0, 48, 5]","[1, 40, 6]","[1, 2110, 9]","[0, 40, 11]","[0, 40, 11]","[0, 1415, 14]","[1, 40, 25]","[1, 104, 32]","[0, 40, 33]","[1, 132, 33]","[0, 40, 34]","[1, 518, 35]","[0, 552, 35]","[1, 40, 36]","[0, 71, 36]","[0, 40, 36]","[1, 40, 36]","[1, 71, 37]","[0, 40, 38]",273.65,25.1,38,222,,,,,,,,
"[1, 52, 0]","[0, 48, 4]","[1, 40, 5]","[1, 1871, 9]","[0, 40, 10]","[0, 1500, 15]","[0, 1500, 15]","[0, 643, 15]","[1, 40, 16]","[1, 40, 26]","[1, 104, 96]","[0, 40, 97]","[0, 552, 98]","[1, 40, 109]","[1, 132, 219]","[0, 40, 220]","[1, 71, 220]","[0, 40, 221]","[1, 518, 221]","[0, 71, 221]",369.1,91.85,221,222,,,,,,,,
"[1, 52, 0]","[0, 48, 4]","[1, 40, 6]","[1, 1839, 9]","[0, 40, 10]","[0, 40, 10]","[0, 1500, 16]","[0, 1500, 16]","[0, 642, 16]","[1, 40, 16]","[1, 104, 59]","[1, 132, 59]","[0, 40, 60]","[0, 40, 60]","[1, 518, 61]","[0, 552, 62]","[0, 71, 62]","[0, 40, 62]","[1, 40, 63]","[1, 71, 64]",367.45,35.75,64,222,,,,,,,,
"[1, 52, 0]","[0, 48, 3]","[1, 40, 4]","[1, 2110, 6]","[0, 40, 7]","[0, 1415, 10]","[1, 104, 14]","[1, 132, 14]","[0, 40, 15]","[1, 518, 15]","[0, 40, 15]","[0, 561, 20]","[1, 71, 22]","[0, 40, 24]","[0, 292, 25]","[0, 1431, 25]","[0, 1089, 25]","[1, 40, 26]","[1, 205, 49]","[0, 40, 51]",415.4,18.5,51,222,,,,,,,,
"[1, 52, 0]","[0, 48, 4]","[1, 40, 5]","[1, 1807, 7]","[0, 40, 8]","[0, 40, 8]","[0, 1500, 13]","[0, 1500, 13]","[0, 642, 13]","[1, 40, 14]","[1, 104, 39]","[0, 40, 40]","[0, 552, 42]","[1, 132, 49]","[0, 40, 50]","[1, 71, 50]","[1, 518, 51]","[0, 40, 52]","[0, 71, 52]","[1, 40, 63]",365.85,28.65,63,222,,,,,,,,
"[1, 52, 0]","[0, 48, 4]","[1, 40, 4]","[1, 1871, 42]","[0, 40, 43]","[0, 40, 43]","[0, 1500, 48]","[0, 1500, 48]","[0, 643, 48]","[1, 40, 49]","[1, 104, 63]","[0, 40, 65]","[0, 552, 66]","[1, 40, 78]","[1, 132, 106]","[0, 40, 107]","[1, 71, 108]","[0, 71, 109]","[0, 40, 109]","[1, 518, 109]",369.1,62.45,109,222,,,,,,,,
"[1, 52, 0]","[0, 48, 6]","[1, 40, 7]","[1, 2078, 12]","[0, 40, 13]","[0, 1415, 18]","[1, 40, 29]","[1, 104, 81]","[1, 132, 82]","[0, 40, 82]","[0, 40, 83]","[1, 465, 84]","[0, 561, 84]","[0, 40, 84]","[1, 40, 85]","[1, 118, 86]","[1, 107, 86]","[0, 40, 86]","[0, 40, 87]","[1, 71, 88]",275.55,59.15,88,222,,,,,,,,
"[1, 52, 0]","[0, 48, 4]","[1, 40, 4]","[1, 1871, 7]","[0, 40, 7]","[0, 40, 8]","[0, 1500, 12]","[0, 1500, 12]","[0, 642, 12]","[1, 40, 12]","[1, 104, 21]","[0, 40, 22]","[0, 552, 23]","[1, 40, 34]","[1, 132, 158]","[0, 40, 159]","[1, 71, 159]","[1, 518, 160]","[0, 40, 160]","[0, 71, 160]",369.05,56.7,160,222,,,,,,,,
"[1, 52, 0]","[0, 48, 5]","[1, 40, 5]","[1, 2014, 8]","[0, 40, 9]","[0, 40, 10]","[0, 1415, 13]","[1, 104, 20]","[1, 132, 20]","[1, 518, 21]","[0, 40, 21]","[0, 40, 21]","[0, 40, 22]","[0, 561, 22]","[1, 71, 23]","[0, 40, 24]","[0, 292, 32]","[0, 1500, 32]","[0, 991, 32]","[1, 40, 33]",400.9,18.65,33,222,,,,,,,,
"[1, 52, 0]","[0, 48, 4]","[1, 40, 5]","[1, 1775, 10]","[0, 40, 11]","[0, 40, 11]","[0, 1500, 16]","[0, 1500, 16]","[0, 642, 16]","[1, 40, 17]","[1, 104, 24]","[0, 40, 25]","[0, 552, 27]","[1, 40, 38]","[1, 132, 85]","[1, 71, 86]","[0, 40, 86]","[0, 40, 86]","[1, 518, 86]","[0, 40, 87]",362.7,36.8,87,222,,,,,,,,
"[1, 52, 0]","[0, 48, 4]","[1, 40, 5]","[1, 2046, 14]","[0, 40, 15]","[0, 1415, 19]","[1, 40, 29]","[1, 104, 31]","[0, 40, 32]","[1, 132, 32]","[1, 518, 33]","[0, 40, 33]","[0, 40, 34]","[0, 552, 34]","[0, 71, 35]","[1, 40, 35]","[1, 71, 37]","[0, 40, 38]","[0, 293, 51]","[0, 1500, 51]",356.1,28.1,51,222,,,,,,,,
"[1, 52, 0]","[0, 48, 4]","[1, 40, 5]","[1, 2046, 6]","[0, 40, 7]","[0, 40, 7]","[0, 1415, 13]","[1, 104, 19]","[1, 132, 19]","[0, 40, 20]","[0, 40, 20]","[1, 518, 21]","[0, 561, 22]","[0, 40, 22]","[1, 40, 22]","[1, 71, 28]","[0, 40, 29]","[0, 292, 32]","[0, 1500, 32]","[0, 989, 32]",402.4,18,32,222,,,,,,,,
"[1, 52, 0]","[0, 48, 4]","[1, 40, 6]","[1, 1775, 10]","[0, 40, 11]","[0, 40, 11]","[0, 1500, 18]","[0, 1500, 18]","[0, 642, 18]","[1, 40, 19]","[1, 104, 43]","[0, 40, 44]","[0, 552, 46]","[1, 40, 57]","[1, 132, 162]","[0, 40, 163]","[1, 71, 163]","[0, 40, 164]","[1, 518, 164]","[0, 71, 164]",364.25,64.25,164,222,,,,,,,,
"[1, 52, 0]","[0, 48, 5]","[1, 40, 6]","[1, 2078, 8]","[0, 40, 9]","[0, 40, 9]","[0, 1415, 15]","[1, 104, 20]","[1, 132, 21]","[0, 40, 22]","[0, 40, 22]","[1, 518, 23]","[0, 552, 23]","[0, 71, 23]","[0, 40, 24]","[1, 40, 24]","[1, 40, 24]","[1, 71, 25]","[0, 40, 26]","[0, 247, 42]",282.4,18.55,42,222,,,,,,,,
"[1, 52, 0]","[0, 48, 4]","[1, 40, 5]","[1, 2014, 7]","[0, 40, 8]","[0, 40, 8]","[0, 1415, 12]","[1, 104, 16]","[0, 40, 17]","[0, 552, 19]","[1, 132, 22]","[0, 40, 23]","[0, 71, 25]","[1, 71, 27]","[1, 518, 27]","[0, 40, 28]","[0, 40, 28]","[0, 292, 38]","[0, 1500, 39]","[0, 990, 39]",401.95,19.6,39,222,,,,,,,,
"[1, 52, 0]","[0, 48, 5]","[1, 40, 6]","[1, 1839, 7]","[0, 40, 9]","[0, 40, 9]","[0, 1500, 13]","[0, 1500, 13]","[0, 642, 13]","[1, 40, 14]","[1, 104, 101]","[0, 40, 103]","[0, 552, 104]","[1, 132, 111]","[0, 40, 112]","[1, 71, 112]","[1, 518, 112]","[0, 40, 113]","[0, 71, 114]","[1, 40, 124]",367.45,59.75,124,222,,,,,,,,
"[1, 52, 0]","[0, 48, 4]","[1, 40, 5]","[1, 1871, 8]","[0, 40, 9]","[0, 40, 9]","[0, 1500, 14]","[0, 1500, 14]","[0, 642, 14]","[1, 40, 15]","[1, 104, 21]","[0, 40, 22]","[0, 552, 24]","[1, 40, 35]","[1, 132, 86]","[0, 40, 87]","[1, 71, 87]","[1, 518, 88]","[0, 40, 88]","[0, 71, 88]",369.05,35.9,88,222,,,,,,,,
"[1, 52, 0]","[0, 48, 4]","[1, 40, 4]","[1, 2046, 6]","[0, 40, 7]","[0, 40, 7]","[0, 1415, 12]","[1, 104, 17]","[1, 132, 18]","[0, 40, 18]","[1, 518, 18]","[0, 40, 19]","[0, 40, 19]","[0, 552, 20]","[0, 71, 20]","[1, 40, 21]","[1, 71, 21]","[0, 40, 22]","[0, 246, 30]","[0, 1500, 30]",353.75,15.65,30,222,,,,,,,,
"[1, 52, 0]","[0, 48, 4]","[1, 40, 5]","[1, 1871, 7]","[0, 40, 8]","[0, 40, 8]","[0, 1500, 13]","[0, 1500, 14]","[0, 642, 14]","[1, 40, 14]","[1, 104, 19]","[1, 132, 20]","[0, 40, 20]","[1, 518, 21]","[0, 40, 21]","[0, 40, 21]","[0, 552, 23]","[0, 71, 23]","[1, 40, 23]","[1, 71, 24]",369.05,15.1,24,222,,,,,,,,
"[1, 52, 0]","[0, 48, 5]","[1, 40, 6]","[1, 1775, 11]","[0, 40, 12]","[0, 40, 13]","[0, 1500, 17]","[0, 1500, 17]","[0, 643, 17]","[1, 40, 18]","[1, 104, 25]","[1, 132, 26]","[0, 40, 26]","[0, 40, 27]","[0, 552, 28]","[1, 518, 28]","[0, 71, 29]","[0, 40, 29]","[1, 40, 30]","[1, 71, 32]",364.3,19.8,32,222,,,,,,,,
"[1, 52, 0]","[0, 48, 4]","[1, 40, 6]","[1, 2046, 17]","[0, 40, 18]","[0, 1415, 23]","[1, 40, 33]","[1, 104, 120]","[1, 132, 121]","[0, 40, 121]","[0, 40, 122]","[1, 465, 122]","[0, 40, 123]","[1, 118, 123]","[1, 107, 123]","[0, 561, 123]","[1, 40, 124]","[0, 40, 124]","[0, 40, 124]","[1, 71, 125]",273.95,84.8,125,222,,,,,,,,
"[1, 52, 0]","[0, 48, 4]","[1, 40, 5]","[1, 1839, 11]","[0, 40, 13]","[0, 40, 13]","[0, 1500, 18]","[0, 1500, 18]","[0, 643, 18]","[1, 40, 18]","[1, 104, 53]","[0, 40, 54]","[0, 552, 56]","[1, 40, 67]","[1, 132, 67]","[1, 71, 68]","[0, 40, 68]","[1, 518, 68]","[0, 40, 68]","[0, 40, 69]",365.95,37.8,69,222,,,,,,,,
"[1, 52, 0]","[0, 48, 3]","[1, 40, 4]","[1, 1871, 6]","[0, 40, 7]","[0, 40, 7]","[0, 1500, 12]","[0, 1500, 12]","[0, 643, 12]","[1, 40, 13]","[1, 104, 24]","[0, 40, 25]","[1, 132, 25]","[0, 40, 26]","[1, 518, 26]","[0, 552, 27]","[0, 40, 28]","[0, 71, 28]","[1, 71, 29]","[0, 40, 29]",369.1,17.15,29,222,,,,,,,,
"[1, 52, 0]","[0, 48, 5]","[1, 40, 6]","[1, 2014, 8]","[0, 40, 9]","[0, 1415, 14]","[1, 104, 20]","[0, 40, 21]","[1, 132, 22]","[0, 552, 23]","[1, 518, 23]","[0, 40, 23]","[0, 40, 24]","[1, 40, 24]","[0, 71, 25]","[1, 71, 25]","[0, 40, 26]","[0, 292, 33]","[0, 1500, 33]","[0, 990, 33]",401.95,19.85,33,222,,,,,,,,
"[1, 52, 0]","[0, 48, 4]","[1, 40, 6]","[1, 1807, 8]","[0, 40, 10]","[0, 1500, 14]","[0, 1500, 14]","[0, 643, 14]","[1, 40, 15]","[1, 104, 114]","[0, 40, 115]","[0, 552, 117]","[1, 40, 127]","[1, 132, 138]","[0, 40, 139]","[1, 71, 139]","[0, 40, 140]","[1, 518, 140]","[0, 40, 141]","[0, 71, 141]",365.9,76.8,141,222,,,,,,,,
"[1, 52, 0]","[0, 48, 5]","[1, 40, 5]","[1, 1775, 7]","[0, 40, 8]","[0, 40, 8]","[0, 1500, 12]","[0, 1500, 12]","[0, 641, 12]","[1, 40, 13]","[1, 104, 22]","[0, 40, 23]","[0, 552, 25]","[1, 40, 36]","[1, 132, 91]","[0, 40, 92]","[0, 71, 94]","[1, 40, 105]","[1, 71, 130]","[0, 40, 131]",340.3,41.55,131,222,,,,,,,,
"[1, 52, 0]","[0, 48, 3]","[1, 40, 4]","[1, 1871, 5]","[0, 40, 6]","[0, 40, 6]","[0, 1500, 11]","[0, 1500, 11]","[0, 641, 11]","[1, 40, 12]","[1, 104, 16]","[0, 40, 16]","[0, 552, 18]","[1, 40, 29]","[1, 132, 40]","[0, 40, 41]","[1, 71, 42]","[1, 518, 42]","[0, 40, 43]","[0, 71, 43]",369,19.95,43,222,,,,,,,,
"[1, 52, 0]","[0, 48, 5]","[1, 40, 5]","[1, 2110, 7]","[0, 40, 8]","[0, 40, 8]","[0, 1415, 12]","[1, 104, 15]","[1, 132, 16]","[0, 40, 16]","[1, 518, 17]","[0, 40, 17]","[0, 40, 17]","[0, 583, 18]","[1, 71, 19]","[0, 40, 20]","[0, 292, 27]","[0, 1431, 28]","[0, 1059, 28]","[1, 40, 28]",406.75,15.55,28,222,,,,,,,,
"[1, 52, 0]","[0, 48, 5]","[1, 40, 6]","[1, 2014, 9]","[0, 40, 10]","[0, 40, 10]","[0, 1415, 14]","[1, 40, 26]","[1, 104, 62]","[1, 132, 63]","[0, 40, 63]","[0, 40, 63]","[0, 561, 65]","[1, 40, 76]","[1, 465, 77]","[1, 118, 77]","[1, 107, 77]","[0, 40, 77]","[0, 40, 78]","[0, 40, 78]",270.8,46.8,78,222,,,,,,,,
"[1, 52, 0]","[0, 48, 5]","[1, 40, 6]","[1, 2078, 10]","[0, 40, 11]","[0, 40, 11]","[0, 1415, 15]","[1, 104, 19]","[0, 40, 20]","[1, 132, 20]","[1, 518, 21]","[0, 40, 21]","[0, 40, 22]","[0, 552, 22]","[0, 71, 23]","[1, 71, 23]","[0, 40, 24]","[0, 292, 29]","[0, 1500, 29]","[1, 40, 30]",357.65,18.05,30,222,,,,,,,,
"[1, 52, 0]","[0, 48, 4]","[1, 40, 5]","[1, 1807, 9]","[0, 40, 11]","[0, 1500, 15]","[0, 1500, 15]","[0, 642, 15]","[1, 40, 16]","[1, 104, 23]","[0, 40, 25]","[0, 552, 26]","[1, 40, 37]","[1, 132, 221]","[0, 40, 222]","[1, 71, 223]","[0, 71, 224]","[0, 40, 224]","[1, 40, 236]","[1, 518, 241]",365.85,89.6,241,222,,,,,,,,
"[1, 52, 0]","[0, 48, 3]","[1, 40, 4]","[1, 1807, 5]","[0, 40, 6]","[0, 40, 6]","[0, 1500, 12]","[0, 1500, 12]","[0, 643, 12]","[1, 40, 13]","[1, 104, 26]","[0, 40, 27]","[0, 552, 29]","[1, 40, 39]","[1, 132, 53]","[1, 71, 53]","[0, 40, 53]","[1, 518, 54]","[0, 40, 54]","[0, 40, 54]",364.35,25.75,54,222,,,,,,,,
"[1, 52, 0]","[0, 48, 5]","[1, 40, 6]","[1, 1807, 9]","[0, 40, 10]","[0, 1500, 15]","[0, 1500, 15]","[0, 642, 15]","[1, 40, 16]","[1, 104, 196]","[1, 132, 197]","[0, 40, 197]","[1, 518, 197]","[0, 40, 198]","[0, 40, 198]","[0, 552, 199]","[0, 71, 199]","[1, 40, 200]","[1, 71, 202]","[0, 40, 203]",365.85,113.85,203,222,,,,,,,,
"[1, 52, 0]","[0, 48, 3]","[1, 40, 4]","[1, 1839, 6]","[0, 40, 7]","[0, 1500, 13]","[0, 1500, 13]","[0, 642, 13]","[1, 40, 14]","[1, 104, 26]","[0, 40, 27]","[1, 132, 27]","[0, 40, 28]","[1, 518, 28]","[0, 552, 29]","[0, 40, 29]","[0, 71, 30]","[1, 71, 30]","[0, 40, 31]","[1, 40, 41]",367.45,19.95,41,222,,,,,,,,
"[1, 52, 0]","[0, 48, 4]","[1, 40, 5]","[1, 1871, 8]","[0, 40, 9]","[0, 1500, 12]","[0, 1500, 12]","[0, 642, 12]","[1, 40, 14]","[1, 104, 20]","[0, 40, 22]","[0, 552, 23]","[1, 40, 35]","[1, 132, 131]","[0, 40, 132]","[0, 71, 133]","[1, 71, 134]","[0, 40, 135]","[1, 518, 135]","[0, 40, 136]",369.05,55.6,136,221,,,,,,,,
"[1, 52, 0]","[0, 48, 4]","[1, 40, 5]","[1, 1839, 8]","[0, 40, 8]","[0, 1500, 14]","[0, 1500, 14]","[0, 641, 14]","[1, 40, 15]","[1, 104, 23]","[0, 40, 24]","[0, 552, 26]","[1, 40, 36]","[1, 132, 361]","[0, 40, 361]","[0, 71, 363]","[1, 71, 368]","[0, 40, 369]","[1, 518, 370]","[0, 40, 371]",367.4,137.7,371,221,,,,,,,,
"[1, 52, 0]","[0, 48, 4]","[1, 40, 4]","[1, 1871, 7]","[0, 40, 8]","[0, 40, 8]","[0, 1500, 13]","[0, 1500, 13]","[0, 642, 13]","[1, 40, 13]","[1, 104, 23]","[0, 40, 24]","[0, 552, 27]","[1, 40, 38]","[1, 132, 186]","[0, 40, 186]","[0, 71, 188]","[1, 71, 195]","[0, 40, 196]","[1, 518, 197]",369.05,67.15,197,221,,,,,,,,
"[1, 52, 0]","[0, 48, 4]","[1, 40, 5]","[1, 1839, 12]","[0, 40, 13]","[0, 40, 14]","[0, 1500, 19]","[0, 1500, 19]","[0, 641, 19]","[1, 40, 20]","[1, 104, 71]","[0, 40, 72]","[0, 552, 74]","[1, 132, 80]","[0, 40, 81]","[1, 71, 81]","[0, 40, 82]","[0, 71, 83]","[1, 518, 83]","[0, 40, 84]",367.4,45.8,84,221,,,,,,,,
"[1, 52, 0]","[0, 48, 4]","[1, 40, 4]","[1, 1775, 7]","[0, 40, 8]","[0, 40, 8]","[0, 1500, 14]","[0, 1500, 14]","[0, 642, 14]","[1, 40, 15]","[1, 104, 23]","[0, 40, 24]","[0, 552, 26]","[1, 40, 37]","[1, 132, 79]","[0, 40, 80]","[0, 71, 82]","[1, 71, 90]","[0, 40, 92]","[1, 518, 92]",364.25,35.65,92,221,,,,,,,,
"[1, 52, 0]","[0, 48, 4]","[1, 40, 6]","[1, 1871, 17]","[0, 40, 18]","[0, 1500, 23]","[0, 1500, 23]","[0, 642, 23]","[1, 40, 23]","[1, 104, 32]","[0, 40, 33]","[0, 552, 35]","[1, 40, 46]","[1, 132, 244]","[0, 40, 245]","[0, 71, 247]","[1, 71, 254]","[0, 40, 255]","[1, 518, 259]","[0, 40, 261]",369.05,102.4,261,221,,,,,,,,
"[1, 52, 0]","[0, 48, 5]","[1, 40, 6]","[1, 1807, 24]","[0, 40, 25]","[0, 1500, 31]","[0, 1500, 31]","[0, 643, 31]","[1, 40, 32]","[1, 104, 48]","[0, 40, 49]","[0, 552, 50]","[1, 40, 61]","[1, 132, 359]","[0, 40, 361]","[0, 71, 362]","[1, 71, 365]","[0, 40, 366]","[1, 518, 366]","[0, 40, 367]",365.9,146.95,367,221,,,,,,,,
"[1, 52, 0]","[0, 48, 3]","[1, 40, 4]","[1, 1839, 7]","[0, 40, 8]","[0, 1500, 13]","[0, 1500, 13]","[0, 643, 14]","[1, 40, 14]","[1, 104, 25]","[0, 40, 26]","[0, 552, 28]","[1, 40, 39]","[1, 132, 241]","[0, 40, 242]","[0, 71, 244]","[1, 40, 256]","[1, 71, 263]","[0, 40, 264]","[1, 518, 265]",367.5,98.45,265,221,,,,,,,,
"[1, 52, 0]","[0, 48, 4]","[1, 40, 5]","[1, 1839, 7]","[0, 40, 8]","[0, 40, 8]","[0, 1500, 13]","[0, 1500, 13]","[0, 642, 13]","[1, 40, 13]","[1, 104, 18]","[0, 40, 20]","[0, 552, 22]","[1, 40, 33]","[1, 132, 105]","[0, 40, 106]","[1, 71, 107]","[0, 40, 108]","[0, 71, 108]","[1, 518, 108]",367.45,40.95,108,221,,,,,,,,
"[1, 52, 0]","[0, 48, 3]","[1, 40, 6]","[1, 1871, 13]","[0, 40, 14]","[0, 40, 14]","[0, 1500, 20]","[0, 1500, 20]","[0, 642, 20]","[1, 40, 21]","[1, 104, 29]","[0, 40, 30]","[0, 552, 32]","[1, 40, 44]","[1, 132, 131]","[0, 40, 132]","[0, 71, 134]","[1, 71, 140]","[1, 518, 140]","[0, 40, 141]",369.05,54.2,141,221,,,,,,,,
"[1, 52, 0]","[0, 48, 5]","[1, 40, 6]","[1, 1839, 14]","[0, 40, 14]","[0, 40, 15]","[0, 1500, 20]","[0, 1500, 20]","[0, 641, 20]","[1, 40, 21]","[1, 104, 41]","[0, 40, 42]","[0, 552, 43]","[1, 40, 54]","[1, 132, 184]","[0, 40, 185]","[1, 71, 186]","[1, 518, 186]","[0, 71, 186]","[0, 40, 186]",367.4,71.4,186,221,,,,,,,,
"[1, 52, 0]","[0, 48, 4]","[1, 40, 5]","[1, 1871, 6]","[0, 40, 7]","[0, 40, 7]","[0, 1500, 13]","[0, 1500, 13]","[0, 643, 13]","[1, 40, 14]","[1, 104, 19]","[0, 40, 19]","[0, 552, 21]","[1, 40, 32]","[1, 132, 165]","[0, 40, 166]","[1, 71, 166]","[0, 40, 167]","[1, 518, 167]","[0, 71, 168]",369.1,58.6,168,221,,,,,,,,
"[1, 52, 0]","[0, 48, 4]","[1, 40, 5]","[1, 1839, 6]","[0, 40, 7]","[0, 40, 7]","[0, 1500, 12]","[0, 1500, 12]","[0, 642, 12]","[1, 40, 12]","[1, 104, 19]","[0, 40, 20]","[0, 552, 21]","[1, 40, 33]","[1, 132, 148]","[0, 40, 148]","[1, 71, 149]","[1, 518, 149]","[0, 40, 149]","[0, 71, 150]",367.45,53.15,150,221,,,,,,,,
"[1, 52, 0]","[0, 48, 5]","[1, 40, 5]","[1, 1839, 8]","[0, 40, 9]","[0, 40, 9]","[0, 1500, 15]","[0, 1500, 15]","[0, 642, 15]","[1, 40, 16]","[1, 104, 21]","[0, 40, 22]","[0, 552, 24]","[1, 40, 34]","[1, 132, 114]","[0, 40, 115]","[1, 71, 116]","[0, 71, 116]","[0, 40, 117]","[1, 518, 117]",367.45,44.65,117,221,,,,,,,,
"[1, 52, 0]","[0, 48, 6]","[1, 40, 7]","[1, 1807, 15]","[0, 40, 16]","[0, 40, 16]","[0, 1500, 21]","[0, 1500, 21]","[0, 642, 21]","[1, 40, 22]","[1, 104, 34]","[0, 40, 36]","[0, 552, 37]","[1, 40, 48]","[1, 132, 142]","[1, 71, 143]","[0, 40, 143]","[1, 518, 143]","[0, 40, 144]","[0, 40, 144]",364.3,57.95,144,221,,,,,,,,
"[1, 52, 0]","[0, 48, 5]","[1, 40, 6]","[1, 1839, 9]","[0, 40, 9]","[0, 1500, 14]","[0, 1500, 14]","[0, 642, 14]","[1, 40, 15]","[1, 104, 24]","[0, 40, 25]","[0, 552, 27]","[1, 40, 38]","[1, 132, 273]","[0, 40, 274]","[1, 71, 274]","[0, 71, 275]","[0, 40, 275]","[1, 518, 278]","[0, 40, 279]",367.45,106.4,279,221,,,,,,,,
"[1, 52, 0]","[0, 48, 5]","[1, 40, 6]","[1, 1775, 7]","[0, 40, 8]","[0, 40, 8]","[0, 1500, 13]","[0, 1500, 13]","[0, 641, 13]","[1, 40, 13]","[1, 104, 20]","[0, 40, 21]","[0, 552, 23]","[1, 40, 35]","[1, 132, 76]","[0, 40, 77]","[0, 71, 79]","[1, 71, 83]","[0, 40, 83]","[1, 518, 87]",364.2,33.5,87,221,,,,,,,,
"[1, 52, 0]","[0, 48, 5]","[1, 40, 7]","[1, 1807, 17]","[0, 40, 18]","[0, 40, 18]","[0, 1500, 24]","[0, 1500, 24]","[0, 643, 24]","[1, 40, 24]","[1, 104, 32]","[0, 40, 33]","[0, 552, 35]","[1, 40, 46]","[1, 132, 249]","[0, 40, 252]","[0, 71, 253]","[1, 40, 265]","[1, 71, 267]","[0, 40, 268]",342,93.05,268,221,,,,,,,,
"[1, 52, 0]","[0, 48, 3]","[1, 40, 4]","[1, 1839, 18]","[0, 40, 19]","[0, 1500, 24]","[0, 1500, 24]","[0, 641, 24]","[1, 40, 24]","[1, 104, 33]","[0, 40, 34]","[0, 552, 36]","[1, 40, 47]","[1, 132, 152]","[0, 40, 153]","[0, 71, 155]","[1, 40, 166]","[1, 71, 180]","[0, 40, 181]","[1, 518, 182]",367.4,72.95,182,221,,,,,,,,
"[1, 52, 0]","[0, 48, 4]","[1, 40, 5]","[1, 1775, 10]","[0, 40, 10]","[0, 40, 10]","[0, 1500, 16]","[0, 1500, 16]","[0, 641, 16]","[1, 40, 17]","[1, 104, 25]","[0, 40, 26]","[0, 552, 28]","[1, 40, 39]","[1, 132, 115]","[0, 40, 116]","[0, 71, 118]","[1, 71, 118]","[0, 40, 119]","[1, 40, 130]",340.3,46.9,130,221,,,,,,,,
"[1, 52, 0]","[0, 48, 5]","[1, 40, 6]","[1, 1807, 10]","[0, 40, 11]","[0, 40, 11]","[0, 1500, 17]","[0, 1500, 18]","[0, 643, 18]","[1, 40, 18]","[1, 104, 27]","[0, 40, 28]","[0, 552, 29]","[1, 40, 41]","[1, 132, 96]","[1, 71, 96]","[0, 40, 97]","[0, 40, 97]","[1, 518, 98]","[0, 71, 98]",365.9,41.05,98,221,,,,,,,,
"[1, 52, 0]","[0, 48, 4]","[1, 40, 5]","[1, 1807, 14]","[0, 40, 15]","[0, 1500, 21]","[0, 1500, 21]","[0, 643, 21]","[1, 40, 21]","[1, 104, 30]","[0, 40, 31]","[0, 552, 33]","[1, 40, 44]","[1, 132, 223]","[0, 40, 224]","[0, 71, 226]","[1, 71, 228]","[0, 40, 229]","[1, 518, 253]","[0, 40, 255]",365.9,94.9,255,221,,,,,,,,
"[1, 52, 0]","[0, 48, 4]","[1, 40, 4]","[1, 1839, 7]","[0, 40, 8]","[0, 40, 8]","[0, 1500, 14]","[0, 1500, 14]","[0, 642, 14]","[1, 40, 15]","[1, 104, 20]","[0, 40, 21]","[0, 552, 23]","[1, 40, 35]","[1, 132, 225]","[0, 40, 225]","[1, 71, 226]","[1, 518, 226]","[0, 40, 226]","[0, 40, 226]",365.9,77.05,226,221,,,,,,,,
"[1, 52, 0]","[0, 48, 6]","[1, 40, 6]","[1, 1807, 15]","[0, 40, 16]","[0, 40, 17]","[0, 1500, 23]","[0, 1500, 23]","[0, 642, 23]","[1, 40, 24]","[1, 104, 37]","[0, 40, 38]","[0, 552, 41]","[1, 40, 52]","[1, 132, 227]","[0, 40, 228]","[1, 71, 229]","[0, 40, 229]","[0, 71, 230]","[1, 518, 233]",365.85,84.85,233,221,,,,,,,,
"[1, 52, 0]","[0, 48, 4]","[1, 40, 4]","[1, 1839, 12]","[0, 40, 13]","[0, 40, 13]","[0, 1500, 19]","[0, 1500, 19]","[0, 642, 19]","[1, 40, 20]","[1, 104, 25]","[0, 40, 25]","[0, 552, 27]","[1, 40, 38]","[1, 132, 251]","[0, 40, 252]","[1, 71, 253]","[0, 71, 254]","[0, 40, 254]","[1, 518, 256]",367.45,87.9,256,221,,,,,,,,
"[1, 52, 0]","[0, 48, 5]","[1, 40, 6]","[1, 1871, 20]","[0, 40, 21]","[0, 40, 22]","[0, 1500, 28]","[0, 1500, 28]","[0, 642, 28]","[1, 40, 29]","[1, 104, 37]","[0, 40, 38]","[0, 552, 40]","[1, 40, 51]","[1, 132, 140]","[0, 40, 141]","[1, 71, 142]","[0, 40, 143]","[1, 518, 143]","[0, 71, 144]",369.05,60.3,144,221,,,,,,,,
"[1, 52, 0]","[0, 48, 5]","[1, 40, 6]","[1, 1839, 14]","[0, 40, 15]","[0, 40, 15]","[0, 1500, 20]","[0, 1500, 20]","[0, 642, 20]","[1, 40, 21]","[1, 104, 29]","[0, 40, 29]","[0, 552, 32]","[1, 40, 42]","[1, 132, 149]","[0, 40, 150]","[0, 71, 152]","[1, 40, 162]","[1, 71, 170]","[0, 40, 171]",343.55,61.1,171,221,,,,,,,,
"[1, 52, 0]","[0, 48, 5]","[1, 40, 5]","[1, 1807, 12]","[0, 40, 13]","[0, 40, 14]","[0, 1500, 19]","[0, 1500, 19]","[0, 642, 19]","[1, 40, 20]","[1, 104, 34]","[0, 40, 35]","[0, 552, 37]","[1, 40, 47]","[1, 132, 168]","[0, 40, 169]","[0, 71, 171]","[1, 40, 181]","[1, 71, 210]","[1, 518, 212]",365.85,69.5,212,221,,,,,,,,
"[1, 52, 0]","[0, 48, 5]","[1, 40, 7]","[1, 1775, 11]","[0, 40, 12]","[0, 40, 12]","[0, 1500, 17]","[0, 1500, 17]","[0, 642, 17]","[1, 40, 17]","[1, 104, 23]","[0, 40, 25]","[0, 552, 26]","[1, 40, 36]","[1, 132, 160]","[0, 40, 161]","[1, 71, 162]","[0, 40, 162]","[1, 518, 163]","[0, 71, 163]",364.25,59.8,163,221,,,,,,,,
"[1, 52, 0]","[0, 48, 4]","[1, 40, 5]","[1, 1871, 7]","[0, 40, 8]","[0, 1500, 12]","[0, 1500, 13]","[0, 641, 13]","[1, 40, 13]","[1, 104, 19]","[0, 40, 20]","[0, 552, 21]","[1, 40, 31]","[1, 132, 214]","[0, 40, 215]","[1, 71, 215]","[0, 40, 216]","[1, 518, 217]","[0, 71, 217]","[0, 40, 217]",369,83.85,217,221,,,,,,,,
"[1, 52, 0]","[0, 48, 5]","[1, 40, 6]","[1, 1807, 12]","[0, 40, 13]","[0, 1500, 18]","[0, 1500, 19]","[0, 641, 19]","[1, 40, 20]","[1, 104, 78]","[0, 40, 79]","[0, 552, 81]","[1, 40, 93]","[1, 132, 293]","[0, 40, 295]","[0, 71, 297]","[1, 71, 297]","[0, 40, 298]","[1, 518, 300]","[0, 40, 301]",365.8,126.2,301,221,,,,,,,,
"[1, 52, 0]","[0, 48, 4]","[1, 40, 5]","[1, 1839, 11]","[0, 40, 12]","[0, 1500, 16]","[0, 1500, 16]","[0, 642, 16]","[1, 40, 17]","[1, 104, 22]","[0, 40, 23]","[0, 552, 24]","[1, 40, 35]","[1, 132, 164]","[0, 40, 165]","[1, 71, 166]","[0, 71, 166]","[0, 40, 166]","[1, 518, 167]","[0, 40, 168]",367.45,68.15,168,221,,,,,,,,
"[1, 52, 0]","[0, 48, 4]","[1, 40, 6]","[1, 1839, 54]","[0, 40, 55]","[0, 1500, 61]","[0, 1500, 61]","[0, 642, 62]","[1, 40, 62]","[1, 104, 82]","[0, 40, 83]","[0, 552, 84]","[1, 40, 95]","[1, 132, 338]","[0, 40, 338]","[0, 71, 341]","[1, 71, 345]","[0, 40, 346]","[1, 518, 348]","[0, 40, 349]",367.45,155.7,349,221,,,,,,,,
"[1, 52, 0]","[0, 48, 4]","[1, 40, 5]","[1, 1839, 7]","[0, 40, 8]","[0, 40, 8]","[0, 1500, 13]","[0, 1500, 13]","[0, 641, 13]","[1, 40, 14]","[1, 104, 19]","[0, 40, 20]","[0, 552, 21]","[1, 40, 32]","[1, 132, 106]","[1, 71, 107]","[0, 40, 107]","[1, 518, 107]","[0, 40, 107]","[0, 40, 108]",365.85,40.95,108,221,,,,,,,,
"[1, 52, 0]","[0, 48, 4]","[1, 40, 4]","[1, 1775, 6]","[0, 40, 7]","[0, 1500, 12]","[0, 1500, 13]","[0, 642, 13]","[1, 40, 13]","[1, 104, 19]","[0, 40, 20]","[0, 552, 22]","[1, 40, 33]","[1, 132, 153]","[0, 40, 154]","[0, 71, 156]","[1, 40, 168]","[1, 71, 185]","[1, 518, 187]","[0, 40, 187]",364.25,67.8,187,221,,,,,,,,
"[1, 52, 0]","[0, 48, 4]","[1, 40, 5]","[1, 1871, 27]","[0, 40, 28]","[0, 40, 28]","[0, 1500, 36]","[0, 1500, 36]","[0, 642, 36]","[1, 40, 36]","[1, 104, 42]","[0, 40, 43]","[0, 552, 44]","[1, 40, 55]","[1, 132, 123]","[0, 40, 124]","[1, 71, 124]","[0, 40, 125]","[1, 518, 125]","[0, 40, 126]",367.5,58.35,126,221,,,,,,,,
"[1, 52, 0]","[0, 48, 3]","[1, 40, 4]","[1, 1871, 6]","[0, 40, 7]","[0, 40, 7]","[0, 1500, 12]","[0, 1500, 12]","[0, 643, 13]","[1, 40, 13]","[1, 104, 19]","[0, 40, 20]","[0, 552, 22]","[1, 40, 32]","[1, 132, 233]","[0, 40, 233]","[1, 71, 233]","[1, 518, 234]","[0, 40, 234]","[0, 40, 234]",367.55,78.55,234,221,,,,,,,,
"[1, 52, 0]","[0, 48, 4]","[1, 40, 5]","[1, 1775, 20]","[0, 40, 21]","[0, 40, 21]","[0, 1500, 27]","[0, 1500, 27]","[0, 643, 27]","[1, 40, 28]","[1, 104, 48]","[0, 40, 49]","[0, 552, 51]","[1, 40, 61]","[1, 132, 92]","[0, 40, 93]","[0, 71, 94]","[1, 71, 104]","[0, 40, 105]","[1, 518, 106]",364.3,49.15,106,221,,,,,,,,
"[1, 52, 0]","[0, 48, 4]","[1, 40, 9]","[1, 1871, 13]","[0, 40, 14]","[0, 1500, 19]","[0, 1500, 20]","[0, 643, 20]","[1, 40, 20]","[1, 104, 30]","[0, 40, 30]","[0, 552, 33]","[1, 40, 44]","[1, 132, 102]","[0, 40, 103]","[0, 71, 104]","[1, 40, 130]","[1, 71, 149]","[0, 40, 150]","[1, 518, 151]",369.1,57.25,151,221,,,,,,,,
"[1, 52, 0]","[0, 48, 7]","[1, 40, 8]","[1, 1871, 15]","[0, 40, 16]","[0, 40, 16]","[0, 1500, 22]","[0, 1500, 22]","[0, 643, 22]","[1, 40, 23]","[1, 104, 29]","[0, 40, 30]","[0, 552, 32]","[1, 40, 44]","[1, 132, 199]","[0, 40, 200]","[1, 71, 201]","[0, 71, 202]","[0, 40, 202]","[1, 518, 207]",369.1,74.85,207,221,,,,,,,,
"[1, 52, 0]","[0, 48, 3]","[1, 40, 4]","[1, 1775, 5]","[0, 40, 6]","[0, 40, 6]","[0, 1500, 11]","[0, 1500, 11]","[0, 643, 11]","[1, 40, 12]","[1, 104, 24]","[0, 40, 25]","[0, 552, 27]","[1, 40, 38]","[1, 132, 96]","[0, 40, 97]","[1, 71, 98]","[0, 40, 98]","[0, 71, 99]","[1, 518, 107]",364.3,38.9,107,221,,,,,,,,
"[1, 52, 0]","[0, 48, 4]","[1, 40, 7]","[1, 1839, 13]","[0, 40, 13]","[0, 40, 13]","[0, 1500, 19]","[0, 1500, 19]","[0, 643, 19]","[1, 40, 20]","[1, 104, 31]","[0, 40, 32]","[0, 552, 34]","[1, 40, 44]","[1, 132, 157]","[0, 40, 158]","[1, 71, 159]","[1, 518, 159]","[0, 40, 159]","[0, 71, 160]",367.5,61,160,221,,,,,,,,
"[1, 52, 0]","[0, 48, 4]","[1, 40, 5]","[1, 1807, 11]","[0, 40, 12]","[0, 40, 12]","[0, 1500, 17]","[0, 1500, 17]","[0, 643, 17]","[1, 40, 17]","[1, 104, 25]","[0, 40, 26]","[0, 552, 28]","[1, 40, 39]","[1, 132, 208]","[0, 40, 209]","[1, 71, 210]","[0, 71, 210]","[0, 40, 211]","[1, 518, 212]",365.9,74.5,212,221,,,,,,,,
"[1, 52, 0]","[0, 48, 4]","[1, 40, 5]","[1, 1775, 11]","[0, 40, 12]","[0, 40, 12]","[0, 1500, 18]","[0, 1500, 18]","[0, 641, 18]","[1, 40, 19]","[1, 40, 28]","[1, 104, 30]","[0, 40, 31]","[0, 552, 33]","[1, 40, 44]","[1, 132, 64]","[0, 40, 66]","[1, 71, 66]","[1, 518, 67]","[0, 71, 67]",364.2,30.65,67,221,,,,,,,,
"[1, 52, 0]","[0, 48, 4]","[1, 40, 5]","[1, 1839, 34]","[0, 40, 35]","[0, 40, 35]","[0, 1500, 41]","[0, 1500, 41]","[0, 642, 41]","[1, 40, 42]","[1, 104, 79]","[0, 40, 80]","[0, 552, 82]","[1, 40, 94]","[1, 132, 232]","[0, 40, 233]","[1, 71, 234]","[0, 71, 235]","[0, 40, 235]","[1, 518, 237]",367.45,100.95,237,221,,,,,,,,
"[1, 52, 0]","[0, 48, 5]","[1, 40, 5]","[1, 1871, 8]","[0, 40, 9]","[0, 1500, 15]","[0, 1500, 15]","[0, 642, 15]","[1, 40, 17]","[1, 104, 29]","[0, 40, 30]","[0, 552, 32]","[1, 40, 42]","[1, 132, 111]","[1, 71, 112]","[0, 40, 113]","[0, 40, 113]","[1, 518, 114]","[0, 71, 114]","[0, 40, 115]",369.05,50.7,115,221,,,,,,,,
"[1, 52, 0]","[0, 48, 5]","[1, 40, 6]","[1, 1871, 11]","[0, 40, 12]","[0, 40, 12]","[0, 1500, 17]","[0, 1500, 17]","[0, 643, 17]","[1, 40, 18]","[1, 104, 28]","[0, 40, 29]","[0, 552, 32]","[1, 40, 42]","[1, 132, 78]","[0, 40, 78]","[1, 71, 79]","[0, 40, 79]","[1, 518, 79]","[0, 40, 80]",367.55,35.95,80,221,,,,,,,,
"[1, 52, 0]","[0, 48, 4]","[1, 40, 5]","[1, 1775, 8]","[0, 40, 8]","[0, 40, 9]","[0, 1500, 15]","[0, 1500, 15]","[0, 642, 15]","[1, 40, 15]","[1, 104, 22]","[0, 40, 23]","[0, 552, 25]","[1, 40, 36]","[1, 132, 92]","[1, 71, 92]","[0, 40, 92]","[0, 40, 92]","[1, 518, 92]","[0, 40, 93]",362.7,37.65,93,221,,,,,,,,
"[1, 52, 0]","[0, 48, 5]","[1, 40, 6]","[1, 1807, 25]","[0, 40, 26]","[0, 40, 26]","[0, 1500, 32]","[0, 1500, 32]","[0, 643, 32]","[1, 40, 33]","[1, 104, 47]","[0, 40, 48]","[0, 552, 50]","[1, 40, 61]","[1, 132, 154]","[0, 40, 155]","[0, 71, 157]","[1, 71, 165]","[0, 40, 166]","[1, 518, 179]",365.9,69.95,179,221,,,,,,,,
"[1, 52, 0]","[0, 48, 4]","[1, 40, 5]","[1, 1839, 8]","[0, 40, 9]","[0, 40, 9]","[0, 1500, 13]","[0, 1500, 13]","[0, 643, 13]","[1, 40, 14]","[1, 104, 21]","[0, 40, 22]","[0, 552, 24]","[1, 40, 35]","[1, 132, 175]","[0, 40, 175]","[0, 71, 177]","[1, 71, 180]","[0, 40, 181]","[1, 518, 185]",367.5,63.15,185,221,,,,,,,,
"[1, 52, 0]","[0, 48, 4]","[1, 40, 5]","[1, 1839, 12]","[0, 40, 13]","[0, 40, 13]","[0, 1500, 18]","[0, 1500, 19]","[0, 641, 19]","[1, 40, 19]","[1, 104, 27]","[0, 40, 28]","[0, 552, 30]","[1, 40, 40]","[1, 132, 133]","[0, 40, 134]","[0, 71, 136]","[1, 71, 140]","[0, 40, 141]","[1, 518, 141]",367.4,53.6,141,221,,,,,,,,
"[1, 52, 0]","[0, 48, 5]","[1, 40, 6]","[1, 1775, 10]","[0, 40, 11]","[0, 40, 11]","[0, 1500, 18]","[0, 1500, 18]","[0, 643, 18]","[1, 40, 18]","[1, 104, 24]","[0, 40, 25]","[0, 552, 27]","[1, 40, 37]","[1, 132, 169]","[0, 40, 169]","[1, 71, 170]","[0, 40, 171]","[0, 71, 172]","[1, 518, 173]",364.3,62.6,173,221,,,,,,,,
"[1, 52, 0]","[0, 48, 4]","[1, 40, 5]","[1, 1775, 7]","[0, 40, 8]","[0, 1500, 14]","[0, 1500, 14]","[0, 642, 14]","[1, 40, 15]","[1, 104, 21]","[0, 40, 22]","[0, 552, 24]","[1, 40, 34]","[1, 132, 356]","[0, 40, 356]","[0, 71, 359]","[1, 71, 363]","[0, 40, 364]","[1, 518, 365]","[0, 40, 366]",364.25,135.55,366,221,,,,,,,,
"[1, 52, 0]","[0, 48, 4]","[1, 40, 5]","[1, 1839, 8]","[0, 40, 9]","[0, 1500, 14]","[0, 1500, 15]","[0, 642, 15]","[1, 40, 15]","[1, 104, 21]","[0, 40, 22]","[0, 552, 24]","[1, 40, 35]","[1, 132, 160]","[0, 40, 161]","[0, 71, 163]","[1, 40, 174]","[1, 71, 198]","[1, 518, 199]","[0, 40, 199]",367.45,72.05,199,221,,,,,,,,
"[1, 52, 0]","[0, 48, 4]","[1, 40, 5]","[1, 1839, 6]","[0, 40, 7]","[0, 40, 7]","[0, 1500, 13]","[0, 1500, 13]","[0, 641, 13]","[1, 40, 13]","[1, 104, 19]","[0, 40, 20]","[0, 552, 22]","[1, 40, 33]","[1, 132, 162]","[0, 40, 163]","[0, 71, 164]","[1, 71, 169]","[0, 40, 170]","[1, 518, 170]",367.4,58.65,170,221,,,,,,,,
"[1, 52, 0]","[0, 48, 4]","[1, 40, 5]","[1, 1807, 11]","[0, 40, 12]","[0, 40, 12]","[0, 1500, 17]","[0, 1500, 17]","[0, 641, 17]","[1, 40, 18]","[1, 104, 26]","[0, 40, 27]","[0, 552, 29]","[1, 40, 41]","[1, 132, 173]","[0, 40, 173]","[0, 71, 175]","[1, 71, 176]","[0, 40, 177]","[1, 518, 177]",365.8,64.35,177,221,,,,,,,,
"[1, 52, 0]","[0, 48, 4]","[1, 40, 4]","[1, 1775, 16]","[0, 40, 18]","[0, 40, 18]","[0, 1500, 23]","[0, 1500, 23]","[0, 642, 23]","[1, 40, 25]","[1, 104, 36]","[0, 40, 37]","[0, 552, 39]","[1, 40, 49]","[1, 132, 305]","[0, 40, 305]","[0, 71, 307]","[1, 40, 318]","[1, 71, 347]","[1, 518, 347]",364.25,112.2,347,221,,,,,,,,
"[1, 52, 0]","[0, 48, 4]","[1, 40, 6]","[1, 1775, 18]","[0, 40, 19]","[0, 1500, 24]","[0, 1500, 24]","[0, 641, 24]","[1, 40, 25]","[1, 104, 104]","[0, 40, 106]","[0, 552, 108]","[1, 40, 118]","[1, 132, 237]","[0, 40, 238]","[1, 71, 239]","[0, 71, 240]","[0, 40, 240]","[1, 518, 240]","[0, 40, 241]",364.2,112.75,241,221,,,,,,,,
"[1, 52, 0]","[0, 48, 4]","[1, 40, 5]","[1, 1775, 18]","[0, 40, 19]","[0, 1500, 24]","[0, 1500, 24]","[0, 642, 24]","[1, 40, 25]","[1, 104, 35]","[0, 40, 36]","[0, 552, 38]","[1, 40, 48]","[1, 132, 100]","[0, 40, 101]","[0, 71, 102]","[1, 71, 107]","[0, 40, 108]","[1, 518, 115]","[0, 40, 116]",364.25,52.45,116,221,,,,,,,,
"[1, 52, 0]","[0, 48, 4]","[1, 40, 5]","[1, 1807, 21]","[0, 40, 22]","[0, 1500, 27]","[0, 1500, 27]","[0, 642, 27]","[1, 40, 28]","[1, 104, 35]","[0, 40, 36]","[0, 552, 38]","[1, 40, 50]","[1, 132, 260]","[0, 40, 261]","[0, 71, 263]","[1, 71, 265]","[0, 40, 265]","[1, 518, 266]","[0, 40, 268]",365.85,108.4,268,221,,,,,,,,
"[1, 52, 0]","[0, 48, 4]","[1, 40, 6]","[1, 1807, 11]","[0, 40, 12]","[0, 40, 12]","[0, 1500, 17]","[0, 1500, 17]","[0, 642, 17]","[1, 40, 18]","[1, 104, 30]","[0, 40, 31]","[0, 552, 33]","[1, 40, 44]","[1, 132, 138]","[0, 40, 139]","[0, 71, 140]","[1, 71, 144]","[0, 40, 145]","[1, 518, 148]",365.85,55.3,148,221,,,,,,,,
"[1, 52, 0]","[0, 48, 4]","[1, 40, 5]","[1, 1871, 8]","[0, 40, 9]","[0, 40, 9]","[0, 1500, 14]","[0, 1500, 15]","[0, 642, 15]","[1, 40, 15]","[1, 104, 20]","[0, 40, 21]","[0, 552, 23]","[1, 40, 33]","[1, 132, 71]","[0, 40, 71]","[1, 71, 72]","[1, 518, 72]","[0, 40, 72]","[0, 71, 73]",369.05,31.1,73,221,,,,,,,,
"[1, 52, 0]","[0, 48, 4]","[1, 40, 6]","[1, 1871, 14]","[0, 40, 15]","[0, 1500, 20]","[0, 1500, 20]","[0, 642, 20]","[1, 40, 21]","[1, 104, 32]","[0, 40, 33]","[0, 552, 34]","[1, 40, 48]","[1, 132, 115]","[0, 40, 116]","[0, 71, 117]","[1, 71, 117]","[0, 40, 118]","[1, 518, 120]","[0, 40, 121]",369.05,54.55,121,221,,,,,,,,
"[1, 52, 0]","[0, 48, 4]","[1, 40, 5]","[1, 1807, 7]","[0, 40, 8]","[0, 40, 8]","[0, 1500, 15]","[0, 1500, 15]","[0, 641, 15]","[1, 40, 15]","[1, 104, 21]","[0, 40, 22]","[0, 552, 24]","[1, 40, 34]","[1, 132, 234]","[0, 40, 234]","[0, 71, 237]","[1, 71, 244]","[0, 40, 245]","[1, 518, 246]",365.8,81.65,246,221,,,,,,,,
"[1, 52, 0]","[0, 48, 4]","[1, 40, 4]","[1, 1871, 7]","[0, 40, 8]","[0, 40, 8]","[0, 1500, 14]","[0, 1500, 14]","[0, 642, 14]","[1, 40, 15]","[1, 104, 24]","[0, 40, 25]","[0, 552, 27]","[1, 40, 39]","[1, 132, 107]","[0, 40, 108]","[1, 71, 109]","[0, 71, 110]","[0, 40, 110]","[1, 518, 113]",369.05,43,113,221,,,,,,,,
"[1, 52, 0]","[0, 48, 5]","[1, 40, 5]","[1, 1871, 11]","[0, 40, 12]","[0, 40, 12]","[0, 1500, 19]","[0, 1500, 20]","[0, 642, 20]","[1, 40, 20]","[1, 104, 28]","[0, 40, 29]","[0, 552, 30]","[1, 40, 41]","[1, 132, 126]","[0, 40, 127]","[1, 71, 128]","[0, 71, 129]","[0, 40, 129]","[1, 518, 130]",369.05,51.05,130,221,,,,,,,,
"[1, 52, 0]","[0, 48, 4]","[1, 40, 4]","[1, 1775, 6]","[0, 40, 7]","[0, 40, 7]","[0, 1500, 13]","[0, 1500, 13]","[0, 641, 13]","[1, 40, 14]","[1, 104, 19]","[0, 40, 20]","[0, 552, 22]","[1, 40, 33]","[1, 132, 102]","[0, 40, 103]","[1, 71, 104]","[1, 518, 104]","[0, 40, 105]","[0, 71, 105]",364.2,39.9,105,221,,,,,,,,
"[1, 52, 0]","[0, 48, 4]","[1, 40, 5]","[1, 1775, 8]","[0, 40, 9]","[0, 1500, 13]","[0, 1500, 13]","[0, 642, 14]","[1, 40, 17]","[1, 104, 23]","[0, 40, 24]","[0, 552, 26]","[1, 40, 36]","[1, 132, 119]","[0, 40, 120]","[1, 71, 121]","[0, 71, 122]","[0, 40, 122]","[1, 518, 123]","[0, 40, 123]",364.25,52.1,123,221,,,,,,,,
"[1, 52, 0]","[0, 48, 6]","[1, 40, 6]","[1, 1807, 8]","[0, 40, 9]","[0, 40, 9]","[0, 1500, 14]","[0, 1500, 15]","[0, 642, 15]","[1, 40, 15]","[1, 104, 22]","[0, 40, 23]","[0, 552, 25]","[1, 40, 36]","[1, 132, 191]","[0, 40, 192]","[1, 71, 192]","[0, 40, 193]","[1, 518, 193]","[0, 71, 194]",365.85,67.9,194,221,,,,,,,,
"[1, 52, 0]","[0, 48, 3]","[1, 40, 4]","[1, 1839, 6]","[0, 40, 6]","[0, 40, 6]","[0, 1500, 10]","[0, 1500, 10]","[0, 642, 10]","[1, 40, 11]","[1, 104, 17]","[0, 40, 18]","[0, 552, 20]","[1, 40, 31]","[1, 132, 202]","[0, 40, 203]","[1, 71, 203]","[0, 40, 204]","[1, 518, 204]","[0, 71, 205]",367.45,68.65,205,221,,,,,,,,
"[1, 52, 0]","[0, 48, 5]","[1, 40, 6]","[1, 1807, 9]","[0, 40, 10]","[0, 40, 10]","[0, 1500, 16]","[0, 1500, 16]","[0, 643, 16]","[1, 40, 18]","[1, 104, 31]","[0, 40, 33]","[0, 552, 34]","[1, 40, 46]","[1, 132, 132]","[0, 40, 133]","[0, 71, 134]","[1, 40, 145]","[1, 71, 148]","[1, 518, 148]",365.9,54.5,148,221,,,,,,,,
"[1, 52, 0]","[0, 48, 5]","[1, 40, 6]","[1, 1871, 8]","[0, 40, 9]","[0, 1500, 14]","[0, 1500, 14]","[0, 641, 14]","[1, 40, 15]","[1, 104, 22]","[0, 40, 23]","[0, 552, 25]","[1, 40, 35]","[1, 132, 97]","[1, 71, 98]","[0, 40, 98]","[0, 40, 98]","[0, 71, 99]","[1, 518, 101]","[0, 40, 103]",369,44.2,103,221,,,,,,,,
"[1, 52, 0]","[0, 48, 3]","[1, 40, 5]","[1, 1871, 14]","[0, 40, 15]","[0, 40, 15]","[0, 1500, 19]","[0, 1500, 19]","[0, 642, 20]","[1, 40, 20]","[1, 104, 27]","[0, 40, 28]","[0, 552, 31]","[1, 40, 41]","[1, 132, 93]","[0, 40, 94]","[0, 71, 97]","[1, 40, 107]","[1, 71, 108]","[0, 40, 108]",345.15,43.2,108,221,,,,,,,,
"[1, 52, 0]","[0, 48, 5]","[1, 40, 6]","[1, 1775, 9]","[0, 40, 10]","[0, 40, 10]","[0, 1500, 15]","[0, 1500, 15]","[0, 642, 15]","[1, 40, 16]","[1, 104, 33]","[0, 40, 34]","[0, 552, 36]","[1, 40, 47]","[1, 132, 121]","[0, 40, 121]","[1, 71, 123]","[0, 71, 123]","[0, 40, 124]","[1, 518, 130]",364.25,49.65,130,221,,,,,,,,
"[1, 52, 0]","[0, 48, 4]","[1, 40, 4]","[1, 1871, 7]","[0, 40, 8]","[0, 40, 8]","[0, 1500, 13]","[0, 1500, 13]","[0, 643, 13]","[1, 40, 13]","[1, 104, 18]","[0, 40, 19]","[0, 552, 21]","[1, 40, 32]","[1, 132, 223]","[0, 40, 224]","[0, 71, 225]","[1, 40, 236]","[1, 71, 239]","[0, 40, 240]",345.2,78,240,221,,,,,,,,
"[1, 52, 0]","[0, 48, 4]","[1, 40, 5]","[1, 1839, 12]","[0, 40, 14]","[0, 40, 14]","[0, 1500, 20]","[0, 1500, 21]","[0, 643, 21]","[1, 40, 23]","[1, 104, 37]","[0, 40, 38]","[0, 552, 41]","[1, 40, 51]","[1, 132, 233]","[0, 40, 233]","[1, 71, 234]","[1, 518, 234]","[0, 40, 234]","[0, 40, 235]",365.95,85.2,235,221,,,,,,,,
"[1, 52, 0]","[0, 48, 6]","[1, 40, 7]","[1, 1871, 13]","[0, 40, 14]","[0, 40, 14]","[0, 1500, 20]","[0, 1500, 20]","[0, 641, 20]","[1, 40, 21]","[1, 104, 32]","[0, 40, 33]","[0, 552, 35]","[1, 40, 46]","[1, 132, 233]","[0, 40, 234]","[0, 71, 236]","[1, 71, 238]","[0, 40, 239]","[1, 518, 244]",369,85.25,244,221,,,,,,,,
"[1, 52, 0]","[0, 48, 3]","[1, 40, 4]","[1, 1871, 8]","[0, 40, 9]","[0, 40, 9]","[0, 1500, 15]","[0, 1500, 15]","[0, 642, 15]","[1, 40, 15]","[1, 104, 22]","[0, 40, 23]","[0, 552, 25]","[1, 40, 37]","[1, 132, 104]","[0, 40, 105]","[0, 71, 107]","[1, 71, 116]","[0, 40, 117]","[1, 518, 118]",369.05,43.35,118,221,,,,,,,,
"[1, 52, 0]","[0, 48, 3]","[1, 40, 4]","[1, 1871, 7]","[0, 40, 7]","[0, 40, 7]","[0, 1500, 14]","[0, 1500, 14]","[0, 642, 14]","[1, 40, 14]","[1, 104, 18]","[0, 40, 19]","[0, 552, 21]","[1, 40, 31]","[1, 132, 243]","[1, 71, 246]","[1, 518, 247]","[0, 40, 248]","[0, 40, 249]","[0, 40, 250]",367.5,82.8,250,221,,,,,,,,
"[1, 52, 0]","[0, 48, 4]","[1, 40, 5]","[1, 1871, 9]","[0, 40, 10]","[0, 1500, 15]","[0, 1500, 15]","[0, 643, 15]","[1, 40, 16]","[1, 104, 24]","[0, 40, 25]","[0, 552, 27]","[1, 40, 38]","[1, 132, 181]","[0, 40, 181]","[1, 71, 181]","[1, 518, 181]","[0, 40, 182]","[0, 40, 182]","[0, 71, 184]",369.1,73.75,184,221,,,,,,,,
"[1, 52, 0]","[0, 48, 3]","[1, 40, 4]","[1, 1807, 6]","[0, 40, 7]","[0, 1500, 11]","[0, 1500, 11]","[0, 642, 11]","[1, 40, 12]","[1, 104, 18]","[0, 40, 19]","[0, 552, 21]","[1, 40, 32]","[1, 132, 171]","[0, 40, 171]","[0, 71, 173]","[1, 71, 177]","[0, 40, 178]","[1, 518, 178]","[0, 40, 179]",365.85,69.1,179,221,,,,,,,,
"[1, 52, 0]","[0, 48, 4]","[1, 40, 4]","[1, 1839, 7]","[0, 40, 8]","[0, 40, 8]","[0, 1500, 13]","[0, 1500, 13]","[0, 642, 13]","[1, 40, 14]","[1, 104, 20]","[0, 40, 21]","[0, 552, 23]","[1, 40, 36]","[1, 132, 145]","[0, 40, 146]","[1, 71, 147]","[0, 71, 147]","[0, 40, 148]","[1, 518, 148]",367.45,53.25,148,221,,,,,,,,
"[1, 52, 0]","[0, 48, 3]","[1, 40, 4]","[1, 1871, 8]","[0, 40, 9]","[0, 40, 9]","[0, 1500, 18]","[0, 1500, 18]","[0, 641, 18]","[1, 40, 21]","[1, 104, 43]","[0, 40, 45]","[0, 552, 47]","[1, 40, 57]","[1, 132, 194]","[1, 71, 195]","[0, 40, 195]","[1, 518, 196]","[0, 40, 196]","[0, 71, 196]",369,73.6,196,221,,,,,,,,
"[1, 52, 0]","[0, 48, 3]","[1, 40, 4]","[1, 1775, 7]","[0, 40, 8]","[0, 1500, 14]","[0, 1500, 14]","[0, 641, 14]","[1, 40, 14]","[1, 104, 23]","[0, 40, 25]","[0, 552, 26]","[1, 40, 37]","[1, 132, 132]","[0, 40, 133]","[0, 71, 135]","[1, 71, 135]","[0, 40, 136]","[1, 518, 139]","[0, 40, 140]",364.2,56.95,140,221,,,,,,,,
"[1, 52, 0]","[0, 48, 4]","[1, 40, 5]","[1, 1775, 7]","[0, 40, 8]","[0, 1500, 13]","[0, 1500, 13]","[0, 642, 13]","[1, 40, 14]","[1, 40, 24]","[1, 104, 30]","[0, 40, 31]","[0, 552, 32]","[1, 40, 44]","[1, 132, 243]","[0, 40, 243]","[1, 71, 245]","[0, 71, 245]","[0, 40, 245]","[1, 518, 248]",364.25,85.35,248,221,,,,,,,,
"[1, 52, 0]","[0, 48, 4]","[1, 40, 5]","[1, 1839, 8]","[0, 40, 9]","[0, 40, 9]","[0, 1500, 14]","[0, 1500, 14]","[0, 642, 14]","[1, 40, 15]","[1, 104, 20]","[0, 40, 21]","[0, 552, 23]","[1, 40, 34]","[1, 132, 216]","[0, 40, 217]","[0, 71, 219]","[1, 71, 221]","[0, 40, 222]","[1, 518, 222]",367.45,75.35,222,221,,,,,,,,
"[1, 52, 0]","[0, 48, 3]","[1, 40, 4]","[1, 1775, 6]","[0, 40, 7]","[0, 1500, 12]","[0, 1500, 12]","[0, 642, 12]","[1, 40, 13]","[1, 104, 17]","[0, 40, 18]","[0, 552, 20]","[1, 40, 31]","[1, 132, 128]","[0, 40, 129]","[0, 71, 130]","[1, 71, 132]","[0, 40, 133]","[1, 518, 133]","[0, 40, 134]",364.25,53.7,134,221,,,,,,,,
"[1, 52, 0]","[0, 48, 4]","[1, 40, 5]","[1, 1807, 11]","[0, 40, 12]","[0, 1500, 17]","[0, 1500, 18]","[0, 643, 18]","[1, 40, 18]","[1, 104, 23]","[0, 40, 24]","[0, 552, 26]","[1, 40, 37]","[1, 132, 247]","[1, 71, 247]","[1, 518, 247]","[0, 40, 247]","[0, 71, 249]","[0, 292, 258]","[0, 1500, 258]",451.5,98.3,258,221,,,,,,,,
"[1, 52, 0]","[0, 48, 3]","[1, 40, 4]","[1, 1807, 9]","[0, 40, 10]","[0, 40, 10]","[0, 1500, 15]","[0, 1500, 16]","[0, 643, 16]","[1, 40, 16]","[1, 104, 25]","[0, 40, 26]","[0, 552, 27]","[1, 40, 39]","[1, 132, 141]","[1, 71, 141]","[0, 40, 142]","[1, 518, 142]","[0, 40, 142]","[0, 40, 143]",364.35,53.35,143,221,,,,,,,,
"[1, 52, 0]","[0, 48, 4]","[1, 40, 5]","[1, 1807, 54]","[0, 40, 55]","[0, 1500, 61]","[0, 1500, 61]","[0, 642, 61]","[1, 40, 61]","[1, 104, 75]","[0, 40, 76]","[0, 552, 77]","[1, 40, 88]","[1, 132, 299]","[0, 40, 300]","[0, 71, 301]","[1, 40, 311]","[1, 71, 325]","[1, 518, 326]","[0, 40, 326]",365.85,143.3,326,221,,,,,,,,
"[1, 52, 0]","[0, 48, 5]","[1, 40, 6]","[1, 1775, 16]","[0, 40, 17]","[0, 40, 17]","[0, 1500, 22]","[0, 1500, 22]","[0, 642, 22]","[1, 40, 23]","[1, 104, 68]","[0, 40, 69]","[0, 552, 71]","[1, 40, 81]","[1, 132, 314]","[0, 40, 315]","[1, 71, 316]","[0, 71, 317]","[0, 40, 317]","[1, 518, 320]",364.25,116.9,320,221,,,,,,,,
"[1, 52, 0]","[0, 48, 4]","[1, 40, 5]","[1, 1839, 8]","[0, 40, 9]","[0, 1500, 15]","[0, 1500, 15]","[0, 641, 15]","[1, 40, 15]","[1, 104, 22]","[0, 40, 23]","[0, 552, 25]","[1, 40, 35]","[1, 132, 210]","[0, 40, 211]","[0, 71, 213]","[1, 71, 217]","[0, 40, 218]","[1, 518, 223]","[0, 40, 224]",367.4,85.35,224,221,,,,,,,,
"[1, 52, 0]","[0, 48, 3]","[1, 40, 5]","[1, 1871, 14]","[0, 40, 14]","[0, 1500, 19]","[0, 1500, 20]","[0, 642, 20]","[1, 40, 20]","[1, 104, 27]","[0, 40, 28]","[0, 552, 30]","[1, 40, 40]","[1, 132, 124]","[1, 71, 124]","[1, 518, 125]","[0, 40, 125]","[0, 40, 125]","[0, 40, 125]","[0, 71, 127]",369.05,55.75,127,221,,,,,,,,
"[1, 52, 0]","[0, 48, 4]","[1, 40, 5]","[1, 1775, 10]","[0, 40, 11]","[0, 40, 11]","[0, 1500, 15]","[0, 1500, 16]","[0, 642, 16]","[1, 40, 16]","[1, 104, 26]","[0, 40, 27]","[0, 552, 29]","[1, 40, 39]","[1, 132, 130]","[0, 40, 131]","[0, 71, 134]","[1, 71, 143]","[0, 40, 144]","[1, 518, 144]",364.25,52.55,144,221,,,,,,,,
"[1, 52, 0]","[0, 48, 4]","[1, 40, 5]","[1, 1807, 49]","[0, 40, 50]","[0, 1500, 56]","[0, 1500, 56]","[0, 641, 56]","[1, 40, 57]","[1, 104, 75]","[0, 40, 76]","[0, 552, 78]","[1, 40, 88]","[1, 132, 284]","[0, 40, 285]","[0, 71, 286]","[1, 71, 286]","[0, 40, 288]","[1, 518, 289]","[0, 40, 290]",365.8,132.9,290,221,,,,,,,,
"[1, 52, 0]","[0, 48, 5]","[1, 40, 6]","[1, 1839, 9]","[0, 40, 10]","[0, 1500, 15]","[0, 1500, 15]","[0, 641, 15]","[1, 40, 16]","[1, 104, 22]","[0, 40, 23]","[0, 552, 25]","[1, 40, 35]","[1, 132, 119]","[0, 40, 119]","[1, 71, 120]","[0, 71, 121]","[1, 518, 121]","[0, 40, 121]","[0, 40, 122]",367.4,51.95,122,221,,,,,,,,
"[1, 52, 0]","[0, 48, 4]","[1, 40, 5]","[1, 1839, 7]","[0, 40, 8]","[0, 40, 8]","[0, 1500, 13]","[0, 1500, 13]","[0, 642, 13]","[1, 40, 13]","[1, 104, 19]","[0, 40, 20]","[0, 552, 22]","[1, 40, 33]","[1, 132, 110]","[0, 40, 111]","[1, 71, 113]","[0, 71, 113]","[0, 40, 113]","[1, 518, 115]",367.45,42.65,115,221,,,,,,,,
"[1, 52, 0]","[0, 48, 4]","[1, 40, 5]","[1, 1775, 10]","[0, 40, 11]","[0, 40, 11]","[0, 1500, 16]","[0, 1500, 16]","[0, 641, 16]","[1, 40, 17]","[1, 104, 24]","[0, 40, 25]","[0, 552, 27]","[1, 40, 39]","[1, 132, 348]","[0, 40, 349]","[1, 71, 349]","[0, 40, 351]","[0, 71, 351]","[1, 518, 351]",364.2,116,351,221,,,,,,,,
"[1, 52, 0]","[0, 48, 4]","[1, 40, 5]","[1, 1775, 6]","[0, 40, 7]","[0, 40, 7]","[0, 1500, 14]","[0, 1500, 14]","[0, 642, 14]","[1, 40, 14]","[1, 104, 19]","[0, 40, 20]","[0, 552, 23]","[1, 40, 33]","[1, 132, 116]","[0, 40, 116]","[1, 71, 117]","[1, 518, 117]","[0, 40, 118]","[0, 71, 118]",364.25,44.1,118,221,,,,,,,,
"[1, 52, 0]","[0, 48, 6]","[1, 40, 6]","[1, 1871, 8]","[0, 40, 9]","[0, 1500, 24]","[0, 1500, 24]","[0, 643, 24]","[1, 40, 25]","[1, 104, 36]","[0, 40, 37]","[0, 552, 39]","[1, 40, 49]","[1, 132, 160]","[0, 40, 161]","[1, 71, 162]","[0, 71, 163]","[0, 40, 163]","[1, 518, 165]","[0, 40, 171]",369.1,71.6,171,221,,,,,,,,
"[1, 52, 0]","[0, 48, 4]","[1, 40, 5]","[1, 558, 6]","[0, 40, 7]","[0, 1500, 13]","[0, 1014, 13]","[1, 40, 14]","[1, 104, 19]","[0, 40, 20]","[0, 552, 22]","[1, 40, 33]","[1, 132, 143]","[0, 40, 144]","[1, 71, 145]","[0, 71, 146]","[0, 40, 147]","[1, 518, 148]","[0, 40, 148]","[0, 293, 171]",261.65,67.4,171,220,,,,,,,,
"[1, 52, 0]","[0, 48, 5]","[1, 40, 5]","[1, 617, 9]","[0, 40, 10]","[0, 1500, 15]","[0, 1015, 15]","[1, 40, 16]","[1, 104, 28]","[0, 40, 29]","[0, 552, 31]","[1, 40, 41]","[1, 132, 124]","[0, 40, 125]","[1, 71, 126]","[0, 40, 126]","[0, 71, 127]","[1, 518, 130]","[0, 40, 130]","[0, 293, 140]",264.65,61.6,140,220,,,,,,,,
"[1, 52, 0]","[0, 48, 4]","[1, 40, 5]","[1, 585, 20]","[0, 40, 21]","[0, 1500, 26]","[0, 1014, 26]","[1, 40, 27]","[1, 104, 36]","[0, 40, 36]","[0, 552, 38]","[1, 40, 49]","[1, 132, 246]","[0, 40, 247]","[1, 71, 248]","[0, 40, 249]","[0, 71, 249]","[1, 518, 252]","[0, 40, 253]","[0, 293, 263]",263,114.75,263,220,,,,,,,,
"[1, 52, 0]","[0, 48, 4]","[1, 40, 5]","[1, 617, 30]","[0, 40, 31]","[0, 1500, 36]","[0, 1014, 36]","[1, 40, 37]","[1, 104, 56]","[0, 40, 57]","[0, 552, 59]","[1, 40, 70]","[1, 132, 226]","[0, 40, 227]","[0, 71, 228]","[1, 71, 229]","[0, 40, 230]","[1, 518, 230]","[0, 40, 231]","[0, 246, 242]",262.25,113.2,242,220,,,,,,,,
"[1, 52, 0]","[0, 48, 3]","[1, 40, 4]","[1, 617, 7]","[0, 40, 8]","[0, 1500, 16]","[0, 1014, 16]","[1, 40, 17]","[1, 104, 22]","[0, 40, 23]","[0, 552, 25]","[1, 40, 36]","[1, 132, 195]","[0, 40, 195]","[0, 71, 197]","[1, 71, 205]","[0, 40, 206]","[1, 518, 207]","[0, 40, 208]","[0, 246, 216]",262.25,90.3,216,220,,,,,,,,
"[1, 52, 0]","[0, 48, 5]","[1, 40, 5]","[1, 649, 8]","[0, 40, 9]","[0, 1500, 14]","[0, 1014, 14]","[1, 40, 15]","[1, 104, 22]","[0, 40, 23]","[0, 552, 24]","[1, 40, 35]","[1, 132, 169]","[0, 40, 170]","[1, 71, 171]","[0, 71, 172]","[0, 40, 172]","[1, 518, 173]","[0, 40, 174]","[0, 292, 183]",266.15,77.9,183,220,,,,,,,,
"[1, 52, 0]","[0, 48, 3]","[1, 40, 4]","[1, 617, 8]","[0, 40, 9]","[0, 1500, 14]","[0, 1014, 14]","[1, 40, 14]","[1, 104, 20]","[0, 40, 21]","[0, 552, 22]","[1, 40, 34]","[1, 132, 132]","[0, 40, 133]","[0, 71, 134]","[1, 40, 145]","[1, 71, 151]","[0, 40, 152]","[1, 518, 154]","[0, 40, 155]",251.95,65.95,155,220,,,,,,,,
"[1, 52, 0]","[0, 48, 5]","[1, 40, 5]","[1, 558, 7]","[0, 40, 8]","[0, 1500, 15]","[0, 1013, 15]","[1, 40, 16]","[1, 104, 79]","[0, 40, 80]","[0, 552, 82]","[1, 40, 91]","[1, 132, 187]","[0, 40, 188]","[0, 71, 190]","[1, 71, 197]","[0, 40, 198]","[1, 518, 202]","[0, 40, 203]","[0, 246, 213]",259.25,99.05,213,220,,,,,,,,
"[1, 52, 0]","[0, 48, 4]","[1, 40, 5]","[1, 558, 19]","[0, 40, 21]","[0, 1500, 26]","[0, 1014, 26]","[1, 40, 27]","[1, 104, 38]","[0, 40, 39]","[0, 552, 42]","[1, 40, 53]","[1, 132, 279]","[0, 40, 280]","[0, 71, 281]","[1, 71, 289]","[0, 40, 290]","[1, 518, 292]","[0, 40, 293]","[0, 292, 303]",261.6,130.35,303,220,,,,,,,,
"[1, 52, 0]","[0, 48, 4]","[1, 40, 4]","[1, 617, 6]","[0, 40, 7]","[0, 1500, 12]","[0, 1015, 12]","[1, 40, 12]","[1, 104, 17]","[0, 40, 18]","[0, 552, 20]","[1, 40, 31]","[1, 132, 207]","[0, 40, 207]","[1, 71, 208]","[0, 40, 209]","[0, 71, 209]","[1, 518, 212]","[0, 40, 215]","[0, 292, 225]",264.6,91.75,225,220,,,,,,,,
"[1, 52, 0]","[0, 48, 5]","[1, 40, 5]","[1, 617, 10]","[0, 40, 11]","[0, 1500, 16]","[0, 1013, 16]","[1, 40, 17]","[1, 104, 22]","[0, 40, 23]","[0, 552, 25]","[1, 40, 36]","[1, 132, 128]","[0, 40, 129]","[0, 71, 130]","[1, 71, 132]","[0, 40, 133]","[1, 518, 133]","[0, 40, 134]","[0, 246, 144]",262.2,62.45,144,220,,,,,,,,
"[1, 52, 0]","[0, 48, 4]","[1, 40, 5]","[1, 558, 13]","[0, 40, 13]","[0, 1500, 20]","[0, 1014, 20]","[1, 40, 21]","[1, 104, 29]","[0, 40, 30]","[0, 552, 32]","[1, 40, 43]","[1, 132, 177]","[1, 71, 177]","[0, 40, 178]","[1, 518, 178]","[0, 40, 178]","[0, 40, 178]","[0, 71, 179]","[0, 246, 189]",259.3,83.2,189,220,,,,,,,,
"[1, 52, 0]","[0, 48, 8]","[1, 40, 9]","[1, 558, 14]","[0, 40, 15]","[0, 1500, 20]","[0, 1015, 20]","[1, 40, 21]","[1, 104, 33]","[0, 40, 34]","[0, 552, 36]","[1, 40, 46]","[1, 132, 1304]","[0, 40, 1305]","[0, 71, 1307]","[1, 71, 1316]","[0, 40, 1317]","[1, 518, 1317]","[0, 40, 1318]","[0, 1500, 1329]",322.05,538.45,1329,220,,,,,,,,
"[1, 52, 0]","[0, 48, 4]","[1, 40, 5]","[1, 585, 8]","[0, 40, 9]","[0, 1500, 18]","[0, 1014, 18]","[1, 40, 19]","[1, 104, 27]","[0, 40, 28]","[0, 552, 30]","[1, 40, 40]","[1, 132, 212]","[0, 40, 213]","[0, 71, 215]","[1, 40, 227]","[1, 71, 235]","[0, 40, 236]","[1, 518, 242]","[0, 40, 243]",250.35,101.45,243,220,,,,,,,,
"[1, 52, 0]","[0, 48, 5]","[1, 40, 5]","[1, 649, 9]","[0, 40, 10]","[0, 1500, 15]","[0, 1013, 15]","[1, 40, 15]","[1, 104, 22]","[0, 40, 23]","[0, 552, 25]","[1, 40, 35]","[1, 132, 91]","[0, 40, 92]","[1, 71, 93]","[0, 71, 93]","[0, 40, 93]","[1, 518, 94]","[0, 40, 95]","[0, 292, 106]",266.1,46.8,106,220,,,,,,,,
"[1, 52, 0]","[0, 48, 4]","[1, 40, 6]","[1, 558, 9]","[0, 40, 11]","[0, 1500, 15]","[0, 1014, 16]","[1, 40, 17]","[1, 104, 36]","[0, 40, 37]","[0, 552, 39]","[1, 40, 50]","[1, 132, 249]","[1, 71, 249]","[1, 518, 249]","[0, 40, 249]","[0, 40, 250]","[0, 40, 250]","[0, 71, 251]","[1, 40, 261]",249,112.4,261,220,,,,,,,,
"[1, 52, 0]","[0, 48, 4]","[1, 40, 4]","[1, 558, 12]","[0, 40, 13]","[0, 1500, 18]","[0, 1014, 18]","[1, 40, 19]","[1, 104, 26]","[0, 40, 27]","[0, 552, 29]","[1, 40, 40]","[1, 132, 176]","[0, 40, 176]","[1, 71, 178]","[0, 71, 178]","[1, 518, 178]","[0, 40, 179]","[0, 40, 179]","[1, 40, 190]",249,82.2,190,220,,,,,,,,
"[1, 52, 0]","[0, 48, 4]","[1, 40, 5]","[1, 585, 8]","[0, 40, 9]","[0, 1500, 14]","[0, 1014, 14]","[1, 40, 15]","[1, 104, 21]","[0, 40, 22]","[0, 552, 24]","[1, 40, 36]","[1, 132, 152]","[0, 40, 153]","[0, 71, 154]","[1, 71, 154]","[0, 40, 155]","[1, 518, 156]","[0, 40, 157]","[0, 246, 168]",260.65,71.05,168,220,,,,,,,,
"[1, 52, 0]","[0, 48, 5]","[1, 40, 6]","[1, 585, 10]","[0, 40, 11]","[0, 1500, 16]","[0, 1015, 16]","[1, 40, 17]","[1, 104, 32]","[0, 40, 33]","[0, 552, 35]","[1, 40, 46]","[1, 132, 143]","[0, 40, 144]","[0, 71, 147]","[1, 40, 158]","[1, 71, 188]","[0, 40, 189]","[1, 518, 190]","[0, 40, 190]",250.4,78.8,190,220,,,,,,,,
"[1, 52, 0]","[0, 48, 5]","[1, 40, 6]","[1, 558, 13]","[0, 40, 14]","[0, 1500, 19]","[0, 1015, 19]","[1, 40, 20]","[1, 104, 86]","[0, 40, 87]","[0, 552, 88]","[1, 40, 100]","[1, 132, 107]","[0, 40, 108]","[1, 71, 108]","[1, 518, 109]","[0, 40, 109]","[0, 40, 109]","[0, 71, 109]","[0, 246, 120]",259.35,66.8,120,220,,,,,,,,
"[1, 52, 0]","[0, 48, 3]","[1, 40, 4]","[1, 649, 11]","[0, 40, 12]","[0, 1500, 16]","[0, 1015, 16]","[1, 40, 16]","[1, 104, 28]","[0, 40, 28]","[0, 552, 30]","[1, 40, 42]","[1, 132, 375]","[0, 40, 376]","[1, 71, 378]","[0, 71, 378]","[0, 40, 379]","[1, 518, 380]","[0, 40, 382]","[0, 292, 392]",266.2,162.3,392,220,,,,,,,,
"[1, 52, 0]","[0, 48, 5]","[1, 40, 6]","[1, 617, 12]","[0, 40, 13]","[0, 1500, 17]","[0, 1014, 17]","[1, 40, 17]","[1, 104, 29]","[0, 40, 30]","[0, 552, 32]","[1, 40, 43]","[1, 132, 364]","[0, 40, 365]","[0, 71, 367]","[1, 71, 369]","[0, 40, 370]","[1, 518, 375]","[0, 40, 376]","[0, 292, 388]",264.55,159.75,388,220,,,,,,,,
"[1, 52, 0]","[0, 48, 4]","[1, 40, 5]","[1, 649, 8]","[0, 40, 8]","[0, 1500, 13]","[0, 1013, 14]","[1, 40, 14]","[1, 104, 19]","[0, 40, 20]","[0, 552, 22]","[1, 40, 33]","[1, 132, 257]","[0, 40, 258]","[1, 71, 258]","[0, 71, 259]","[0, 40, 259]","[1, 518, 259]","[0, 40, 260]","[1, 40, 269]",253.5,111.95,269,220,,,,,,,,
"[1, 52, 0]","[0, 48, 3]","[1, 40, 4]","[1, 649, 12]","[0, 40, 13]","[0, 1500, 17]","[0, 1014, 17]","[1, 40, 18]","[1, 104, 29]","[0, 40, 30]","[0, 552, 31]","[1, 40, 42]","[1, 132, 298]","[1, 71, 299]","[0, 40, 299]","[0, 40, 299]","[0, 71, 300]","[1, 518, 304]","[0, 40, 306]","[0, 292, 316]",266.15,131.85,316,220,,,,,,,,
"[1, 52, 0]","[0, 48, 4]","[1, 40, 5]","[1, 558, 14]","[0, 40, 15]","[0, 1500, 19]","[0, 1014, 19]","[1, 40, 20]","[1, 104, 28]","[0, 40, 28]","[0, 552, 30]","[1, 40, 40]","[1, 132, 306]","[0, 40, 306]","[0, 71, 308]","[1, 71, 311]","[0, 40, 311]","[1, 518, 320]","[0, 40, 321]","[0, 292, 332]",261.6,136.85,332,220,,,,,,,,
"[1, 52, 0]","[0, 48, 4]","[1, 40, 5]","[1, 585, 10]","[0, 40, 11]","[0, 1500, 15]","[0, 1015, 15]","[1, 40, 16]","[1, 104, 28]","[0, 40, 29]","[0, 552, 31]","[1, 40, 41]","[1, 132, 108]","[0, 40, 108]","[1, 71, 109]","[0, 40, 110]","[0, 71, 110]","[1, 518, 117]","[0, 40, 118]","[0, 246, 130]",260.7,55.75,130,220,,,,,,,,
"[1, 52, 0]","[0, 48, 4]","[1, 40, 5]","[1, 585, 7]","[0, 40, 8]","[0, 1500, 12]","[0, 1014, 13]","[1, 40, 13]","[1, 104, 22]","[0, 40, 23]","[0, 552, 25]","[1, 40, 37]","[1, 132, 126]","[0, 40, 127]","[0, 71, 129]","[1, 71, 130]","[0, 40, 131]","[1, 518, 131]","[0, 40, 132]","[0, 292, 145]",262.95,61,145,220,,,,,,,,
"[1, 52, 0]","[0, 48, 5]","[1, 40, 5]","[1, 585, 50]","[0, 40, 51]","[0, 1500, 57]","[0, 1014, 57]","[1, 40, 58]","[1, 104, 65]","[0, 40, 66]","[0, 552, 68]","[1, 40, 79]","[1, 132, 259]","[0, 40, 260]","[1, 71, 261]","[0, 71, 262]","[0, 40, 262]","[1, 518, 269]","[0, 40, 270]","[0, 292, 279]",262.95,134.15,279,220,,,,,,,,
"[1, 52, 0]","[0, 48, 5]","[1, 40, 6]","[1, 585, 10]","[0, 40, 11]","[0, 1500, 16]","[0, 1014, 16]","[1, 40, 16]","[1, 104, 33]","[0, 40, 34]","[0, 552, 35]","[1, 40, 47]","[1, 132, 123]","[0, 40, 125]","[1, 71, 126]","[0, 71, 126]","[1, 518, 126]","[0, 40, 127]","[0, 40, 127]","[1, 40, 137]",250.35,62.3,137,220,,,,,,,,
"[1, 52, 0]","[0, 48, 3]","[1, 40, 4]","[1, 558, 7]","[0, 40, 7]","[0, 1500, 14]","[0, 1014, 14]","[1, 40, 15]","[1, 104, 23]","[0, 40, 24]","[0, 552, 26]","[1, 40, 37]","[1, 132, 172]","[0, 40, 172]","[1, 71, 173]","[1, 518, 173]","[0, 40, 173]","[0, 40, 173]","[0, 71, 174]","[1, 40, 186]",249,78.5,186,220,,,,,,,,
"[1, 52, 0]","[0, 48, 3]","[1, 40, 4]","[1, 649, 7]","[0, 40, 8]","[0, 1500, 13]","[0, 1014, 13]","[1, 40, 14]","[1, 104, 21]","[0, 40, 22]","[0, 552, 24]","[1, 40, 35]","[1, 132, 129]","[0, 40, 130]","[1, 71, 130]","[1, 518, 131]","[0, 40, 131]","[0, 71, 131]","[0, 40, 132]","[0, 292, 141]",266.15,60.95,141,220,,,,,,,,
"[1, 52, 0]","[0, 48, 5]","[1, 40, 6]","[1, 558, 7]","[0, 40, 8]","[0, 1500, 14]","[0, 1014, 14]","[1, 40, 15]","[1, 104, 23]","[0, 40, 24]","[0, 552, 25]","[1, 40, 36]","[1, 132, 124]","[0, 40, 125]","[0, 71, 127]","[1, 71, 131]","[0, 40, 132]","[1, 518, 134]","[0, 40, 134]","[0, 246, 148]",259.3,61.6,148,220,,,,,,,,
"[1, 52, 0]","[0, 48, 5]","[1, 40, 6]","[1, 617, 9]","[0, 40, 10]","[0, 1500, 15]","[0, 1014, 16]","[1, 40, 17]","[1, 104, 23]","[0, 40, 24]","[0, 552, 26]","[1, 40, 38]","[1, 132, 217]","[0, 40, 218]","[0, 71, 220]","[1, 71, 227]","[0, 40, 228]","[1, 518, 228]","[0, 40, 229]","[0, 292, 239]",264.55,99.75,239,220,,,,,,,,
"[1, 52, 0]","[0, 48, 89]","[1, 40, 90]","[1, 649, 92]","[0, 40, 98]","[0, 1500, 103]","[0, 1014, 103]","[1, 40, 104]","[1, 104, 108]","[0, 40, 110]","[0, 552, 111]","[1, 40, 152]","[1, 132, 300]","[0, 40, 301]","[1, 71, 301]","[1, 518, 301]","[0, 40, 302]","[0, 40, 302]","[0, 71, 303]","[0, 246, 312]",263.85,179.1,312,220,,,,,,,,
"[1, 52, 0]","[0, 48, 5]","[1, 40, 6]","[1, 558, 20]","[0, 40, 22]","[0, 1500, 28]","[0, 1013, 28]","[1, 40, 29]","[1, 104, 57]","[0, 40, 58]","[0, 552, 60]","[1, 40, 72]","[1, 132, 308]","[0, 40, 309]","[0, 71, 310]","[1, 71, 318]","[0, 40, 319]","[1, 518, 320]","[0, 40, 321]","[0, 246, 333]",259.25,146.15,333,220,,,,,,,,
"[1, 52, 0]","[0, 48, 4]","[1, 40, 10]","[1, 558, 13]","[0, 40, 14]","[0, 1500, 18]","[0, 1014, 18]","[1, 40, 18]","[1, 104, 25]","[0, 40, 26]","[0, 552, 28]","[1, 40, 39]","[1, 132, 258]","[0, 40, 258]","[1, 71, 259]","[1, 518, 259]","[0, 40, 259]","[0, 40, 260]","[0, 71, 260]","[1, 40, 271]",249,114.85,271,220,,,,,,,,
"[1, 52, 0]","[0, 48, 6]","[1, 40, 8]","[1, 585, 16]","[0, 40, 17]","[0, 1500, 23]","[0, 1013, 23]","[1, 40, 25]","[1, 104, 39]","[0, 40, 40]","[0, 552, 41]","[1, 40, 52]","[1, 132, 205]","[0, 40, 207]","[0, 71, 210]","[1, 71, 211]","[0, 40, 213]","[1, 518, 216]","[0, 40, 217]","[0, 246, 228]",260.6,99.85,228,220,,,,,,,,
"[1, 52, 0]","[0, 48, 4]","[1, 40, 5]","[1, 649, 13]","[0, 40, 16]","[0, 1500, 20]","[0, 1014, 21]","[1, 40, 22]","[1, 104, 44]","[0, 40, 46]","[0, 552, 48]","[1, 40, 59]","[1, 132, 242]","[0, 40, 243]","[1, 71, 244]","[0, 40, 245]","[0, 71, 245]","[1, 518, 245]","[0, 40, 246]","[0, 292, 256]",266.15,113.2,256,220,,,,,,,,
"[1, 52, 0]","[0, 48, 5]","[1, 40, 6]","[1, 649, 11]","[0, 40, 12]","[0, 1500, 16]","[0, 1014, 17]","[1, 40, 17]","[1, 104, 30]","[0, 40, 31]","[0, 552, 33]","[1, 40, 44]","[1, 132, 257]","[0, 40, 258]","[1, 71, 259]","[0, 71, 259]","[0, 40, 259]","[1, 518, 265]","[0, 40, 266]","[0, 292, 279]",266.15,116.2,279,220,,,,,,,,
"[1, 52, 0]","[0, 48, 6]","[1, 40, 6]","[1, 558, 8]","[0, 40, 9]","[0, 1500, 15]","[0, 1015, 15]","[1, 40, 16]","[1, 104, 21]","[0, 40, 22]","[0, 552, 24]","[1, 40, 36]","[1, 132, 196]","[1, 71, 196]","[0, 40, 196]","[1, 518, 196]","[0, 40, 197]","[0, 40, 197]","[0, 71, 198]","[0, 1500, 208]",322.05,88.1,208,220,,,,,,,,
"[1, 52, 0]","[0, 48, 4]","[1, 40, 5]","[1, 649, 7]","[0, 40, 8]","[0, 1500, 14]","[0, 1014, 14]","[1, 40, 15]","[1, 104, 31]","[0, 40, 32]","[0, 552, 38]","[1, 40, 48]","[1, 132, 174]","[0, 40, 175]","[0, 71, 176]","[1, 71, 179]","[1, 518, 180]","[0, 40, 180]","[0, 40, 180]","[0, 293, 202]",266.2,83.1,202,220,,,,,,,,
"[1, 52, 0]","[0, 48, 4]","[1, 40, 5]","[1, 649, 6]","[0, 40, 7]","[0, 1500, 12]","[0, 1014, 12]","[1, 40, 13]","[1, 104, 23]","[0, 40, 24]","[0, 552, 26]","[1, 40, 38]","[1, 132, 431]","[0, 40, 432]","[1, 71, 433]","[0, 71, 434]","[0, 40, 434]","[1, 518, 435]","[0, 40, 436]","[0, 292, 445]",266.15,182.5,445,220,,,,,,,,
"[1, 52, 0]","[0, 48, 4]","[1, 40, 6]","[1, 649, 9]","[0, 40, 10]","[0, 1500, 15]","[0, 1015, 15]","[1, 40, 15]","[1, 104, 24]","[0, 40, 25]","[0, 552, 27]","[1, 40, 37]","[1, 132, 174]","[0, 40, 175]","[0, 71, 177]","[1, 71, 179]","[1, 518, 180]","[0, 40, 180]","[0, 40, 181]","[0, 292, 191]",266.2,81.2,191,220,,,,,,,,
"[1, 52, 0]","[0, 48, 4]","[1, 40, 5]","[1, 649, 11]","[0, 40, 12]","[0, 1500, 16]","[0, 1015, 16]","[1, 40, 17]","[1, 104, 24]","[0, 40, 25]","[0, 552, 27]","[1, 40, 38]","[1, 132, 201]","[0, 40, 202]","[1, 71, 203]","[1, 518, 203]","[0, 40, 204]","[0, 71, 204]","[0, 40, 205]","[1, 40, 216]",253.6,91.65,216,220,,,,,,,,
"[1, 52, 0]","[0, 48, 4]","[1, 40, 5]","[1, 558, 69]","[0, 40, 70]","[0, 1500, 75]","[0, 1015, 75]","[1, 40, 75]","[1, 104, 110]","[0, 40, 112]","[0, 552, 113]","[1, 40, 124]","[1, 132, 422]","[0, 40, 423]","[0, 71, 425]","[1, 71, 432]","[0, 40, 433]","[1, 518, 437]","[0, 40, 438]","[0, 246, 448]",259.35,214.5,448,220,,,,,,,,
"[1, 52, 0]","[0, 48, 4]","[1, 40, 5]","[1, 649, 6]","[0, 40, 7]","[0, 1500, 12]","[0, 1013, 12]","[1, 40, 13]","[1, 104, 102]","[0, 40, 103]","[0, 552, 105]","[1, 40, 115]","[1, 132, 254]","[0, 40, 254]","[1, 71, 256]","[0, 71, 256]","[0, 40, 256]","[1, 518, 257]","[0, 40, 257]","[1, 40, 266]",253.5,127,266,220,,,,,,,,
"[1, 52, 0]","[0, 48, 5]","[1, 40, 6]","[1, 558, 9]","[0, 40, 10]","[0, 1500, 15]","[0, 1014, 15]","[1, 40, 15]","[1, 104, 20]","[0, 40, 21]","[0, 552, 23]","[1, 40, 34]","[1, 132, 143]","[0, 40, 144]","[0, 71, 145]","[1, 71, 152]","[0, 40, 153]","[1, 518, 155]","[0, 40, 155]","[0, 293, 166]",261.65,69.3,166,220,,,,,,,,
"[1, 52, 0]","[0, 48, 3]","[1, 40, 4]","[1, 585, 10]","[0, 40, 11]","[0, 1500, 14]","[0, 1014, 15]","[1, 40, 15]","[1, 104, 22]","[0, 40, 23]","[0, 552, 24]","[1, 40, 36]","[1, 132, 266]","[0, 40, 267]","[0, 71, 269]","[1, 40, 280]","[1, 71, 293]","[0, 40, 294]","[1, 518, 295]","[0, 40, 297]",250.35,121.9,297,220,,,,,,,,
"[1, 52, 0]","[0, 48, 4]","[1, 40, 5]","[1, 649, 8]","[0, 40, 9]","[0, 1500, 16]","[0, 1014, 16]","[1, 40, 17]","[1, 104, 26]","[0, 40, 27]","[0, 552, 29]","[1, 40, 40]","[1, 132, 267]","[0, 40, 269]","[0, 71, 270]","[1, 40, 282]","[1, 71, 291]","[0, 40, 292]","[1, 518, 298]","[0, 40, 299]",253.55,123.25,299,220,,,,,,,,
"[1, 52, 0]","[0, 48, 4]","[1, 40, 6]","[1, 617, 9]","[0, 40, 10]","[0, 1500, 15]","[0, 1014, 15]","[1, 40, 17]","[1, 104, 59]","[0, 40, 60]","[0, 552, 62]","[1, 40, 74]","[1, 132, 289]","[0, 40, 290]","[0, 71, 292]","[1, 71, 295]","[0, 40, 295]","[1, 518, 297]","[0, 40, 298]","[0, 292, 308]",264.55,134.75,308,220,,,,,,,,
"[1, 52, 0]","[0, 48, 4]","[1, 40, 4]","[1, 649, 15]","[0, 40, 15]","[0, 1500, 20]","[0, 1014, 20]","[1, 40, 21]","[1, 104, 32]","[0, 40, 34]","[0, 552, 35]","[1, 40, 47]","[1, 132, 278]","[1, 71, 278]","[0, 40, 279]","[1, 518, 279]","[0, 40, 279]","[0, 40, 280]","[0, 71, 280]","[1, 40, 290]",253.55,124.5,290,220,,,,,,,,
"[1, 52, 0]","[0, 48, 4]","[1, 40, 4]","[1, 649, 7]","[0, 40, 8]","[0, 1500, 14]","[0, 1013, 14]","[1, 40, 15]","[1, 104, 80]","[0, 40, 81]","[0, 552, 83]","[1, 40, 94]","[1, 132, 189]","[0, 40, 190]","[1, 71, 190]","[1, 518, 191]","[0, 71, 191]","[0, 40, 191]","[0, 40, 192]","[1, 40, 202]",253.5,97,202,220,,,,,,,,
"[1, 52, 0]","[0, 48, 4]","[1, 40, 5]","[1, 558, 16]","[0, 40, 17]","[0, 1500, 25]","[0, 1013, 25]","[1, 40, 26]","[1, 104, 32]","[0, 40, 33]","[0, 552, 35]","[1, 40, 45]","[1, 132, 297]","[0, 40, 298]","[0, 71, 300]","[1, 71, 301]","[0, 40, 302]","[1, 518, 306]","[0, 40, 308]","[0, 292, 318]",261.55,134.65,318,220,,,,,,,,
"[1, 52, 0]","[0, 48, 5]","[1, 40, 6]","[1, 585, 29]","[0, 40, 30]","[0, 1500, 34]","[0, 1013, 34]","[1, 40, 35]","[1, 104, 54]","[0, 40, 55]","[0, 552, 57]","[1, 40, 67]","[1, 132, 128]","[0, 40, 128]","[1, 71, 129]","[0, 71, 130]","[0, 40, 130]","[1, 518, 136]","[0, 40, 137]","[0, 246, 152]",260.6,73.8,152,220,,,,,,,,
"[1, 52, 0]","[0, 48, 4]","[1, 40, 5]","[1, 585, 8]","[0, 40, 8]","[0, 1500, 14]","[0, 1015, 14]","[1, 40, 16]","[1, 104, 20]","[0, 40, 21]","[0, 552, 23]","[1, 40, 34]","[1, 132, 249]","[0, 40, 250]","[1, 71, 251]","[0, 71, 252]","[0, 40, 252]","[1, 518, 252]","[0, 40, 253]","[0, 246, 263]",260.7,109.45,263,220,,,,,,,,
"[1, 52, 0]","[0, 48, 4]","[1, 40, 4]","[1, 617, 9]","[0, 40, 11]","[0, 1500, 15]","[0, 1014, 15]","[1, 40, 16]","[1, 104, 25]","[0, 40, 26]","[0, 552, 28]","[1, 40, 38]","[1, 132, 191]","[0, 40, 192]","[0, 71, 194]","[1, 40, 204]","[1, 71, 219]","[0, 40, 220]","[1, 518, 227]","[0, 40, 228]",251.95,93.3,228,220,,,,,,,,
"[1, 52, 0]","[0, 48, 3]","[1, 40, 4]","[1, 649, 10]","[0, 40, 11]","[0, 1500, 16]","[0, 1013, 16]","[1, 40, 17]","[1, 104, 29]","[0, 40, 30]","[0, 552, 32]","[1, 40, 44]","[1, 132, 145]","[0, 40, 146]","[1, 71, 147]","[0, 71, 147]","[0, 40, 147]","[1, 518, 149]","[0, 40, 150]","[0, 292, 160]",266.1,70.15,160,220,,,,,,,,
"[1, 52, 0]","[0, 48, 5]","[1, 40, 5]","[1, 585, 7]","[0, 40, 8]","[0, 1500, 11]","[0, 1015, 12]","[1, 40, 12]","[1, 104, 18]","[0, 40, 19]","[0, 552, 21]","[1, 40, 34]","[1, 132, 124]","[1, 71, 124]","[0, 40, 124]","[0, 40, 125]","[1, 518, 125]","[0, 40, 125]","[0, 71, 126]","[1, 40, 136]",250.4,58.05,136,220,,,,,,,,
"[1, 52, 0]","[0, 48, 4]","[1, 40, 5]","[1, 617, 21]","[0, 40, 22]","[0, 1500, 27]","[0, 1014, 27]","[1, 40, 28]","[1, 104, 35]","[0, 40, 37]","[0, 552, 38]","[1, 40, 49]","[1, 132, 75]","[0, 40, 76]","[0, 71, 78]","[1, 71, 80]","[1, 518, 81]","[0, 40, 81]","[0, 40, 82]","[0, 246, 92]",262.25,46.9,92,220,,,,,,,,
"[1, 52, 0]","[0, 48, 5]","[1, 40, 5]","[1, 585, 40]","[0, 40, 42]","[0, 1500, 46]","[0, 1014, 46]","[1, 40, 46]","[1, 104, 148]","[0, 40, 150]","[0, 552, 152]","[1, 40, 162]","[1, 132, 180]","[0, 40, 180]","[0, 71, 182]","[1, 71, 183]","[0, 40, 184]","[1, 518, 184]","[0, 40, 185]","[0, 292, 199]",262.95,115.95,199,220,,,,,,,,
"[1, 52, 0]","[0, 48, 4]","[1, 40, 5]","[1, 617, 7]","[0, 40, 8]","[0, 1500, 13]","[0, 1014, 13]","[1, 40, 14]","[1, 104, 20]","[0, 40, 22]","[0, 552, 24]","[1, 40, 35]","[1, 132, 263]","[1, 71, 265]","[1, 518, 266]","[0, 40, 266]","[0, 40, 267]","[0, 40, 267]","[0, 71, 268]","[0, 246, 277]",262.25,115.2,277,220,,,,,,,,
"[1, 52, 0]","[0, 48, 4]","[1, 40, 5]","[1, 649, 6]","[0, 40, 7]","[0, 1500, 11]","[0, 1015, 11]","[1, 40, 12]","[1, 104, 17]","[0, 40, 18]","[0, 552, 20]","[1, 40, 32]","[1, 132, 302]","[0, 40, 303]","[0, 71, 305]","[1, 40, 317]","[1, 71, 321]","[0, 40, 322]","[1, 518, 323]","[0, 40, 324]",253.6,133,324,220,,,,,,,,
"[1, 52, 0]","[0, 48, 4]","[1, 40, 6]","[1, 585, 12]","[0, 40, 14]","[0, 1500, 18]","[0, 1014, 18]","[1, 40, 19]","[1, 104, 26]","[0, 40, 27]","[0, 552, 28]","[1, 40, 39]","[1, 132, 174]","[0, 40, 175]","[0, 71, 177]","[1, 71, 179]","[0, 40, 180]","[1, 518, 180]","[0, 40, 181]","[0, 292, 192]",262.95,82.45,192,220,,,,,,,,
"[1, 52, 0]","[0, 48, 5]","[1, 40, 6]","[1, 617, 7]","[0, 40, 8]","[0, 1500, 14]","[0, 1014, 14]","[1, 40, 15]","[1, 104, 52]","[0, 40, 53]","[0, 552, 55]","[1, 40, 66]","[1, 132, 175]","[0, 40, 176]","[1, 71, 176]","[1, 518, 176]","[0, 40, 176]","[0, 40, 176]","[0, 71, 177]","[0, 292, 186]",264.55,85.65,186,220,,,,,,,,
"[1, 52, 0]","[0, 48, 4]","[1, 40, 5]","[1, 585, 10]","[0, 40, 11]","[0, 1500, 15]","[0, 1014, 15]","[1, 40, 16]","[1, 104, 25]","[0, 40, 26]","[0, 552, 27]","[1, 40, 38]","[1, 132, 232]","[0, 40, 234]","[0, 71, 235]","[1, 71, 237]","[0, 40, 238]","[1, 518, 241]","[0, 40, 242]","[0, 1500, 254]",323.35,105.25,254,220,,,,,,,,
"[1, 52, 0]","[0, 48, 4]","[1, 40, 5]","[1, 585, 17]","[0, 40, 18]","[0, 1500, 23]","[0, 1013, 23]","[1, 40, 24]","[1, 104, 32]","[0, 40, 33]","[0, 552, 34]","[1, 40, 45]","[1, 132, 269]","[0, 40, 270]","[0, 71, 271]","[1, 71, 273]","[0, 40, 274]","[1, 518, 274]","[0, 40, 275]","[0, 292, 286]",262.9,122.5,286,220,,,,,,,,
"[1, 52, 0]","[0, 48, 5]","[1, 40, 6]","[1, 585, 11]","[0, 40, 12]","[0, 1500, 18]","[0, 1013, 18]","[1, 40, 19]","[1, 104, 27]","[0, 40, 28]","[0, 552, 30]","[1, 40, 40]","[1, 132, 253]","[0, 40, 254]","[0, 71, 255]","[1, 71, 256]","[0, 40, 256]","[1, 518, 257]","[0, 40, 257]","[0, 292, 268]",262.9,113.5,268,220,,,,,,,,
"[1, 52, 0]","[0, 48, 4]","[1, 40, 5]","[1, 617, 13]","[0, 40, 14]","[0, 1500, 17]","[0, 1013, 17]","[1, 40, 18]","[1, 104, 26]","[0, 40, 27]","[0, 552, 29]","[1, 40, 39]","[1, 132, 226]","[0, 40, 226]","[1, 71, 227]","[0, 71, 228]","[0, 40, 228]","[1, 518, 228]","[0, 40, 229]","[1, 40, 239]",251.9,102,239,220,,,,,,,,
"[1, 52, 0]","[0, 48, 4]","[1, 40, 5]","[1, 617, 7]","[0, 40, 7]","[0, 1500, 11]","[0, 1015, 11]","[1, 40, 12]","[1, 104, 16]","[0, 40, 17]","[0, 552, 18]","[1, 40, 29]","[1, 132, 157]","[0, 40, 159]","[0, 71, 160]","[1, 40, 171]","[1, 71, 189]","[1, 518, 191]","[0, 40, 191]","[0, 40, 191]",252,77.3,191,220,,,,,,,,
"[1, 52, 0]","[0, 48, 5]","[1, 40, 6]","[1, 558, 14]","[0, 40, 15]","[0, 1500, 20]","[0, 1014, 20]","[1, 40, 21]","[1, 104, 30]","[0, 40, 31]","[0, 552, 33]","[1, 40, 46]","[1, 132, 325]","[0, 40, 326]","[1, 71, 327]","[0, 40, 327]","[0, 71, 327]","[1, 518, 332]","[0, 40, 333]","[0, 246, 344]",259.3,144.1,344,220,,,,,,,,
"[1, 52, 0]","[0, 48, 6]","[1, 40, 7]","[1, 649, 14]","[0, 40, 16]","[0, 1500, 21]","[0, 1014, 21]","[1, 40, 22]","[1, 104, 39]","[0, 40, 41]","[0, 552, 42]","[1, 40, 53]","[1, 132, 161]","[0, 40, 162]","[1, 71, 163]","[0, 71, 163]","[0, 40, 164]","[1, 518, 166]","[0, 40, 167]","[0, 293, 178]",266.2,80.3,178,220,,,,,,,,
"[1, 52, 0]","[0, 48, 5]","[1, 40, 5]","[1, 585, 26]","[0, 40, 28]","[0, 1500, 33]","[0, 1014, 33]","[1, 40, 35]","[1, 104, 88]","[0, 40, 89]","[0, 552, 91]","[1, 40, 103]","[1, 132, 327]","[0, 40, 328]","[1, 71, 329]","[0, 71, 329]","[0, 40, 330]","[1, 518, 339]","[0, 40, 340]","[0, 246, 350]",260.65,160.4,350,220,,,,,,,,
"[1, 52, 0]","[0, 48, 4]","[1, 40, 5]","[1, 558, 15]","[0, 40, 16]","[0, 1500, 22]","[0, 1014, 22]","[1, 40, 23]","[1, 104, 30]","[0, 40, 32]","[0, 552, 34]","[1, 40, 46]","[1, 132, 167]","[0, 40, 168]","[1, 71, 168]","[1, 518, 168]","[0, 40, 169]","[0, 40, 169]","[0, 71, 169]","[0, 292, 180]",261.6,80.35,180,220,,,,,,,,
"[1, 52, 0]","[0, 48, 5]","[1, 40, 7]","[1, 617, 119]","[0, 40, 120]","[0, 1500, 125]","[0, 1013, 125]","[1, 40, 129]","[1, 104, 155]","[0, 40, 156]","[0, 552, 158]","[1, 40, 169]","[1, 132, 301]","[0, 40, 302]","[0, 71, 307]","[1, 40, 319]","[1, 71, 346]","[0, 40, 347]","[1, 518, 347]","[0, 40, 348]",251.9,194.25,348,220,,,,,,,,
"[1, 52, 0]","[0, 48, 4]","[1, 40, 6]","[1, 649, 16]","[0, 40, 16]","[0, 1500, 21]","[0, 1014, 21]","[1, 40, 22]","[1, 104, 31]","[0, 40, 32]","[0, 552, 34]","[1, 40, 45]","[1, 132, 263]","[0, 40, 264]","[0, 71, 265]","[1, 71, 268]","[0, 40, 269]","[1, 518, 270]","[0, 40, 272]","[0, 246, 281]",263.85,120,281,220,,,,,,,,
"[1, 52, 0]","[0, 48, 4]","[1, 40, 5]","[1, 585, 19]","[0, 40, 20]","[0, 1500, 24]","[0, 1015, 24]","[1, 40, 24]","[1, 104, 101]","[0, 40, 102]","[0, 552, 104]","[1, 40, 115]","[1, 132, 178]","[0, 40, 179]","[0, 71, 181]","[1, 71, 182]","[0, 40, 182]","[1, 518, 183]","[0, 40, 184]","[0, 246, 197]",260.7,100.4,197,220,,,,,,,,
"[1, 52, 0]","[0, 48, 4]","[1, 40, 5]","[1, 649, 7]","[0, 40, 8]","[0, 1500, 14]","[0, 1015, 14]","[1, 40, 14]","[1, 104, 24]","[0, 40, 25]","[0, 552, 27]","[1, 40, 39]","[1, 132, 144]","[1, 71, 145]","[0, 40, 145]","[1, 518, 146]","[0, 40, 146]","[0, 40, 147]","[0, 71, 147]","[0, 246, 157]",263.9,67.9,157,220,,,,,,,,
"[1, 52, 0]","[0, 48, 5]","[1, 40, 6]","[1, 585, 15]","[0, 40, 17]","[0, 1500, 22]","[0, 1014, 22]","[1, 40, 22]","[1, 104, 83]","[0, 40, 85]","[0, 552, 87]","[1, 40, 99]","[1, 132, 265]","[0, 40, 266]","[0, 71, 268]","[1, 71, 276]","[0, 40, 277]","[1, 518, 281]","[0, 40, 282]","[0, 292, 293]",262.95,133.55,293,220,,,,,,,,
"[1, 52, 0]","[0, 48, 5]","[1, 40, 6]","[1, 585, 13]","[0, 40, 13]","[0, 1500, 18]","[0, 1015, 18]","[1, 40, 19]","[1, 104, 27]","[0, 40, 29]","[0, 552, 31]","[1, 40, 42]","[1, 132, 297]","[0, 40, 298]","[0, 71, 300]","[1, 71, 300]","[0, 40, 301]","[1, 518, 305]","[0, 40, 307]","[0, 247, 322]",260.75,132.55,322,220,,,,,,,,
"[1, 52, 0]","[0, 48, 3]","[1, 40, 5]","[1, 649, 41]","[0, 40, 42]","[0, 1500, 47]","[0, 1014, 47]","[1, 40, 48]","[1, 104, 58]","[0, 40, 59]","[0, 552, 61]","[1, 40, 72]","[1, 132, 247]","[0, 40, 248]","[1, 71, 250]","[0, 71, 250]","[0, 40, 251]","[1, 40, 260]","[1, 518, 279]","[0, 40, 281]",253.55,127.45,281,220,,,,,,,,
"[1, 52, 0]","[0, 48, 5]","[1, 40, 7]","[1, 558, 23]","[0, 40, 25]","[0, 1500, 30]","[0, 1013, 30]","[1, 40, 32]","[1, 104, 48]","[0, 40, 50]","[0, 552, 51]","[1, 40, 64]","[1, 132, 331]","[0, 40, 332]","[0, 71, 334]","[1, 71, 340]","[1, 518, 341]","[0, 40, 341]","[0, 40, 343]","[0, 292, 352]",261.55,153.95,352,220,,,,,,,,
"[1, 52, 0]","[0, 48, 4]","[1, 40, 6]","[1, 585, 12]","[0, 40, 13]","[0, 1500, 18]","[0, 1014, 18]","[1, 40, 19]","[1, 104, 90]","[0, 40, 91]","[0, 552, 93]","[1, 132, 100]","[1, 71, 100]","[0, 40, 100]","[0, 40, 100]","[1, 518, 101]","[0, 40, 102]","[0, 71, 102]","[0, 293, 110]","[0, 1500, 110]",336,64.45,110,220,,,,,,,,
"[1, 52, 0]","[0, 48, 3]","[1, 40, 4]","[1, 617, 7]","[0, 40, 7]","[0, 1500, 14]","[0, 1013, 14]","[1, 40, 15]","[1, 104, 25]","[0, 40, 27]","[0, 552, 29]","[1, 40, 41]","[1, 132, 300]","[0, 40, 301]","[0, 71, 303]","[1, 71, 308]","[0, 40, 310]","[1, 518, 310]","[0, 40, 311]","[0, 292, 321]",264.5,132.5,321,220,,,,,,,,
"[1, 52, 0]","[0, 48, 5]","[1, 40, 7]","[1, 558, 10]","[0, 40, 12]","[0, 1500, 19]","[0, 1014, 19]","[1, 40, 20]","[1, 104, 110]","[0, 40, 111]","[0, 552, 113]","[1, 40, 123]","[1, 132, 152]","[0, 40, 153]","[1, 71, 154]","[0, 71, 155]","[0, 40, 155]","[1, 518, 158]","[0, 40, 159]","[0, 248, 173]",259.4,90.4,173,220,,,,,,,,
"[1, 52, 0]","[0, 48, 5]","[1, 40, 6]","[1, 558, 8]","[0, 40, 9]","[0, 1500, 15]","[0, 1013, 15]","[1, 40, 17]","[1, 104, 25]","[0, 40, 26]","[0, 552, 29]","[1, 40, 40]","[1, 132, 287]","[1, 71, 288]","[0, 40, 289]","[0, 40, 289]","[1, 518, 290]","[0, 71, 290]","[0, 40, 291]","[1, 40, 300]",248.95,125.95,300,220,,,,,,,,
"[1, 52, 0]","[0, 48, 5]","[1, 40, 5]","[1, 585, 7]","[0, 40, 7]","[0, 1500, 13]","[0, 1015, 13]","[1, 40, 14]","[1, 104, 20]","[0, 40, 21]","[0, 552, 23]","[1, 40, 34]","[1, 132, 101]","[0, 40, 102]","[1, 71, 102]","[0, 40, 104]","[0, 71, 104]","[1, 518, 109]","[0, 40, 110]","[0, 292, 121]",263,50.75,121,220,,,,,,,,
"[1, 52, 0]","[0, 48, 4]","[1, 40, 6]","[1, 617, 12]","[0, 40, 12]","[0, 1500, 18]","[0, 1014, 18]","[1, 40, 18]","[1, 104, 26]","[0, 40, 28]","[0, 552, 29]","[1, 40, 41]","[1, 132, 245]","[0, 40, 246]","[0, 71, 248]","[1, 71, 250]","[0, 40, 251]","[1, 518, 252]","[0, 40, 252]","[0, 247, 267]",262.3,111.15,267,220,,,,,,,,
"[1, 52, 0]","[0, 48, 4]","[1, 40, 4]","[1, 558, 6]","[0, 40, 7]","[0, 1500, 12]","[0, 1014, 13]","[1, 40, 13]","[1, 104, 18]","[0, 40, 19]","[0, 552, 21]","[1, 40, 32]","[1, 132, 325]","[1, 71, 326]","[0, 40, 326]","[0, 40, 327]","[1, 518, 327]","[0, 71, 328]","[0, 40, 328]","[0, 246, 338]",259.3,138.7,338,220,,,,,,,,
"[1, 52, 0]","[0, 48, 5]","[1, 40, 5]","[1, 558, 8]","[0, 40, 9]","[0, 1500, 16]","[0, 1015, 16]","[1, 40, 16]","[1, 104, 27]","[0, 40, 29]","[0, 552, 30]","[1, 40, 42]","[1, 132, 202]","[0, 40, 202]","[0, 71, 204]","[1, 71, 207]","[0, 40, 208]","[1, 518, 208]","[0, 40, 209]","[0, 247, 221]",259.4,93.2,221,220,,,,,,,,
"[1, 52, 0]","[0, 48, 4]","[1, 40, 5]","[1, 617, 7]","[0, 40, 7]","[0, 1500, 12]","[0, 1013, 12]","[1, 40, 13]","[1, 104, 18]","[0, 40, 19]","[0, 552, 21]","[1, 40, 32]","[1, 132, 217]","[0, 40, 218]","[1, 71, 219]","[0, 71, 220]","[0, 40, 221]","[1, 518, 223]","[0, 40, 224]","[0, 292, 238]",264.5,96.5,238,220,,,,,,,,
"[1, 52, 0]","[0, 48, 5]","[1, 40, 5]","[1, 558, 7]","[0, 40, 8]","[0, 1500, 13]","[0, 1013, 13]","[1, 40, 14]","[1, 104, 18]","[0, 40, 19]","[0, 552, 21]","[1, 40, 32]","[1, 132, 93]","[0, 40, 94]","[0, 71, 96]","[1, 71, 97]","[0, 40, 98]","[1, 518, 100]","[0, 40, 100]","[0, 293, 116]",261.6,47.45,116,220,,,,,,,,
"[1, 52, 0]","[0, 48, 4]","[1, 40, 5]","[1, 617, 15]","[0, 40, 16]","[0, 1500, 21]","[0, 1015, 21]","[1, 40, 23]","[1, 104, 34]","[0, 40, 35]","[0, 552, 37]","[1, 40, 49]","[1, 132, 276]","[0, 40, 277]","[0, 71, 279]","[1, 71, 288]","[0, 40, 289]","[1, 518, 297]","[0, 40, 298]","[0, 246, 312]",262.3,128.8,312,220,,,,,,,,
"[1, 52, 0]","[0, 48, 4]","[1, 40, 5]","[1, 617, 8]","[0, 40, 8]","[0, 1500, 13]","[0, 1013, 13]","[1, 40, 13]","[1, 104, 20]","[0, 40, 21]","[0, 552, 23]","[1, 40, 33]","[1, 132, 116]","[0, 40, 117]","[0, 71, 118]","[1, 71, 124]","[0, 40, 125]","[1, 518, 127]","[0, 40, 128]","[0, 292, 139]",264.5,57.75,139,220,,,,,,,,
"[1, 52, 0]","[0, 48, 4]","[1, 40, 5]","[1, 617, 9]","[0, 40, 10]","[0, 1500, 15]","[0, 1013, 15]","[1, 40, 16]","[1, 104, 24]","[0, 40, 25]","[0, 552, 27]","[1, 40, 38]","[1, 132, 239]","[0, 40, 240]","[0, 71, 242]","[1, 71, 244]","[1, 518, 244]","[0, 40, 244]","[0, 40, 244]","[0, 292, 255]",264.5,107,255,220,,,,,,,,
"[1, 52, 0]","[0, 48, 5]","[1, 40, 5]","[1, 585, 8]","[0, 40, 8]","[0, 1500, 14]","[0, 1014, 14]","[1, 40, 15]","[1, 104, 22]","[0, 40, 24]","[0, 552, 25]","[1, 40, 37]","[1, 132, 150]","[0, 40, 151]","[0, 71, 153]","[1, 71, 161]","[0, 40, 162]","[1, 518, 163]","[0, 40, 164]","[0, 246, 178]",260.65,72.95,178,220,,,,,,,,
"[1, 52, 0]","[0, 48, 5]","[1, 40, 8]","[1, 585, 13]","[0, 40, 14]","[0, 1500, 18]","[0, 1014, 18]","[1, 40, 19]","[1, 104, 25]","[0, 40, 26]","[0, 552, 28]","[1, 40, 39]","[1, 132, 112]","[0, 40, 113]","[1, 71, 113]","[1, 518, 114]","[0, 40, 114]","[0, 71, 114]","[0, 40, 115]","[1, 40, 125]",250.35,56.65,125,220,,,,,,,,
"[1, 52, 0]","[0, 48, 9]","[1, 40, 10]","[1, 617, 13]","[0, 40, 14]","[0, 1500, 20]","[0, 1014, 20]","[1, 40, 22]","[1, 104, 48]","[0, 40, 48]","[0, 552, 52]","[1, 40, 93]","[1, 132, 180]","[0, 40, 181]","[0, 71, 183]","[1, 71, 183]","[0, 40, 185]","[1, 518, 197]","[0, 40, 198]","[0, 246, 208]",262.25,93.2,208,220,,,,,,,,
"[1, 52, 0]","[0, 48, 4]","[1, 40, 5]","[1, 558, 26]","[0, 40, 27]","[0, 1500, 32]","[0, 1014, 32]","[1, 40, 33]","[1, 104, 106]","[0, 40, 106]","[0, 552, 109]","[1, 40, 120]","[1, 132, 327]","[1, 71, 327]","[0, 40, 327]","[1, 518, 328]","[0, 40, 328]","[0, 40, 328]","[0, 71, 330]","[0, 292, 340]",261.6,161.75,340,220,,,,,,,,
"[1, 52, 0]","[0, 48, 4]","[1, 40, 5]","[1, 617, 15]","[0, 40, 16]","[0, 1500, 22]","[0, 1014, 22]","[1, 40, 23]","[1, 104, 36]","[0, 40, 37]","[0, 552, 39]","[1, 40, 50]","[1, 132, 243]","[1, 71, 244]","[0, 40, 244]","[1, 518, 244]","[0, 40, 244]","[0, 40, 245]","[0, 71, 245]","[0, 292, 256]",264.55,111.7,256,220,,,,,,,,
"[1, 52, 0]","[0, 48, 3]","[1, 40, 3]","[1, 585, 7]","[0, 40, 7]","[0, 1500, 12]","[0, 1015, 12]","[1, 40, 13]","[1, 104, 19]","[0, 40, 20]","[0, 552, 22]","[1, 40, 32]","[1, 132, 82]","[0, 40, 82]","[0, 71, 84]","[1, 71, 84]","[0, 40, 85]","[1, 518, 86]","[0, 40, 87]","[0, 293, 101]",263.05,42.05,101,220,,,,,,,,
"[1, 60, 0]","[0, 60, 4]","[1, 52, 4]","[1, 1962, 5]","[0, 52, 5]","[0, 1500, 10]","[1, 52, 11]","[0, 1500, 11]","[1, 52, 11]","[0, 664, 11]","[1, 52, 11]","[1, 116, 14]","[1, 144, 14]","[1, 380, 14]","[0, 52, 15]","[0, 52, 15]","[0, 573, 17]","[1, 83, 17]","[0, 52, 18]","[0, 258, 25]",385.8,11.6,25,112,,,,,,,,
"[1, 60, 0]","[0, 60, 4]","[1, 52, 4]","[1, 1962, 5]","[0, 52, 6]","[0, 52, 6]","[0, 1500, 11]","[1, 52, 11]","[0, 1500, 11]","[1, 52, 11]","[0, 663, 11]","[1, 52, 11]","[1, 116, 16]","[1, 144, 17]","[1, 380, 17]","[0, 52, 17]","[0, 52, 18]","[0, 52, 18]","[0, 564, 21]","[1, 83, 22]",375,11.85,22,112,,,,,,,,
"[1, 60, 0]","[0, 60, 5]","[1, 52, 5]","[1, 1962, 5]","[0, 52, 7]","[0, 52, 7]","[0, 1500, 11]","[1, 52, 11]","[0, 1500, 11]","[1, 52, 11]","[0, 664, 11]","[1, 52, 11]","[1, 116, 14]","[1, 144, 15]","[0, 52, 15]","[1, 380, 15]","[0, 52, 16]","[0, 52, 16]","[0, 564, 17]","[1, 83, 17]",375.05,11,17,112,,,,,,,,
"[1, 60, 0]","[0, 60, 3]","[1, 52, 3]","[1, 1962, 4]","[0, 52, 5]","[0, 1500, 14]","[1, 52, 14]","[0, 1500, 14]","[1, 52, 14]","[0, 665, 14]","[1, 52, 14]","[1, 116, 16]","[0, 52, 17]","[1, 144, 17]","[1, 380, 18]","[0, 52, 18]","[0, 52, 18]","[0, 564, 19]","[1, 83, 19]","[0, 52, 20]",375.1,13.05,20,112,,,,,,,,
"[1, 60, 0]","[0, 60, 4]","[1, 52, 4]","[1, 1962, 4]","[0, 52, 5]","[0, 52, 6]","[0, 1500, 11]","[1, 52, 11]","[0, 1500, 11]","[1, 52, 11]","[0, 664, 11]","[1, 52, 11]","[1, 116, 19]","[1, 144, 20]","[1, 380, 20]","[0, 52, 21]","[0, 52, 22]","[0, 52, 22]","[0, 564, 23]","[0, 83, 23]",375.05,12.95,23,112,,,,,,,,
"[1, 60, 0]","[0, 60, 4]","[1, 52, 4]","[1, 1962, 5]","[0, 52, 6]","[0, 1500, 9]","[1, 52, 9]","[0, 1500, 9]","[1, 52, 9]","[0, 664, 9]","[1, 52, 9]","[1, 116, 13]","[1, 144, 14]","[1, 380, 14]","[0, 52, 14]","[0, 52, 14]","[0, 52, 14]","[0, 564, 16]","[0, 83, 16]","[1, 83, 17]",376.6,10.25,17,112,,,,,,,,
"[1, 60, 0]","[0, 60, 4]","[1, 52, 4]","[1, 1962, 5]","[0, 52, 6]","[0, 1500, 11]","[1, 52, 11]","[0, 1500, 11]","[1, 52, 11]","[0, 664, 11]","[1, 52, 11]","[1, 116, 16]","[1, 144, 16]","[1, 380, 16]","[0, 52, 17]","[0, 52, 17]","[0, 52, 17]","[0, 564, 18]","[0, 83, 19]","[1, 83, 19]",376.6,12,19,112,,,,,,,,
"[1, 60, 0]","[0, 60, 4]","[1, 52, 4]","[1, 1962, 5]","[0, 52, 5]","[0, 1500, 13]","[1, 52, 13]","[0, 1500, 13]","[1, 52, 13]","[0, 664, 13]","[1, 52, 13]","[1, 116, 16]","[1, 144, 16]","[1, 380, 16]","[0, 52, 17]","[0, 52, 17]","[0, 564, 18]","[0, 83, 19]","[1, 83, 19]","[0, 52, 19]",376.6,12.65,19,112,,,,,,,,
"[1, 60, 0]","[0, 60, 3]","[1, 52, 3]","[1, 1962, 4]","[0, 52, 5]","[0, 1500, 10]","[1, 52, 10]","[0, 1500, 10]","[1, 52, 10]","[0, 664, 10]","[1, 52, 10]","[1, 116, 15]","[1, 144, 15]","[1, 380, 16]","[0, 52, 16]","[0, 52, 16]","[0, 52, 16]","[0, 564, 18]","[0, 83, 18]","[1, 83, 18]",376.6,11.15,18,112,,,,,,,,
"[1, 60, 0]","[0, 60, 7]","[1, 52, 7]","[1, 1962, 9]","[0, 52, 10]","[0, 52, 10]","[0, 1500, 15]","[1, 52, 15]","[0, 1500, 15]","[1, 52, 15]","[0, 665, 15]","[1, 52, 15]","[1, 116, 20]","[1, 144, 21]","[0, 52, 21]","[1, 380, 21]","[0, 52, 22]","[0, 52, 22]","[0, 564, 23]","[0, 83, 23]",375.1,15.3,23,112,,,,,,,,
"[1, 60, 0]","[0, 60, 4]","[1, 52, 4]","[1, 1962, 5]","[0, 52, 5]","[0, 1500, 11]","[1, 52, 11]","[0, 1500, 12]","[1, 52, 12]","[0, 664, 12]","[1, 52, 12]","[1, 116, 19]","[0, 52, 20]","[1, 144, 21]","[1, 380, 22]","[0, 564, 22]","[0, 52, 22]","[1, 83, 22]","[0, 52, 23]","[0, 52, 24]",375.05,14.15,24,112,,,,,,,,
"[1, 60, 0]","[0, 60, 4]","[1, 52, 4]","[1, 1962, 4]","[0, 52, 5]","[0, 52, 5]","[0, 1500, 10]","[1, 52, 10]","[0, 1500, 10]","[1, 52, 10]","[0, 664, 10]","[1, 52, 10]","[1, 116, 16]","[0, 52, 17]","[1, 144, 18]","[1, 380, 18]","[0, 564, 19]","[0, 52, 19]","[1, 83, 19]","[0, 52, 20]",375.05,11.4,20,112,,,,,,,,
"[1, 60, 0]","[0, 60, 4]","[1, 52, 4]","[1, 1962, 7]","[0, 52, 8]","[0, 52, 8]","[0, 1500, 13]","[1, 52, 14]","[0, 1500, 14]","[1, 52, 14]","[0, 665, 14]","[1, 52, 14]","[1, 116, 21]","[0, 52, 22]","[1, 144, 22]","[1, 380, 22]","[0, 52, 23]","[0, 52, 23]","[0, 564, 23]","[1, 83, 24]",375.1,14.7,24,112,,,,,,,,
"[1, 60, 0]","[0, 60, 4]","[1, 52, 4]","[1, 1962, 4]","[0, 52, 5]","[0, 52, 5]","[0, 1500, 9]","[1, 52, 10]","[0, 1500, 10]","[1, 52, 10]","[0, 665, 10]","[1, 52, 10]","[1, 116, 13]","[1, 144, 13]","[1, 380, 13]","[0, 52, 13]","[0, 52, 14]","[0, 52, 14]","[0, 564, 15]","[0, 83, 15]",375.1,9.55,15,112,,,,,,,,
"[1, 60, 0]","[0, 60, 4]","[1, 52, 4]","[1, 1962, 4]","[0, 52, 5]","[0, 1500, 10]","[1, 52, 10]","[0, 1500, 10]","[1, 52, 10]","[0, 663, 10]","[1, 52, 10]","[1, 116, 14]","[1, 144, 15]","[1, 380, 15]","[0, 52, 15]","[0, 52, 15]","[0, 52, 16]","[0, 564, 17]","[0, 83, 17]","[1, 83, 17]",376.55,10.9,17,112,,,,,,,,
"[1, 60, 0]","[0, 60, 4]","[1, 52, 4]","[1, 1962, 5]","[0, 52, 6]","[0, 52, 6]","[0, 1500, 10]","[1, 52, 10]","[0, 1500, 10]","[1, 52, 10]","[0, 663, 10]","[1, 52, 10]","[1, 116, 14]","[1, 144, 15]","[1, 380, 15]","[0, 52, 15]","[0, 52, 16]","[0, 52, 16]","[0, 595, 17]","[1, 83, 18]",376.55,10.55,18,112,,,,,,,,
"[1, 60, 0]","[0, 60, 5]","[1, 52, 5]","[1, 1962, 5]","[0, 52, 6]","[0, 1500, 12]","[1, 52, 12]","[0, 1500, 12]","[1, 52, 12]","[0, 664, 12]","[1, 52, 12]","[1, 116, 18]","[1, 144, 19]","[0, 52, 19]","[1, 380, 19]","[0, 52, 20]","[0, 564, 21]","[0, 83, 22]","[1, 83, 22]","[0, 52, 22]",376.6,13.75,22,112,,,,,,,,
"[1, 60, 0]","[0, 60, 4]","[1, 52, 4]","[1, 1962, 5]","[0, 52, 5]","[0, 1500, 9]","[1, 52, 10]","[0, 1500, 10]","[1, 52, 10]","[0, 664, 10]","[1, 52, 10]","[1, 116, 14]","[1, 144, 15]","[1, 380, 15]","[0, 52, 15]","[0, 52, 15]","[0, 52, 15]","[0, 564, 17]","[0, 83, 17]","[1, 83, 17]",376.6,10.85,17,112,,,,,,,,
"[1, 60, 0]","[0, 60, 3]","[1, 52, 3]","[1, 1962, 4]","[0, 52, 5]","[0, 52, 5]","[0, 1500, 10]","[1, 52, 10]","[0, 1500, 10]","[1, 52, 10]","[0, 664, 10]","[1, 52, 10]","[1, 116, 15]","[0, 52, 16]","[1, 144, 16]","[1, 380, 16]","[0, 52, 18]","[0, 564, 18]","[0, 52, 18]","[1, 83, 18]",375.05,10.75,18,112,,,,,,,,
"[1, 60, 0]","[0, 60, 4]","[1, 52, 4]","[1, 1962, 4]","[0, 52, 5]","[0, 52, 5]","[0, 1500, 10]","[1, 52, 10]","[0, 1500, 10]","[1, 52, 10]","[0, 665, 10]","[1, 52, 10]","[1, 116, 14]","[1, 144, 14]","[1, 380, 14]","[0, 52, 15]","[0, 52, 15]","[0, 52, 15]","[0, 573, 16]","[1, 83, 17]",375.55,10.1,17,112,,,,,,,,
"[1, 60, 0]","[0, 60, 4]","[1, 52, 4]","[1, 1962, 5]","[0, 52, 6]","[0, 52, 6]","[0, 1500, 13]","[1, 52, 13]","[0, 1500, 13]","[1, 52, 13]","[0, 664, 13]","[1, 52, 13]","[1, 116, 17]","[1, 144, 17]","[1, 380, 17]","[0, 52, 18]","[0, 52, 18]","[0, 52, 18]","[0, 564, 19]","[0, 83, 19]",375.05,12.3,19,112,,,,,,,,
"[1, 60, 0]","[0, 60, 4]","[1, 52, 4]","[1, 1962, 5]","[0, 52, 6]","[0, 52, 6]","[0, 1500, 10]","[1, 52, 10]","[0, 1500, 10]","[1, 52, 10]","[0, 664, 10]","[1, 52, 10]","[1, 116, 14]","[1, 144, 14]","[1, 380, 14]","[0, 52, 15]","[0, 52, 15]","[0, 52, 15]","[0, 564, 16]","[0, 83, 16]",375.05,10.2,16,112,,,,,,,,
"[1, 60, 0]","[0, 60, 11]","[1, 52, 11]","[1, 1962, 12]","[0, 52, 17]","[0, 52, 18]","[0, 1500, 22]","[1, 52, 22]","[0, 1500, 22]","[1, 52, 22]","[0, 663, 22]","[1, 52, 22]","[1, 116, 26]","[1, 144, 27]","[1, 380, 27]","[0, 52, 31]","[0, 52, 31]","[0, 52, 31]","[0, 573, 35]","[1, 83, 37]",375.45,22.3,37,112,,,,,,,,
"[1, 60, 0]","[0, 60, 4]","[1, 52, 4]","[1, 1962, 4]","[0, 52, 5]","[0, 1500, 10]","[1, 52, 10]","[0, 1500, 11]","[1, 52, 11]","[0, 664, 11]","[1, 52, 11]","[1, 116, 15]","[1, 144, 15]","[1, 380, 15]","[0, 52, 16]","[0, 52, 16]","[0, 573, 18]","[1, 83, 19]","[0, 52, 20]","[0, 304, 27]",388.1,12.1,27,112,,,,,,,,
"[1, 60, 0]","[0, 60, 5]","[1, 52, 5]","[1, 1962, 6]","[0, 52, 7]","[0, 1500, 12]","[1, 52, 12]","[0, 1500, 12]","[1, 52, 12]","[0, 664, 12]","[1, 52, 12]","[1, 116, 18]","[1, 144, 19]","[1, 380, 19]","[0, 52, 20]","[0, 52, 21]","[0, 564, 22]","[1, 83, 22]","[0, 83, 24]","[0, 52, 24]",376.6,14.2,24,112,,,,,,,,
"[1, 60, 0]","[0, 60, 4]","[1, 52, 4]","[1, 1962, 5]","[0, 52, 6]","[0, 52, 6]","[0, 1500, 11]","[1, 52, 11]","[0, 1500, 12]","[1, 52, 12]","[0, 664, 12]","[1, 52, 12]","[1, 116, 16]","[1, 144, 16]","[1, 380, 16]","[0, 52, 17]","[0, 52, 17]","[0, 52, 17]","[0, 564, 18]","[0, 83, 19]",375.05,11.55,19,112,,,,,,,,
"[1, 60, 0]","[0, 60, 7]","[1, 52, 7]","[1, 1962, 7]","[0, 52, 8]","[0, 52, 8]","[0, 1500, 13]","[1, 52, 14]","[0, 1500, 14]","[1, 52, 14]","[0, 664, 14]","[1, 52, 14]","[1, 116, 17]","[1, 144, 17]","[1, 380, 17]","[0, 52, 17]","[0, 52, 18]","[0, 52, 18]","[0, 564, 19]","[1, 83, 20]",375.05,13.15,20,112,,,,,,,,
"[1, 60, 0]","[0, 60, 3]","[1, 52, 3]","[1, 1962, 4]","[0, 52, 4]","[0, 52, 5]","[0, 1500, 11]","[1, 52, 11]","[0, 1500, 11]","[0, 664, 11]","[1, 52, 11]","[1, 52, 11]","[1, 116, 15]","[1, 144, 16]","[1, 380, 16]","[0, 52, 16]","[0, 52, 17]","[0, 52, 17]","[0, 573, 19]","[1, 83, 19]",375.5,11,19,112,,,,,,,,
"[1, 60, 0]","[0, 60, 16]","[1, 52, 16]","[1, 1962, 17]","[0, 52, 22]","[0, 52, 22]","[0, 1500, 30]","[1, 52, 30]","[0, 1500, 30]","[1, 52, 30]","[0, 665, 30]","[1, 52, 30]","[1, 116, 36]","[1, 144, 37]","[1, 380, 37]","[0, 52, 41]","[0, 52, 41]","[0, 52, 41]","[0, 573, 45]","[1, 83, 46]",375.55,29.85,46,112,,,,,,,,
"[1, 60, 0]","[0, 60, 4]","[1, 52, 4]","[1, 1962, 5]","[0, 52, 5]","[0, 1500, 10]","[1, 52, 10]","[0, 1500, 10]","[1, 52, 10]","[0, 663, 10]","[1, 52, 10]","[1, 116, 14]","[1, 144, 14]","[1, 380, 15]","[0, 52, 15]","[0, 52, 15]","[0, 52, 15]","[0, 564, 16]","[1, 83, 17]","[0, 52, 17]",375,10.8,17,112,,,,,,,,
"[1, 60, 0]","[0, 60, 18]","[1, 52, 18]","[1, 1962, 19]","[0, 52, 32]","[0, 52, 32]","[0, 1500, 42]","[1, 52, 42]","[0, 1500, 42]","[1, 52, 42]","[0, 664, 42]","[1, 52, 42]","[1, 116, 47]","[1, 144, 48]","[1, 380, 49]","[0, 52, 58]","[0, 52, 58]","[0, 573, 65]","[1, 83, 65]","[0, 258, 71]",385.8,41.6,71,112,,,,,,,,
"[1, 60, 0]","[0, 60, 4]","[1, 52, 4]","[1, 1962, 4]","[0, 52, 6]","[0, 1500, 10]","[1, 52, 10]","[0, 1500, 10]","[1, 52, 10]","[0, 663, 11]","[1, 52, 11]","[1, 116, 16]","[1, 144, 17]","[1, 380, 17]","[0, 52, 18]","[0, 52, 18]","[0, 573, 20]","[1, 83, 21]","[0, 52, 22]","[0, 259, 36]",385.8,13.25,36,112,,,,,,,,
"[1, 60, 0]","[0, 60, 17]","[1, 52, 17]","[1, 1962, 18]","[0, 52, 19]","[0, 52, 19]","[0, 1500, 25]","[1, 52, 25]","[0, 1500, 25]","[1, 52, 25]","[0, 664, 25]","[1, 52, 25]","[1, 116, 27]","[1, 144, 28]","[1, 380, 28]","[0, 52, 28]","[0, 52, 29]","[0, 52, 29]","[0, 564, 30]","[1, 83, 30]",375.05,23.45,30,112,,,,,,,,
"[1, 60, 0]","[0, 60, 4]","[1, 52, 4]","[1, 1962, 4]","[0, 52, 5]","[0, 1500, 20]","[1, 52, 20]","[0, 1500, 20]","[1, 52, 20]","[0, 665, 20]","[1, 52, 20]","[1, 116, 23]","[1, 144, 24]","[1, 380, 24]","[0, 52, 24]","[0, 52, 25]","[0, 52, 25]","[0, 573, 27]","[1, 83, 27]","[0, 52, 28]",375.55,18.2,28,112,,,,,,,,
"[1, 60, 0]","[0, 60, 4]","[1, 52, 4]","[1, 1962, 5]","[0, 52, 6]","[0, 1500, 11]","[1, 52, 11]","[0, 1500, 11]","[1, 52, 11]","[0, 664, 11]","[1, 52, 11]","[1, 116, 16]","[1, 144, 16]","[1, 380, 16]","[0, 52, 17]","[0, 52, 17]","[0, 564, 19]","[0, 83, 19]","[1, 83, 19]","[0, 52, 21]",376.6,12.25,21,112,,,,,,,,
"[1, 60, 0]","[0, 60, 6]","[1, 52, 6]","[1, 1962, 6]","[0, 52, 7]","[0, 1500, 13]","[1, 52, 13]","[0, 1500, 13]","[1, 52, 13]","[0, 665, 13]","[1, 52, 13]","[1, 116, 16]","[1, 144, 16]","[1, 380, 16]","[0, 52, 16]","[0, 52, 16]","[0, 595, 18]","[1, 83, 19]","[0, 52, 19]","[0, 259, 26]",387,13.25,26,112,,,,,,,,
"[1, 60, 0]","[0, 60, 4]","[1, 52, 4]","[1, 1962, 5]","[0, 52, 6]","[0, 52, 7]","[0, 1500, 11]","[1, 52, 11]","[0, 1500, 11]","[1, 52, 11]","[0, 663, 11]","[1, 52, 11]","[1, 116, 15]","[1, 144, 15]","[1, 380, 16]","[0, 52, 16]","[0, 52, 16]","[0, 595, 19]","[1, 83, 20]","[0, 52, 20]",376.55,11.45,20,112,,,,,,,,
"[1, 60, 0]","[0, 60, 5]","[1, 52, 5]","[1, 1962, 6]","[0, 52, 7]","[0, 52, 7]","[0, 1500, 11]","[1, 52, 12]","[0, 1500, 12]","[1, 52, 12]","[0, 663, 12]","[1, 52, 12]","[1, 116, 17]","[0, 52, 18]","[1, 144, 18]","[1, 380, 18]","[0, 52, 19]","[0, 52, 19]","[0, 564, 20]","[1, 83, 21]",375,12.55,21,112,,,,,,,,
"[1, 60, 0]","[0, 60, 4]","[1, 52, 4]","[1, 1962, 5]","[0, 52, 6]","[0, 52, 6]","[0, 1500, 11]","[1, 52, 11]","[0, 1500, 11]","[1, 52, 11]","[0, 663, 11]","[1, 52, 11]","[1, 116, 17]","[1, 144, 18]","[1, 380, 18]","[0, 52, 18]","[0, 52, 19]","[0, 564, 20]","[0, 83, 20]","[1, 83, 20]",376.55,12.05,20,112,,,,,,,,
"[1, 60, 0]","[0, 60, 3]","[1, 52, 3]","[1, 1962, 4]","[0, 52, 6]","[0, 1500, 10]","[1, 52, 10]","[0, 1500, 11]","[1, 52, 11]","[0, 664, 11]","[1, 52, 11]","[1, 116, 14]","[1, 144, 15]","[1, 380, 15]","[0, 52, 16]","[0, 52, 18]","[0, 52, 18]","[0, 564, 19]","[0, 83, 20]","[1, 83, 21]",376.6,11.8,21,112,,,,,,,,
"[1, 60, 0]","[0, 60, 4]","[1, 52, 4]","[1, 1962, 5]","[0, 52, 6]","[0, 1500, 11]","[1, 52, 11]","[0, 1500, 11]","[1, 52, 11]","[0, 663, 11]","[1, 52, 11]","[1, 116, 14]","[1, 144, 15]","[1, 380, 15]","[0, 52, 15]","[0, 52, 15]","[0, 52, 16]","[0, 573, 17]","[1, 83, 18]","[0, 52, 18]",375.45,11.4,18,112,,,,,,,,
"[1, 60, 0]","[0, 60, 4]","[1, 52, 4]","[1, 1962, 5]","[0, 52, 6]","[0, 1500, 10]","[1, 52, 10]","[0, 1500, 10]","[1, 52, 10]","[0, 663, 10]","[1, 52, 10]","[1, 116, 14]","[1, 144, 14]","[1, 380, 15]","[0, 52, 15]","[0, 52, 15]","[0, 52, 15]","[0, 573, 17]","[1, 83, 17]","[0, 52, 18]",375.45,10.95,18,112,,,,,,,,
"[1, 60, 0]","[0, 60, 5]","[1, 52, 5]","[1, 1962, 5]","[0, 52, 6]","[0, 1500, 12]","[1, 52, 13]","[0, 1500, 13]","[1, 52, 13]","[0, 665, 13]","[1, 52, 13]","[1, 116, 18]","[1, 144, 19]","[1, 380, 19]","[0, 52, 20]","[0, 52, 20]","[0, 52, 20]","[0, 573, 22]","[1, 83, 23]","[0, 52, 23]",375.55,14.1,23,112,,,,,,,,
"[1, 60, 0]","[0, 60, 6]","[1, 52, 6]","[1, 1962, 8]","[0, 52, 10]","[0, 52, 10]","[0, 1500, 17]","[1, 52, 17]","[0, 1500, 17]","[1, 52, 17]","[0, 664, 17]","[1, 52, 17]","[1, 116, 24]","[1, 144, 25]","[1, 380, 25]","[0, 52, 25]","[0, 52, 27]","[0, 564, 27]","[1, 83, 28]","[0, 83, 28]",376.6,17.55,28,112,,,,,,,,
"[1, 60, 0]","[0, 60, 4]","[1, 52, 4]","[1, 1962, 4]","[0, 52, 5]","[0, 52, 5]","[0, 1500, 9]","[1, 52, 9]","[0, 1500, 9]","[1, 52, 9]","[0, 663, 9]","[1, 52, 9]","[1, 116, 13]","[1, 144, 13]","[1, 380, 13]","[0, 52, 14]","[0, 52, 14]","[0, 52, 14]","[0, 573, 16]","[1, 83, 17]",375.45,9.5,17,112,,,,,,,,
"[1, 60, 0]","[0, 60, 4]","[1, 52, 4]","[1, 1962, 5]","[0, 52, 6]","[0, 1500, 11]","[1, 52, 11]","[0, 1500, 11]","[1, 52, 11]","[0, 664, 11]","[1, 52, 11]","[1, 116, 16]","[0, 52, 17]","[1, 144, 17]","[1, 380, 18]","[0, 52, 18]","[0, 52, 18]","[0, 564, 19]","[1, 83, 19]","[0, 83, 20]",376.6,12.35,20,112,,,,,,,,
"[1, 60, 0]","[0, 60, 4]","[1, 52, 4]","[1, 1962, 4]","[0, 52, 5]","[0, 1500, 11]","[1, 52, 12]","[0, 1500, 12]","[1, 52, 12]","[0, 665, 12]","[1, 52, 12]","[1, 116, 18]","[0, 52, 19]","[0, 564, 21]","[1, 144, 21]","[1, 380, 22]","[0, 52, 22]","[1, 83, 22]","[0, 52, 23]","[0, 52, 23]",375.1,13.95,23,112,,,,,,,,
"[1, 60, 0]","[0, 60, 4]","[1, 52, 4]","[1, 1962, 5]","[0, 52, 6]","[0, 1500, 11]","[1, 52, 11]","[0, 1500, 11]","[0, 663, 11]","[1, 52, 11]","[1, 52, 11]","[1, 116, 15]","[1, 144, 16]","[1, 380, 16]","[0, 52, 16]","[0, 52, 17]","[0, 52, 17]","[0, 564, 18]","[0, 83, 18]","[1, 83, 19]",376.55,11.85,19,112,,,,,,,,
"[1, 60, 0]","[0, 60, 7]","[1, 52, 7]","[1, 1962, 7]","[0, 52, 8]","[0, 1500, 14]","[1, 52, 14]","[0, 1500, 14]","[1, 52, 14]","[0, 664, 14]","[1, 52, 14]","[1, 116, 18]","[1, 144, 18]","[1, 380, 18]","[0, 52, 19]","[0, 52, 19]","[0, 573, 20]","[1, 83, 21]","[0, 52, 22]","[0, 258, 28]",385.8,14.8,28,112,,,,,,,,
"[1, 60, 0]","[0, 60, 4]","[1, 52, 4]","[1, 1962, 4]","[0, 52, 6]","[0, 52, 6]","[0, 1500, 10]","[1, 52, 10]","[0, 1500, 10]","[1, 52, 10]","[0, 664, 10]","[1, 52, 10]","[1, 116, 14]","[1, 144, 14]","[1, 380, 14]","[0, 52, 15]","[0, 52, 15]","[0, 52, 15]","[0, 573, 19]","[1, 83, 19]",375.5,10.45,19,112,,,,,,,,
"[1, 60, 0]","[0, 60, 6]","[1, 52, 6]","[1, 1962, 6]","[0, 52, 7]","[0, 52, 7]","[0, 1500, 14]","[1, 52, 14]","[0, 1500, 14]","[1, 52, 14]","[0, 664, 14]","[1, 52, 14]","[1, 116, 17]","[1, 144, 17]","[1, 380, 17]","[0, 52, 19]","[0, 52, 20]","[0, 573, 21]","[1, 83, 22]","[0, 52, 23]",375.5,13.6,23,112,,,,,,,,
"[1, 60, 0]","[0, 60, 5]","[1, 52, 5]","[1, 1962, 6]","[0, 52, 6]","[0, 1500, 11]","[1, 52, 11]","[0, 1500, 11]","[1, 52, 11]","[0, 665, 11]","[1, 52, 11]","[1, 116, 14]","[1, 144, 15]","[1, 380, 15]","[0, 52, 15]","[0, 52, 15]","[0, 52, 16]","[0, 564, 17]","[0, 83, 17]","[1, 83, 17]",376.65,11.45,17,112,,,,,,,,
"[1, 60, 0]","[0, 60, 5]","[1, 52, 5]","[1, 1962, 5]","[0, 52, 6]","[0, 52, 6]","[0, 1500, 12]","[1, 52, 12]","[0, 1500, 12]","[1, 52, 12]","[0, 664, 12]","[1, 52, 12]","[1, 116, 15]","[1, 144, 15]","[1, 380, 15]","[0, 52, 16]","[0, 52, 16]","[0, 52, 16]","[0, 564, 18]","[0, 83, 18]",375.05,11.4,18,112,,,,,,,,
"[1, 60, 0]","[0, 60, 5]","[1, 52, 5]","[1, 1962, 6]","[0, 52, 7]","[0, 1500, 12]","[1, 52, 13]","[0, 1500, 13]","[1, 52, 13]","[0, 663, 13]","[1, 52, 13]","[1, 116, 17]","[1, 144, 18]","[1, 380, 18]","[0, 52, 18]","[0, 52, 18]","[0, 52, 19]","[0, 564, 20]","[0, 83, 20]","[1, 83, 21]",376.55,13.45,21,112,,,,,,,,
"[1, 60, 0]","[0, 60, 5]","[1, 52, 5]","[1, 1962, 6]","[0, 52, 7]","[0, 52, 7]","[0, 1500, 12]","[1, 52, 12]","[0, 1500, 13]","[1, 52, 13]","[0, 665, 13]","[1, 52, 13]","[1, 116, 22]","[1, 144, 23]","[1, 380, 23]","[0, 52, 23]","[0, 52, 24]","[0, 52, 24]","[0, 564, 25]","[0, 83, 25]",375.1,14.75,25,112,,,,,,,,
"[1, 60, 0]","[0, 60, 4]","[1, 52, 4]","[1, 1962, 5]","[0, 52, 6]","[0, 1500, 11]","[1, 52, 11]","[0, 1500, 11]","[1, 52, 11]","[0, 663, 11]","[1, 52, 11]","[1, 116, 14]","[1, 144, 14]","[1, 380, 14]","[0, 52, 14]","[0, 52, 15]","[0, 52, 15]","[0, 564, 16]","[0, 83, 17]","[1, 83, 17]",376.55,11.05,17,112,,,,,,,,
"[1, 60, 0]","[0, 60, 4]","[1, 52, 4]","[1, 1962, 4]","[0, 52, 5]","[0, 1500, 10]","[1, 52, 10]","[0, 1500, 10]","[1, 52, 10]","[0, 664, 10]","[1, 52, 10]","[1, 116, 14]","[1, 144, 16]","[1, 380, 16]","[0, 52, 16]","[0, 52, 16]","[0, 564, 18]","[1, 83, 18]","[0, 83, 18]","[0, 52, 19]",376.6,11.4,19,112,,,,,,,,
"[1, 60, 0]","[0, 60, 4]","[1, 52, 4]","[1, 1962, 4]","[0, 52, 5]","[0, 1500, 11]","[1, 52, 11]","[0, 1500, 11]","[1, 52, 11]","[0, 664, 11]","[1, 52, 11]","[1, 116, 17]","[1, 144, 17]","[1, 380, 17]","[0, 52, 17]","[0, 52, 18]","[0, 52, 18]","[0, 564, 20]","[0, 83, 20]","[1, 83, 20]",376.6,12.35,20,112,,,,,,,,
"[1, 60, 0]","[0, 60, 5]","[1, 52, 5]","[1, 1962, 6]","[0, 52, 7]","[0, 1500, 12]","[1, 52, 12]","[0, 1500, 12]","[1, 52, 12]","[0, 664, 12]","[1, 52, 12]","[1, 116, 18]","[1, 144, 19]","[1, 380, 19]","[0, 52, 19]","[0, 52, 20]","[0, 52, 20]","[0, 564, 21]","[1, 83, 21]","[0, 83, 23]",376.6,13.75,23,112,,,,,,,,
"[1, 60, 0]","[0, 60, 5]","[1, 52, 5]","[1, 1962, 5]","[0, 52, 6]","[0, 1500, 13]","[1, 52, 13]","[0, 1500, 13]","[1, 52, 13]","[0, 664, 13]","[1, 52, 13]","[1, 116, 16]","[0, 52, 17]","[1, 144, 17]","[1, 380, 17]","[0, 52, 18]","[0, 564, 19]","[1, 83, 20]","[0, 83, 20]","[0, 52, 21]",376.6,13.2,21,112,,,,,,,,
"[1, 60, 0]","[0, 60, 3]","[1, 52, 3]","[1, 1962, 4]","[0, 52, 5]","[0, 1500, 9]","[1, 52, 9]","[0, 1500, 9]","[1, 52, 9]","[0, 665, 9]","[1, 52, 9]","[1, 116, 13]","[0, 52, 14]","[1, 144, 14]","[1, 380, 15]","[0, 52, 15]","[0, 564, 15]","[1, 83, 16]","[0, 52, 16]","[0, 83, 17]",376.65,10.2,17,112,,,,,,,,
"[1, 60, 0]","[0, 60, 8]","[1, 52, 8]","[1, 1962, 9]","[0, 52, 9]","[0, 52, 10]","[0, 1500, 14]","[1, 52, 14]","[0, 1500, 14]","[1, 52, 14]","[0, 663, 14]","[1, 52, 14]","[1, 116, 18]","[1, 144, 18]","[1, 380, 18]","[0, 52, 19]","[0, 52, 19]","[0, 52, 19]","[0, 573, 21]","[1, 83, 21]",375.45,14.05,21,112,,,,,,,,
"[1, 60, 0]","[0, 60, 4]","[1, 52, 4]","[1, 1962, 5]","[0, 52, 5]","[0, 52, 5]","[0, 1500, 11]","[1, 52, 11]","[0, 1500, 11]","[1, 52, 11]","[0, 663, 11]","[1, 52, 11]","[1, 116, 15]","[1, 144, 15]","[1, 380, 15]","[0, 52, 16]","[0, 52, 16]","[0, 52, 16]","[0, 564, 17]","[0, 83, 17]",375,10.8,17,112,,,,,,,,
"[1, 60, 0]","[0, 60, 4]","[1, 52, 4]","[1, 1962, 5]","[0, 52, 5]","[0, 1500, 11]","[1, 52, 11]","[0, 1500, 11]","[1, 52, 11]","[0, 663, 11]","[1, 52, 11]","[1, 116, 16]","[1, 144, 17]","[1, 380, 17]","[0, 52, 18]","[0, 52, 18]","[0, 564, 19]","[0, 83, 19]","[1, 83, 20]","[0, 52, 21]",376.55,12.45,21,112,,,,,,,,
"[1, 60, 0]","[0, 60, 3]","[1, 52, 3]","[1, 1962, 4]","[0, 52, 5]","[0, 1500, 10]","[1, 52, 10]","[0, 1500, 10]","[1, 52, 10]","[0, 664, 10]","[1, 52, 10]","[1, 116, 15]","[1, 144, 16]","[0, 52, 16]","[1, 380, 16]","[0, 52, 16]","[0, 52, 17]","[0, 564, 17]","[0, 83, 18]","[1, 83, 18]",376.6,11.2,18,112,,,,,,,,
"[1, 60, 0]","[0, 60, 5]","[1, 52, 5]","[1, 1962, 6]","[0, 52, 7]","[0, 1500, 11]","[1, 52, 11]","[0, 1500, 11]","[1, 52, 11]","[0, 664, 11]","[1, 52, 11]","[1, 116, 15]","[1, 144, 15]","[1, 380, 16]","[0, 52, 16]","[0, 52, 16]","[0, 564, 18]","[0, 83, 18]","[1, 83, 18]","[0, 52, 19]",376.6,12,19,112,,,,,,,,
"[1, 60, 0]","[0, 60, 4]","[1, 52, 4]","[1, 1962, 5]","[0, 52, 6]","[0, 1500, 11]","[1, 52, 11]","[0, 1500, 12]","[1, 52, 12]","[0, 663, 12]","[1, 52, 12]","[1, 116, 15]","[1, 144, 16]","[1, 380, 16]","[0, 52, 16]","[0, 52, 17]","[0, 564, 18]","[0, 83, 19]","[1, 83, 19]","[0, 52, 20]",376.55,12.25,20,112,,,,,,,,
"[1, 60, 0]","[0, 60, 4]","[1, 52, 4]","[1, 1962, 4]","[0, 52, 5]","[0, 1500, 10]","[1, 52, 10]","[0, 1500, 10]","[1, 52, 10]","[0, 664, 10]","[1, 52, 10]","[1, 116, 14]","[1, 144, 14]","[1, 380, 14]","[0, 52, 15]","[0, 52, 15]","[0, 52, 15]","[0, 573, 18]","[1, 83, 18]","[0, 52, 19]",375.5,10.95,19,112,,,,,,,,
"[1, 60, 0]","[0, 60, 4]","[1, 52, 4]","[1, 1962, 5]","[0, 52, 6]","[0, 1500, 10]","[1, 52, 10]","[0, 1500, 11]","[1, 52, 11]","[0, 664, 11]","[1, 52, 11]","[1, 116, 13]","[1, 144, 14]","[1, 380, 14]","[0, 52, 14]","[0, 52, 14]","[0, 52, 15]","[0, 595, 16]","[1, 83, 16]","[0, 52, 17]",376.6,10.8,17,112,,,,,,,,
"[1, 60, 0]","[0, 60, 3]","[1, 52, 3]","[1, 1962, 4]","[0, 52, 4]","[0, 52, 5]","[0, 1500, 8]","[1, 52, 9]","[0, 1500, 9]","[1, 52, 9]","[0, 665, 9]","[1, 52, 9]","[1, 116, 12]","[1, 144, 12]","[1, 380, 12]","[0, 52, 12]","[0, 52, 13]","[0, 52, 13]","[0, 564, 15]","[1, 83, 15]",375.1,8.8,15,112,,,,,,,,
"[1, 60, 0]","[0, 60, 4]","[1, 52, 4]","[1, 1962, 4]","[0, 52, 5]","[0, 1500, 9]","[1, 52, 9]","[0, 1500, 9]","[1, 52, 9]","[0, 664, 9]","[1, 52, 9]","[1, 116, 12]","[1, 144, 13]","[0, 52, 13]","[1, 380, 13]","[0, 52, 14]","[0, 52, 14]","[0, 564, 15]","[1, 83, 15]","[0, 83, 15]",376.6,9.75,15,112,,,,,,,,
"[1, 60, 0]","[0, 60, 6]","[1, 52, 6]","[1, 1962, 7]","[0, 52, 7]","[0, 52, 7]","[0, 1500, 12]","[1, 52, 13]","[0, 1500, 13]","[1, 52, 13]","[0, 664, 13]","[1, 52, 13]","[1, 116, 20]","[0, 52, 21]","[1, 144, 22]","[1, 380, 22]","[0, 52, 23]","[0, 564, 23]","[0, 83, 25]","[1, 83, 25]",376.6,14.55,25,112,,,,,,,,
"[1, 60, 0]","[0, 60, 4]","[1, 52, 4]","[1, 1962, 5]","[0, 52, 6]","[0, 1500, 11]","[1, 52, 11]","[0, 1500, 12]","[1, 52, 12]","[0, 665, 12]","[1, 52, 12]","[1, 116, 15]","[1, 144, 15]","[1, 380, 15]","[0, 52, 16]","[0, 573, 18]","[1, 83, 19]","[0, 52, 20]","[0, 1500, 26]","[0, 1261, 26]",508.4,12.95,26,112,,,,,,,,
"[1, 60, 0]","[0, 60, 5]","[1, 52, 5]","[1, 1962, 5]","[0, 52, 6]","[0, 52, 6]","[0, 1500, 12]","[1, 52, 12]","[0, 1500, 12]","[1, 52, 12]","[0, 664, 12]","[1, 52, 12]","[1, 116, 17]","[1, 144, 18]","[1, 380, 18]","[0, 52, 18]","[0, 52, 19]","[0, 564, 22]","[1, 83, 22]","[0, 52, 23]",375.05,12.8,23,112,,,,,,,,
"[1, 60, 0]","[0, 60, 6]","[1, 52, 6]","[1, 1962, 7]","[0, 52, 8]","[0, 52, 8]","[0, 1500, 15]","[1, 52, 15]","[0, 1500, 15]","[1, 52, 15]","[0, 664, 15]","[1, 52, 15]","[1, 116, 20]","[1, 144, 20]","[1, 380, 21]","[0, 52, 21]","[0, 52, 21]","[0, 52, 21]","[0, 564, 24]","[1, 83, 24]",375.05,14.85,24,112,,,,,,,,
"[1, 60, 0]","[0, 60, 5]","[1, 52, 5]","[1, 1962, 5]","[0, 52, 6]","[0, 1500, 10]","[1, 52, 10]","[0, 1500, 10]","[1, 52, 10]","[0, 663, 10]","[1, 52, 10]","[1, 116, 15]","[1, 144, 15]","[1, 380, 15]","[0, 52, 17]","[0, 52, 17]","[0, 573, 18]","[1, 83, 19]","[0, 52, 19]","[0, 258, 26]",385.75,12.1,26,112,,,,,,,,
"[1, 60, 0]","[0, 60, 5]","[1, 52, 5]","[1, 1962, 6]","[0, 52, 7]","[0, 52, 7]","[0, 1500, 13]","[1, 52, 13]","[0, 1500, 13]","[1, 52, 13]","[0, 664, 13]","[1, 52, 13]","[1, 116, 18]","[1, 144, 19]","[1, 380, 19]","[0, 52, 19]","[0, 52, 20]","[0, 564, 21]","[0, 83, 21]","[1, 83, 22]",376.6,13.35,22,112,,,,,,,,
"[1, 60, 0]","[0, 60, 4]","[1, 52, 4]","[1, 1962, 5]","[0, 52, 6]","[0, 52, 6]","[0, 1500, 10]","[1, 52, 10]","[0, 1500, 11]","[1, 52, 11]","[0, 665, 11]","[1, 52, 11]","[1, 116, 13]","[1, 144, 14]","[1, 380, 14]","[0, 52, 15]","[0, 52, 15]","[0, 52, 15]","[0, 564, 16]","[0, 83, 16]",375.1,10.35,16,112,,,,,,,,
"[1, 60, 0]","[0, 60, 17]","[1, 52, 17]","[1, 1962, 18]","[0, 52, 24]","[0, 52, 24]","[0, 1500, 34]","[1, 52, 35]","[0, 1500, 35]","[1, 52, 35]","[0, 664, 35]","[1, 52, 35]","[1, 116, 41]","[1, 144, 42]","[1, 380, 43]","[0, 52, 45]","[0, 52, 45]","[0, 52, 46]","[0, 564, 51]","[0, 83, 51]",375.05,33.65,51,112,,,,,,,,
"[1, 60, 0]","[0, 60, 4]","[1, 52, 4]","[1, 1962, 4]","[0, 52, 6]","[0, 52, 6]","[0, 1500, 10]","[1, 52, 10]","[0, 1500, 10]","[1, 52, 10]","[0, 665, 11]","[1, 52, 11]","[1, 116, 13]","[1, 144, 14]","[1, 380, 14]","[0, 52, 15]","[0, 52, 15]","[0, 573, 16]","[1, 83, 17]","[0, 52, 18]",375.55,10.4,18,112,,,,,,,,
"[1, 60, 0]","[0, 60, 3]","[1, 52, 3]","[1, 1962, 3]","[0, 52, 5]","[0, 52, 5]","[0, 1500, 11]","[1, 52, 11]","[0, 1500, 11]","[1, 52, 11]","[0, 664, 11]","[1, 52, 11]","[1, 116, 14]","[1, 144, 15]","[1, 380, 15]","[0, 52, 15]","[0, 52, 15]","[0, 52, 16]","[0, 564, 19]","[0, 83, 19]",375.05,10.65,19,112,,,,,,,,
"[1, 60, 0]","[0, 60, 5]","[1, 52, 5]","[1, 1962, 5]","[0, 52, 6]","[0, 52, 6]","[0, 1500, 14]","[1, 52, 14]","[0, 1500, 15]","[1, 52, 15]","[0, 664, 15]","[1, 52, 15]","[1, 116, 19]","[1, 144, 20]","[1, 380, 20]","[0, 52, 20]","[0, 52, 20]","[0, 52, 20]","[0, 564, 21]","[1, 83, 22]",375.05,13.85,22,112,,,,,,,,
"[1, 60, 0]","[0, 60, 4]","[1, 52, 4]","[1, 1962, 4]","[0, 52, 5]","[0, 1500, 10]","[1, 52, 10]","[0, 1500, 10]","[0, 663, 10]","[1, 52, 10]","[1, 52, 10]","[1, 116, 14]","[1, 144, 15]","[1, 380, 15]","[0, 52, 15]","[0, 52, 15]","[0, 564, 17]","[0, 83, 17]","[1, 83, 17]","[0, 52, 18]",376.55,11,18,112,,,,,,,,
"[1, 60, 0]","[0, 60, 4]","[1, 52, 5]","[1, 1962, 6]","[0, 52, 6]","[0, 1500, 11]","[1, 52, 11]","[0, 1500, 11]","[1, 52, 11]","[0, 663, 11]","[1, 52, 11]","[1, 116, 16]","[1, 144, 17]","[1, 380, 17]","[0, 52, 18]","[0, 52, 19]","[0, 52, 20]","[0, 564, 21]","[0, 83, 21]","[1, 83, 22]",376.55,12.9,22,112,,,,,,,,
"[1, 60, 0]","[0, 60, 4]","[1, 52, 4]","[1, 1962, 5]","[0, 52, 6]","[0, 1500, 12]","[1, 52, 12]","[0, 1500, 12]","[1, 52, 12]","[0, 664, 12]","[1, 52, 12]","[1, 116, 17]","[1, 144, 17]","[1, 380, 17]","[0, 52, 19]","[0, 52, 21]","[0, 573, 22]","[1, 83, 23]","[0, 52, 24]","[0, 259, 31]",385.85,14.1,31,112,,,,,,,,
"[1, 60, 0]","[0, 60, 5]","[1, 52, 5]","[1, 1962, 6]","[0, 52, 6]","[0, 52, 7]","[0, 1500, 11]","[1, 52, 12]","[0, 1500, 12]","[1, 52, 12]","[0, 663, 12]","[1, 52, 12]","[1, 116, 16]","[1, 144, 16]","[1, 380, 16]","[0, 52, 17]","[0, 52, 17]","[0, 564, 18]","[1, 83, 19]","[0, 83, 19]",376.55,11.9,19,112,,,,,,,,
"[1, 60, 0]","[0, 60, 3]","[1, 52, 3]","[1, 1962, 4]","[0, 52, 5]","[0, 1500, 11]","[1, 52, 11]","[0, 1500, 11]","[1, 52, 11]","[0, 665, 11]","[1, 52, 11]","[1, 116, 15]","[1, 144, 15]","[1, 380, 15]","[0, 52, 15]","[0, 52, 16]","[0, 52, 16]","[0, 564, 17]","[1, 83, 17]","[0, 52, 18]",375.1,11.25,18,112,,,,,,,,
"[1, 60, 0]","[0, 60, 3]","[1, 52, 4]","[1, 1962, 4]","[0, 52, 4]","[0, 1500, 9]","[1, 52, 9]","[0, 1500, 9]","[1, 52, 9]","[0, 664, 9]","[1, 52, 9]","[1, 116, 14]","[0, 52, 15]","[1, 144, 15]","[1, 380, 15]","[0, 52, 16]","[0, 52, 16]","[0, 564, 16]","[1, 83, 17]","[0, 52, 17]",375.05,10.5,17,112,,,,,,,,
"[1, 60, 0]","[0, 60, 6]","[1, 52, 6]","[1, 1962, 6]","[0, 52, 8]","[0, 1500, 15]","[1, 52, 15]","[0, 1500, 15]","[0, 665, 15]","[1, 52, 15]","[1, 52, 15]","[1, 116, 21]","[1, 144, 22]","[1, 380, 22]","[0, 52, 22]","[0, 52, 23]","[0, 564, 24]","[1, 83, 25]","[0, 52, 26]","[0, 83, 27]",376.65,16.4,27,112,,,,,,,,
"[1, 60, 0]","[0, 60, 5]","[1, 52, 5]","[1, 1962, 5]","[0, 52, 6]","[0, 1500, 11]","[1, 52, 11]","[0, 1500, 11]","[1, 52, 11]","[0, 663, 11]","[1, 52, 11]","[1, 116, 14]","[1, 144, 15]","[1, 380, 15]","[0, 52, 15]","[0, 52, 15]","[0, 52, 16]","[0, 573, 17]","[1, 83, 17]","[0, 52, 18]",375.45,11.45,18,112,,,,,,,,
"[1, 60, 0]","[0, 60, 4]","[1, 52, 4]","[1, 1962, 4]","[0, 52, 5]","[0, 52, 6]","[0, 1500, 10]","[1, 52, 10]","[0, 1500, 10]","[1, 52, 10]","[0, 664, 10]","[1, 52, 10]","[1, 116, 14]","[1, 144, 15]","[0, 52, 15]","[1, 380, 15]","[0, 52, 16]","[0, 52, 16]","[0, 564, 17]","[1, 83, 18]",375.05,10.45,18,112,,,,,,,,
"[1, 60, 0]","[0, 60, 5]","[1, 52, 5]","[1, 1962, 6]","[0, 52, 7]","[0, 1500, 13]","[1, 52, 13]","[0, 1500, 13]","[1, 52, 13]","[0, 663, 13]","[1, 52, 13]","[1, 116, 19]","[0, 52, 20]","[1, 144, 20]","[1, 380, 20]","[0, 52, 21]","[0, 564, 23]","[0, 83, 24]","[1, 83, 24]","[0, 52, 25]",376.55,14.85,25,112,,,,,,,,
"[1, 60, 0]","[0, 60, 4]","[1, 52, 4]","[1, 1962, 5]","[0, 52, 6]","[0, 52, 6]","[0, 1500, 10]","[1, 52, 10]","[0, 1500, 10]","[1, 52, 10]","[0, 665, 10]","[1, 52, 11]","[1, 116, 14]","[1, 144, 15]","[1, 380, 15]","[0, 52, 15]","[0, 52, 16]","[0, 573, 17]","[1, 83, 18]","[0, 52, 18]",375.55,10.7,18,112,,,,,,,,
"[1, 60, 0]","[0, 60, 4]","[1, 52, 4]","[1, 1962, 4]","[0, 52, 6]","[0, 52, 6]","[0, 1500, 11]","[1, 52, 11]","[0, 1500, 11]","[1, 52, 11]","[0, 665, 12]","[1, 52, 12]","[1, 116, 15]","[1, 144, 16]","[1, 380, 16]","[0, 52, 16]","[0, 52, 16]","[0, 52, 17]","[0, 573, 19]","[1, 83, 20]",375.55,11.35,20,112,,,,,,,,
"[1, 60, 0]","[0, 60, 12]","[1, 52, 12]","[1, 1962, 13]","[0, 52, 20]","[0, 52, 20]","[0, 1500, 28]","[1, 52, 28]","[0, 1500, 28]","[1, 52, 28]","[0, 664, 28]","[1, 52, 28]","[1, 116, 34]","[1, 144, 34]","[1, 380, 35]","[0, 52, 37]","[0, 52, 37]","[0, 52, 37]","[0, 573, 41]","[1, 83, 41]",375.5,27.05,41,112,,,,,,,,
"[1, 60, 0]","[0, 60, 4]","[1, 52, 4]","[1, 1962, 4]","[0, 52, 5]","[0, 1500, 11]","[1, 52, 12]","[0, 1500, 12]","[1, 52, 12]","[0, 664, 12]","[1, 52, 12]","[1, 116, 17]","[1, 144, 17]","[1, 380, 18]","[0, 52, 18]","[0, 52, 18]","[0, 564, 20]","[0, 83, 20]","[1, 83, 20]","[0, 52, 21]",376.6,12.85,21,112,,,,,,,,
"[1, 60, 0]","[0, 60, 6]","[1, 52, 6]","[1, 1962, 6]","[0, 52, 7]","[0, 1500, 12]","[1, 52, 12]","[0, 1500, 12]","[1, 52, 12]","[0, 664, 13]","[1, 52, 13]","[1, 116, 17]","[1, 144, 18]","[1, 380, 18]","[0, 52, 18]","[0, 52, 19]","[0, 564, 20]","[0, 83, 20]","[1, 83, 21]","[0, 52, 21]",376.6,13.55,21,112,,,,,,,,
"[1, 60, 0]","[0, 60, 6]","[1, 52, 6]","[1, 1962, 6]","[0, 52, 8]","[0, 1500, 11]","[1, 52, 12]","[0, 1500, 12]","[1, 52, 12]","[0, 665, 12]","[1, 52, 12]","[1, 116, 15]","[1, 144, 16]","[1, 380, 16]","[0, 52, 16]","[0, 52, 17]","[0, 573, 18]","[1, 83, 19]","[0, 52, 19]","[0, 304, 28]",388.15,13.05,28,112,,,,,,,,
"[1, 60, 0]","[0, 60, 4]","[1, 52, 4]","[1, 1962, 7]","[0, 52, 8]","[0, 1500, 13]","[1, 52, 13]","[0, 1500, 13]","[1, 52, 13]","[0, 663, 13]","[1, 52, 13]","[1, 116, 19]","[1, 144, 19]","[0, 52, 20]","[0, 52, 20]","[1, 380, 21]","[0, 573, 22]","[0, 52, 22]","[1, 83, 23]","[0, 52, 24]",375.45,14.55,24,112,,,,,,,,
"[1, 60, 0]","[0, 60, 4]","[1, 52, 4]","[1, 1962, 5]","[0, 52, 6]","[0, 1500, 11]","[1, 52, 11]","[0, 1500, 11]","[0, 665, 11]","[1, 52, 11]","[1, 52, 11]","[1, 116, 16]","[1, 144, 17]","[1, 380, 17]","[0, 52, 17]","[0, 52, 18]","[0, 52, 18]","[0, 573, 19]","[1, 83, 20]","[0, 52, 21]",375.55,12.4,21,112,,,,,,,,
"[1, 60, 0]","[0, 60, 5]","[1, 52, 5]","[1, 1947, 6]","[0, 52, 7]","[0, 1500, 12]","[1, 52, 12]","[0, 1500, 12]","[1, 52, 12]","[0, 1467, 12]","[1, 52, 12]","[1, 116, 17]","[1, 222, 18]","[1, 415, 18]","[0, 52, 18]","[0, 52, 19]","[0, 595, 20]","[1, 83, 21]","[0, 52, 22]","[0, 1500, 32]",494.05,14,32,111,,,,,,,,
"[1, 60, 0]","[0, 60, 4]","[1, 52, 4]","[1, 1947, 5]","[0, 52, 6]","[0, 52, 6]","[0, 1500, 11]","[1, 52, 11]","[0, 1500, 11]","[1, 52, 11]","[0, 1468, 11]","[1, 52, 11]","[1, 116, 24]","[0, 52, 26]","[1, 222, 27]","[0, 564, 28]","[1, 415, 28]","[1, 83, 28]","[0, 52, 30]","[0, 52, 30]",420.15,15.6,30,111,,,,,,,,
"[1, 60, 0]","[0, 60, 3]","[1, 52, 3]","[1, 1947, 5]","[0, 52, 6]","[0, 52, 6]","[0, 1500, 11]","[1, 52, 11]","[0, 1500, 11]","[1, 52, 11]","[0, 1467, 11]","[1, 52, 11]","[1, 116, 16]","[1, 222, 17]","[1, 415, 17]","[0, 52, 17]","[0, 52, 17]","[0, 52, 17]","[0, 595, 19]","[1, 83, 20]",421.65,11.45,20,111,,,,,,,,
"[1, 60, 0]","[0, 60, 4]","[1, 52, 4]","[1, 1947, 5]","[0, 52, 6]","[0, 1500, 11]","[1, 52, 11]","[0, 1500, 11]","[1, 52, 11]","[0, 1467, 11]","[1, 52, 11]","[1, 116, 15]","[1, 222, 15]","[1, 415, 15]","[0, 52, 16]","[0, 52, 16]","[0, 573, 18]","[1, 83, 18]","[0, 52, 19]","[0, 258, 25]",430.85,12.1,25,111,,,,,,,,
"[1, 60, 0]","[0, 60, 4]","[1, 52, 5]","[1, 1947, 6]","[0, 52, 7]","[0, 52, 7]","[0, 1500, 12]","[1, 52, 12]","[0, 1500, 12]","[1, 52, 12]","[0, 1468, 12]","[1, 52, 12]","[1, 116, 15]","[1, 222, 15]","[1, 415, 15]","[0, 52, 16]","[0, 573, 18]","[1, 83, 19]","[0, 52, 19]","[0, 304, 26]",433.2,12.2,26,111,,,,,,,,
"[1, 60, 0]","[0, 60, 4]","[1, 52, 5]","[1, 1947, 6]","[0, 52, 7]","[0, 1500, 11]","[1, 52, 12]","[0, 1500, 12]","[1, 52, 12]","[0, 1468, 12]","[1, 52, 12]","[1, 116, 18]","[1, 222, 19]","[1, 415, 19]","[0, 52, 20]","[0, 52, 20]","[0, 564, 21]","[0, 83, 21]","[1, 83, 22]","[0, 52, 23]",421.7,13.8,23,111,,,,,,,,
"[1, 60, 0]","[0, 60, 4]","[1, 52, 4]","[1, 1947, 5]","[0, 52, 6]","[0, 52, 6]","[0, 1500, 11]","[1, 52, 11]","[0, 1500, 11]","[1, 52, 11]","[0, 1467, 11]","[1, 52, 11]","[1, 116, 18]","[1, 222, 18]","[1, 415, 18]","[0, 52, 19]","[0, 52, 20]","[0, 52, 20]","[0, 573, 21]","[1, 83, 21]",420.55,12.3,21,111,,,,,,,,
"[1, 60, 0]","[0, 60, 4]","[1, 52, 4]","[1, 1947, 5]","[0, 52, 5]","[0, 52, 5]","[0, 1500, 10]","[1, 52, 10]","[0, 1500, 10]","[1, 52, 10]","[0, 1467, 10]","[1, 52, 10]","[1, 116, 14]","[1, 222, 14]","[1, 415, 14]","[0, 52, 14]","[0, 52, 15]","[0, 52, 15]","[0, 564, 16]","[1, 83, 16]",420.1,10.05,16,111,,,,,,,,
"[1, 60, 0]","[0, 60, 5]","[1, 52, 5]","[1, 1947, 6]","[0, 52, 9]","[0, 52, 9]","[0, 1500, 14]","[1, 52, 14]","[0, 1500, 14]","[1, 52, 14]","[0, 1468, 14]","[1, 52, 14]","[1, 116, 17]","[1, 222, 18]","[1, 415, 18]","[0, 52, 19]","[0, 52, 20]","[0, 52, 20]","[0, 573, 22]","[1, 83, 22]",420.6,13.7,22,111,,,,,,,,
"[1, 60, 0]","[0, 60, 9]","[1, 52, 9]","[1, 1947, 10]","[0, 52, 11]","[0, 1500, 16]","[1, 52, 16]","[0, 1500, 16]","[1, 52, 17]","[0, 1467, 17]","[1, 52, 17]","[1, 116, 22]","[1, 222, 22]","[1, 415, 22]","[0, 52, 23]","[0, 52, 23]","[0, 52, 23]","[0, 564, 25]","[0, 83, 25]","[1, 83, 26]",421.65,17.45,26,111,,,,,,,,
"[1, 60, 0]","[0, 60, 5]","[1, 52, 5]","[1, 1947, 5]","[0, 52, 6]","[0, 1500, 12]","[1, 52, 12]","[0, 1500, 12]","[1, 52, 12]","[0, 1467, 12]","[1, 52, 12]","[1, 116, 17]","[1, 222, 17]","[1, 415, 17]","[0, 52, 18]","[0, 52, 18]","[0, 52, 18]","[0, 595, 19]","[1, 83, 20]","[0, 52, 20]",421.65,12.85,20,111,,,,,,,,
"[1, 60, 0]","[0, 60, 5]","[1, 52, 5]","[1, 1947, 5]","[0, 52, 6]","[0, 52, 6]","[0, 1500, 11]","[1, 52, 11]","[0, 1500, 11]","[1, 52, 11]","[0, 1466, 11]","[1, 52, 11]","[1, 116, 14]","[1, 222, 15]","[1, 415, 15]","[0, 52, 15]","[0, 52, 16]","[0, 52, 17]","[0, 564, 18]","[1, 83, 18]",420.05,11.05,18,111,,,,,,,,
"[1, 60, 0]","[0, 60, 4]","[1, 52, 4]","[1, 1947, 5]","[0, 52, 5]","[0, 1500, 10]","[1, 52, 10]","[0, 1500, 10]","[1, 52, 10]","[0, 1466, 10]","[1, 52, 10]","[1, 116, 13]","[1, 222, 13]","[1, 415, 13]","[0, 52, 14]","[0, 52, 14]","[0, 52, 15]","[0, 564, 16]","[0, 83, 16]","[1, 83, 17]",421.6,10.45,17,111,,,,,,,,
"[1, 60, 0]","[0, 60, 4]","[1, 52, 4]","[1, 1947, 6]","[0, 52, 7]","[0, 1500, 11]","[1, 52, 11]","[0, 1500, 11]","[1, 52, 11]","[0, 1467, 12]","[1, 52, 12]","[1, 116, 16]","[0, 52, 17]","[0, 564, 19]","[1, 222, 30]","[1, 415, 30]","[1, 83, 31]","[0, 52, 32]","[0, 83, 34]","[0, 258, 55]",431.95,17.65,55,111,,,,,,,,
"[1, 60, 0]","[0, 60, 4]","[1, 52, 5]","[1, 1947, 6]","[0, 52, 7]","[0, 1500, 11]","[1, 52, 11]","[0, 1500, 11]","[1, 52, 11]","[0, 1467, 11]","[1, 52, 11]","[1, 116, 15]","[1, 222, 16]","[1, 415, 16]","[0, 52, 16]","[0, 52, 16]","[0, 573, 19]","[1, 83, 19]","[0, 52, 20]","[0, 258, 25]",430.85,12.5,25,111,,,,,,,,
"[1, 60, 0]","[0, 60, 3]","[1, 52, 3]","[1, 1947, 5]","[0, 52, 6]","[0, 1500, 10]","[1, 52, 10]","[0, 1500, 10]","[0, 1467, 10]","[1, 52, 10]","[1, 52, 10]","[1, 116, 14]","[1, 222, 14]","[1, 415, 14]","[0, 52, 15]","[0, 52, 15]","[0, 52, 15]","[0, 564, 16]","[0, 83, 16]","[1, 83, 17]",421.65,10.65,17,111,,,,,,,,
"[1, 60, 0]","[0, 60, 3]","[1, 52, 3]","[1, 1947, 4]","[0, 52, 5]","[0, 1500, 9]","[1, 52, 9]","[0, 1500, 9]","[1, 52, 9]","[0, 1467, 9]","[1, 52, 9]","[1, 116, 12]","[1, 222, 12]","[1, 415, 13]","[0, 52, 13]","[0, 52, 13]","[0, 573, 15]","[1, 83, 15]","[0, 52, 16]","[0, 258, 26]",430.85,10.2,26,111,,,,,,,,
"[1, 60, 0]","[0, 60, 4]","[1, 52, 4]","[1, 1947, 4]","[0, 52, 5]","[0, 52, 5]","[0, 1500, 10]","[1, 52, 10]","[0, 1500, 10]","[1, 52, 10]","[0, 1468, 10]","[1, 52, 10]","[1, 116, 14]","[1, 222, 14]","[0, 52, 14]","[1, 415, 15]","[0, 52, 15]","[0, 564, 17]","[1, 83, 17]","[0, 83, 18]",421.7,10.3,18,111,,,,,,,,
"[1, 60, 0]","[0, 60, 3]","[1, 52, 4]","[1, 1947, 4]","[0, 52, 5]","[0, 52, 5]","[0, 1500, 10]","[1, 52, 10]","[0, 1500, 10]","[1, 52, 10]","[0, 1468, 10]","[1, 52, 10]","[1, 116, 14]","[1, 222, 15]","[1, 415, 15]","[0, 52, 15]","[0, 52, 15]","[0, 52, 15]","[0, 564, 17]","[0, 83, 17]",420.15,10.2,17,111,,,,,,,,
"[1, 60, 0]","[0, 60, 3]","[1, 52, 3]","[1, 1947, 4]","[0, 52, 4]","[0, 52, 5]","[0, 1500, 9]","[1, 52, 9]","[0, 1500, 10]","[1, 52, 10]","[0, 1467, 10]","[1, 52, 10]","[1, 116, 13]","[1, 222, 13]","[1, 415, 13]","[0, 52, 13]","[0, 52, 14]","[0, 52, 14]","[0, 564, 15]","[1, 83, 16]",420.1,9.4,16,111,,,,,,,,
"[1, 60, 0]","[0, 60, 4]","[1, 52, 4]","[1, 1947, 5]","[0, 52, 6]","[0, 1500, 10]","[1, 52, 10]","[0, 1500, 10]","[1, 52, 10]","[0, 1466, 10]","[1, 52, 10]","[1, 116, 13]","[1, 222, 13]","[1, 415, 13]","[0, 52, 14]","[0, 52, 14]","[0, 52, 15]","[0, 573, 16]","[1, 83, 17]","[0, 52, 17]",420.5,10.55,17,111,,,,,,,,
"[1, 60, 0]","[0, 60, 5]","[1, 52, 5]","[1, 1947, 6]","[0, 52, 6]","[0, 52, 7]","[0, 1500, 12]","[1, 52, 12]","[0, 1500, 12]","[1, 52, 12]","[0, 1467, 13]","[1, 52, 13]","[1, 116, 19]","[1, 222, 20]","[1, 415, 20]","[0, 52, 21]","[0, 564, 21]","[0, 52, 21]","[1, 83, 22]","[0, 83, 23]",421.65,13.5,23,111,,,,,,,,
"[1, 60, 0]","[0, 60, 4]","[1, 52, 4]","[1, 1947, 5]","[0, 52, 6]","[0, 1500, 11]","[1, 52, 11]","[0, 1500, 11]","[1, 52, 11]","[0, 1467, 11]","[1, 52, 11]","[1, 116, 16]","[1, 222, 17]","[1, 415, 17]","[0, 52, 18]","[0, 52, 18]","[0, 564, 19]","[0, 83, 20]","[1, 83, 20]","[0, 52, 21]",421.65,12.55,21,111,,,,,,,,
"[1, 60, 0]","[0, 60, 4]","[1, 52, 4]","[1, 1947, 5]","[0, 52, 6]","[0, 52, 6]","[0, 1500, 11]","[1, 52, 11]","[0, 1500, 11]","[1, 52, 11]","[0, 1467, 11]","[1, 52, 11]","[1, 116, 16]","[1, 222, 17]","[1, 415, 17]","[0, 52, 17]","[0, 52, 18]","[0, 52, 18]","[0, 564, 19]","[0, 83, 19]",420.1,11.6,19,111,,,,,,,,
"[1, 60, 0]","[0, 60, 4]","[1, 52, 4]","[1, 1947, 5]","[0, 52, 6]","[0, 1500, 10]","[1, 52, 11]","[0, 1500, 11]","[1, 52, 11]","[0, 1468, 11]","[1, 52, 11]","[1, 116, 15]","[1, 222, 15]","[1, 415, 15]","[0, 52, 16]","[0, 52, 16]","[0, 52, 16]","[0, 564, 19]","[0, 83, 19]","[1, 83, 19]",421.7,11.7,19,111,,,,,,,,
"[1, 60, 0]","[0, 60, 4]","[1, 52, 4]","[1, 1947, 5]","[0, 52, 6]","[0, 1500, 12]","[1, 52, 12]","[0, 1500, 12]","[1, 52, 12]","[0, 1467, 12]","[1, 52, 12]","[1, 116, 16]","[1, 222, 17]","[1, 415, 17]","[0, 52, 17]","[0, 52, 18]","[0, 564, 19]","[1, 83, 20]","[0, 83, 20]","[0, 52, 21]",421.65,12.8,21,111,,,,,,,,
"[1, 60, 0]","[0, 60, 4]","[1, 52, 4]","[1, 1947, 5]","[0, 52, 6]","[0, 1500, 11]","[1, 52, 11]","[0, 1500, 11]","[1, 52, 11]","[0, 1466, 11]","[1, 52, 11]","[1, 116, 17]","[1, 222, 17]","[1, 415, 17]","[0, 52, 18]","[0, 52, 18]","[0, 573, 19]","[1, 83, 20]","[0, 52, 21]","[0, 258, 26]",430.8,12.9,26,111,,,,,,,,
"[1, 60, 0]","[0, 60, 5]","[1, 52, 5]","[1, 1947, 6]","[0, 52, 6]","[0, 1500, 11]","[1, 52, 11]","[0, 1500, 11]","[1, 52, 11]","[0, 1467, 11]","[1, 52, 11]","[1, 116, 16]","[1, 222, 17]","[1, 415, 17]","[0, 52, 17]","[0, 52, 18]","[0, 564, 20]","[0, 83, 20]","[1, 83, 20]","[0, 52, 21]",421.65,12.7,21,111,,,,,,,,
"[1, 60, 0]","[0, 60, 5]","[1, 52, 5]","[1, 1947, 6]","[0, 52, 8]","[0, 1500, 12]","[1, 52, 12]","[0, 1500, 12]","[1, 52, 12]","[0, 1467, 13]","[1, 52, 13]","[1, 116, 18]","[1, 222, 19]","[1, 415, 19]","[0, 52, 20]","[0, 573, 22]","[1, 83, 22]","[0, 52, 24]","[0, 258, 29]","[0, 1500, 29]",503.25,15,29,111,,,,,,,,
"[1, 60, 0]","[0, 60, 4]","[1, 52, 4]","[1, 1947, 5]","[0, 52, 7]","[0, 1500, 13]","[1, 52, 13]","[0, 1500, 14]","[1, 52, 14]","[0, 1468, 14]","[1, 52, 14]","[1, 116, 16]","[1, 222, 17]","[1, 415, 17]","[0, 52, 17]","[0, 52, 17]","[0, 573, 19]","[1, 83, 20]","[0, 52, 21]","[0, 304, 28]",433.2,13.7,28,111,,,,,,,,
"[1, 60, 0]","[0, 60, 4]","[1, 52, 4]","[1, 1947, 5]","[0, 52, 6]","[0, 1500, 11]","[1, 52, 11]","[0, 1500, 11]","[1, 52, 11]","[0, 1467, 11]","[1, 52, 11]","[1, 116, 15]","[1, 222, 15]","[1, 415, 15]","[0, 52, 16]","[0, 52, 16]","[0, 564, 17]","[0, 83, 17]","[1, 83, 18]","[0, 52, 18]",421.65,11.6,18,111,,,,,,,,
"[1, 60, 0]","[0, 60, 5]","[1, 52, 5]","[1, 1947, 5]","[0, 52, 7]","[0, 1500, 11]","[1, 52, 11]","[0, 1500, 11]","[1, 52, 11]","[0, 1468, 11]","[1, 52, 11]","[1, 116, 13]","[1, 222, 14]","[1, 415, 14]","[0, 52, 15]","[0, 52, 15]","[0, 52, 15]","[0, 573, 17]","[1, 83, 17]","[0, 52, 18]",420.6,11.3,18,111,,,,,,,,
"[1, 60, 0]","[0, 60, 4]","[1, 52, 4]","[1, 1947, 5]","[0, 52, 6]","[0, 52, 6]","[0, 1500, 10]","[1, 52, 11]","[0, 1500, 11]","[1, 52, 11]","[0, 1467, 11]","[1, 52, 11]","[1, 116, 16]","[1, 222, 17]","[1, 415, 17]","[0, 52, 17]","[0, 52, 18]","[0, 52, 18]","[0, 564, 20]","[0, 83, 20]",420.1,11.65,20,111,,,,,,,,
"[1, 60, 0]","[0, 60, 4]","[1, 52, 4]","[1, 1947, 5]","[0, 52, 6]","[0, 52, 7]","[0, 1500, 12]","[1, 52, 12]","[0, 1500, 12]","[1, 52, 12]","[0, 1468, 12]","[1, 52, 12]","[1, 116, 15]","[1, 222, 16]","[1, 415, 16]","[0, 52, 16]","[0, 52, 16]","[0, 52, 16]","[0, 564, 18]","[1, 83, 18]",420.15,11.45,18,111,,,,,,,,
"[1, 60, 0]","[0, 60, 5]","[1, 52, 5]","[1, 1947, 5]","[0, 52, 6]","[0, 52, 6]","[0, 1500, 12]","[1, 52, 12]","[0, 1500, 13]","[1, 52, 13]","[0, 1467, 13]","[1, 52, 13]","[1, 116, 16]","[1, 222, 16]","[1, 415, 16]","[0, 52, 17]","[0, 52, 17]","[0, 52, 17]","[0, 564, 19]","[0, 83, 19]",420.1,12,19,111,,,,,,,,
"[1, 60, 0]","[0, 60, 6]","[1, 52, 6]","[1, 1947, 7]","[0, 52, 8]","[0, 1500, 13]","[1, 52, 14]","[0, 1500, 14]","[1, 52, 14]","[0, 1468, 14]","[1, 52, 14]","[1, 116, 18]","[1, 222, 19]","[1, 415, 19]","[0, 52, 19]","[0, 52, 20]","[0, 564, 21]","[1, 83, 21]","[0, 83, 22]","[0, 52, 22]",421.7,14.55,22,111,,,,,,,,
"[1, 60, 0]","[0, 60, 4]","[1, 52, 4]","[1, 1947, 5]","[0, 52, 6]","[0, 52, 7]","[0, 1500, 10]","[1, 52, 10]","[0, 1500, 10]","[1, 52, 10]","[0, 1468, 10]","[1, 52, 10]","[1, 116, 15]","[0, 52, 16]","[1, 222, 16]","[1, 415, 16]","[0, 52, 17]","[0, 52, 17]","[0, 564, 18]","[1, 83, 18]",420.15,10.95,18,111,,,,,,,,
"[1, 60, 0]","[0, 60, 3]","[1, 52, 3]","[1, 1947, 4]","[0, 52, 5]","[0, 1500, 10]","[1, 52, 10]","[0, 1500, 10]","[1, 52, 10]","[0, 1466, 10]","[1, 52, 10]","[1, 116, 14]","[1, 222, 15]","[1, 415, 15]","[0, 52, 15]","[0, 52, 16]","[0, 564, 17]","[0, 83, 17]","[1, 83, 17]","[0, 52, 18]",421.6,10.95,18,111,,,,,,,,
"[1, 60, 0]","[0, 60, 4]","[1, 52, 4]","[1, 1947, 5]","[0, 52, 6]","[0, 52, 7]","[0, 1500, 11]","[1, 52, 11]","[0, 1500, 11]","[1, 52, 11]","[0, 1468, 11]","[1, 52, 11]","[1, 116, 15]","[1, 222, 16]","[0, 52, 16]","[1, 415, 16]","[0, 52, 18]","[0, 52, 18]","[0, 564, 18]","[1, 83, 19]",420.15,11.4,19,111,,,,,,,,
"[1, 60, 0]","[0, 60, 4]","[1, 52, 4]","[1, 1947, 5]","[0, 52, 6]","[0, 52, 6]","[0, 1500, 10]","[1, 52, 10]","[0, 1500, 10]","[1, 52, 10]","[0, 1467, 10]","[1, 52, 10]","[1, 116, 13]","[1, 222, 13]","[1, 415, 13]","[0, 52, 14]","[0, 52, 14]","[0, 52, 14]","[0, 564, 16]","[0, 83, 16]",420.1,9.9,16,111,,,,,,,,
"[1, 60, 0]","[0, 60, 4]","[1, 52, 4]","[1, 1947, 6]","[0, 52, 7]","[0, 1500, 12]","[1, 52, 12]","[0, 1500, 12]","[1, 52, 12]","[0, 1467, 12]","[1, 52, 12]","[1, 116, 16]","[1, 222, 17]","[1, 415, 17]","[0, 52, 17]","[0, 52, 17]","[0, 564, 19]","[0, 83, 19]","[1, 83, 19]","[0, 52, 20]",421.65,12.7,20,111,,,,,,,,
"[1, 60, 0]","[0, 60, 3]","[1, 52, 3]","[1, 1947, 4]","[0, 52, 5]","[0, 52, 5]","[0, 1500, 9]","[1, 52, 9]","[0, 1500, 9]","[1, 52, 9]","[0, 1467, 9]","[1, 52, 9]","[1, 116, 13]","[1, 222, 13]","[1, 415, 13]","[0, 52, 14]","[0, 52, 14]","[0, 52, 15]","[0, 564, 16]","[0, 83, 16]",420.1,9.4,16,111,,,,,,,,
"[1, 60, 0]","[0, 60, 3]","[1, 52, 3]","[1, 1947, 4]","[0, 52, 4]","[0, 1500, 8]","[1, 52, 8]","[0, 1500, 8]","[1, 52, 8]","[0, 1467, 8]","[1, 52, 8]","[1, 116, 11]","[1, 222, 12]","[1, 415, 12]","[0, 52, 12]","[0, 52, 13]","[0, 52, 13]","[0, 564, 14]","[1, 83, 15]","[0, 83, 15]",421.65,8.95,15,111,,,,,,,,
"[1, 60, 0]","[0, 60, 5]","[1, 52, 5]","[1, 1947, 5]","[0, 52, 6]","[0, 1500, 10]","[1, 52, 10]","[0, 1500, 11]","[1, 52, 11]","[0, 1466, 11]","[1, 52, 11]","[1, 116, 15]","[1, 222, 15]","[1, 415, 15]","[0, 52, 16]","[0, 52, 16]","[0, 52, 16]","[0, 573, 18]","[1, 83, 18]","[0, 52, 19]",420.5,11.65,19,111,,,,,,,,
"[1, 60, 0]","[0, 60, 4]","[1, 52, 4]","[1, 1947, 5]","[0, 52, 6]","[0, 52, 6]","[0, 1500, 11]","[1, 52, 11]","[0, 1500, 11]","[1, 52, 11]","[0, 1467, 11]","[1, 52, 11]","[1, 116, 15]","[1, 222, 16]","[1, 415, 16]","[0, 52, 16]","[0, 52, 17]","[0, 52, 17]","[0, 564, 18]","[0, 83, 18]",420.1,11.2,18,111,,,,,,,,
"[1, 60, 0]","[0, 60, 3]","[1, 52, 3]","[1, 1947, 3]","[0, 52, 4]","[0, 52, 4]","[0, 1500, 9]","[1, 52, 9]","[0, 1500, 9]","[1, 52, 9]","[0, 1468, 9]","[1, 52, 9]","[1, 116, 12]","[1, 222, 12]","[1, 415, 13]","[0, 52, 13]","[0, 52, 14]","[0, 573, 15]","[1, 83, 15]","[0, 52, 16]",420.6,9.05,16,111,,,,,,,,
"[1, 60, 0]","[0, 60, 6]","[1, 52, 6]","[1, 1947, 7]","[0, 52, 8]","[0, 52, 8]","[0, 1500, 12]","[1, 52, 12]","[0, 1500, 12]","[1, 52, 12]","[0, 1467, 12]","[1, 52, 12]","[1, 116, 16]","[1, 222, 16]","[1, 415, 17]","[0, 52, 17]","[0, 52, 17]","[0, 52, 17]","[0, 564, 18]","[1, 83, 19]",420.1,12.2,19,111,,,,,,,,
"[1, 60, 0]","[0, 60, 3]","[1, 52, 4]","[1, 1947, 4]","[0, 52, 5]","[0, 1500, 9]","[1, 52, 9]","[0, 1500, 9]","[1, 52, 9]","[0, 1467, 9]","[1, 52, 9]","[1, 116, 13]","[1, 222, 14]","[1, 415, 14]","[0, 52, 14]","[0, 52, 14]","[0, 52, 14]","[0, 595, 17]","[1, 83, 17]","[0, 52, 18]",421.65,10.25,18,111,,,,,,,,
"[1, 60, 0]","[0, 60, 4]","[1, 52, 4]","[1, 1947, 5]","[0, 52, 6]","[0, 52, 6]","[0, 1500, 12]","[1, 52, 12]","[0, 1500, 12]","[1, 52, 12]","[0, 1468, 12]","[1, 52, 12]","[1, 116, 14]","[1, 222, 15]","[1, 415, 15]","[0, 52, 16]","[0, 52, 16]","[0, 573, 19]","[1, 83, 19]","[0, 52, 20]",420.6,11.55,20,111,,,,,,,,
"[1, 60, 0]","[0, 60, 7]","[1, 52, 7]","[1, 1947, 7]","[0, 52, 8]","[0, 52, 8]","[0, 1500, 14]","[1, 52, 14]","[0, 1500, 14]","[1, 52, 14]","[0, 1466, 14]","[1, 52, 14]","[1, 116, 17]","[1, 222, 17]","[1, 415, 17]","[0, 52, 18]","[0, 52, 19]","[0, 52, 19]","[0, 573, 22]","[1, 83, 22]",420.5,13.6,22,111,,,,,,,,
"[1, 60, 0]","[0, 60, 4]","[1, 52, 4]","[1, 1947, 5]","[0, 52, 6]","[0, 52, 6]","[0, 1500, 11]","[1, 52, 12]","[0, 1500, 12]","[1, 52, 12]","[0, 1468, 12]","[1, 52, 12]","[1, 116, 15]","[1, 222, 16]","[1, 415, 16]","[0, 52, 16]","[0, 52, 16]","[0, 595, 18]","[1, 83, 19]","[0, 52, 20]",421.7,11.6,20,111,,,,,,,,
"[1, 60, 0]","[0, 60, 7]","[1, 52, 7]","[1, 1947, 8]","[0, 52, 9]","[0, 1500, 15]","[1, 52, 15]","[0, 1500, 15]","[1, 52, 15]","[0, 1467, 15]","[1, 52, 15]","[1, 116, 18]","[1, 222, 18]","[1, 415, 18]","[0, 52, 18]","[0, 52, 18]","[0, 595, 21]","[1, 83, 21]","[0, 52, 22]","[0, 1500, 37]",494.05,15.6,37,111,,,,,,,,
"[1, 60, 0]","[0, 60, 4]","[1, 52, 4]","[1, 1947, 5]","[0, 52, 6]","[0, 52, 6]","[0, 1500, 10]","[1, 52, 10]","[0, 1500, 10]","[1, 52, 10]","[0, 1467, 10]","[1, 52, 10]","[1, 116, 14]","[1, 222, 14]","[1, 415, 14]","[0, 52, 15]","[0, 52, 15]","[0, 573, 17]","[1, 83, 17]","[0, 52, 18]",420.55,10.45,18,111,,,,,,,,
"[1, 60, 0]","[0, 60, 4]","[1, 52, 4]","[1, 1947, 4]","[0, 52, 5]","[0, 52, 5]","[0, 1500, 10]","[1, 52, 10]","[0, 1500, 11]","[1, 52, 11]","[0, 1466, 11]","[1, 52, 11]","[1, 116, 13]","[1, 222, 14]","[1, 415, 14]","[0, 52, 14]","[0, 52, 14]","[0, 52, 14]","[0, 564, 16]","[0, 83, 16]",420.05,10.05,16,111,,,,,,,,
"[1, 60, 0]","[0, 60, 32]","[1, 52, 32]","[1, 1947, 33]","[0, 52, 34]","[0, 52, 34]","[0, 1500, 38]","[1, 52, 38]","[0, 1500, 38]","[1, 52, 38]","[0, 1467, 38]","[1, 52, 38]","[1, 116, 42]","[1, 222, 42]","[1, 415, 42]","[0, 52, 43]","[0, 52, 43]","[0, 52, 43]","[0, 564, 45]","[0, 83, 45]",420.1,36.9,45,111,,,,,,,,
"[1, 60, 0]","[0, 60, 4]","[1, 52, 4]","[1, 1947, 6]","[0, 52, 7]","[0, 1500, 14]","[1, 52, 14]","[0, 1500, 14]","[1, 52, 14]","[0, 1468, 14]","[1, 52, 14]","[1, 116, 18]","[1, 222, 18]","[1, 415, 18]","[0, 52, 19]","[0, 52, 19]","[0, 52, 19]","[0, 564, 21]","[1, 83, 22]","[0, 83, 23]",421.7,14.1,23,111,,,,,,,,
"[1, 60, 0]","[0, 60, 4]","[1, 52, 5]","[1, 1947, 5]","[0, 52, 6]","[0, 52, 6]","[0, 1500, 11]","[1, 52, 11]","[0, 1500, 11]","[1, 52, 11]","[0, 1467, 11]","[1, 52, 11]","[1, 116, 17]","[1, 222, 17]","[1, 415, 17]","[0, 52, 18]","[0, 52, 18]","[0, 564, 19]","[0, 83, 19]","[1, 83, 20]",421.65,11.85,20,111,,,,,,,,
"[1, 60, 0]","[0, 60, 4]","[1, 52, 4]","[1, 1947, 5]","[0, 52, 6]","[0, 52, 6]","[0, 1500, 11]","[1, 52, 11]","[0, 1500, 11]","[1, 52, 11]","[0, 1466, 11]","[1, 52, 11]","[1, 116, 13]","[1, 222, 14]","[1, 415, 14]","[0, 52, 15]","[0, 52, 15]","[0, 52, 17]","[0, 573, 18]","[1, 83, 18]",420.5,10.75,18,111,,,,,,,,
"[1, 60, 0]","[0, 60, 4]","[1, 52, 4]","[1, 1947, 5]","[0, 52, 6]","[0, 52, 6]","[0, 1500, 11]","[1, 52, 11]","[0, 1500, 11]","[1, 52, 11]","[0, 1466, 11]","[1, 52, 11]","[1, 116, 15]","[1, 222, 15]","[0, 52, 16]","[1, 415, 16]","[0, 52, 17]","[0, 52, 17]","[0, 564, 18]","[0, 83, 18]",420.05,11.15,18,111,,,,,,,,
"[1, 60, 0]","[0, 60, 5]","[1, 52, 5]","[1, 1947, 6]","[0, 52, 6]","[0, 52, 6]","[0, 1500, 12]","[1, 52, 12]","[0, 1500, 12]","[1, 52, 12]","[0, 1467, 12]","[1, 52, 12]","[1, 116, 15]","[1, 222, 15]","[1, 415, 15]","[0, 52, 15]","[0, 52, 15]","[0, 52, 15]","[0, 564, 18]","[1, 83, 19]",420.1,11.35,19,111,,,,,,,,
"[1, 60, 0]","[0, 60, 5]","[1, 52, 5]","[1, 1947, 6]","[0, 52, 6]","[0, 1500, 11]","[1, 52, 11]","[0, 1500, 11]","[1, 52, 11]","[0, 1466, 11]","[1, 52, 11]","[1, 116, 17]","[0, 52, 18]","[1, 222, 18]","[1, 415, 18]","[0, 52, 19]","[0, 52, 19]","[0, 564, 19]","[0, 83, 20]","[1, 83, 20]",421.6,12.8,20,111,,,,,,,,
"[1, 60, 0]","[0, 60, 5]","[1, 52, 5]","[1, 1947, 6]","[0, 52, 6]","[0, 52, 7]","[0, 1500, 11]","[1, 52, 12]","[0, 1500, 12]","[1, 52, 12]","[0, 1468, 12]","[1, 52, 12]","[1, 116, 15]","[1, 222, 16]","[1, 415, 16]","[0, 52, 17]","[0, 52, 18]","[0, 52, 19]","[0, 564, 19]","[1, 83, 20]",420.15,12,20,111,,,,,,,,
"[1, 60, 0]","[0, 60, 12]","[1, 52, 12]","[1, 1947, 13]","[0, 52, 16]","[0, 52, 16]","[0, 1500, 24]","[1, 52, 24]","[0, 1500, 25]","[1, 52, 25]","[0, 1468, 25]","[1, 52, 25]","[1, 116, 33]","[1, 222, 33]","[1, 415, 34]","[0, 52, 36]","[0, 52, 36]","[0, 573, 38]","[1, 83, 39]","[0, 52, 42]",420.6,25.4,42,111,,,,,,,,
"[1, 60, 0]","[0, 60, 4]","[1, 52, 4]","[1, 1947, 5]","[0, 52, 7]","[0, 52, 9]","[0, 1500, 12]","[1, 52, 12]","[0, 1500, 12]","[1, 52, 12]","[0, 1466, 12]","[1, 52, 12]","[1, 116, 15]","[1, 222, 16]","[1, 415, 16]","[0, 52, 16]","[0, 52, 16]","[0, 52, 16]","[0, 564, 18]","[0, 83, 18]",420.05,11.6,18,111,,,,,,,,
"[1, 60, 0]","[0, 60, 4]","[1, 52, 4]","[1, 1947, 5]","[0, 52, 6]","[0, 1500, 11]","[1, 52, 11]","[0, 1500, 11]","[1, 52, 11]","[0, 1466, 11]","[1, 52, 11]","[1, 116, 14]","[1, 222, 15]","[1, 415, 15]","[0, 52, 15]","[0, 573, 17]","[1, 83, 18]","[0, 52, 18]","[0, 304, 25]","[0, 1500, 26]",505.5,12.4,26,111,,,,,,,,
"[1, 60, 0]","[0, 60, 5]","[1, 52, 5]","[1, 1947, 5]","[0, 52, 7]","[0, 52, 7]","[0, 1500, 13]","[1, 52, 13]","[0, 1500, 13]","[1, 52, 13]","[0, 1466, 13]","[1, 52, 13]","[1, 116, 17]","[1, 222, 17]","[1, 415, 17]","[0, 52, 18]","[0, 52, 18]","[0, 52, 19]","[0, 573, 20]","[1, 83, 20]",420.5,12.65,20,111,,,,,,,,
"[1, 60, 0]","[0, 60, 4]","[1, 52, 4]","[1, 1947, 4]","[0, 52, 5]","[0, 52, 5]","[0, 1500, 11]","[1, 52, 11]","[0, 1500, 11]","[1, 52, 11]","[0, 1466, 11]","[1, 52, 11]","[1, 116, 15]","[1, 222, 15]","[1, 415, 15]","[0, 52, 16]","[0, 52, 16]","[0, 573, 18]","[1, 83, 18]","[0, 52, 19]",420.5,11,19,111,,,,,,,,
"[1, 60, 0]","[0, 60, 3]","[1, 52, 3]","[1, 1947, 4]","[0, 52, 5]","[0, 1500, 10]","[1, 52, 10]","[0, 1500, 10]","[1, 52, 10]","[0, 1468, 10]","[1, 52, 10]","[1, 116, 15]","[0, 52, 16]","[1, 222, 16]","[1, 415, 16]","[0, 52, 17]","[0, 564, 18]","[1, 83, 18]","[0, 83, 19]","[0, 52, 19]",421.7,11.45,19,111,,,,,,,,
"[1, 60, 0]","[0, 60, 5]","[1, 52, 5]","[1, 1947, 6]","[0, 52, 7]","[0, 1500, 12]","[1, 52, 12]","[0, 1500, 12]","[1, 52, 12]","[0, 1467, 12]","[1, 52, 12]","[1, 116, 24]","[0, 52, 25]","[1, 222, 27]","[1, 415, 27]","[0, 564, 31]","[0, 52, 32]","[0, 52, 32]","[0, 83, 33]","[1, 83, 33]",421.65,17.95,33,111,,,,,,,,
"[1, 60, 0]","[0, 60, 4]","[1, 52, 4]","[1, 1947, 5]","[0, 52, 6]","[0, 1500, 10]","[1, 52, 10]","[0, 1500, 11]","[1, 52, 11]","[0, 1466, 11]","[1, 52, 11]","[1, 116, 14]","[1, 222, 14]","[0, 52, 14]","[1, 415, 14]","[0, 52, 15]","[0, 52, 15]","[0, 564, 16]","[0, 83, 16]","[1, 83, 17]",421.6,10.9,17,111,,,,,,,,
"[1, 60, 0]","[0, 60, 4]","[1, 52, 4]","[1, 1947, 4]","[0, 52, 6]","[0, 1500, 11]","[1, 52, 11]","[0, 1500, 11]","[1, 52, 11]","[0, 1467, 11]","[1, 52, 11]","[1, 116, 15]","[1, 222, 16]","[1, 415, 16]","[0, 52, 16]","[0, 52, 17]","[0, 52, 17]","[0, 564, 18]","[0, 83, 19]","[1, 83, 19]",421.65,11.85,19,111,,,,,,,,
"[1, 60, 0]","[0, 60, 4]","[1, 52, 4]","[1, 1947, 5]","[0, 52, 6]","[0, 1500, 11]","[1, 52, 11]","[0, 1500, 11]","[1, 52, 11]","[0, 1466, 12]","[1, 52, 12]","[1, 116, 16]","[1, 222, 16]","[1, 415, 16]","[0, 52, 17]","[0, 52, 17]","[0, 52, 17]","[0, 573, 19]","[1, 83, 19]","[0, 52, 20]",420.5,12.2,20,111,,,,,,,,
"[1, 60, 0]","[0, 60, 4]","[1, 52, 4]","[1, 1947, 5]","[0, 52, 6]","[0, 52, 6]","[0, 1500, 10]","[1, 52, 10]","[0, 1500, 10]","[1, 52, 10]","[0, 1467, 10]","[1, 52, 10]","[1, 116, 15]","[1, 222, 15]","[1, 415, 15]","[0, 52, 15]","[0, 52, 16]","[0, 52, 16]","[0, 595, 18]","[1, 83, 18]",421.65,10.65,18,111,,,,,,,,
"[1, 60, 0]","[0, 60, 5]","[1, 52, 5]","[1, 1947, 6]","[0, 52, 7]","[0, 52, 7]","[0, 1500, 11]","[1, 52, 11]","[0, 1500, 11]","[1, 52, 11]","[0, 1468, 11]","[1, 52, 11]","[1, 116, 28]","[1, 222, 29]","[1, 415, 29]","[0, 52, 30]","[0, 52, 30]","[0, 52, 30]","[0, 564, 31]","[0, 83, 31]",420.15,16.7,31,111,,,,,,,,
"[1, 60, 0]","[0, 60, 4]","[1, 52, 4]","[1, 1947, 4]","[0, 52, 5]","[0, 52, 5]","[0, 1500, 10]","[1, 52, 10]","[0, 1500, 10]","[1, 52, 10]","[0, 1467, 10]","[1, 52, 10]","[1, 116, 13]","[1, 222, 13]","[1, 415, 13]","[0, 52, 14]","[0, 52, 14]","[0, 52, 14]","[0, 573, 15]","[1, 83, 16]",420.55,9.7,16,111,,,,,,,,
"[1, 60, 0]","[0, 60, 4]","[1, 52, 5]","[1, 1947, 5]","[0, 52, 6]","[0, 1500, 11]","[1, 52, 11]","[0, 1500, 11]","[1, 52, 11]","[0, 1467, 11]","[1, 52, 11]","[1, 116, 14]","[1, 222, 14]","[1, 415, 14]","[0, 52, 15]","[0, 52, 15]","[0, 564, 16]","[1, 83, 17]","[0, 52, 17]","[0, 83, 17]",421.65,11.25,17,111,,,,,,,,
"[1, 60, 0]","[0, 60, 4]","[1, 52, 4]","[1, 1947, 4]","[0, 52, 5]","[0, 1500, 10]","[1, 52, 10]","[0, 1500, 10]","[1, 52, 10]","[0, 1466, 10]","[1, 52, 10]","[1, 116, 14]","[1, 222, 14]","[1, 415, 14]","[0, 52, 15]","[0, 52, 15]","[0, 564, 16]","[0, 83, 16]","[1, 83, 17]","[0, 52, 17]",421.6,10.75,17,111,,,,,,,,
"[1, 60, 0]","[0, 60, 4]","[1, 52, 4]","[1, 1947, 5]","[0, 52, 6]","[0, 52, 6]","[0, 1500, 11]","[1, 52, 11]","[0, 1500, 12]","[1, 52, 12]","[0, 1468, 12]","[1, 52, 12]","[1, 116, 15]","[1, 222, 16]","[1, 415, 16]","[0, 52, 16]","[0, 52, 16]","[0, 52, 16]","[0, 564, 18]","[0, 83, 18]",420.15,11.3,18,111,,,,,,,,
"[1, 60, 0]","[0, 60, 4]","[1, 52, 4]","[1, 1947, 5]","[0, 52, 6]","[0, 52, 6]","[0, 1500, 12]","[1, 52, 12]","[0, 1500, 12]","[0, 1467, 12]","[1, 52, 12]","[1, 52, 12]","[1, 116, 14]","[1, 222, 15]","[1, 415, 15]","[0, 52, 16]","[0, 52, 16]","[0, 52, 16]","[0, 573, 18]","[1, 83, 18]",420.55,11.25,18,111,,,,,,,,
"[1, 60, 0]","[0, 60, 20]","[1, 52, 20]","[1, 1947, 22]","[0, 52, 28]","[0, 52, 28]","[0, 1500, 36]","[1, 52, 36]","[0, 1500, 36]","[1, 52, 36]","[0, 1467, 37]","[1, 52, 37]","[1, 116, 42]","[1, 222, 43]","[1, 415, 44]","[0, 52, 48]","[0, 52, 48]","[0, 52, 48]","[0, 573, 50]","[1, 83, 51]",420.55,35.5,51,111,,,,,,,,
"[1, 60, 0]","[0, 60, 5]","[1, 52, 5]","[1, 1947, 6]","[0, 52, 6]","[0, 52, 7]","[0, 1500, 12]","[1, 52, 12]","[0, 1500, 12]","[1, 52, 12]","[0, 1467, 12]","[1, 52, 12]","[1, 116, 17]","[1, 222, 17]","[1, 415, 17]","[0, 52, 18]","[0, 52, 18]","[0, 564, 19]","[0, 83, 19]","[1, 83, 20]",421.65,12.3,20,111,,,,,,,,
"[1, 60, 0]","[0, 60, 3]","[1, 52, 3]","[1, 1947, 5]","[0, 52, 5]","[0, 1500, 10]","[1, 52, 10]","[0, 1500, 10]","[1, 52, 10]","[0, 1467, 10]","[1, 52, 10]","[1, 116, 14]","[1, 222, 14]","[1, 415, 15]","[0, 52, 15]","[0, 52, 15]","[0, 52, 15]","[0, 564, 17]","[0, 83, 17]","[1, 83, 18]",421.65,10.8,18,111,,,,,,,,
"[1, 60, 0]","[0, 60, 4]","[1, 52, 4]","[1, 1947, 5]","[0, 52, 6]","[0, 52, 6]","[0, 1500, 11]","[1, 52, 11]","[0, 1500, 11]","[1, 52, 11]","[0, 1466, 11]","[1, 52, 11]","[1, 116, 19]","[1, 222, 20]","[1, 415, 21]","[0, 52, 21]","[0, 52, 22]","[0, 564, 23]","[0, 83, 23]","[1, 83, 24]",421.6,13.2,24,111,,,,,,,,
"[1, 60, 0]","[0, 60, 4]","[1, 52, 4]","[1, 1947, 4]","[0, 52, 5]","[0, 1500, 11]","[1, 52, 11]","[0, 1500, 11]","[1, 52, 11]","[0, 1468, 11]","[1, 52, 11]","[1, 116, 14]","[1, 222, 15]","[1, 415, 15]","[0, 52, 15]","[0, 52, 16]","[0, 564, 17]","[0, 83, 17]","[1, 83, 17]","[0, 52, 18]",421.7,11.35,18,111,,,,,,,,
"[1, 60, 0]","[0, 60, 3]","[1, 52, 3]","[1, 1947, 4]","[0, 52, 5]","[0, 52, 5]","[0, 1500, 11]","[1, 52, 11]","[0, 1500, 11]","[1, 52, 11]","[0, 1467, 11]","[1, 52, 11]","[1, 116, 15]","[1, 222, 16]","[1, 415, 16]","[0, 52, 17]","[0, 52, 17]","[0, 52, 18]","[0, 564, 19]","[0, 83, 19]",420.1,11.15,19,111,,,,,,,,
"[1, 60, 0]","[0, 60, 5]","[1, 52, 5]","[1, 1947, 5]","[0, 52, 6]","[0, 52, 6]","[0, 1500, 10]","[1, 52, 10]","[0, 1500, 10]","[1, 52, 10]","[0, 1466, 10]","[1, 52, 10]","[1, 116, 14]","[1, 222, 14]","[1, 415, 14]","[0, 52, 16]","[0, 52, 17]","[0, 52, 17]","[0, 573, 20]","[1, 83, 20]",420.5,10.95,20,111,,,,,,,,
"[1, 60, 0]","[0, 60, 5]","[1, 52, 5]","[1, 1947, 5]","[0, 52, 6]","[0, 52, 6]","[0, 1500, 12]","[1, 52, 12]","[0, 1500, 12]","[1, 52, 12]","[0, 1468, 13]","[1, 52, 13]","[1, 116, 15]","[1, 222, 16]","[1, 415, 16]","[0, 52, 17]","[0, 573, 19]","[1, 83, 19]","[0, 52, 20]","[0, 304, 27]",433.2,12.5,27,111,,,,,,,,
"[1, 60, 0]","[0, 60, 6]","[1, 52, 6]","[1, 1947, 6]","[0, 52, 8]","[0, 52, 8]","[0, 1500, 12]","[1, 52, 12]","[0, 1500, 12]","[1, 52, 12]","[0, 1467, 12]","[1, 52, 12]","[1, 116, 15]","[0, 52, 16]","[0, 564, 18]","[1, 222, 23]","[1, 415, 24]","[0, 52, 25]","[0, 52, 25]","[1, 83, 26]",420.1,13.9,26,111,,,,,,,,
"[1, 60, 0]","[0, 60, 4]","[1, 52, 4]","[1, 1947, 5]","[0, 52, 6]","[0, 1500, 10]","[1, 52, 10]","[0, 1500, 11]","[1, 52, 11]","[0, 1468, 11]","[1, 52, 11]","[1, 116, 14]","[1, 222, 14]","[1, 415, 15]","[0, 52, 15]","[0, 52, 15]","[0, 573, 17]","[1, 83, 18]","[0, 52, 19]","[0, 305, 25]",433.25,11.75,25,111,,,,,,,,
"[1, 60, 0]","[0, 60, 4]","[1, 52, 4]","[1, 1947, 5]","[0, 52, 6]","[0, 52, 7]","[0, 1500, 13]","[1, 52, 13]","[0, 1500, 14]","[1, 52, 14]","[0, 1465, 14]","[1, 52, 14]","[1, 116, 17]","[1, 222, 18]","[1, 415, 18]","[0, 52, 18]","[0, 52, 18]","[0, 52, 18]","[0, 564, 20]","[0, 83, 20]",420,12.75,20,111,,,,,,,,
"[1, 60, 0]","[0, 60, 7]","[1, 52, 7]","[1, 1947, 8]","[0, 52, 10]","[0, 1500, 16]","[1, 52, 16]","[0, 1500, 16]","[1, 52, 16]","[0, 1467, 16]","[1, 52, 16]","[1, 116, 28]","[1, 222, 29]","[1, 415, 29]","[0, 52, 29]","[0, 52, 29]","[0, 52, 29]","[0, 564, 31]","[0, 83, 32]","[1, 83, 32]",421.65,19.8,32,111,,,,,,,,
"[1, 60, 0]","[0, 60, 9]","[1, 52, 9]","[1, 1947, 10]","[0, 52, 15]","[0, 52, 15]","[0, 1500, 22]","[1, 52, 22]","[0, 1500, 22]","[1, 52, 22]","[0, 1468, 22]","[1, 52, 22]","[1, 116, 26]","[1, 222, 27]","[0, 52, 29]","[1, 415, 30]","[0, 564, 31]","[0, 52, 31]","[0, 52, 32]","[1, 83, 32]",420.15,21.4,32,111,,,,,,,,
"[1, 60, 0]","[0, 60, 4]","[1, 52, 4]","[1, 1947, 4]","[0, 52, 5]","[0, 1500, 11]","[1, 52, 11]","[0, 1500, 11]","[1, 52, 11]","[0, 1467, 11]","[1, 52, 11]","[1, 116, 15]","[1, 222, 16]","[1, 415, 16]","[0, 52, 16]","[0, 52, 16]","[0, 52, 17]","[0, 573, 19]","[1, 83, 19]","[0, 52, 20]",420.55,11.85,20,111,,,,,,,,
"[1, 60, 0]","[0, 60, 4]","[1, 52, 4]","[1, 1947, 4]","[0, 52, 5]","[0, 52, 5]","[0, 1500, 9]","[1, 52, 9]","[0, 1500, 9]","[1, 52, 9]","[0, 1466, 9]","[1, 52, 9]","[1, 116, 13]","[1, 222, 13]","[1, 415, 13]","[0, 52, 14]","[0, 573, 16]","[1, 83, 16]","[0, 52, 17]","[0, 258, 25]",430.8,10.15,25,111,,,,,,,,
"[1, 60, 0]","[0, 60, 4]","[1, 52, 4]","[1, 1947, 5]","[0, 52, 6]","[0, 1500, 11]","[1, 52, 11]","[0, 1500, 11]","[1, 52, 11]","[0, 1467, 11]","[1, 52, 11]","[1, 116, 15]","[1, 222, 15]","[1, 415, 15]","[0, 52, 16]","[0, 573, 18]","[1, 83, 18]","[0, 52, 19]","[0, 258, 23]","[0, 1443, 23]",500.4,12.35,23,111,,,,,,,,
"[1, 60, 0]","[0, 60, 5]","[1, 52, 5]","[1, 1947, 6]","[0, 52, 8]","[0, 1500, 12]","[1, 52, 12]","[0, 1500, 12]","[1, 52, 12]","[0, 1468, 12]","[1, 52, 12]","[1, 116, 20]","[0, 52, 22]","[1, 222, 22]","[1, 415, 22]","[0, 564, 23]","[0, 52, 23]","[1, 83, 24]","[0, 52, 25]","[0, 83, 27]",421.7,15.2,27,111,,,,,,,,
"[1, 60, 0]","[0, 60, 3]","[1, 52, 3]","[1, 1947, 4]","[0, 52, 5]","[0, 1500, 9]","[1, 52, 9]","[0, 1500, 9]","[1, 52, 9]","[0, 1467, 9]","[1, 52, 9]","[1, 116, 13]","[1, 222, 14]","[1, 415, 14]","[0, 52, 14]","[0, 52, 15]","[0, 573, 17]","[1, 83, 17]","[0, 52, 18]","[0, 258, 28]",430.85,10.95,28,111,,,,,,,,
"[1, 60, 0]","[0, 60, 4]","[1, 52, 4]","[1, 1947, 5]","[0, 52, 6]","[0, 52, 6]","[0, 1500, 10]","[1, 52, 10]","[0, 1500, 10]","[1, 52, 10]","[0, 1468, 10]","[1, 52, 10]","[1, 116, 14]","[1, 222, 14]","[1, 415, 14]","[0, 52, 15]","[0, 52, 15]","[0, 573, 17]","[1, 83, 17]","[0, 52, 18]",420.6,10.45,18,111,,,,,,,,
"[1, 60, 0]","[0, 60, 9]","[1, 52, 9]","[1, 1947, 10]","[0, 52, 11]","[0, 1500, 16]","[1, 52, 16]","[0, 1500, 16]","[1, 52, 16]","[0, 1467, 16]","[1, 52, 16]","[1, 116, 21]","[1, 222, 21]","[1, 415, 21]","[0, 52, 22]","[0, 52, 22]","[0, 573, 24]","[1, 83, 25]","[0, 52, 26]","[0, 1500, 77]",492.95,19.7,77,111,,,,,,,,
"[1, 60, 0]","[0, 60, 4]","[1, 52, 4]","[1, 1947, 5]","[0, 52, 5]","[0, 1500, 9]","[1, 52, 9]","[0, 1500, 10]","[1, 52, 10]","[0, 1466, 10]","[1, 52, 10]","[1, 116, 14]","[0, 52, 15]","[1, 222, 15]","[1, 415, 16]","[0, 564, 16]","[0, 52, 17]","[1, 83, 17]","[0, 52, 18]","[0, 83, 18]",421.6,11.1,18,111,,,,,,,,
"[1, 60, 0]","[0, 60, 4]","[1, 52, 4]","[1, 725, 5]","[0, 52, 6]","[0, 1500, 10]","[1, 52, 10]","[0, 1500, 10]","[1, 52, 10]","[0, 380, 10]","[1, 52, 10]","[1, 116, 16]","[1, 222, 17]","[1, 415, 17]","[0, 52, 18]","[0, 573, 20]","[1, 83, 20]","[0, 52, 21]","[0, 304, 30]","[0, 1500, 30]",390.1,13.4,30,110,,,,,,,,
"[1, 60, 0]","[0, 60, 5]","[1, 52, 5]","[1, 725, 6]","[0, 52, 8]","[0, 1500, 12]","[1, 52, 12]","[0, 1500, 12]","[1, 52, 12]","[0, 379, 12]","[1, 52, 12]","[1, 116, 17]","[1, 222, 17]","[1, 415, 18]","[0, 52, 18]","[0, 52, 18]","[0, 52, 18]","[0, 573, 20]","[1, 83, 21]","[0, 52, 22]",305.05,13.25,22,110,,,,,,,,
"[1, 60, 0]","[0, 60, 4]","[1, 52, 5]","[1, 725, 5]","[0, 52, 6]","[0, 1500, 10]","[1, 52, 11]","[0, 1500, 11]","[1, 52, 11]","[0, 379, 11]","[1, 52, 11]","[1, 116, 15]","[1, 222, 16]","[1, 415, 16]","[0, 52, 16]","[0, 52, 16]","[0, 52, 16]","[0, 573, 18]","[1, 83, 18]","[0, 52, 19]",305.05,11.75,19,110,,,,,,,,
"[1, 60, 0]","[0, 60, 6]","[1, 52, 6]","[1, 725, 7]","[0, 52, 7]","[0, 1500, 11]","[1, 52, 11]","[0, 1500, 11]","[1, 52, 11]","[0, 379, 11]","[1, 52, 11]","[1, 116, 15]","[1, 222, 16]","[1, 415, 16]","[0, 52, 17]","[0, 52, 17]","[0, 52, 17]","[0, 564, 19]","[0, 83, 19]","[1, 83, 19]",306.15,12.35,19,110,,,,,,,,
"[1, 60, 0]","[0, 60, 3]","[1, 52, 3]","[1, 725, 4]","[0, 52, 5]","[0, 1500, 8]","[1, 52, 8]","[0, 1500, 9]","[1, 52, 9]","[0, 379, 9]","[1, 52, 9]","[1, 116, 11]","[1, 222, 12]","[1, 415, 12]","[0, 52, 12]","[0, 52, 12]","[0, 52, 13]","[0, 573, 15]","[1, 83, 15]","[0, 52, 16]",305.05,9.25,16,110,,,,,,,,
"[1, 60, 0]","[0, 60, 4]","[1, 52, 4]","[1, 725, 5]","[0, 52, 6]","[0, 1500, 9]","[1, 52, 9]","[0, 1500, 10]","[1, 52, 10]","[0, 380, 10]","[1, 52, 10]","[1, 116, 14]","[1, 222, 14]","[1, 415, 15]","[0, 52, 15]","[0, 52, 15]","[0, 573, 17]","[1, 83, 17]","[0, 52, 17]","[0, 305, 27]",317.75,11.4,27,110,,,,,,,,
"[1, 60, 0]","[0, 60, 4]","[1, 52, 4]","[1, 725, 6]","[0, 52, 8]","[0, 1500, 12]","[1, 52, 12]","[0, 1500, 12]","[1, 52, 12]","[0, 378, 12]","[1, 52, 12]","[1, 116, 15]","[1, 222, 15]","[1, 415, 15]","[0, 52, 15]","[0, 52, 16]","[0, 52, 16]","[0, 564, 17]","[0, 83, 17]","[1, 83, 17]",306.1,11.85,17,110,,,,,,,,
"[1, 60, 0]","[0, 60, 7]","[1, 52, 7]","[1, 725, 8]","[0, 52, 13]","[0, 1500, 16]","[1, 52, 16]","[0, 1500, 16]","[1, 52, 16]","[0, 378, 16]","[1, 52, 16]","[1, 116, 20]","[1, 222, 21]","[1, 415, 21]","[0, 52, 25]","[0, 52, 25]","[0, 52, 28]","[0, 573, 28]","[1, 83, 29]","[0, 52, 31]",305,17.95,31,110,,,,,,,,
"[1, 60, 0]","[0, 60, 4]","[1, 52, 4]","[1, 725, 5]","[0, 52, 6]","[0, 1500, 10]","[1, 52, 10]","[0, 1500, 10]","[1, 52, 10]","[0, 378, 10]","[1, 52, 10]","[1, 116, 13]","[1, 222, 13]","[1, 415, 13]","[0, 52, 14]","[0, 52, 14]","[0, 573, 16]","[1, 83, 16]","[0, 52, 17]","[0, 259, 28]",315.35,11.15,28,110,,,,,,,,
"[1, 60, 0]","[0, 60, 5]","[1, 52, 5]","[1, 725, 5]","[0, 52, 6]","[0, 1500, 14]","[1, 52, 14]","[0, 1500, 14]","[1, 52, 14]","[0, 379, 15]","[1, 52, 15]","[1, 116, 19]","[1, 222, 19]","[1, 415, 20]","[0, 52, 20]","[0, 52, 20]","[0, 573, 22]","[1, 83, 23]","[0, 52, 23]","[0, 304, 30]",317.65,15.15,30,110,,,,,,,,
"[1, 60, 0]","[0, 60, 5]","[1, 52, 5]","[1, 725, 5]","[0, 52, 7]","[0, 1500, 14]","[1, 52, 14]","[0, 1500, 14]","[1, 52, 14]","[0, 378, 14]","[1, 52, 14]","[1, 116, 20]","[1, 222, 21]","[0, 52, 21]","[0, 52, 22]","[1, 415, 23]","[0, 564, 23]","[0, 83, 24]","[0, 52, 24]","[1, 83, 24]",306.1,15.4,24,110,,,,,,,,
"[1, 60, 0]","[0, 60, 4]","[1, 52, 4]","[1, 725, 5]","[0, 52, 7]","[0, 1500, 11]","[1, 52, 11]","[0, 1500, 12]","[1, 52, 12]","[0, 380, 12]","[1, 52, 12]","[1, 116, 18]","[1, 222, 19]","[1, 415, 19]","[0, 52, 20]","[0, 52, 20]","[0, 52, 20]","[0, 564, 22]","[0, 83, 22]","[1, 83, 22]",306.2,13.6,22,110,,,,,,,,
"[1, 60, 0]","[0, 60, 5]","[1, 52, 5]","[1, 725, 5]","[0, 52, 6]","[0, 1500, 10]","[1, 52, 10]","[0, 1500, 11]","[1, 52, 11]","[0, 379, 11]","[1, 52, 11]","[1, 116, 15]","[1, 222, 15]","[1, 415, 15]","[0, 52, 16]","[0, 52, 16]","[0, 564, 18]","[0, 83, 18]","[1, 83, 18]","[0, 52, 19]",306.15,11.75,19,110,,,,,,,,
"[1, 60, 0]","[0, 60, 4]","[1, 52, 4]","[1, 725, 5]","[0, 52, 6]","[0, 1500, 11]","[1, 52, 11]","[0, 1500, 11]","[1, 52, 11]","[0, 380, 11]","[1, 52, 11]","[1, 116, 18]","[1, 222, 19]","[0, 52, 19]","[1, 415, 19]","[0, 52, 20]","[0, 564, 20]","[1, 83, 21]","[0, 83, 21]","[0, 52, 22]",306.2,13.2,22,110,,,,,,,,
"[1, 60, 0]","[0, 60, 3]","[1, 52, 3]","[1, 725, 4]","[0, 52, 5]","[0, 1500, 8]","[1, 52, 8]","[0, 1500, 8]","[1, 52, 8]","[0, 379, 8]","[1, 52, 8]","[1, 116, 12]","[1, 222, 12]","[1, 415, 12]","[0, 52, 13]","[0, 564, 15]","[1, 83, 15]","[0, 52, 16]","[0, 52, 17]","[0, 52, 17]",304.6,9.6,17,110,,,,,,,,
"[1, 60, 0]","[0, 60, 4]","[1, 52, 5]","[1, 725, 5]","[0, 52, 6]","[0, 1500, 10]","[1, 52, 10]","[0, 1500, 10]","[0, 378, 10]","[1, 52, 10]","[1, 52, 10]","[1, 116, 14]","[1, 222, 14]","[1, 415, 14]","[0, 52, 15]","[0, 52, 15]","[0, 573, 16]","[1, 83, 17]","[0, 52, 18]","[0, 304, 24]",317.6,11.35,24,110,,,,,,,,
"[1, 60, 0]","[0, 60, 5]","[1, 52, 5]","[1, 725, 5]","[0, 52, 6]","[0, 1500, 9]","[1, 52, 9]","[0, 1500, 9]","[1, 52, 9]","[0, 379, 9]","[1, 52, 9]","[1, 116, 15]","[1, 222, 15]","[0, 52, 16]","[0, 52, 17]","[1, 415, 17]","[0, 52, 18]","[0, 595, 18]","[1, 83, 19]","[0, 52, 20]",306.15,11.5,20,110,,,,,,,,
"[1, 60, 0]","[0, 60, 6]","[1, 52, 6]","[1, 725, 7]","[0, 52, 7]","[0, 1500, 11]","[1, 52, 11]","[0, 1500, 12]","[1, 52, 12]","[0, 380, 12]","[1, 52, 12]","[1, 116, 16]","[1, 222, 16]","[0, 52, 16]","[0, 52, 17]","[0, 564, 19]","[0, 83, 19]","[1, 83, 19]","[1, 415, 20]","[0, 52, 20]",306.2,12.9,20,110,,,,,,,,
"[1, 60, 0]","[0, 60, 5]","[1, 52, 5]","[1, 725, 6]","[0, 52, 6]","[0, 1500, 10]","[1, 52, 10]","[0, 1500, 10]","[1, 52, 10]","[0, 380, 10]","[1, 52, 10]","[1, 116, 16]","[1, 222, 17]","[1, 415, 17]","[0, 52, 18]","[0, 52, 18]","[0, 52, 18]","[0, 573, 20]","[1, 83, 20]","[0, 52, 21]",305.1,12.35,21,110,,,,,,,,
"[1, 60, 0]","[0, 60, 5]","[1, 52, 5]","[1, 725, 6]","[0, 52, 7]","[0, 1500, 12]","[1, 52, 12]","[0, 1500, 12]","[1, 52, 12]","[0, 378, 12]","[1, 52, 12]","[1, 116, 15]","[1, 222, 15]","[1, 415, 15]","[0, 52, 16]","[0, 573, 18]","[1, 83, 18]","[0, 52, 19]","[0, 304, 28]","[0, 1443, 28]",387.15,13.35,28,110,,,,,,,,
"[1, 60, 0]","[0, 60, 5]","[1, 52, 5]","[1, 725, 6]","[0, 52, 6]","[0, 1500, 10]","[1, 52, 10]","[0, 1500, 10]","[1, 52, 10]","[0, 380, 10]","[1, 52, 10]","[1, 116, 12]","[1, 222, 12]","[1, 415, 12]","[0, 52, 13]","[0, 52, 13]","[0, 52, 13]","[0, 564, 14]","[1, 83, 15]","[0, 83, 15]",306.2,10.05,15,110,,,,,,,,
"[1, 60, 0]","[0, 60, 4]","[1, 52, 4]","[1, 725, 5]","[0, 52, 6]","[0, 1500, 11]","[1, 52, 11]","[0, 1500, 11]","[1, 52, 11]","[0, 379, 11]","[1, 52, 11]","[1, 116, 16]","[1, 222, 17]","[1, 415, 17]","[0, 52, 17]","[0, 52, 17]","[0, 573, 19]","[1, 83, 19]","[0, 52, 20]","[0, 304, 30]",317.65,12.85,30,110,,,,,,,,
"[1, 60, 0]","[0, 60, 4]","[1, 52, 4]","[1, 725, 5]","[0, 52, 6]","[0, 1500, 10]","[1, 52, 10]","[0, 1500, 10]","[1, 52, 10]","[0, 379, 10]","[1, 52, 10]","[1, 116, 12]","[1, 222, 12]","[1, 415, 12]","[0, 52, 13]","[0, 52, 13]","[0, 52, 13]","[0, 573, 15]","[1, 83, 15]","[0, 52, 16]",305.05,10,16,110,,,,,,,,
"[1, 60, 0]","[0, 60, 5]","[1, 52, 5]","[1, 725, 5]","[0, 52, 6]","[0, 1500, 11]","[1, 52, 11]","[0, 1500, 12]","[1, 52, 12]","[0, 380, 13]","[1, 52, 13]","[1, 116, 16]","[1, 222, 17]","[1, 415, 17]","[0, 52, 18]","[0, 52, 18]","[0, 52, 18]","[0, 564, 19]","[0, 83, 19]","[1, 83, 20]",306.2,12.75,20,110,,,,,,,,
"[1, 60, 0]","[0, 60, 5]","[1, 52, 5]","[1, 725, 6]","[0, 52, 8]","[0, 1500, 11]","[1, 52, 11]","[0, 1500, 11]","[1, 52, 11]","[0, 378, 11]","[1, 52, 11]","[1, 116, 16]","[1, 222, 17]","[1, 415, 17]","[0, 52, 17]","[0, 52, 18]","[0, 564, 19]","[0, 83, 19]","[1, 83, 20]","[0, 52, 21]",306.1,12.7,21,110,,,,,,,,
"[1, 60, 0]","[0, 60, 4]","[1, 52, 4]","[1, 725, 4]","[0, 52, 5]","[0, 1500, 9]","[1, 52, 9]","[0, 1500, 9]","[1, 52, 9]","[0, 378, 9]","[1, 52, 9]","[1, 116, 14]","[1, 222, 14]","[1, 415, 14]","[0, 52, 15]","[0, 52, 15]","[0, 573, 17]","[1, 83, 17]","[0, 52, 18]","[0, 258, 25]",315.3,11,25,110,,,,,,,,
"[1, 60, 0]","[0, 60, 4]","[1, 52, 4]","[1, 725, 5]","[0, 52, 6]","[0, 1500, 10]","[1, 52, 10]","[0, 1500, 10]","[1, 52, 10]","[0, 379, 10]","[1, 52, 10]","[1, 116, 14]","[0, 52, 15]","[1, 222, 15]","[1, 415, 15]","[0, 52, 16]","[0, 52, 16]","[0, 564, 17]","[1, 83, 18]","[0, 83, 18]",306.15,11.15,18,110,,,,,,,,
"[1, 60, 0]","[0, 60, 5]","[1, 52, 5]","[1, 725, 5]","[0, 52, 6]","[0, 1500, 9]","[1, 52, 9]","[0, 1500, 10]","[1, 52, 10]","[0, 379, 10]","[1, 52, 10]","[1, 116, 13]","[1, 222, 13]","[1, 415, 14]","[0, 52, 15]","[0, 573, 17]","[1, 83, 17]","[0, 52, 18]","[0, 1500, 28]","[0, 248, 28]",387.25,12.1,28,110,,,,,,,,
"[1, 60, 0]","[0, 60, 4]","[1, 52, 4]","[1, 725, 4]","[0, 52, 5]","[0, 1500, 8]","[1, 52, 8]","[0, 1500, 8]","[1, 52, 8]","[0, 378, 8]","[1, 52, 8]","[1, 116, 12]","[1, 222, 12]","[1, 415, 12]","[0, 52, 13]","[0, 52, 13]","[0, 573, 15]","[1, 83, 15]","[0, 52, 16]","[0, 259, 32]",315.35,10.25,32,110,,,,,,,,
"[1, 60, 0]","[0, 60, 4]","[1, 52, 4]","[1, 725, 4]","[0, 52, 5]","[0, 1500, 11]","[1, 52, 11]","[0, 1500, 11]","[1, 52, 11]","[0, 378, 11]","[1, 52, 11]","[1, 116, 14]","[1, 222, 15]","[1, 415, 15]","[0, 52, 15]","[0, 52, 15]","[0, 52, 15]","[0, 564, 17]","[1, 83, 17]","[0, 83, 17]",306.1,11.15,17,110,,,,,,,,
"[1, 60, 0]","[0, 60, 4]","[1, 52, 4]","[1, 725, 4]","[0, 52, 5]","[0, 1500, 9]","[1, 52, 9]","[0, 1500, 9]","[1, 52, 9]","[0, 378, 9]","[1, 52, 9]","[1, 116, 13]","[1, 222, 13]","[1, 415, 14]","[0, 52, 14]","[0, 52, 14]","[0, 573, 16]","[1, 83, 16]","[0, 52, 16]","[0, 258, 27]",315.3,10.7,27,110,,,,,,,,
"[1, 60, 0]","[0, 60, 5]","[1, 52, 5]","[1, 725, 6]","[0, 52, 7]","[0, 1500, 14]","[1, 52, 14]","[0, 1500, 14]","[1, 52, 14]","[0, 380, 14]","[1, 52, 14]","[1, 116, 17]","[1, 222, 18]","[1, 415, 18]","[0, 52, 18]","[0, 52, 18]","[0, 52, 18]","[0, 573, 20]","[1, 83, 20]","[0, 52, 21]",305.1,13.75,21,110,,,,,,,,
"[1, 60, 0]","[0, 60, 3]","[1, 52, 3]","[1, 725, 4]","[0, 52, 6]","[0, 1500, 9]","[1, 52, 9]","[0, 1500, 9]","[1, 52, 9]","[0, 379, 9]","[1, 52, 9]","[1, 116, 13]","[1, 222, 13]","[1, 415, 13]","[0, 52, 13]","[0, 52, 14]","[0, 52, 14]","[0, 564, 15]","[1, 83, 16]","[0, 83, 17]",306.15,9.9,17,110,,,,,,,,
"[1, 60, 0]","[0, 60, 6]","[1, 52, 6]","[1, 725, 6]","[0, 52, 7]","[0, 1500, 12]","[1, 52, 12]","[0, 1500, 12]","[1, 52, 12]","[0, 378, 12]","[1, 52, 12]","[1, 116, 16]","[1, 222, 17]","[1, 415, 17]","[0, 52, 17]","[0, 52, 17]","[0, 52, 17]","[0, 564, 19]","[0, 83, 19]","[1, 83, 19]",306.1,12.75,19,110,,,,,,,,
"[1, 60, 0]","[0, 60, 3]","[1, 52, 3]","[1, 725, 4]","[0, 52, 5]","[0, 1500, 10]","[1, 52, 10]","[0, 1500, 10]","[1, 52, 10]","[0, 380, 11]","[1, 52, 11]","[1, 116, 14]","[1, 222, 15]","[1, 415, 15]","[0, 52, 16]","[0, 573, 18]","[1, 83, 19]","[0, 52, 19]","[0, 304, 27]","[0, 1500, 27]",390.1,12.35,27,110,,,,,,,,
"[1, 60, 0]","[0, 60, 7]","[1, 52, 7]","[1, 725, 8]","[0, 52, 10]","[0, 1500, 14]","[1, 52, 14]","[0, 1500, 14]","[1, 52, 14]","[0, 378, 14]","[1, 52, 14]","[1, 116, 17]","[1, 222, 18]","[1, 415, 18]","[0, 52, 19]","[0, 52, 19]","[0, 52, 19]","[0, 564, 22]","[0, 83, 22]","[1, 83, 22]",306.1,14.6,22,110,,,,,,,,
"[1, 60, 0]","[0, 60, 4]","[1, 52, 4]","[1, 725, 6]","[0, 52, 7]","[0, 1500, 10]","[1, 52, 11]","[0, 1500, 11]","[1, 52, 11]","[0, 380, 11]","[1, 52, 11]","[1, 116, 15]","[1, 222, 15]","[1, 415, 15]","[0, 52, 16]","[0, 573, 18]","[1, 83, 18]","[0, 52, 19]","[0, 305, 26]","[0, 1500, 27]",390.15,12.75,27,110,,,,,,,,
"[1, 60, 0]","[0, 60, 5]","[1, 52, 5]","[1, 725, 6]","[0, 52, 7]","[0, 1500, 10]","[1, 52, 10]","[0, 1500, 10]","[1, 52, 10]","[0, 379, 10]","[1, 52, 10]","[1, 116, 27]","[1, 222, 27]","[1, 415, 27]","[0, 52, 28]","[0, 52, 28]","[0, 573, 30]","[1, 83, 30]","[0, 52, 31]","[0, 258, 41]",315.35,17.6,41,110,,,,,,,,
"[1, 60, 0]","[0, 60, 5]","[1, 52, 5]","[1, 725, 5]","[0, 52, 6]","[0, 1500, 11]","[1, 52, 11]","[0, 1500, 11]","[1, 52, 11]","[0, 380, 11]","[1, 52, 11]","[1, 116, 17]","[1, 222, 18]","[1, 415, 18]","[0, 52, 18]","[0, 52, 18]","[0, 52, 19]","[0, 564, 20]","[0, 83, 21]","[1, 83, 21]",306.2,12.85,21,110,,,,,,,,
"[1, 60, 0]","[0, 60, 4]","[1, 52, 4]","[1, 725, 5]","[0, 52, 5]","[0, 1500, 10]","[1, 52, 10]","[0, 1500, 11]","[1, 52, 11]","[0, 380, 11]","[1, 52, 12]","[1, 116, 15]","[1, 222, 16]","[1, 415, 16]","[0, 52, 16]","[0, 52, 17]","[0, 573, 19]","[1, 83, 20]","[0, 52, 21]","[0, 258, 28]",315.4,12.55,28,110,,,,,,,,
"[1, 60, 0]","[0, 60, 4]","[1, 52, 4]","[1, 725, 5]","[0, 52, 5]","[0, 1500, 9]","[1, 52, 9]","[0, 1500, 9]","[1, 52, 9]","[0, 379, 9]","[1, 52, 9]","[1, 116, 12]","[1, 222, 13]","[1, 415, 13]","[0, 52, 13]","[0, 52, 13]","[0, 564, 15]","[0, 83, 15]","[1, 83, 15]","[0, 52, 16]",306.15,9.85,16,110,,,,,,,,
"[1, 60, 0]","[0, 60, 4]","[1, 52, 4]","[1, 725, 5]","[0, 52, 5]","[0, 1500, 9]","[1, 52, 9]","[0, 1500, 9]","[1, 52, 10]","[0, 379, 10]","[1, 52, 10]","[1, 116, 12]","[1, 222, 13]","[1, 415, 13]","[0, 52, 13]","[0, 52, 13]","[0, 52, 14]","[0, 564, 15]","[0, 83, 15]","[1, 83, 15]",306.15,9.9,15,110,,,,,,,,
"[1, 60, 0]","[0, 60, 5]","[1, 52, 5]","[1, 725, 6]","[0, 52, 7]","[0, 1500, 10]","[1, 52, 10]","[0, 1500, 10]","[0, 379, 10]","[1, 52, 10]","[1, 52, 10]","[1, 116, 14]","[1, 222, 14]","[1, 415, 14]","[0, 52, 15]","[0, 52, 15]","[0, 52, 15]","[0, 595, 16]","[1, 83, 17]","[0, 52, 17]",306.15,11,17,110,,,,,,,,
"[1, 60, 0]","[0, 60, 4]","[1, 52, 4]","[1, 725, 5]","[0, 52, 6]","[0, 1500, 10]","[1, 52, 10]","[0, 1500, 10]","[1, 52, 10]","[0, 379, 10]","[1, 52, 10]","[1, 116, 14]","[1, 222, 14]","[1, 415, 14]","[0, 52, 15]","[0, 52, 15]","[0, 573, 17]","[1, 83, 17]","[0, 52, 18]","[0, 258, 48]",315.35,12.55,48,110,,,,,,,,
"[1, 60, 0]","[0, 60, 4]","[1, 52, 5]","[1, 725, 6]","[0, 52, 6]","[0, 1500, 9]","[1, 52, 9]","[0, 1500, 9]","[1, 52, 9]","[0, 379, 9]","[1, 52, 9]","[1, 116, 15]","[0, 52, 16]","[1, 222, 17]","[1, 415, 17]","[0, 52, 17]","[0, 52, 18]","[0, 564, 18]","[1, 83, 18]","[0, 52, 20]",304.6,11.55,20,110,,,,,,,,
"[1, 60, 0]","[0, 60, 5]","[1, 52, 5]","[1, 725, 7]","[0, 52, 8]","[0, 1500, 13]","[1, 52, 13]","[0, 1500, 13]","[1, 52, 13]","[0, 380, 13]","[1, 52, 13]","[1, 116, 21]","[1, 222, 21]","[1, 415, 21]","[0, 52, 22]","[0, 52, 22]","[0, 52, 22]","[0, 564, 23]","[1, 83, 23]","[0, 83, 24]",306.2,15.1,24,110,,,,,,,,
"[1, 60, 0]","[0, 60, 4]","[1, 52, 4]","[1, 725, 5]","[0, 52, 5]","[0, 1500, 10]","[1, 52, 10]","[0, 1500, 10]","[1, 52, 10]","[0, 379, 10]","[1, 52, 10]","[1, 116, 12]","[1, 222, 13]","[1, 415, 13]","[0, 52, 14]","[0, 573, 15]","[1, 83, 16]","[0, 52, 16]","[0, 304, 23]","[0, 1500, 23]",390.05,11.15,23,110,,,,,,,,
"[1, 60, 0]","[0, 60, 9]","[1, 52, 9]","[1, 725, 10]","[0, 52, 10]","[0, 1500, 14]","[1, 52, 14]","[0, 1500, 14]","[1, 52, 14]","[0, 378, 14]","[1, 52, 14]","[1, 116, 18]","[1, 222, 18]","[1, 415, 18]","[0, 52, 19]","[0, 52, 19]","[0, 52, 19]","[0, 564, 21]","[0, 83, 21]","[1, 83, 21]",306.1,14.8,21,110,,,,,,,,
"[1, 60, 0]","[0, 60, 3]","[1, 52, 4]","[1, 725, 5]","[0, 52, 6]","[0, 1500, 9]","[1, 52, 9]","[0, 1500, 9]","[1, 52, 9]","[0, 380, 9]","[1, 52, 9]","[1, 116, 17]","[1, 222, 18]","[1, 415, 18]","[0, 52, 18]","[0, 52, 19]","[0, 52, 19]","[0, 564, 20]","[0, 83, 20]","[1, 83, 21]",306.2,12.1,21,110,,,,,,,,
"[1, 60, 0]","[0, 60, 27]","[1, 52, 27]","[1, 725, 27]","[0, 52, 36]","[0, 1500, 44]","[1, 52, 44]","[0, 1500, 44]","[1, 52, 44]","[0, 379, 44]","[1, 52, 44]","[1, 116, 48]","[1, 222, 48]","[1, 415, 48]","[0, 52, 51]","[0, 52, 51]","[0, 52, 51]","[0, 573, 58]","[1, 83, 58]","[0, 258, 65]",315.35,42.95,65,110,,,,,,,,
"[1, 60, 0]","[0, 60, 3]","[1, 52, 3]","[1, 725, 4]","[0, 52, 5]","[0, 1500, 10]","[1, 52, 10]","[0, 1500, 10]","[1, 52, 10]","[0, 379, 10]","[1, 52, 10]","[1, 116, 13]","[1, 222, 13]","[1, 415, 14]","[0, 52, 14]","[0, 52, 14]","[0, 52, 14]","[0, 573, 16]","[1, 83, 16]","[0, 52, 17]",305.05,10.3,17,110,,,,,,,,
"[1, 60, 0]","[0, 60, 4]","[1, 52, 4]","[1, 725, 5]","[0, 52, 6]","[0, 1500, 10]","[1, 52, 10]","[0, 1500, 10]","[1, 52, 10]","[0, 380, 10]","[1, 52, 10]","[1, 116, 14]","[0, 52, 15]","[1, 222, 15]","[1, 415, 15]","[0, 52, 16]","[0, 52, 16]","[0, 564, 17]","[1, 83, 18]","[0, 83, 18]",306.2,11.15,18,110,,,,,,,,
"[1, 60, 0]","[0, 60, 5]","[1, 52, 5]","[1, 725, 6]","[0, 52, 7]","[0, 1500, 11]","[1, 52, 11]","[0, 1500, 13]","[1, 52, 13]","[0, 380, 13]","[1, 52, 13]","[1, 116, 16]","[1, 222, 17]","[1, 415, 17]","[0, 52, 17]","[0, 52, 17]","[0, 52, 17]","[0, 573, 19]","[1, 83, 20]","[0, 52, 20]",305.1,12.85,20,110,,,,,,,,
"[1, 60, 0]","[0, 60, 4]","[1, 52, 4]","[1, 725, 5]","[0, 52, 6]","[0, 1500, 9]","[1, 52, 9]","[0, 1500, 10]","[1, 52, 10]","[0, 378, 10]","[1, 52, 10]","[1, 116, 13]","[1, 222, 14]","[1, 415, 14]","[0, 52, 14]","[0, 52, 15]","[0, 564, 16]","[0, 83, 17]","[1, 83, 17]","[0, 52, 18]",306.1,10.75,18,110,,,,,,,,
"[1, 60, 0]","[0, 60, 4]","[1, 52, 4]","[1, 725, 5]","[0, 52, 6]","[0, 1500, 10]","[1, 52, 10]","[0, 1500, 10]","[1, 52, 10]","[0, 380, 10]","[1, 52, 10]","[1, 116, 14]","[1, 222, 14]","[1, 415, 14]","[0, 52, 15]","[0, 52, 15]","[0, 573, 17]","[1, 83, 18]","[0, 52, 19]","[0, 304, 28]",317.7,11.65,28,110,,,,,,,,
"[1, 60, 0]","[0, 60, 4]","[1, 52, 4]","[1, 725, 5]","[0, 52, 5]","[0, 1500, 10]","[1, 52, 10]","[0, 1500, 10]","[1, 52, 10]","[0, 379, 10]","[1, 52, 10]","[1, 116, 17]","[1, 222, 17]","[1, 415, 17]","[0, 52, 18]","[0, 573, 20]","[1, 83, 21]","[0, 52, 22]","[0, 258, 27]","[0, 1500, 27]",387.75,13.2,27,110,,,,,,,,
"[1, 60, 0]","[0, 60, 4]","[1, 52, 4]","[1, 725, 4]","[0, 52, 5]","[0, 1500, 9]","[1, 52, 10]","[0, 1500, 10]","[1, 52, 10]","[0, 379, 10]","[1, 52, 10]","[1, 116, 12]","[1, 222, 12]","[1, 415, 12]","[0, 52, 14]","[0, 52, 14]","[0, 564, 15]","[0, 83, 15]","[1, 83, 16]","[0, 52, 16]",306.15,10.1,16,110,,,,,,,,
"[1, 60, 0]","[0, 60, 4]","[1, 52, 4]","[1, 725, 4]","[0, 52, 5]","[0, 1500, 9]","[1, 52, 9]","[0, 1500, 9]","[1, 52, 9]","[0, 379, 10]","[1, 52, 10]","[1, 116, 12]","[1, 222, 13]","[1, 415, 13]","[0, 52, 13]","[0, 52, 14]","[0, 52, 14]","[0, 564, 15]","[1, 83, 15]","[0, 83, 15]",306.15,9.85,15,110,,,,,,,,
"[1, 60, 0]","[0, 60, 5]","[1, 52, 5]","[1, 725, 7]","[0, 52, 8]","[0, 1500, 12]","[1, 52, 12]","[0, 1500, 12]","[1, 52, 12]","[0, 378, 12]","[1, 52, 12]","[1, 116, 20]","[1, 222, 20]","[0, 52, 21]","[1, 415, 21]","[0, 52, 21]","[0, 52, 21]","[0, 564, 22]","[0, 83, 22]","[1, 83, 23]",306.1,14.4,23,110,,,,,,,,
"[1, 60, 0]","[0, 60, 4]","[1, 52, 4]","[1, 725, 5]","[0, 52, 6]","[0, 1500, 11]","[1, 52, 11]","[0, 1500, 11]","[1, 52, 11]","[0, 380, 11]","[1, 52, 11]","[1, 116, 18]","[1, 222, 18]","[1, 415, 18]","[0, 52, 19]","[0, 52, 19]","[0, 573, 21]","[1, 83, 21]","[0, 52, 22]","[0, 305, 30]",317.75,13.55,30,110,,,,,,,,
"[1, 60, 0]","[0, 60, 5]","[1, 52, 5]","[1, 725, 5]","[0, 52, 6]","[0, 1500, 11]","[1, 52, 11]","[0, 1500, 11]","[1, 52, 11]","[0, 379, 11]","[1, 52, 11]","[1, 116, 17]","[1, 222, 18]","[1, 415, 18]","[0, 52, 19]","[0, 52, 19]","[0, 52, 19]","[0, 564, 20]","[0, 83, 20]","[1, 83, 21]",306.15,12.9,21,110,,,,,,,,
"[1, 60, 0]","[0, 60, 4]","[1, 52, 4]","[1, 725, 5]","[0, 52, 7]","[0, 1500, 10]","[1, 52, 10]","[0, 1500, 10]","[1, 52, 10]","[0, 378, 10]","[1, 52, 10]","[1, 116, 14]","[1, 222, 15]","[1, 415, 15]","[0, 52, 16]","[0, 52, 17]","[0, 564, 17]","[1, 83, 18]","[0, 83, 18]","[0, 52, 19]",306.1,11.45,19,110,,,,,,,,
"[1, 60, 0]","[0, 60, 5]","[1, 52, 5]","[1, 725, 5]","[0, 52, 6]","[0, 1500, 11]","[1, 52, 11]","[0, 1500, 11]","[1, 52, 11]","[0, 379, 12]","[1, 52, 12]","[1, 116, 14]","[1, 222, 15]","[1, 415, 15]","[0, 52, 16]","[0, 573, 17]","[1, 83, 18]","[0, 52, 18]","[0, 259, 27]","[0, 1443, 27]",384.95,12.8,27,110,,,,,,,,
"[1, 60, 0]","[0, 60, 4]","[1, 52, 4]","[1, 725, 6]","[0, 52, 7]","[0, 1500, 10]","[1, 52, 11]","[0, 1500, 11]","[1, 52, 11]","[0, 378, 11]","[1, 52, 11]","[1, 116, 15]","[1, 222, 15]","[1, 415, 16]","[0, 52, 16]","[0, 52, 16]","[0, 573, 18]","[1, 83, 18]","[0, 52, 19]","[0, 304, 29]",317.6,12.4,29,110,,,,,,,,
"[1, 60, 0]","[0, 60, 8]","[1, 52, 8]","[1, 725, 9]","[0, 52, 10]","[0, 1500, 14]","[1, 52, 14]","[0, 1500, 14]","[1, 52, 14]","[0, 379, 14]","[1, 52, 14]","[1, 116, 17]","[1, 222, 18]","[1, 415, 18]","[0, 52, 18]","[0, 52, 18]","[0, 573, 21]","[1, 83, 21]","[0, 52, 22]","[0, 258, 29]",315.35,15.05,29,110,,,,,,,,
"[1, 60, 0]","[0, 60, 5]","[1, 52, 5]","[1, 725, 6]","[0, 52, 7]","[0, 1500, 12]","[1, 52, 12]","[0, 1500, 12]","[1, 52, 12]","[0, 378, 12]","[1, 52, 12]","[1, 116, 17]","[1, 222, 18]","[1, 415, 18]","[0, 52, 19]","[0, 52, 19]","[0, 573, 21]","[1, 83, 21]","[0, 52, 22]","[0, 259, 80]",315.35,16.5,80,110,,,,,,,,
"[1, 60, 0]","[0, 60, 4]","[1, 52, 4]","[1, 725, 4]","[0, 52, 5]","[0, 1500, 10]","[1, 52, 10]","[0, 1500, 10]","[0, 380, 10]","[1, 52, 10]","[1, 52, 10]","[1, 116, 14]","[1, 222, 14]","[1, 415, 14]","[0, 52, 15]","[0, 52, 15]","[0, 564, 17]","[0, 83, 17]","[1, 83, 18]","[0, 52, 19]",306.2,11,19,110,,,,,,,,
"[1, 60, 0]","[0, 60, 3]","[1, 52, 3]","[1, 725, 5]","[0, 52, 6]","[0, 1500, 9]","[1, 52, 9]","[0, 1500, 10]","[0, 380, 10]","[1, 52, 10]","[1, 52, 10]","[1, 116, 16]","[1, 222, 16]","[0, 52, 17]","[0, 52, 17]","[1, 415, 18]","[0, 573, 19]","[0, 52, 19]","[1, 83, 19]","[0, 52, 21]",305.1,11.85,21,110,,,,,,,,
"[1, 60, 0]","[0, 60, 5]","[1, 52, 5]","[1, 725, 5]","[0, 52, 7]","[0, 1500, 10]","[1, 52, 10]","[0, 1500, 11]","[1, 52, 11]","[0, 379, 11]","[1, 52, 11]","[1, 116, 13]","[1, 222, 14]","[1, 415, 14]","[0, 52, 15]","[0, 52, 15]","[0, 564, 17]","[1, 83, 18]","[0, 83, 19]","[0, 52, 20]",306.15,11.55,20,110,,,,,,,,
"[1, 60, 0]","[0, 60, 12]","[1, 52, 12]","[1, 725, 13]","[0, 52, 20]","[0, 1500, 28]","[1, 52, 28]","[0, 1500, 28]","[1, 52, 28]","[0, 379, 28]","[1, 52, 28]","[1, 116, 32]","[1, 222, 32]","[1, 415, 33]","[0, 52, 38]","[0, 52, 38]","[0, 52, 39]","[0, 564, 46]","[0, 83, 46]","[1, 83, 46]",306.15,28.75,46,110,,,,,,,,
"[1, 60, 0]","[0, 60, 5]","[1, 52, 5]","[1, 725, 5]","[0, 52, 6]","[0, 1500, 9]","[1, 52, 9]","[0, 1500, 10]","[1, 52, 10]","[0, 379, 10]","[1, 52, 10]","[1, 116, 13]","[1, 222, 13]","[1, 415, 13]","[0, 52, 14]","[0, 52, 14]","[0, 573, 17]","[1, 83, 17]","[0, 52, 18]","[0, 258, 29]",315.35,11.35,29,110,,,,,,,,
"[1, 60, 0]","[0, 60, 4]","[1, 52, 4]","[1, 725, 5]","[0, 52, 6]","[0, 1500, 10]","[1, 52, 10]","[0, 1500, 10]","[1, 52, 10]","[0, 379, 10]","[1, 52, 10]","[1, 116, 14]","[1, 222, 15]","[1, 415, 15]","[0, 52, 15]","[0, 52, 16]","[0, 564, 17]","[0, 83, 17]","[1, 83, 17]","[0, 52, 18]",306.15,11.15,18,110,,,,,,,,
"[1, 60, 0]","[0, 60, 5]","[1, 52, 5]","[1, 725, 6]","[0, 52, 6]","[0, 1500, 10]","[1, 52, 10]","[0, 1500, 10]","[1, 52, 10]","[0, 379, 10]","[1, 52, 10]","[1, 116, 13]","[1, 222, 13]","[1, 415, 13]","[0, 52, 15]","[0, 52, 16]","[0, 564, 17]","[1, 83, 17]","[0, 52, 18]","[0, 83, 18]",306.15,11.1,18,110,,,,,,,,
"[1, 60, 0]","[0, 60, 5]","[1, 52, 5]","[1, 725, 6]","[0, 52, 7]","[0, 1500, 14]","[1, 52, 14]","[0, 1500, 14]","[1, 52, 14]","[0, 379, 14]","[1, 52, 14]","[1, 116, 18]","[1, 222, 19]","[1, 415, 19]","[0, 52, 19]","[0, 52, 19]","[0, 564, 22]","[0, 83, 22]","[1, 83, 23]","[0, 52, 24]",306.15,14.6,24,110,,,,,,,,
"[1, 60, 0]","[0, 60, 4]","[1, 52, 4]","[1, 725, 5]","[0, 52, 6]","[0, 1500, 9]","[1, 52, 9]","[0, 1500, 9]","[1, 52, 9]","[0, 380, 9]","[1, 52, 9]","[1, 116, 14]","[1, 222, 14]","[1, 415, 15]","[0, 52, 15]","[0, 52, 16]","[0, 564, 17]","[0, 83, 17]","[1, 83, 18]","[0, 52, 19]",306.2,10.9,19,110,,,,,,,,
"[1, 60, 0]","[0, 60, 4]","[1, 52, 4]","[1, 725, 4]","[0, 52, 6]","[0, 1500, 13]","[1, 52, 13]","[0, 1500, 13]","[0, 379, 13]","[1, 52, 13]","[1, 52, 13]","[1, 116, 15]","[1, 222, 16]","[1, 415, 16]","[0, 52, 17]","[0, 52, 17]","[0, 52, 17]","[0, 573, 19]","[1, 83, 20]","[0, 52, 20]",305.05,12.65,20,110,,,,,,,,
"[1, 60, 0]","[0, 60, 4]","[1, 52, 4]","[1, 725, 5]","[0, 52, 6]","[0, 1500, 11]","[1, 52, 11]","[0, 1500, 11]","[1, 52, 11]","[0, 379, 11]","[1, 52, 11]","[1, 116, 14]","[1, 222, 14]","[1, 415, 14]","[0, 52, 16]","[0, 52, 16]","[0, 564, 18]","[1, 83, 18]","[0, 83, 18]","[0, 52, 19]",306.15,11.6,19,110,,,,,,,,
"[1, 60, 0]","[0, 60, 4]","[1, 52, 4]","[1, 725, 4]","[0, 52, 5]","[0, 1500, 10]","[1, 52, 10]","[0, 1500, 10]","[1, 52, 10]","[0, 380, 10]","[1, 52, 10]","[1, 116, 15]","[1, 222, 16]","[1, 415, 16]","[0, 52, 17]","[0, 52, 17]","[0, 52, 17]","[0, 564, 18]","[0, 83, 18]","[1, 83, 18]",306.2,11.45,18,110,,,,,,,,
"[1, 60, 0]","[0, 60, 4]","[1, 52, 4]","[1, 725, 5]","[0, 52, 6]","[0, 1500, 11]","[1, 52, 11]","[0, 1500, 11]","[1, 52, 11]","[0, 380, 11]","[1, 52, 11]","[1, 116, 17]","[1, 222, 17]","[1, 415, 18]","[0, 52, 18]","[0, 52, 18]","[0, 52, 19]","[0, 573, 20]","[1, 83, 21]","[0, 52, 22]",305.1,12.75,22,110,,,,,,,,
"[1, 60, 0]","[0, 60, 5]","[1, 52, 5]","[1, 725, 5]","[0, 52, 7]","[0, 1500, 11]","[1, 52, 11]","[0, 1500, 11]","[1, 52, 11]","[0, 380, 11]","[1, 52, 11]","[1, 116, 15]","[1, 222, 15]","[1, 415, 15]","[0, 52, 15]","[0, 52, 15]","[0, 52, 15]","[0, 573, 17]","[1, 83, 18]","[0, 52, 19]",305.1,11.6,19,110,,,,,,,,
"[1, 60, 0]","[0, 60, 4]","[1, 52, 4]","[1, 725, 5]","[0, 52, 6]","[0, 1500, 10]","[1, 52, 10]","[0, 1500, 10]","[1, 52, 10]","[0, 380, 11]","[1, 52, 11]","[1, 116, 14]","[1, 222, 14]","[1, 415, 14]","[0, 52, 15]","[0, 52, 15]","[0, 52, 15]","[0, 564, 16]","[1, 83, 16]","[0, 83, 16]",306.2,10.8,16,110,,,,,,,,
"[1, 60, 0]","[0, 60, 4]","[1, 52, 4]","[1, 725, 5]","[0, 52, 5]","[0, 1500, 9]","[1, 52, 9]","[0, 1500, 9]","[1, 52, 9]","[0, 380, 9]","[1, 52, 9]","[1, 116, 11]","[1, 222, 12]","[1, 415, 12]","[0, 52, 12]","[0, 52, 12]","[0, 573, 14]","[1, 83, 14]","[0, 52, 15]","[0, 304, 23]",317.7,9.85,23,110,,,,,,,,
"[1, 60, 0]","[0, 60, 5]","[1, 52, 5]","[1, 725, 5]","[0, 52, 7]","[0, 1500, 12]","[1, 52, 12]","[0, 1500, 12]","[1, 52, 12]","[0, 378, 12]","[1, 52, 12]","[1, 116, 17]","[1, 222, 18]","[1, 415, 18]","[0, 52, 18]","[0, 52, 19]","[0, 52, 19]","[0, 564, 21]","[0, 83, 21]","[1, 83, 21]",306.1,13.3,21,110,,,,,,,,
"[1, 60, 0]","[0, 60, 4]","[1, 52, 4]","[1, 725, 6]","[0, 52, 7]","[0, 1500, 12]","[1, 52, 12]","[0, 1500, 12]","[1, 52, 12]","[0, 380, 12]","[1, 52, 12]","[1, 116, 15]","[1, 222, 16]","[1, 415, 16]","[0, 52, 16]","[0, 52, 16]","[0, 52, 17]","[0, 564, 18]","[0, 83, 18]","[1, 83, 18]",306.2,12.15,18,110,,,,,,,,
"[1, 60, 0]","[0, 60, 3]","[1, 52, 3]","[1, 725, 4]","[0, 52, 5]","[0, 1500, 8]","[1, 52, 8]","[0, 1500, 9]","[1, 52, 9]","[0, 379, 10]","[1, 52, 10]","[1, 116, 12]","[1, 222, 13]","[1, 415, 13]","[0, 52, 14]","[0, 52, 14]","[0, 52, 15]","[0, 564, 15]","[1, 83, 16]","[0, 83, 16]",306.15,9.85,16,110,,,,,,,,
"[1, 60, 0]","[0, 60, 5]","[1, 52, 5]","[1, 725, 6]","[0, 52, 7]","[0, 1500, 14]","[1, 52, 14]","[0, 1500, 14]","[1, 52, 14]","[0, 379, 14]","[1, 52, 14]","[1, 116, 17]","[1, 222, 17]","[1, 415, 17]","[0, 52, 18]","[0, 52, 18]","[0, 573, 22]","[1, 83, 23]","[0, 52, 24]","[0, 304, 29]",317.65,14.6,29,110,,,,,,,,
"[1, 60, 0]","[0, 60, 4]","[1, 52, 4]","[1, 725, 4]","[0, 52, 5]","[0, 1500, 11]","[1, 52, 11]","[0, 1500, 11]","[1, 52, 11]","[0, 378, 11]","[1, 52, 11]","[1, 116, 16]","[1, 222, 16]","[1, 415, 16]","[0, 52, 17]","[0, 52, 17]","[0, 573, 19]","[1, 83, 19]","[0, 52, 19]","[0, 305, 31]",317.65,12.65,31,110,,,,,,,,
"[1, 60, 0]","[0, 60, 4]","[1, 52, 4]","[1, 725, 5]","[0, 52, 6]","[0, 1500, 9]","[1, 52, 9]","[0, 1500, 9]","[1, 52, 9]","[0, 379, 9]","[1, 52, 9]","[1, 116, 15]","[0, 52, 16]","[1, 222, 16]","[1, 415, 16]","[0, 52, 16]","[0, 564, 17]","[1, 83, 18]","[0, 83, 18]","[0, 52, 19]",306.15,11.2,19,110,,,,,,,,
"[1, 60, 0]","[0, 60, 4]","[1, 52, 4]","[1, 725, 5]","[0, 52, 7]","[0, 1500, 12]","[1, 52, 12]","[0, 1500, 12]","[1, 52, 12]","[0, 378, 12]","[1, 52, 12]","[1, 116, 20]","[1, 222, 20]","[1, 415, 20]","[0, 52, 22]","[0, 52, 22]","[0, 52, 22]","[0, 573, 25]","[1, 83, 25]","[0, 52, 26]",305,14.7,26,110,,,,,,,,
"[1, 60, 0]","[0, 60, 5]","[1, 52, 5]","[1, 725, 5]","[0, 52, 7]","[0, 1500, 10]","[1, 52, 10]","[0, 1500, 10]","[1, 52, 10]","[0, 379, 10]","[1, 52, 10]","[1, 116, 14]","[1, 222, 14]","[1, 415, 14]","[0, 52, 14]","[0, 52, 15]","[0, 564, 16]","[0, 83, 16]","[1, 83, 17]","[0, 52, 17]",306.15,10.95,17,110,,,,,,,,
"[1, 60, 0]","[0, 60, 4]","[1, 52, 4]","[1, 725, 4]","[0, 52, 6]","[0, 1500, 10]","[1, 52, 10]","[0, 1500, 10]","[1, 52, 10]","[0, 378, 11]","[1, 52, 11]","[1, 116, 14]","[1, 222, 14]","[1, 415, 14]","[0, 52, 15]","[0, 573, 17]","[1, 83, 17]","[0, 52, 18]","[0, 258, 25]","[0, 1500, 25]",387.7,11.95,25,110,,,,,,,,
"[1, 60, 0]","[0, 60, 4]","[1, 52, 4]","[1, 725, 5]","[0, 52, 5]","[0, 1500, 10]","[1, 52, 10]","[0, 1500, 10]","[1, 52, 10]","[0, 379, 10]","[1, 52, 10]","[1, 116, 14]","[1, 222, 14]","[1, 415, 14]","[0, 52, 15]","[0, 52, 15]","[0, 573, 17]","[1, 83, 17]","[0, 52, 18]","[0, 304, 24]",317.65,11.3,24,110,,,,,,,,
"[1, 60, 0]","[0, 60, 4]","[1, 52, 4]","[1, 725, 5]","[0, 52, 6]","[0, 1500, 10]","[1, 52, 10]","[0, 1500, 10]","[1, 52, 10]","[0, 379, 10]","[1, 52, 10]","[1, 116, 16]","[1, 222, 17]","[1, 415, 17]","[0, 52, 18]","[0, 52, 18]","[0, 564, 19]","[0, 83, 20]","[1, 83, 29]","[0, 52, 31]",306.15,13.2,31,110,,,,,,,,
"[1, 60, 0]","[0, 60, 3]","[1, 52, 3]","[1, 725, 4]","[0, 52, 4]","[0, 1500, 9]","[1, 52, 9]","[0, 1500, 9]","[1, 52, 9]","[0, 378, 9]","[1, 52, 9]","[1, 116, 12]","[1, 222, 12]","[1, 415, 12]","[0, 52, 13]","[0, 52, 13]","[0, 52, 13]","[0, 564, 15]","[0, 83, 15]","[1, 83, 15]",306.1,9.4,15,110,,,,,,,,
"[1, 60, 0]","[0, 60, 5]","[1, 52, 5]","[1, 725, 6]","[0, 52, 7]","[0, 1500, 12]","[1, 52, 12]","[0, 1500, 12]","[1, 52, 12]","[0, 378, 12]","[1, 52, 12]","[1, 116, 16]","[1, 222, 16]","[1, 415, 16]","[0, 52, 17]","[0, 52, 17]","[0, 52, 17]","[0, 564, 19]","[0, 83, 19]","[1, 83, 20]",306.1,12.6,20,110,,,,,,,,
"[1, 60, 0]","[0, 60, 5]","[1, 52, 5]","[1, 725, 5]","[0, 52, 6]","[0, 1500, 10]","[1, 52, 10]","[0, 1500, 11]","[1, 52, 11]","[0, 379, 11]","[1, 52, 11]","[1, 116, 15]","[1, 222, 15]","[1, 415, 15]","[0, 52, 17]","[0, 52, 17]","[0, 573, 19]","[1, 83, 19]","[0, 52, 20]","[0, 304, 26]",317.65,12.4,26,110,,,,,,,,
"[1, 60, 0]","[0, 60, 4]","[1, 52, 5]","[1, 725, 5]","[0, 52, 6]","[0, 1500, 9]","[1, 52, 9]","[0, 1500, 9]","[1, 52, 9]","[0, 378, 9]","[1, 52, 9]","[1, 116, 14]","[1, 222, 14]","[1, 415, 15]","[0, 52, 15]","[0, 52, 15]","[0, 573, 17]","[1, 83, 17]","[0, 52, 18]","[0, 305, 26]",317.65,11.25,26,110,,,,,,,,
"[1, 60, 0]","[0, 60, 4]","[1, 52, 4]","[1, 725, 5]","[0, 52, 6]","[0, 1500, 11]","[1, 52, 11]","[0, 1500, 11]","[1, 52, 11]","[0, 379, 11]","[1, 52, 11]","[1, 116, 16]","[1, 222, 16]","[1, 415, 17]","[0, 52, 17]","[0, 52, 17]","[0, 52, 18]","[0, 564, 19]","[0, 83, 19]","[1, 83, 20]",306.15,12.2,20,110,,,,,,,,
"[1, 60, 0]","[0, 60, 4]","[1, 52, 4]","[1, 725, 5]","[0, 52, 6]","[0, 1500, 10]","[1, 52, 10]","[0, 1500, 10]","[1, 52, 10]","[0, 380, 10]","[1, 52, 10]","[1, 116, 14]","[1, 222, 15]","[1, 415, 15]","[0, 52, 15]","[0, 52, 16]","[0, 52, 16]","[0, 564, 17]","[0, 83, 17]","[1, 83, 18]",306.2,11.1,18,110,,,,,,,,
"[1, 60, 0]","[0, 60, 3]","[1, 52, 3]","[1, 725, 4]","[0, 52, 5]","[0, 1500, 11]","[1, 52, 11]","[0, 1500, 11]","[1, 52, 11]","[0, 380, 11]","[1, 52, 11]","[1, 116, 19]","[1, 222, 19]","[1, 415, 19]","[0, 52, 21]","[0, 52, 21]","[0, 52, 21]","[0, 564, 22]","[0, 83, 23]","[1, 83, 23]",306.2,13.45,23,110,,,,,,,,
"[1, 60, 0]","[0, 60, 4]","[1, 52, 4]","[1, 1787, 5]","[0, 52, 5]","[0, 1500, 10]","[1, 52, 10]","[0, 1500, 11]","[1, 52, 11]","[0, 664, 11]","[1, 52, 11]","[1, 116, 16]","[1, 150, 16]","[1, 521, 16]","[0, 52, 17]","[0, 52, 17]","[0, 573, 19]","[1, 83, 19]","[0, 52, 20]","[0, 259, 31]",384.45,12.65,31,122,,,,,,,,
"[1, 60, 0]","[0, 60, 3]","[1, 52, 4]","[1, 1819, 4]","[0, 52, 5]","[0, 52, 5]","[0, 1500, 9]","[1, 52, 9]","[0, 1500, 9]","[1, 52, 9]","[0, 664, 9]","[1, 52, 9]","[1, 116, 17]","[1, 150, 17]","[1, 521, 17]","[0, 52, 18]","[0, 52, 18]","[0, 573, 19]","[1, 83, 19]","[0, 52, 20]",375.7,11,20,122,,,,,,,,
"[1, 60, 0]","[0, 60, 19]","[1, 52, 19]","[1, 1819, 20]","[0, 52, 26]","[0, 52, 27]","[0, 1500, 34]","[1, 52, 34]","[0, 1500, 34]","[1, 52, 34]","[0, 664, 34]","[1, 52, 34]","[1, 116, 46]","[1, 150, 46]","[1, 521, 47]","[0, 52, 51]","[0, 52, 51]","[0, 52, 51]","[0, 573, 57]","[1, 83, 57]",375.7,36.05,57,122,,,,,,,,
"[1, 60, 0]","[0, 60, 3]","[1, 52, 3]","[1, 1851, 4]","[0, 52, 4]","[0, 1500, 10]","[1, 52, 10]","[0, 1500, 10]","[1, 52, 10]","[0, 663, 10]","[1, 52, 10]","[1, 116, 15]","[1, 150, 15]","[1, 521, 15]","[0, 52, 16]","[0, 52, 16]","[0, 573, 18]","[1, 83, 18]","[0, 52, 18]","[0, 258, 29]",387.55,11.7,29,122,,,,,,,,
"[1, 60, 0]","[0, 60, 3]","[1, 52, 3]","[1, 1787, 4]","[0, 52, 4]","[0, 1500, 9]","[1, 52, 9]","[0, 1500, 9]","[1, 52, 9]","[0, 664, 9]","[1, 52, 9]","[1, 116, 16]","[1, 150, 16]","[1, 521, 17]","[0, 52, 17]","[0, 52, 17]","[0, 573, 19]","[1, 83, 19]","[0, 52, 20]","[0, 304, 30]",386.7,11.95,30,122,,,,,,,,
"[1, 60, 0]","[0, 60, 13]","[1, 52, 13]","[1, 1787, 14]","[0, 52, 18]","[0, 52, 18]","[0, 1500, 26]","[1, 52, 26]","[0, 1500, 26]","[1, 52, 26]","[0, 664, 26]","[1, 52, 26]","[1, 116, 37]","[1, 150, 38]","[1, 521, 38]","[0, 52, 91]","[0, 52, 91]","[0, 573, 97]","[1, 83, 98]","[0, 304, 103]",386.7,41.25,103,122,,,,,,,,
"[1, 60, 0]","[0, 60, 3]","[1, 52, 3]","[1, 1851, 4]","[0, 52, 4]","[0, 52, 4]","[0, 1500, 9]","[1, 52, 9]","[0, 1500, 9]","[1, 52, 9]","[0, 664, 9]","[1, 52, 9]","[1, 116, 15]","[1, 150, 15]","[1, 521, 16]","[0, 52, 16]","[0, 52, 16]","[0, 52, 16]","[0, 573, 18]","[1, 83, 18]",377.3,10.1,18,122,,,,,,,,
"[1, 60, 0]","[0, 60, 5]","[1, 52, 5]","[1, 1787, 5]","[0, 52, 6]","[0, 1500, 10]","[1, 52, 10]","[0, 1500, 10]","[1, 52, 10]","[0, 663, 10]","[1, 52, 10]","[1, 116, 16]","[1, 150, 17]","[1, 521, 17]","[0, 52, 17]","[0, 52, 17]","[0, 52, 17]","[0, 573, 19]","[1, 83, 19]","[0, 52, 20]",374.05,12,20,122,,,,,,,,
"[1, 60, 0]","[0, 60, 4]","[1, 52, 4]","[1, 1819, 4]","[0, 52, 5]","[0, 1500, 9]","[1, 52, 9]","[0, 1500, 9]","[1, 52, 9]","[0, 664, 9]","[1, 52, 9]","[1, 116, 15]","[1, 150, 15]","[1, 521, 15]","[0, 52, 15]","[0, 52, 15]","[0, 52, 15]","[0, 564, 17]","[0, 83, 17]","[1, 52, 17]",375.25,10.6,17,122,,,,,,,,
"[1, 60, 0]","[0, 60, 4]","[1, 52, 4]","[1, 1819, 4]","[0, 52, 5]","[0, 1500, 8]","[1, 52, 8]","[0, 1500, 9]","[1, 52, 9]","[0, 664, 9]","[1, 52, 9]","[1, 116, 13]","[1, 150, 14]","[1, 521, 14]","[0, 52, 14]","[0, 52, 14]","[0, 52, 14]","[0, 564, 16]","[1, 83, 16]","[0, 83, 16]",376.8,10,16,122,,,,,,,,
"[1, 60, 0]","[0, 60, 9]","[1, 52, 9]","[1, 1883, 10]","[0, 52, 23]","[0, 52, 23]","[0, 1500, 30]","[1, 52, 30]","[0, 1500, 30]","[1, 52, 30]","[0, 664, 30]","[1, 52, 30]","[1, 116, 39]","[1, 150, 40]","[1, 521, 40]","[0, 52, 43]","[0, 52, 43]","[0, 573, 46]","[1, 83, 47]","[0, 52, 52]",378.9,30.2,52,122,,,,,,,,
"[1, 60, 0]","[0, 60, 4]","[1, 52, 4]","[1, 1819, 7]","[0, 52, 8]","[0, 1500, 14]","[1, 52, 14]","[0, 1500, 14]","[1, 52, 14]","[0, 663, 14]","[1, 52, 14]","[1, 116, 19]","[1, 150, 19]","[1, 521, 19]","[0, 52, 20]","[0, 52, 20]","[0, 52, 20]","[0, 573, 22]","[1, 83, 22]","[0, 52, 23]",375.65,14.55,23,122,,,,,,,,
"[1, 60, 0]","[0, 60, 4]","[1, 52, 4]","[1, 1819, 5]","[0, 52, 5]","[0, 1500, 11]","[1, 52, 11]","[0, 1500, 11]","[1, 52, 11]","[0, 664, 11]","[1, 52, 11]","[1, 116, 16]","[1, 150, 17]","[1, 521, 17]","[0, 52, 17]","[0, 52, 17]","[0, 52, 17]","[0, 573, 19]","[1, 83, 19]","[0, 52, 19]",375.7,12.1,19,122,,,,,,,,
"[1, 60, 0]","[0, 60, 4]","[1, 52, 5]","[1, 1851, 5]","[0, 52, 6]","[0, 1500, 11]","[1, 52, 11]","[0, 1500, 11]","[1, 52, 11]","[0, 664, 11]","[1, 52, 11]","[1, 116, 17]","[1, 150, 17]","[1, 521, 17]","[0, 52, 17]","[0, 52, 18]","[0, 573, 19]","[1, 83, 19]","[0, 52, 20]","[0, 304, 27]",389.9,12.85,27,122,,,,,,,,
"[1, 60, 0]","[0, 60, 4]","[1, 52, 4]","[1, 1851, 4]","[0, 52, 5]","[0, 1500, 10]","[1, 52, 10]","[0, 1500, 10]","[1, 52, 10]","[0, 663, 10]","[1, 52, 10]","[1, 116, 15]","[1, 150, 15]","[1, 521, 16]","[0, 52, 16]","[0, 52, 16]","[0, 52, 16]","[0, 564, 17]","[1, 83, 18]","[0, 83, 18]",378.35,11.2,18,122,,,,,,,,
"[1, 60, 0]","[0, 60, 3]","[1, 52, 3]","[1, 1819, 4]","[0, 52, 5]","[0, 1500, 10]","[1, 52, 10]","[0, 1500, 10]","[1, 52, 10]","[0, 664, 10]","[1, 52, 10]","[1, 116, 16]","[1, 150, 16]","[1, 521, 16]","[0, 52, 16]","[0, 52, 16]","[0, 52, 17]","[0, 564, 18]","[0, 83, 18]","[1, 52, 18]",375.25,11.3,18,122,,,,,,,,
"[1, 60, 0]","[0, 60, 4]","[1, 52, 4]","[1, 1851, 7]","[0, 52, 8]","[0, 52, 8]","[0, 1500, 13]","[1, 52, 13]","[0, 1500, 13]","[1, 52, 13]","[0, 663, 13]","[1, 52, 13]","[1, 116, 18]","[1, 150, 18]","[1, 521, 19]","[0, 52, 19]","[0, 52, 19]","[0, 52, 19]","[0, 573, 21]","[1, 83, 21]",377.25,13.15,21,122,,,,,,,,
"[1, 60, 0]","[0, 60, 3]","[1, 52, 3]","[1, 1851, 4]","[0, 52, 4]","[0, 1500, 9]","[1, 52, 9]","[0, 1500, 9]","[1, 52, 9]","[0, 664, 10]","[1, 52, 10]","[1, 116, 15]","[1, 150, 15]","[1, 521, 15]","[0, 52, 15]","[0, 52, 15]","[0, 52, 16]","[0, 564, 17]","[0, 83, 17]","[1, 52, 17]",376.85,10.6,17,122,,,,,,,,
"[1, 60, 0]","[0, 60, 5]","[1, 52, 5]","[1, 1787, 5]","[0, 52, 7]","[0, 52, 7]","[0, 1500, 11]","[1, 52, 11]","[0, 1500, 11]","[1, 52, 11]","[0, 664, 11]","[1, 52, 11]","[1, 116, 18]","[1, 150, 18]","[1, 521, 18]","[0, 52, 19]","[0, 52, 19]","[0, 573, 20]","[1, 83, 21]","[0, 52, 21]",374.1,12.45,21,122,,,,,,,,
"[1, 60, 0]","[0, 60, 4]","[1, 52, 4]","[1, 1787, 5]","[0, 52, 6]","[0, 52, 6]","[0, 1500, 13]","[1, 52, 13]","[0, 1500, 13]","[1, 52, 13]","[0, 663, 13]","[1, 52, 13]","[1, 116, 18]","[1, 150, 18]","[1, 521, 18]","[0, 52, 19]","[0, 52, 19]","[0, 573, 21]","[1, 83, 22]","[0, 52, 22]",374.05,13,22,122,,,,,,,,
"[1, 60, 0]","[0, 60, 4]","[1, 52, 4]","[1, 1883, 4]","[0, 52, 5]","[0, 1500, 10]","[1, 52, 10]","[0, 1500, 10]","[1, 52, 10]","[0, 665, 10]","[1, 52, 10]","[1, 116, 17]","[1, 150, 17]","[1, 521, 17]","[0, 52, 18]","[0, 52, 18]","[0, 573, 19]","[1, 83, 19]","[0, 52, 20]","[0, 258, 28]",389.25,12.5,28,122,,,,,,,,
"[1, 60, 0]","[0, 60, 3]","[1, 52, 3]","[1, 1819, 4]","[0, 52, 4]","[0, 1500, 9]","[1, 52, 9]","[0, 1500, 9]","[1, 52, 9]","[0, 664, 9]","[1, 52, 9]","[1, 116, 17]","[1, 150, 17]","[1, 521, 18]","[0, 52, 18]","[0, 52, 18]","[0, 573, 20]","[1, 83, 20]","[0, 52, 20]","[0, 258, 33]",386,12.45,33,122,,,,,,,,
"[1, 60, 0]","[0, 60, 4]","[1, 52, 4]","[1, 1851, 4]","[0, 52, 5]","[0, 1500, 10]","[1, 52, 10]","[0, 1500, 10]","[1, 52, 10]","[0, 663, 11]","[1, 52, 11]","[1, 116, 17]","[1, 150, 17]","[1, 521, 17]","[0, 52, 18]","[0, 52, 18]","[0, 573, 20]","[1, 83, 20]","[0, 52, 21]","[0, 258, 30]",387.55,12.85,30,122,,,,,,,,
"[1, 60, 0]","[0, 60, 3]","[1, 52, 3]","[1, 1883, 4]","[0, 52, 5]","[0, 52, 5]","[0, 1500, 9]","[1, 52, 9]","[0, 1500, 9]","[1, 52, 9]","[0, 664, 9]","[1, 52, 9]","[1, 116, 14]","[1, 150, 14]","[1, 521, 15]","[0, 52, 15]","[0, 52, 15]","[0, 573, 17]","[1, 83, 17]","[0, 52, 17]",378.9,9.9,17,122,,,,,,,,
"[1, 60, 0]","[0, 60, 4]","[1, 52, 4]","[1, 1851, 4]","[0, 52, 5]","[0, 1500, 9]","[1, 52, 9]","[0, 1500, 10]","[1, 52, 10]","[0, 663, 10]","[1, 52, 10]","[1, 116, 15]","[1, 150, 15]","[1, 521, 16]","[0, 52, 16]","[0, 52, 16]","[0, 573, 18]","[1, 83, 18]","[0, 52, 18]","[0, 1500, 27]",449.65,11.7,27,122,,,,,,,,
"[1, 60, 0]","[0, 60, 4]","[1, 52, 4]","[1, 1787, 4]","[0, 52, 5]","[0, 1500, 10]","[1, 52, 10]","[0, 1500, 10]","[1, 52, 10]","[0, 664, 10]","[1, 52, 10]","[1, 116, 16]","[1, 150, 16]","[1, 521, 16]","[0, 52, 16]","[0, 52, 16]","[0, 573, 18]","[1, 83, 18]","[0, 52, 19]","[0, 304, 27]",386.7,11.95,27,122,,,,,,,,
"[1, 60, 0]","[0, 60, 4]","[1, 52, 4]","[1, 1851, 5]","[0, 52, 5]","[0, 52, 5]","[0, 1500, 9]","[1, 52, 9]","[0, 1500, 9]","[1, 52, 9]","[0, 663, 9]","[1, 52, 9]","[1, 116, 16]","[1, 150, 17]","[1, 521, 17]","[0, 52, 17]","[0, 52, 17]","[0, 52, 18]","[0, 573, 19]","[1, 83, 19]",377.25,10.85,19,122,,,,,,,,
"[1, 60, 0]","[0, 60, 4]","[1, 52, 4]","[1, 1883, 4]","[0, 52, 5]","[0, 1500, 10]","[1, 52, 11]","[0, 1500, 11]","[1, 52, 11]","[0, 664, 11]","[1, 52, 11]","[1, 116, 16]","[1, 150, 16]","[1, 521, 16]","[0, 52, 17]","[0, 52, 17]","[0, 52, 17]","[0, 573, 18]","[1, 83, 18]","[0, 52, 19]",378.9,11.8,19,122,,,,,,,,
"[1, 60, 0]","[0, 60, 4]","[1, 52, 4]","[1, 1851, 4]","[0, 52, 5]","[0, 1500, 9]","[1, 52, 9]","[0, 1500, 9]","[1, 52, 9]","[0, 664, 9]","[1, 52, 9]","[1, 116, 16]","[1, 150, 16]","[1, 521, 16]","[0, 52, 17]","[0, 52, 17]","[0, 573, 19]","[1, 83, 19]","[0, 52, 20]","[0, 1500, 28]",449.7,11.95,28,122,,,,,,,,
"[1, 60, 0]","[0, 60, 4]","[1, 52, 4]","[1, 1883, 4]","[0, 52, 5]","[0, 1500, 10]","[1, 52, 10]","[0, 1500, 10]","[1, 52, 10]","[0, 664, 10]","[1, 52, 10]","[1, 116, 15]","[1, 150, 16]","[1, 521, 16]","[0, 52, 16]","[0, 52, 16]","[0, 52, 17]","[0, 573, 18]","[1, 83, 19]","[0, 52, 19]",378.9,11.45,19,122,,,,,,,,
"[1, 60, 0]","[0, 60, 4]","[1, 52, 4]","[1, 1883, 4]","[0, 52, 5]","[0, 52, 5]","[0, 1500, 9]","[1, 52, 9]","[0, 1500, 9]","[1, 52, 9]","[0, 665, 9]","[1, 52, 9]","[1, 116, 15]","[1, 150, 15]","[1, 521, 15]","[0, 52, 16]","[0, 52, 16]","[0, 573, 17]","[1, 83, 18]","[0, 52, 18]",378.95,10.3,18,122,,,,,,,,
"[1, 60, 0]","[0, 60, 5]","[1, 52, 5]","[1, 1787, 5]","[0, 52, 6]","[0, 1500, 11]","[1, 52, 11]","[0, 1500, 11]","[1, 52, 11]","[0, 665, 11]","[1, 52, 11]","[1, 116, 17]","[1, 150, 17]","[1, 521, 17]","[0, 52, 18]","[0, 52, 18]","[0, 573, 20]","[1, 83, 20]","[0, 52, 20]","[0, 304, 29]",386.75,13.15,29,122,,,,,,,,
"[1, 60, 0]","[0, 60, 4]","[1, 52, 4]","[1, 1787, 4]","[0, 52, 5]","[0, 1500, 12]","[1, 52, 12]","[0, 1500, 12]","[1, 52, 12]","[0, 664, 12]","[1, 52, 12]","[1, 116, 17]","[1, 150, 18]","[1, 521, 18]","[0, 52, 18]","[0, 52, 18]","[0, 52, 18]","[0, 573, 21]","[1, 83, 21]","[0, 52, 21]",374.1,12.95,21,122,,,,,,,,
"[1, 60, 0]","[0, 60, 6]","[1, 52, 6]","[1, 1819, 6]","[0, 52, 7]","[0, 1500, 12]","[1, 52, 12]","[0, 1500, 12]","[1, 52, 12]","[0, 664, 13]","[1, 52, 13]","[1, 116, 17]","[1, 150, 18]","[1, 521, 18]","[0, 52, 18]","[0, 52, 18]","[0, 52, 18]","[0, 573, 20]","[1, 83, 20]","[0, 52, 21]",375.7,13.35,21,122,,,,,,,,
"[1, 60, 0]","[0, 60, 14]","[1, 52, 14]","[1, 1883, 14]","[0, 52, 17]","[0, 52, 18]","[0, 1500, 24]","[1, 52, 24]","[0, 1500, 24]","[1, 52, 24]","[0, 664, 24]","[1, 52, 24]","[1, 116, 32]","[1, 150, 33]","[1, 521, 33]","[0, 52, 37]","[0, 52, 37]","[0, 52, 37]","[0, 573, 41]","[1, 83, 41]",378.9,25.6,41,122,,,,,,,,
"[1, 60, 0]","[0, 60, 3]","[1, 52, 3]","[1, 1819, 4]","[0, 52, 4]","[0, 1500, 9]","[1, 52, 10]","[0, 1500, 10]","[1, 52, 10]","[0, 665, 10]","[1, 52, 10]","[1, 116, 16]","[1, 150, 16]","[1, 521, 16]","[0, 52, 17]","[0, 52, 17]","[0, 573, 19]","[1, 83, 19]","[0, 52, 19]","[0, 304, 28]",388.35,12,28,122,,,,,,,,
"[1, 60, 0]","[0, 60, 4]","[1, 52, 4]","[1, 1787, 5]","[0, 52, 5]","[0, 1500, 10]","[1, 52, 10]","[0, 1500, 10]","[1, 52, 10]","[0, 665, 11]","[1, 52, 11]","[1, 116, 16]","[1, 150, 16]","[1, 521, 16]","[0, 52, 17]","[0, 52, 17]","[0, 573, 19]","[1, 83, 19]","[0, 52, 19]","[0, 304, 27]",386.75,12.3,27,122,,,,,,,,
"[1, 60, 0]","[0, 60, 3]","[1, 52, 4]","[1, 1819, 4]","[0, 52, 4]","[0, 52, 5]","[0, 1500, 10]","[1, 52, 10]","[0, 1500, 10]","[1, 52, 10]","[0, 664, 10]","[1, 52, 10]","[1, 116, 15]","[1, 150, 15]","[1, 521, 16]","[0, 52, 16]","[0, 52, 16]","[0, 52, 16]","[0, 573, 18]","[1, 83, 18]",375.7,10.5,18,122,,,,,,,,
"[1, 60, 0]","[0, 60, 4]","[1, 52, 4]","[1, 1851, 5]","[0, 52, 5]","[0, 52, 5]","[0, 1500, 9]","[1, 52, 9]","[0, 1500, 9]","[1, 52, 9]","[0, 664, 9]","[1, 52, 9]","[1, 116, 15]","[1, 150, 15]","[1, 521, 16]","[0, 52, 16]","[0, 52, 16]","[0, 52, 16]","[0, 573, 18]","[1, 83, 18]",377.3,10.35,18,122,,,,,,,,
"[1, 60, 0]","[0, 60, 5]","[1, 52, 5]","[1, 1787, 5]","[0, 52, 6]","[0, 52, 6]","[0, 1500, 10]","[1, 52, 11]","[0, 1500, 11]","[1, 52, 11]","[0, 663, 11]","[1, 52, 11]","[1, 116, 16]","[1, 150, 17]","[1, 521, 17]","[0, 52, 17]","[0, 52, 17]","[0, 52, 18]","[0, 573, 19]","[1, 83, 19]",374.05,11.6,19,122,,,,,,,,
"[1, 60, 0]","[0, 60, 4]","[1, 52, 5]","[1, 1819, 5]","[0, 52, 5]","[0, 1500, 12]","[1, 52, 12]","[0, 1500, 12]","[1, 52, 12]","[0, 664, 12]","[1, 52, 12]","[1, 116, 17]","[1, 150, 17]","[1, 521, 17]","[0, 52, 17]","[0, 52, 17]","[0, 52, 18]","[0, 573, 19]","[1, 83, 19]","[0, 52, 20]",375.7,12.6,20,122,,,,,,,,
"[1, 60, 0]","[0, 60, 4]","[1, 52, 4]","[1, 1787, 4]","[0, 52, 5]","[0, 1500, 12]","[1, 52, 12]","[0, 1500, 12]","[1, 52, 12]","[0, 664, 12]","[1, 52, 12]","[1, 116, 17]","[1, 150, 17]","[1, 521, 17]","[0, 52, 17]","[0, 52, 17]","[0, 52, 18]","[0, 595, 19]","[1, 83, 19]","[0, 52, 20]",375.2,12.5,20,122,,,,,,,,
"[1, 60, 0]","[0, 60, 3]","[1, 52, 3]","[1, 1787, 5]","[0, 52, 5]","[0, 1500, 12]","[1, 52, 12]","[0, 1500, 12]","[1, 52, 12]","[0, 664, 12]","[1, 52, 12]","[1, 116, 17]","[1, 150, 18]","[1, 521, 18]","[0, 52, 18]","[0, 52, 18]","[0, 573, 20]","[1, 83, 20]","[0, 52, 21]","[0, 304, 29]",386.7,13.35,29,122,,,,,,,,
"[1, 60, 0]","[0, 60, 3]","[1, 52, 3]","[1, 1819, 4]","[0, 52, 5]","[0, 1500, 9]","[1, 52, 9]","[0, 1500, 9]","[1, 52, 9]","[0, 663, 9]","[1, 52, 9]","[1, 116, 14]","[1, 150, 15]","[1, 521, 15]","[0, 52, 15]","[0, 52, 15]","[0, 52, 16]","[0, 564, 17]","[0, 83, 17]","[1, 52, 17]",375.2,10.5,17,122,,,,,,,,
"[1, 60, 0]","[0, 60, 5]","[1, 52, 5]","[1, 1883, 5]","[0, 52, 6]","[0, 1500, 10]","[1, 52, 10]","[0, 1500, 10]","[1, 52, 10]","[0, 664, 10]","[1, 52, 10]","[1, 116, 15]","[1, 150, 15]","[1, 521, 16]","[0, 52, 16]","[0, 52, 16]","[0, 52, 17]","[0, 573, 18]","[1, 83, 18]","[0, 52, 19]",378.9,11.55,19,122,,,,,,,,
"[1, 60, 0]","[0, 60, 4]","[1, 52, 4]","[1, 1883, 5]","[0, 52, 5]","[0, 1500, 11]","[1, 52, 11]","[0, 1500, 11]","[1, 52, 11]","[0, 664, 11]","[1, 52, 11]","[1, 116, 16]","[1, 150, 16]","[1, 521, 16]","[0, 52, 17]","[0, 52, 17]","[0, 573, 18]","[1, 83, 19]","[0, 52, 19]","[0, 258, 27]",389.2,12.45,27,122,,,,,,,,
"[1, 60, 0]","[0, 60, 3]","[1, 52, 3]","[1, 1819, 3]","[0, 52, 4]","[0, 1500, 10]","[1, 52, 10]","[0, 1500, 10]","[1, 52, 10]","[0, 664, 11]","[1, 52, 11]","[1, 116, 16]","[1, 150, 16]","[1, 521, 16]","[0, 52, 17]","[0, 52, 17]","[0, 573, 18]","[1, 83, 18]","[0, 52, 19]","[0, 258, 27]",386,11.95,27,122,,,,,,,,
"[1, 60, 0]","[0, 60, 3]","[1, 52, 3]","[1, 1819, 3]","[0, 52, 4]","[0, 1500, 9]","[1, 52, 9]","[0, 1500, 9]","[1, 52, 9]","[0, 664, 9]","[1, 52, 9]","[1, 116, 17]","[1, 150, 17]","[1, 521, 18]","[0, 52, 18]","[0, 52, 18]","[0, 52, 18]","[0, 573, 20]","[1, 83, 20]","[0, 52, 20]",375.7,11.65,20,122,,,,,,,,
"[1, 60, 0]","[0, 60, 3]","[1, 52, 3]","[1, 1787, 3]","[0, 52, 4]","[0, 52, 4]","[0, 1500, 9]","[1, 52, 9]","[0, 1500, 9]","[1, 52, 9]","[0, 664, 9]","[1, 52, 9]","[1, 116, 15]","[1, 150, 15]","[1, 521, 15]","[0, 52, 16]","[0, 52, 16]","[0, 573, 17]","[1, 83, 18]","[0, 52, 18]",374.1,10.05,18,122,,,,,,,,
"[1, 60, 0]","[0, 60, 5]","[1, 52, 5]","[1, 1851, 5]","[0, 52, 6]","[0, 52, 6]","[0, 1500, 11]","[1, 52, 11]","[0, 1500, 11]","[1, 52, 11]","[0, 664, 11]","[1, 52, 11]","[1, 116, 16]","[1, 150, 16]","[1, 521, 17]","[0, 52, 17]","[0, 52, 17]","[0, 52, 17]","[0, 573, 19]","[1, 83, 19]",377.3,11.55,19,122,,,,,,,,
"[1, 60, 0]","[0, 60, 6]","[1, 52, 6]","[1, 1787, 6]","[0, 52, 10]","[0, 52, 10]","[0, 1500, 15]","[1, 52, 16]","[0, 1500, 16]","[1, 52, 16]","[0, 664, 16]","[1, 52, 16]","[1, 116, 21]","[1, 150, 22]","[1, 521, 22]","[0, 52, 22]","[0, 52, 22]","[0, 573, 24]","[1, 83, 24]","[0, 52, 25]",374.1,15.75,25,122,,,,,,,,
"[1, 60, 0]","[0, 60, 4]","[1, 52, 4]","[1, 1883, 4]","[0, 52, 5]","[0, 1500, 9]","[1, 52, 9]","[0, 1500, 9]","[1, 52, 9]","[0, 663, 9]","[1, 52, 9]","[1, 116, 14]","[1, 150, 14]","[1, 521, 15]","[0, 52, 15]","[0, 52, 15]","[0, 52, 15]","[0, 564, 17]","[0, 83, 17]","[1, 52, 17]",378.4,10.5,17,122,,,,,,,,
"[1, 60, 0]","[0, 60, 10]","[1, 52, 10]","[1, 1819, 10]","[0, 52, 11]","[0, 52, 11]","[0, 1500, 48]","[0, 1500, 48]","[0, 663, 48]","[1, 52, 48]","[1, 52, 48]","[1, 52, 48]","[1, 116, 154]","[1, 150, 156]","[1, 521, 158]","[0, 52, 159]","[0, 52, 160]","[0, 52, 166]","[0, 564, 169]","[1, 52, 169]",373.65,81.55,169,122,,,,,,,,
"[1, 60, 0]","[0, 60, 4]","[1, 52, 4]","[1, 1787, 4]","[0, 52, 5]","[0, 52, 5]","[0, 1500, 11]","[1, 52, 11]","[0, 1500, 11]","[1, 52, 11]","[0, 664, 11]","[1, 52, 11]","[1, 116, 17]","[1, 150, 17]","[1, 521, 17]","[0, 52, 17]","[0, 52, 17]","[0, 52, 17]","[0, 573, 19]","[1, 83, 19]",374.1,11.4,19,122,,,,,,,,
"[1, 60, 0]","[0, 60, 4]","[1, 52, 4]","[1, 1819, 4]","[0, 52, 5]","[0, 1500, 11]","[1, 52, 12]","[0, 1500, 12]","[1, 52, 12]","[0, 663, 12]","[1, 52, 12]","[1, 116, 17]","[1, 150, 17]","[0, 52, 18]","[0, 52, 18]","[0, 573, 20]","[1, 83, 20]","[1, 521, 20]","[0, 52, 20]","[0, 52, 21]",375.65,12.95,21,122,,,,,,,,
"[1, 60, 0]","[0, 60, 3]","[1, 52, 3]","[1, 1787, 5]","[0, 52, 6]","[0, 1500, 12]","[1, 52, 12]","[0, 1500, 12]","[1, 52, 12]","[0, 664, 12]","[1, 52, 12]","[1, 116, 18]","[1, 150, 18]","[1, 521, 18]","[0, 52, 18]","[0, 52, 18]","[0, 52, 19]","[0, 573, 21]","[1, 83, 22]","[0, 52, 22]",374.1,13.15,22,122,,,,,,,,
"[1, 60, 0]","[0, 60, 6]","[1, 52, 6]","[1, 1819, 6]","[0, 52, 7]","[0, 1500, 11]","[1, 52, 11]","[0, 1500, 11]","[1, 52, 11]","[0, 664, 11]","[1, 52, 11]","[1, 116, 16]","[1, 150, 16]","[1, 521, 17]","[0, 52, 17]","[0, 52, 17]","[0, 52, 17]","[0, 573, 18]","[1, 83, 18]","[0, 52, 19]",375.7,12.3,19,122,,,,,,,,
"[1, 60, 0]","[0, 60, 4]","[1, 52, 4]","[1, 1787, 5]","[0, 52, 5]","[0, 52, 5]","[0, 1500, 10]","[1, 52, 10]","[0, 1500, 10]","[1, 52, 10]","[0, 664, 10]","[1, 52, 10]","[1, 116, 17]","[1, 150, 17]","[1, 521, 17]","[0, 52, 18]","[0, 52, 18]","[0, 573, 19]","[1, 83, 19]","[0, 52, 20]",374.1,11.4,20,122,,,,,,,,
"[1, 60, 0]","[0, 60, 4]","[1, 52, 4]","[1, 1883, 4]","[0, 52, 5]","[0, 52, 5]","[0, 1500, 10]","[1, 52, 10]","[0, 1500, 10]","[1, 52, 10]","[0, 664, 10]","[1, 52, 10]","[1, 116, 15]","[1, 150, 16]","[1, 521, 16]","[0, 52, 16]","[0, 52, 16]","[0, 573, 18]","[1, 83, 18]","[0, 52, 19]",378.9,10.8,19,122,,,,,,,,
"[1, 60, 0]","[0, 60, 4]","[1, 52, 4]","[1, 1787, 4]","[0, 52, 5]","[0, 1500, 10]","[1, 52, 10]","[0, 1500, 10]","[1, 52, 10]","[0, 664, 10]","[1, 52, 10]","[1, 116, 15]","[1, 150, 16]","[1, 521, 16]","[0, 52, 16]","[0, 52, 16]","[0, 573, 18]","[1, 83, 18]","[0, 52, 19]","[0, 304, 27]",386.7,11.9,27,122,,,,,,,,
"[1, 60, 0]","[0, 60, 3]","[1, 52, 3]","[1, 1787, 4]","[0, 52, 4]","[0, 1500, 9]","[1, 52, 9]","[0, 1500, 9]","[1, 52, 9]","[0, 663, 9]","[1, 52, 9]","[1, 116, 14]","[1, 150, 15]","[1, 521, 15]","[0, 52, 15]","[0, 52, 15]","[0, 52, 15]","[0, 573, 17]","[1, 83, 17]","[0, 52, 17]",374.05,10.4,17,122,,,,,,,,
"[1, 60, 0]","[0, 60, 4]","[1, 52, 4]","[1, 1819, 4]","[0, 52, 5]","[0, 1500, 9]","[1, 52, 9]","[0, 1500, 9]","[1, 52, 9]","[0, 663, 9]","[1, 52, 9]","[1, 116, 14]","[1, 150, 14]","[1, 521, 14]","[0, 52, 15]","[0, 52, 15]","[0, 573, 16]","[1, 83, 17]","[0, 52, 17]","[0, 259, 39]",386,11.6,39,122,,,,,,,,
"[1, 60, 0]","[0, 60, 4]","[1, 52, 4]","[1, 1851, 4]","[0, 52, 5]","[0, 52, 5]","[0, 1500, 10]","[1, 52, 10]","[0, 1500, 11]","[1, 52, 11]","[0, 663, 11]","[1, 52, 11]","[1, 116, 16]","[1, 150, 16]","[1, 521, 16]","[0, 52, 17]","[0, 52, 17]","[0, 573, 19]","[1, 83, 19]","[0, 52, 19]",377.25,11.25,19,122,,,,,,,,
"[1, 60, 0]","[0, 60, 4]","[1, 52, 4]","[1, 1883, 6]","[0, 52, 7]","[0, 52, 7]","[0, 1500, 12]","[1, 52, 12]","[0, 1500, 13]","[1, 52, 13]","[0, 665, 13]","[1, 52, 13]","[1, 116, 19]","[1, 150, 20]","[1, 521, 20]","[0, 52, 20]","[0, 52, 20]","[0, 52, 21]","[0, 573, 22]","[1, 83, 22]",378.95,13.4,22,122,,,,,,,,
"[1, 60, 0]","[0, 60, 4]","[1, 52, 4]","[1, 1787, 4]","[0, 52, 5]","[0, 1500, 12]","[1, 52, 12]","[0, 1500, 12]","[1, 52, 12]","[0, 665, 12]","[1, 52, 12]","[1, 116, 18]","[1, 150, 18]","[1, 521, 19]","[0, 52, 19]","[0, 52, 19]","[0, 573, 21]","[1, 83, 21]","[0, 52, 21]","[0, 304, 30]",386.75,13.75,30,122,,,,,,,,
"[1, 60, 0]","[0, 60, 3]","[1, 52, 3]","[1, 1787, 4]","[0, 52, 4]","[0, 1500, 10]","[1, 52, 10]","[0, 1500, 10]","[1, 52, 10]","[0, 664, 10]","[1, 52, 10]","[1, 116, 15]","[1, 150, 16]","[1, 521, 16]","[0, 52, 16]","[0, 52, 16]","[0, 573, 18]","[1, 83, 18]","[0, 52, 19]","[0, 304, 25]",386.7,11.65,25,122,,,,,,,,
"[1, 60, 0]","[0, 60, 4]","[1, 52, 4]","[1, 1883, 4]","[0, 52, 5]","[0, 1500, 11]","[1, 52, 11]","[0, 1500, 11]","[1, 52, 11]","[0, 663, 11]","[1, 52, 11]","[1, 116, 16]","[1, 150, 16]","[1, 521, 16]","[0, 52, 17]","[0, 52, 17]","[0, 573, 18]","[1, 83, 19]","[0, 52, 19]","[0, 1500, 27]",451.25,12.4,27,122,,,,,,,,
"[1, 60, 0]","[0, 60, 3]","[1, 52, 3]","[1, 1883, 4]","[0, 52, 4]","[0, 1500, 10]","[1, 52, 10]","[0, 1500, 10]","[1, 52, 10]","[0, 663, 10]","[1, 52, 10]","[1, 116, 16]","[1, 150, 17]","[1, 521, 17]","[0, 52, 18]","[0, 52, 18]","[0, 573, 19]","[1, 83, 19]","[0, 52, 20]","[0, 258, 28]",389.15,12.3,28,122,,,,,,,,
"[1, 60, 0]","[0, 60, 13]","[1, 52, 13]","[1, 1883, 13]","[0, 52, 22]","[0, 52, 23]","[0, 1500, 31]","[1, 52, 31]","[0, 1500, 31]","[1, 52, 31]","[0, 664, 31]","[1, 52, 31]","[1, 116, 44]","[1, 150, 44]","[1, 521, 45]","[0, 52, 58]","[0, 52, 58]","[0, 52, 58]","[0, 573, 68]","[1, 83, 69]",378.9,35.7,69,122,,,,,,,,
"[1, 60, 0]","[0, 60, 4]","[1, 52, 4]","[1, 1851, 5]","[0, 52, 5]","[0, 52, 5]","[0, 1500, 9]","[1, 52, 9]","[0, 1500, 9]","[1, 52, 9]","[0, 665, 9]","[1, 52, 9]","[1, 116, 15]","[1, 150, 15]","[1, 521, 15]","[0, 52, 16]","[0, 52, 16]","[0, 52, 16]","[0, 573, 18]","[1, 83, 18]",377.35,10.3,18,122,,,,,,,,
"[1, 60, 0]","[0, 60, 4]","[1, 52, 4]","[1, 1787, 4]","[0, 52, 5]","[0, 1500, 9]","[1, 52, 9]","[0, 1500, 9]","[1, 52, 9]","[0, 664, 9]","[1, 52, 9]","[1, 116, 15]","[1, 150, 15]","[0, 52, 15]","[0, 52, 15]","[0, 573, 17]","[1, 83, 17]","[0, 52, 18]","[1, 521, 27]","[0, 52, 28]",374.1,11.9,28,122,,,,,,,,
"[1, 60, 0]","[0, 60, 4]","[1, 52, 4]","[1, 1787, 4]","[0, 52, 5]","[0, 1500, 10]","[1, 52, 10]","[0, 1500, 11]","[1, 52, 11]","[0, 664, 11]","[1, 52, 11]","[1, 116, 16]","[1, 150, 17]","[0, 52, 17]","[0, 52, 17]","[1, 521, 17]","[0, 52, 17]","[0, 564, 18]","[0, 83, 19]","[1, 52, 19]",373.65,11.9,19,122,,,,,,,,
"[1, 60, 0]","[0, 60, 3]","[1, 52, 3]","[1, 1787, 3]","[0, 52, 4]","[0, 1500, 11]","[1, 52, 11]","[0, 1500, 11]","[1, 52, 11]","[0, 664, 11]","[1, 52, 11]","[1, 116, 16]","[1, 150, 17]","[1, 521, 17]","[0, 52, 17]","[0, 52, 17]","[0, 573, 19]","[1, 83, 19]","[0, 52, 20]","[0, 304, 28]",386.7,12.45,28,122,,,,,,,,
"[1, 60, 0]","[0, 60, 4]","[1, 52, 4]","[1, 1819, 4]","[0, 52, 5]","[0, 1500, 9]","[1, 52, 9]","[0, 1500, 9]","[1, 52, 9]","[0, 663, 9]","[1, 52, 9]","[1, 116, 16]","[1, 150, 17]","[1, 521, 17]","[0, 52, 17]","[0, 52, 17]","[0, 52, 17]","[0, 573, 19]","[1, 83, 19]","[0, 52, 20]",375.65,11.5,20,122,,,,,,,,
"[1, 60, 0]","[0, 60, 3]","[1, 52, 3]","[1, 1851, 4]","[0, 52, 5]","[0, 1500, 10]","[1, 52, 10]","[0, 1500, 10]","[1, 52, 10]","[0, 664, 10]","[1, 52, 10]","[1, 116, 15]","[1, 150, 15]","[1, 521, 16]","[0, 52, 16]","[0, 52, 16]","[0, 573, 18]","[1, 83, 18]","[0, 52, 18]","[0, 304, 26]",389.9,11.65,26,122,,,,,,,,
"[1, 60, 0]","[0, 60, 4]","[1, 52, 5]","[1, 1819, 5]","[0, 52, 6]","[0, 1500, 10]","[1, 52, 10]","[0, 1500, 10]","[1, 52, 10]","[0, 664, 11]","[1, 52, 11]","[1, 116, 16]","[1, 150, 16]","[1, 521, 17]","[0, 52, 17]","[0, 52, 17]","[0, 573, 19]","[1, 83, 19]","[0, 52, 19]","[0, 259, 33]",386.05,12.75,33,122,,,,,,,,
"[1, 60, 0]","[0, 60, 4]","[1, 52, 4]","[1, 1819, 5]","[0, 52, 5]","[0, 1500, 10]","[1, 52, 10]","[0, 1500, 10]","[1, 52, 10]","[0, 664, 10]","[1, 52, 10]","[1, 116, 21]","[1, 150, 21]","[1, 521, 21]","[0, 52, 22]","[0, 52, 22]","[0, 573, 24]","[1, 83, 24]","[0, 52, 24]","[0, 304, 31]",388.3,14.4,31,122,,,,,,,,
"[1, 60, 0]","[0, 60, 4]","[1, 52, 4]","[1, 1819, 5]","[0, 52, 6]","[0, 1500, 11]","[1, 52, 11]","[0, 1500, 11]","[1, 52, 11]","[0, 664, 11]","[1, 52, 11]","[1, 116, 16]","[1, 150, 16]","[1, 521, 17]","[0, 52, 17]","[0, 52, 17]","[0, 52, 17]","[0, 573, 19]","[1, 83, 19]","[0, 52, 19]",375.7,12.1,19,122,,,,,,,,
"[1, 60, 0]","[0, 60, 4]","[1, 52, 4]","[1, 1819, 5]","[0, 52, 6]","[0, 1500, 10]","[1, 52, 10]","[0, 1500, 10]","[1, 52, 10]","[0, 665, 10]","[1, 52, 10]","[1, 116, 15]","[1, 150, 16]","[1, 521, 16]","[0, 52, 16]","[0, 52, 16]","[0, 573, 18]","[1, 83, 18]","[0, 52, 19]","[0, 304, 26]",388.35,11.95,26,122,,,,,,,,
"[1, 60, 0]","[0, 60, 4]","[1, 52, 4]","[1, 1851, 4]","[0, 52, 5]","[0, 52, 5]","[0, 1500, 10]","[1, 52, 11]","[0, 1500, 11]","[1, 52, 11]","[0, 663, 11]","[1, 52, 11]","[1, 116, 16]","[1, 150, 16]","[1, 521, 16]","[0, 52, 16]","[0, 52, 16]","[0, 573, 18]","[1, 83, 18]","[0, 52, 19]",377.25,11.1,19,122,,,,,,,,
"[1, 60, 0]","[0, 60, 4]","[1, 52, 4]","[1, 1819, 5]","[0, 52, 5]","[0, 1500, 10]","[1, 52, 10]","[0, 1500, 10]","[1, 52, 10]","[0, 664, 10]","[1, 52, 10]","[1, 116, 16]","[1, 150, 16]","[0, 52, 17]","[1, 521, 19]","[0, 573, 19]","[1, 83, 20]","[0, 52, 20]","[0, 52, 20]","[0, 304, 32]",388.3,12.85,32,122,,,,,,,,
"[1, 60, 0]","[0, 60, 3]","[1, 52, 3]","[1, 1787, 4]","[0, 52, 5]","[0, 1500, 11]","[1, 52, 11]","[0, 1500, 11]","[1, 52, 11]","[0, 663, 12]","[1, 52, 12]","[1, 116, 16]","[1, 150, 17]","[1, 521, 17]","[0, 52, 17]","[0, 52, 17]","[0, 52, 18]","[0, 573, 19]","[1, 83, 19]","[0, 52, 19]",374.05,12.1,19,122,,,,,,,,
"[1, 60, 0]","[0, 60, 3]","[1, 52, 3]","[1, 1787, 4]","[0, 52, 4]","[0, 52, 4]","[0, 1500, 10]","[1, 52, 10]","[0, 1500, 10]","[1, 52, 10]","[0, 664, 10]","[1, 52, 10]","[1, 116, 15]","[1, 150, 15]","[1, 521, 15]","[0, 52, 15]","[0, 52, 16]","[0, 52, 16]","[0, 573, 17]","[1, 83, 17]",374.1,10.2,17,122,,,,,,,,
"[1, 60, 0]","[0, 60, 4]","[1, 52, 4]","[1, 1819, 4]","[0, 52, 5]","[0, 1500, 12]","[1, 52, 12]","[0, 1500, 12]","[1, 52, 12]","[0, 663, 12]","[1, 52, 12]","[1, 116, 18]","[1, 150, 18]","[0, 52, 19]","[0, 52, 19]","[1, 521, 19]","[0, 52, 20]","[0, 564, 21]","[0, 83, 21]","[1, 52, 21]",375.2,13.25,21,122,,,,,,,,
"[1, 60, 0]","[0, 60, 4]","[1, 52, 4]","[1, 1883, 5]","[0, 52, 6]","[0, 1500, 12]","[1, 52, 12]","[0, 1500, 12]","[1, 52, 12]","[0, 663, 12]","[1, 52, 12]","[1, 116, 19]","[1, 150, 19]","[1, 521, 19]","[0, 52, 20]","[0, 52, 20]","[0, 52, 20]","[0, 573, 22]","[1, 83, 22]","[0, 52, 23]",378.85,13.75,23,122,,,,,,,,
"[1, 60, 0]","[0, 60, 3]","[1, 52, 3]","[1, 1851, 4]","[0, 52, 4]","[0, 1500, 9]","[1, 52, 9]","[0, 1500, 9]","[1, 52, 9]","[0, 664, 9]","[1, 52, 9]","[1, 116, 15]","[1, 150, 15]","[1, 521, 15]","[0, 52, 16]","[0, 52, 16]","[0, 573, 18]","[1, 83, 18]","[0, 52, 18]","[0, 258, 27]",387.6,11.3,27,122,,,,,,,,
"[1, 60, 0]","[0, 60, 4]","[1, 52, 4]","[1, 1851, 5]","[0, 52, 6]","[0, 1500, 10]","[1, 52, 10]","[0, 1500, 10]","[1, 52, 10]","[0, 665, 10]","[1, 52, 10]","[1, 116, 16]","[1, 150, 17]","[1, 521, 17]","[0, 52, 17]","[0, 52, 17]","[0, 52, 17]","[0, 564, 19]","[1, 83, 19]","[0, 83, 19]",378.45,11.85,19,122,,,,,,,,
"[1, 60, 0]","[0, 60, 4]","[1, 52, 4]","[1, 1819, 4]","[0, 52, 5]","[0, 52, 5]","[0, 1500, 10]","[1, 52, 10]","[0, 1500, 10]","[1, 52, 10]","[0, 664, 10]","[1, 52, 10]","[1, 116, 16]","[1, 150, 16]","[1, 521, 16]","[0, 52, 16]","[0, 52, 16]","[0, 52, 17]","[0, 573, 18]","[1, 83, 18]",375.7,10.75,18,122,,,,,,,,
"[1, 60, 0]","[0, 60, 3]","[1, 52, 3]","[1, 1787, 4]","[0, 52, 4]","[0, 52, 5]","[0, 1500, 9]","[1, 52, 9]","[0, 1500, 10]","[1, 52, 10]","[0, 664, 10]","[1, 52, 10]","[1, 116, 16]","[1, 150, 16]","[0, 52, 16]","[1, 521, 16]","[0, 52, 17]","[0, 52, 17]","[0, 564, 18]","[1, 83, 18]",373.65,10.55,18,122,,,,,,,,
"[1, 60, 0]","[0, 60, 4]","[1, 52, 4]","[1, 1787, 4]","[0, 52, 5]","[0, 1500, 10]","[1, 52, 10]","[0, 1500, 10]","[0, 664, 10]","[1, 52, 10]","[1, 52, 10]","[1, 116, 16]","[1, 150, 17]","[1, 521, 17]","[0, 52, 17]","[0, 52, 17]","[0, 573, 19]","[1, 83, 19]","[0, 52, 20]","[0, 304, 27]",386.7,12.3,27,122,,,,,,,,
"[1, 60, 0]","[0, 60, 4]","[1, 52, 4]","[1, 1819, 4]","[0, 52, 5]","[0, 1500, 11]","[1, 52, 11]","[0, 1500, 11]","[1, 52, 11]","[0, 664, 11]","[1, 52, 11]","[1, 116, 16]","[1, 150, 17]","[0, 52, 17]","[1, 521, 17]","[0, 52, 17]","[0, 52, 17]","[0, 573, 18]","[1, 83, 19]","[0, 52, 19]",375.7,12,19,122,,,,,,,,
"[1, 60, 0]","[0, 60, 3]","[1, 52, 3]","[1, 1883, 5]","[0, 52, 6]","[0, 1500, 10]","[1, 52, 10]","[0, 1500, 10]","[1, 52, 10]","[0, 665, 10]","[1, 52, 10]","[1, 116, 16]","[1, 150, 17]","[1, 521, 17]","[0, 52, 17]","[0, 52, 17]","[0, 573, 19]","[1, 83, 19]","[0, 52, 19]","[0, 304, 27]",391.55,12.25,27,122,,,,,,,,
"[1, 60, 0]","[0, 60, 3]","[1, 52, 3]","[1, 1851, 3]","[0, 52, 4]","[0, 1500, 10]","[1, 52, 10]","[0, 1500, 10]","[1, 52, 10]","[0, 663, 10]","[1, 52, 10]","[1, 116, 15]","[1, 150, 15]","[1, 521, 15]","[0, 52, 16]","[0, 52, 16]","[0, 573, 18]","[1, 83, 18]","[0, 52, 18]","[0, 305, 36]",389.9,12,36,122,,,,,,,,
"[1, 60, 0]","[0, 60, 3]","[1, 52, 3]","[1, 1851, 4]","[0, 52, 4]","[0, 1500, 8]","[1, 52, 8]","[0, 1500, 8]","[1, 52, 8]","[0, 664, 8]","[1, 52, 8]","[1, 116, 13]","[1, 150, 14]","[1, 521, 14]","[0, 52, 14]","[0, 52, 14]","[0, 52, 14]","[0, 573, 17]","[1, 83, 17]","[0, 52, 17]",377.3,9.8,17,122,,,,,,,,
"[1, 60, 0]","[0, 60, 4]","[1, 52, 4]","[1, 1883, 4]","[0, 52, 5]","[0, 1500, 10]","[1, 52, 10]","[0, 1500, 10]","[1, 52, 10]","[0, 664, 10]","[1, 52, 10]","[1, 116, 16]","[1, 150, 16]","[1, 521, 16]","[0, 52, 17]","[0, 52, 17]","[0, 573, 18]","[1, 83, 19]","[0, 52, 19]","[0, 258, 29]",389.2,12.2,29,122,,,,,,,,
"[1, 60, 0]","[0, 60, 3]","[1, 52, 3]","[1, 1851, 4]","[0, 52, 4]","[0, 1500, 9]","[1, 52, 9]","[0, 1500, 9]","[1, 52, 9]","[0, 664, 9]","[1, 52, 9]","[1, 116, 14]","[1, 150, 14]","[1, 521, 14]","[0, 52, 15]","[0, 52, 15]","[0, 52, 15]","[0, 573, 16]","[1, 83, 17]","[0, 52, 17]",377.3,10.25,17,122,,,,,,,,
"[1, 60, 0]","[0, 60, 5]","[1, 52, 5]","[1, 1819, 6]","[0, 52, 6]","[0, 52, 6]","[0, 1500, 12]","[1, 52, 12]","[0, 1500, 12]","[1, 52, 12]","[0, 665, 12]","[1, 52, 12]","[1, 116, 18]","[1, 150, 18]","[1, 521, 18]","[0, 52, 19]","[0, 52, 19]","[0, 52, 19]","[0, 573, 21]","[1, 83, 21]",375.75,12.65,21,122,,,,,,,,
"[1, 60, 0]","[0, 60, 7]","[1, 52, 7]","[1, 1787, 8]","[0, 52, 11]","[0, 52, 11]","[0, 1500, 16]","[1, 52, 16]","[0, 1500, 16]","[1, 52, 16]","[0, 665, 16]","[1, 52, 16]","[1, 116, 23]","[1, 150, 23]","[1, 521, 24]","[0, 52, 24]","[0, 52, 24]","[0, 52, 25]","[0, 564, 26]","[0, 83, 26]",373.7,16.75,26,122,,,,,,,,
"[1, 60, 0]","[0, 60, 4]","[1, 52, 4]","[1, 1819, 5]","[0, 52, 5]","[0, 1500, 10]","[1, 52, 10]","[0, 1500, 10]","[1, 52, 10]","[0, 664, 11]","[1, 52, 11]","[1, 116, 16]","[1, 150, 16]","[1, 521, 16]","[0, 52, 17]","[0, 52, 17]","[0, 573, 18]","[1, 83, 19]","[0, 52, 19]","[0, 258, 28]",386,12.3,28,122,,,,,,,,
"[1, 60, 0]","[0, 60, 4]","[1, 52, 4]","[1, 1787, 4]","[0, 52, 5]","[0, 52, 5]","[0, 1500, 9]","[1, 52, 9]","[0, 1500, 9]","[1, 52, 9]","[0, 664, 9]","[1, 52, 9]","[1, 116, 15]","[1, 150, 15]","[1, 521, 15]","[0, 52, 16]","[0, 52, 16]","[0, 52, 16]","[0, 564, 17]","[0, 83, 17]",373.65,10.15,17,122,,,,,,,,
"[1, 60, 0]","[0, 60, 4]","[1, 52, 4]","[1, 597, 4]","[0, 52, 5]","[0, 1500, 10]","[1, 52, 10]","[0, 1023, 10]","[1, 52, 10]","[1, 116, 18]","[1, 150, 18]","[1, 521, 18]","[0, 52, 18]","[0, 52, 18]","[0, 52, 19]","[0, 564, 20]","[1, 83, 20]","[0, 83, 20]","[0, 52, 21]","[0, 304, 28]",273.85,13.75,28,120,,,,,,,,
"[1, 60, 0]","[0, 60, 4]","[1, 52, 4]","[1, 597, 5]","[0, 52, 6]","[0, 1500, 10]","[1, 52, 10]","[0, 1025, 11]","[1, 52, 11]","[1, 116, 19]","[1, 150, 20]","[1, 521, 20]","[0, 52, 21]","[0, 52, 21]","[0, 52, 21]","[0, 564, 22]","[1, 83, 22]","[0, 52, 23]","[0, 83, 23]","[0, 259, 36]",271.7,15.45,36,120,,,,,,,,
"[1, 60, 0]","[0, 60, 4]","[1, 52, 4]","[1, 570, 5]","[0, 52, 6]","[0, 1500, 11]","[1, 52, 11]","[0, 1024, 11]","[1, 52, 11]","[1, 116, 16]","[0, 52, 17]","[0, 564, 19]","[1, 150, 22]","[1, 83, 22]","[1, 521, 22]","[0, 52, 23]","[0, 52, 23]","[0, 52, 23]","[0, 83, 24]","[0, 304, 33]",272.55,15.35,33,120,,,,,,,,
"[1, 60, 0]","[0, 60, 4]","[1, 52, 4]","[1, 570, 4]","[0, 52, 5]","[0, 1500, 9]","[1, 52, 9]","[0, 1024, 9]","[1, 52, 9]","[1, 116, 17]","[0, 52, 18]","[0, 564, 20]","[1, 150, 22]","[1, 83, 22]","[1, 521, 23]","[0, 52, 23]","[0, 52, 23]","[0, 52, 23]","[0, 83, 25]","[0, 304, 34]",272.55,15.15,34,120,,,,,,,,
"[1, 60, 0]","[0, 60, 5]","[1, 52, 5]","[1, 597, 6]","[0, 52, 6]","[0, 1500, 13]","[1, 52, 13]","[0, 1024, 13]","[1, 52, 13]","[1, 116, 19]","[1, 150, 19]","[1, 521, 20]","[0, 52, 20]","[0, 52, 20]","[0, 52, 20]","[0, 573, 22]","[1, 83, 22]","[0, 52, 23]","[0, 258, 32]","[0, 1500, 32]",342.9,16.15,32,120,,,,,,,,
"[1, 60, 0]","[0, 60, 4]","[1, 52, 4]","[1, 661, 4]","[0, 52, 5]","[0, 1500, 11]","[1, 52, 11]","[0, 1024, 11]","[1, 52, 11]","[1, 116, 19]","[1, 150, 20]","[0, 52, 20]","[0, 52, 20]","[1, 521, 20]","[0, 52, 21]","[0, 564, 22]","[0, 83, 22]","[1, 52, 22]","[1, 83, 22]","[0, 52, 23]",264.5,14.6,23,120,,,,,,,,
"[1, 60, 0]","[0, 60, 4]","[1, 52, 4]","[1, 661, 5]","[0, 52, 5]","[0, 1500, 10]","[1, 52, 10]","[0, 1024, 10]","[1, 52, 10]","[1, 116, 15]","[1, 150, 15]","[1, 521, 15]","[0, 52, 16]","[0, 52, 16]","[0, 52, 16]","[0, 564, 17]","[0, 83, 18]","[1, 52, 18]","[1, 83, 18]","[0, 52, 18]",264.5,12,18,120,,,,,,,,
"[1, 60, 0]","[0, 60, 4]","[1, 52, 4]","[1, 597, 4]","[0, 52, 5]","[0, 1500, 10]","[1, 52, 10]","[0, 1024, 10]","[1, 52, 10]","[1, 116, 19]","[0, 52, 20]","[0, 564, 21]","[1, 150, 32]","[1, 83, 32]","[1, 521, 32]","[0, 52, 33]","[0, 52, 33]","[0, 83, 35]","[0, 258, 43]","[0, 1489, 43]",343.45,20,43,120,,,,,,,,
"[1, 60, 0]","[0, 60, 9]","[1, 52, 9]","[1, 570, 10]","[0, 52, 16]","[0, 1500, 25]","[1, 52, 25]","[0, 1023, 25]","[1, 52, 25]","[1, 116, 35]","[1, 150, 36]","[1, 521, 36]","[0, 52, 43]","[0, 52, 44]","[0, 52, 44]","[0, 564, 45]","[0, 83, 45]","[1, 52, 46]","[1, 83, 46]","[0, 52, 51]",259.9,30.75,51,120,,,,,,,,
"[1, 60, 0]","[0, 60, 7]","[1, 52, 7]","[1, 570, 8]","[0, 52, 12]","[0, 1500, 20]","[1, 52, 20]","[0, 1024, 20]","[1, 52, 20]","[1, 116, 26]","[1, 150, 27]","[1, 521, 27]","[0, 52, 64]","[0, 52, 65]","[0, 52, 65]","[0, 564, 66]","[1, 83, 66]","[0, 83, 74]","[0, 52, 75]","[0, 304, 82]",272.55,37.55,82,120,,,,,,,,
"[1, 60, 0]","[0, 60, 3]","[1, 52, 4]","[1, 629, 4]","[0, 52, 4]","[0, 1500, 9]","[1, 52, 9]","[0, 1024, 9]","[1, 52, 9]","[1, 116, 16]","[1, 150, 17]","[1, 521, 17]","[0, 52, 17]","[0, 52, 17]","[0, 52, 17]","[0, 564, 19]","[0, 83, 19]","[1, 83, 19]","[0, 52, 19]","[0, 304, 26]",275.5,12.7,26,120,,,,,,,,
"[1, 60, 0]","[0, 60, 3]","[1, 52, 4]","[1, 629, 4]","[0, 52, 5]","[0, 1500, 9]","[1, 52, 9]","[0, 1024, 9]","[1, 52, 9]","[1, 116, 17]","[0, 52, 17]","[0, 564, 19]","[1, 150, 26]","[1, 83, 27]","[1, 521, 27]","[0, 52, 27]","[0, 52, 27]","[0, 83, 29]","[0, 306, 54]","[1, 52, 54]",275.6,18.8,54,120,,,,,,,,
"[1, 60, 0]","[0, 60, 4]","[1, 52, 4]","[1, 570, 4]","[0, 52, 5]","[0, 1500, 9]","[1, 52, 9]","[0, 1024, 9]","[1, 52, 9]","[1, 116, 16]","[0, 52, 16]","[0, 564, 18]","[1, 150, 23]","[1, 83, 23]","[1, 521, 24]","[0, 52, 24]","[0, 52, 24]","[0, 52, 24]","[0, 83, 26]","[0, 258, 31]",270.25,15.1,31,120,,,,,,,,
"[1, 60, 0]","[0, 60, 4]","[1, 52, 4]","[1, 661, 5]","[0, 52, 5]","[0, 1500, 9]","[1, 52, 9]","[0, 1023, 9]","[1, 52, 9]","[1, 116, 16]","[0, 52, 16]","[0, 564, 18]","[1, 150, 26]","[1, 83, 26]","[1, 521, 26]","[0, 52, 27]","[0, 52, 27]","[0, 83, 29]","[0, 258, 34]","[0, 1500, 34]",347.15,16.65,34,120,,,,,,,,
"[1, 60, 0]","[0, 60, 4]","[1, 52, 4]","[1, 597, 5]","[0, 52, 6]","[0, 1500, 9]","[1, 52, 9]","[0, 1024, 10]","[1, 52, 10]","[1, 116, 16]","[1, 150, 17]","[0, 52, 17]","[1, 521, 17]","[0, 52, 17]","[0, 52, 18]","[0, 564, 19]","[0, 83, 19]","[1, 52, 19]","[1, 83, 19]","[0, 52, 20]",261.3,12.75,20,120,,,,,,,,
"[1, 60, 0]","[0, 60, 4]","[1, 52, 4]","[1, 597, 4]","[0, 52, 4]","[0, 1500, 8]","[1, 52, 8]","[0, 1025, 8]","[1, 52, 8]","[1, 116, 14]","[1, 150, 14]","[1, 521, 15]","[0, 52, 15]","[0, 52, 15]","[0, 52, 15]","[0, 564, 17]","[0, 83, 17]","[1, 52, 17]","[1, 83, 17]","[0, 52, 17]",261.35,11.05,17,120,,,,,,,,
"[1, 60, 0]","[0, 60, 4]","[1, 52, 4]","[1, 597, 4]","[0, 52, 5]","[0, 1500, 10]","[1, 52, 10]","[0, 1024, 11]","[1, 52, 11]","[1, 116, 16]","[1, 150, 17]","[1, 521, 17]","[0, 52, 17]","[0, 52, 17]","[0, 52, 18]","[0, 573, 19]","[1, 83, 20]","[0, 52, 20]","[0, 258, 27]","[0, 1500, 28]",342.9,13.75,28,120,,,,,,,,
"[1, 60, 0]","[0, 60, 3]","[1, 52, 4]","[1, 661, 4]","[0, 52, 5]","[0, 1500, 9]","[1, 52, 9]","[0, 1023, 9]","[1, 52, 9]","[1, 116, 15]","[1, 150, 16]","[1, 521, 16]","[0, 52, 16]","[0, 52, 16]","[0, 52, 16]","[0, 595, 18]","[1, 83, 18]","[0, 52, 19]","[0, 258, 28]","[0, 1500, 28]",347.15,12.9,28,120,,,,,,,,
"[1, 60, 0]","[0, 60, 4]","[1, 52, 4]","[1, 661, 5]","[0, 52, 5]","[0, 1500, 9]","[1, 52, 9]","[0, 1025, 9]","[1, 52, 9]","[1, 116, 17]","[0, 52, 17]","[1, 150, 18]","[1, 521, 19]","[0, 564, 19]","[0, 52, 20]","[0, 52, 20]","[1, 83, 20]","[0, 52, 20]","[0, 83, 21]","[0, 258, 29]",274.85,13.7,29,120,,,,,,,,
"[1, 60, 0]","[0, 60, 7]","[1, 52, 8]","[1, 597, 8]","[0, 52, 10]","[0, 1500, 15]","[1, 52, 15]","[0, 1023, 15]","[1, 52, 15]","[1, 116, 22]","[0, 52, 27]","[0, 564, 31]","[1, 150, 38]","[1, 83, 38]","[1, 521, 38]","[0, 52, 47]","[0, 52, 47]","[0, 52, 47]","[0, 83, 51]","[0, 258, 61]",271.55,27,61,120,,,,,,,,
"[1, 60, 0]","[0, 60, 4]","[1, 52, 4]","[1, 661, 4]","[0, 52, 5]","[0, 1500, 8]","[1, 52, 8]","[0, 1024, 8]","[1, 52, 8]","[1, 116, 15]","[0, 52, 16]","[0, 564, 18]","[1, 150, 23]","[1, 83, 24]","[1, 521, 24]","[0, 52, 24]","[0, 52, 24]","[0, 52, 24]","[0, 83, 26]","[0, 259, 35]",274.85,15.1,35,120,,,,,,,,
"[1, 60, 0]","[0, 60, 3]","[1, 52, 3]","[1, 597, 4]","[0, 52, 4]","[0, 1500, 8]","[1, 52, 8]","[0, 1025, 8]","[1, 52, 8]","[1, 116, 15]","[1, 150, 16]","[1, 521, 16]","[0, 52, 16]","[0, 52, 17]","[0, 52, 17]","[0, 564, 18]","[0, 83, 18]","[1, 52, 18]","[1, 83, 18]","[0, 52, 19]",261.35,11.7,19,120,,,,,,,,
"[1, 60, 0]","[0, 60, 4]","[1, 52, 4]","[1, 597, 5]","[0, 52, 6]","[0, 1500, 11]","[1, 52, 11]","[0, 1024, 11]","[1, 52, 11]","[1, 116, 18]","[0, 52, 19]","[0, 564, 21]","[1, 150, 28]","[1, 83, 28]","[1, 521, 28]","[0, 52, 29]","[0, 52, 29]","[0, 83, 30]","[0, 258, 43]","[0, 1500, 43]",344,18.95,43,120,,,,,,,,
"[1, 60, 0]","[0, 60, 4]","[1, 52, 4]","[1, 570, 5]","[0, 52, 6]","[0, 1500, 11]","[1, 52, 11]","[0, 1024, 11]","[1, 52, 11]","[1, 116, 19]","[1, 150, 20]","[1, 521, 20]","[0, 52, 20]","[0, 52, 20]","[0, 52, 20]","[0, 564, 22]","[0, 83, 22]","[1, 52, 22]","[1, 83, 22]","[0, 52, 23]",259.95,14.65,23,120,,,,,,,,
"[1, 60, 0]","[0, 60, 3]","[1, 52, 4]","[1, 570, 4]","[0, 52, 5]","[0, 1500, 8]","[1, 52, 8]","[0, 1023, 8]","[1, 52, 8]","[1, 116, 15]","[0, 52, 16]","[0, 564, 18]","[1, 150, 26]","[1, 83, 26]","[1, 521, 26]","[0, 52, 27]","[0, 52, 27]","[0, 52, 27]","[0, 83, 28]","[0, 258, 36]",270.2,16,36,120,,,,,,,,
"[1, 60, 0]","[0, 60, 4]","[1, 52, 4]","[1, 661, 5]","[0, 52, 5]","[0, 1500, 11]","[1, 52, 11]","[0, 1024, 11]","[1, 52, 11]","[1, 116, 17]","[1, 150, 17]","[1, 521, 17]","[0, 52, 18]","[0, 52, 18]","[0, 52, 18]","[0, 564, 19]","[1, 83, 20]","[0, 83, 20]","[0, 52, 20]","[0, 258, 31]",274.8,13.85,31,120,,,,,,,,
"[1, 60, 0]","[0, 60, 4]","[1, 52, 4]","[1, 661, 5]","[0, 52, 5]","[0, 1500, 10]","[1, 52, 10]","[0, 1024, 10]","[1, 52, 10]","[1, 116, 17]","[1, 150, 18]","[0, 52, 18]","[1, 521, 18]","[0, 52, 18]","[0, 52, 19]","[0, 564, 20]","[0, 83, 20]","[1, 52, 20]","[1, 83, 20]","[0, 52, 20]",264.5,13.3,20,120,,,,,,,,
"[1, 60, 0]","[0, 60, 4]","[1, 52, 4]","[1, 597, 4]","[0, 52, 5]","[0, 1500, 9]","[1, 52, 9]","[0, 1023, 9]","[1, 52, 9]","[1, 116, 15]","[0, 52, 16]","[0, 564, 17]","[1, 150, 28]","[1, 83, 28]","[1, 521, 28]","[0, 52, 28]","[0, 52, 28]","[0, 83, 30]","[0, 304, 41]","[0, 1500, 41]",346.25,17.65,41,120,,,,,,,,
"[1, 60, 0]","[0, 60, 4]","[1, 52, 4]","[1, 661, 4]","[0, 52, 5]","[0, 1500, 9]","[1, 52, 9]","[0, 1024, 9]","[1, 52, 9]","[1, 116, 18]","[1, 150, 18]","[1, 521, 19]","[0, 52, 19]","[0, 52, 19]","[0, 52, 19]","[0, 564, 21]","[0, 83, 21]","[1, 52, 21]","[1, 83, 21]","[0, 52, 22]",264.5,13.55,22,120,,,,,,,,
"[1, 60, 0]","[0, 60, 4]","[1, 52, 4]","[1, 661, 5]","[0, 52, 5]","[0, 1500, 10]","[1, 52, 10]","[0, 1024, 10]","[1, 52, 10]","[1, 116, 17]","[0, 52, 18]","[0, 564, 20]","[1, 150, 20]","[1, 83, 20]","[1, 521, 21]","[0, 52, 21]","[0, 52, 21]","[0, 52, 21]","[0, 83, 22]","[0, 304, 33]",277.1,14.6,33,120,,,,,,,,
"[1, 60, 0]","[0, 60, 4]","[1, 52, 4]","[1, 629, 4]","[0, 52, 5]","[0, 1500, 9]","[1, 52, 9]","[0, 1025, 9]","[1, 52, 9]","[1, 116, 15]","[0, 52, 16]","[0, 564, 18]","[1, 150, 29]","[1, 83, 29]","[1, 521, 29]","[0, 52, 29]","[0, 52, 30]","[0, 83, 31]","[0, 304, 42]","[1, 52, 42]",275.55,18.15,42,120,,,,,,,,
"[1, 60, 0]","[0, 60, 4]","[1, 52, 4]","[1, 570, 5]","[0, 52, 5]","[0, 1500, 10]","[1, 52, 10]","[0, 1023, 10]","[1, 52, 10]","[1, 116, 17]","[0, 52, 18]","[0, 564, 20]","[1, 150, 41]","[1, 83, 41]","[1, 521, 41]","[0, 52, 42]","[0, 52, 42]","[0, 52, 42]","[0, 83, 44]","[0, 259, 51]",270.25,22.85,51,120,,,,,,,,
"[1, 60, 0]","[0, 60, 4]","[1, 52, 4]","[1, 597, 4]","[0, 52, 5]","[0, 1500, 9]","[1, 52, 9]","[0, 1023, 10]","[1, 52, 10]","[1, 116, 17]","[0, 52, 18]","[0, 564, 20]","[1, 150, 21]","[1, 83, 21]","[1, 521, 21]","[0, 52, 21]","[0, 52, 21]","[0, 52, 22]","[0, 83, 23]","[0, 258, 32]",271.55,14.6,32,120,,,,,,,,
"[1, 60, 0]","[0, 60, 4]","[1, 52, 4]","[1, 629, 5]","[0, 52, 5]","[0, 1500, 10]","[1, 52, 10]","[0, 1024, 10]","[1, 52, 10]","[1, 116, 16]","[0, 52, 17]","[0, 564, 19]","[1, 150, 20]","[1, 83, 20]","[1, 521, 20]","[0, 52, 20]","[0, 52, 21]","[0, 83, 21]","[0, 304, 29]","[0, 1500, 29]",347.9,14.5,29,120,,,,,,,,
"[1, 60, 0]","[0, 60, 7]","[1, 52, 7]","[1, 597, 7]","[0, 52, 8]","[0, 1500, 12]","[1, 52, 12]","[0, 1025, 12]","[1, 52, 12]","[1, 116, 20]","[1, 150, 20]","[1, 521, 21]","[0, 52, 21]","[0, 52, 21]","[0, 52, 21]","[0, 573, 23]","[1, 83, 23]","[0, 52, 24]","[0, 1500, 32]","[0, 1266, 32]",393.35,16.75,32,120,,,,,,,,
"[1, 60, 0]","[0, 60, 4]","[1, 52, 4]","[1, 661, 4]","[0, 52, 5]","[0, 1500, 9]","[1, 52, 9]","[0, 1025, 9]","[1, 52, 9]","[1, 116, 20]","[0, 52, 21]","[0, 564, 22]","[1, 150, 32]","[1, 83, 32]","[1, 521, 33]","[0, 52, 33]","[0, 83, 35]","[0, 258, 45]","[0, 1500, 46]","[1, 52, 46]",347.25,20.9,46,120,,,,,,,,
"[1, 60, 0]","[0, 60, 4]","[1, 52, 4]","[1, 629, 4]","[0, 52, 4]","[0, 1500, 9]","[1, 52, 9]","[0, 1025, 9]","[1, 52, 9]","[1, 116, 15]","[0, 52, 16]","[0, 564, 18]","[1, 150, 19]","[1, 83, 19]","[1, 521, 19]","[0, 52, 20]","[0, 52, 20]","[0, 52, 20]","[0, 83, 21]","[0, 304, 30]",275.55,13.45,30,120,,,,,,,,
"[1, 60, 0]","[0, 60, 5]","[1, 52, 5]","[1, 629, 5]","[0, 52, 6]","[0, 1500, 13]","[1, 52, 13]","[0, 1024, 13]","[1, 52, 13]","[1, 116, 19]","[1, 150, 19]","[1, 521, 19]","[0, 52, 20]","[0, 52, 20]","[0, 573, 22]","[1, 83, 22]","[0, 52, 22]","[0, 259, 34]","[0, 1489, 34]","[0, 1102, 34]",396.5,16.9,34,120,,,,,,,,
"[1, 60, 0]","[0, 60, 3]","[1, 52, 4]","[1, 661, 4]","[0, 52, 5]","[0, 1500, 10]","[1, 52, 10]","[0, 1025, 11]","[1, 52, 11]","[1, 116, 17]","[0, 52, 18]","[0, 564, 20]","[1, 150, 21]","[1, 83, 22]","[1, 521, 22]","[0, 52, 22]","[0, 52, 22]","[0, 83, 24]","[0, 258, 31]","[0, 1489, 31]",346.7,15.4,31,120,,,,,,,,
"[1, 60, 0]","[0, 60, 3]","[1, 52, 4]","[1, 629, 4]","[0, 52, 5]","[0, 1500, 8]","[1, 52, 8]","[0, 1024, 8]","[1, 52, 8]","[1, 116, 16]","[0, 52, 17]","[0, 564, 18]","[1, 150, 49]","[1, 83, 50]","[1, 521, 50]","[0, 52, 50]","[0, 52, 50]","[0, 52, 50]","[0, 83, 52]","[0, 304, 59]",275.5,25.45,59,120,,,,,,,,
"[1, 60, 0]","[0, 60, 4]","[1, 52, 4]","[1, 570, 4]","[0, 52, 5]","[0, 1500, 9]","[1, 52, 10]","[0, 1024, 10]","[1, 52, 10]","[1, 116, 16]","[1, 150, 16]","[1, 521, 17]","[0, 52, 17]","[0, 52, 17]","[0, 52, 17]","[0, 564, 18]","[1, 83, 18]","[0, 83, 18]","[0, 52, 19]","[0, 258, 27]",270.25,12.8,27,120,,,,,,,,
"[1, 60, 0]","[0, 60, 4]","[1, 52, 4]","[1, 570, 5]","[0, 52, 5]","[0, 1500, 10]","[1, 52, 10]","[0, 1023, 10]","[1, 52, 10]","[1, 116, 17]","[0, 52, 18]","[0, 564, 20]","[1, 150, 21]","[1, 83, 21]","[1, 521, 21]","[0, 52, 21]","[0, 52, 22]","[0, 52, 22]","[0, 83, 23]","[0, 258, 31]",270.2,14.75,31,120,,,,,,,,
"[1, 60, 0]","[0, 60, 4]","[1, 52, 4]","[1, 597, 4]","[0, 52, 5]","[0, 1500, 9]","[1, 52, 9]","[0, 1023, 9]","[1, 52, 9]","[1, 116, 16]","[0, 52, 16]","[0, 564, 18]","[1, 150, 19]","[1, 83, 19]","[1, 521, 19]","[0, 52, 20]","[0, 52, 20]","[0, 52, 20]","[0, 83, 21]","[0, 259, 33]",271.6,13.7,33,120,,,,,,,,
"[1, 60, 0]","[0, 60, 4]","[1, 52, 4]","[1, 629, 4]","[0, 52, 5]","[0, 1500, 10]","[1, 52, 10]","[0, 1025, 11]","[1, 52, 11]","[1, 116, 17]","[0, 52, 18]","[0, 564, 20]","[1, 150, 23]","[1, 83, 24]","[1, 521, 24]","[0, 52, 24]","[0, 52, 24]","[0, 52, 24]","[0, 83, 26]","[0, 305, 38]",275.6,16.05,38,120,,,,,,,,
"[1, 60, 0]","[0, 60, 5]","[1, 52, 5]","[1, 661, 6]","[0, 52, 6]","[0, 1500, 10]","[1, 52, 10]","[0, 1024, 10]","[1, 52, 10]","[1, 116, 20]","[1, 150, 20]","[1, 521, 21]","[0, 52, 21]","[0, 52, 21]","[0, 52, 21]","[0, 595, 22]","[1, 83, 23]","[0, 52, 23]","[0, 258, 34]","[0, 1500, 34]",347.2,16.1,34,120,,,,,,,,
"[1, 60, 0]","[0, 60, 3]","[1, 52, 3]","[1, 661, 4]","[0, 52, 5]","[0, 1500, 8]","[1, 52, 8]","[0, 1025, 9]","[1, 52, 9]","[1, 116, 15]","[1, 150, 15]","[0, 52, 15]","[1, 521, 15]","[0, 52, 16]","[0, 52, 16]","[0, 564, 17]","[1, 83, 17]","[0, 83, 18]","[0, 52, 18]","[0, 259, 38]",274.9,12.45,38,120,,,,,,,,
"[1, 60, 0]","[0, 60, 3]","[1, 52, 3]","[1, 661, 4]","[0, 52, 5]","[0, 1500, 9]","[1, 52, 9]","[0, 1024, 9]","[1, 52, 9]","[1, 116, 15]","[0, 52, 16]","[0, 564, 17]","[1, 150, 20]","[1, 83, 20]","[1, 521, 20]","[0, 52, 21]","[0, 52, 21]","[0, 52, 21]","[0, 83, 22]","[0, 259, 34]",274.85,13.9,34,120,,,,,,,,
"[1, 60, 0]","[0, 60, 4]","[1, 52, 4]","[1, 570, 4]","[0, 52, 5]","[0, 1500, 11]","[1, 52, 11]","[0, 1024, 11]","[1, 52, 11]","[1, 116, 17]","[1, 150, 17]","[1, 521, 18]","[0, 52, 18]","[0, 52, 18]","[0, 52, 18]","[0, 564, 20]","[0, 83, 20]","[1, 52, 20]","[1, 83, 20]","[0, 52, 20]",259.95,13.35,20,120,,,,,,,,
"[1, 60, 0]","[0, 60, 4]","[1, 52, 4]","[1, 570, 4]","[0, 52, 5]","[0, 1500, 9]","[1, 52, 9]","[0, 1024, 9]","[1, 52, 9]","[1, 116, 15]","[0, 52, 16]","[0, 564, 18]","[1, 150, 20]","[1, 83, 21]","[1, 521, 21]","[0, 52, 21]","[0, 52, 21]","[0, 52, 21]","[0, 83, 24]","[0, 1500, 42]",332.35,14.65,42,120,,,,,,,,
"[1, 60, 0]","[0, 60, 4]","[1, 52, 4]","[1, 661, 4]","[0, 52, 5]","[0, 1500, 9]","[1, 52, 9]","[0, 1025, 9]","[1, 52, 9]","[1, 116, 16]","[1, 150, 17]","[0, 52, 17]","[1, 521, 17]","[0, 52, 17]","[0, 52, 17]","[0, 595, 19]","[1, 83, 19]","[0, 52, 20]","[0, 305, 29]","[0, 1500, 30]",349.6,13.55,30,120,,,,,,,,
"[1, 60, 0]","[0, 60, 3]","[1, 52, 3]","[1, 570, 3]","[0, 52, 4]","[0, 1500, 8]","[1, 52, 8]","[0, 1025, 8]","[1, 52, 8]","[1, 116, 17]","[0, 52, 19]","[0, 564, 21]","[1, 150, 24]","[1, 83, 24]","[1, 521, 24]","[0, 52, 24]","[0, 52, 25]","[0, 52, 25]","[0, 83, 26]","[0, 260, 41]",270.4,15.75,41,120,,,,,,,,
"[1, 60, 0]","[0, 60, 26]","[1, 52, 26]","[1, 661, 27]","[0, 52, 36]","[0, 1500, 46]","[1, 52, 46]","[0, 1024, 46]","[1, 52, 46]","[1, 116, 55]","[1, 150, 56]","[1, 521, 57]","[0, 52, 63]","[0, 52, 63]","[0, 52, 63]","[0, 564, 70]","[0, 83, 70]","[1, 52, 70]","[1, 83, 70]","[0, 304, 77]",277.1,50.65,77,120,,,,,,,,
"[1, 60, 0]","[0, 60, 4]","[1, 52, 4]","[1, 661, 5]","[0, 52, 5]","[0, 1500, 11]","[1, 52, 11]","[0, 1023, 11]","[1, 52, 11]","[1, 116, 24]","[1, 150, 24]","[0, 52, 25]","[1, 521, 25]","[0, 52, 25]","[0, 52, 25]","[0, 564, 27]","[0, 83, 27]","[1, 52, 27]","[1, 83, 27]","[0, 52, 28]",264.45,17.3,28,120,,,,,,,,
"[1, 60, 0]","[0, 60, 4]","[1, 52, 4]","[1, 661, 4]","[0, 52, 5]","[0, 1500, 11]","[1, 52, 11]","[0, 1024, 11]","[1, 52, 11]","[1, 116, 17]","[0, 52, 18]","[0, 564, 20]","[1, 150, 23]","[1, 83, 23]","[1, 521, 23]","[0, 52, 24]","[0, 52, 24]","[0, 83, 26]","[0, 304, 35]","[1, 52, 35]",277.1,16.45,35,120,,,,,,,,
"[1, 60, 0]","[0, 60, 4]","[1, 52, 4]","[1, 570, 4]","[0, 52, 5]","[0, 1500, 8]","[1, 52, 9]","[0, 1025, 9]","[1, 52, 9]","[1, 116, 15]","[0, 52, 16]","[1, 150, 16]","[1, 521, 17]","[0, 52, 17]","[0, 52, 17]","[0, 564, 17]","[1, 83, 18]","[0, 52, 18]","[0, 83, 19]","[0, 304, 26]",272.6,12.4,26,120,,,,,,,,
"[1, 60, 0]","[0, 60, 4]","[1, 52, 4]","[1, 629, 4]","[0, 52, 5]","[0, 1500, 9]","[1, 52, 9]","[0, 1024, 9]","[1, 52, 9]","[1, 116, 15]","[1, 150, 16]","[1, 521, 16]","[0, 52, 16]","[0, 52, 16]","[0, 52, 16]","[0, 564, 18]","[0, 83, 18]","[1, 52, 18]","[1, 83, 18]","[0, 52, 18]",262.9,11.9,18,120,,,,,,,,
"[1, 60, 0]","[0, 60, 4]","[1, 52, 4]","[1, 570, 4]","[0, 52, 5]","[0, 1500, 8]","[1, 52, 8]","[0, 1024, 8]","[1, 52, 8]","[1, 116, 16]","[1, 150, 17]","[1, 521, 17]","[0, 52, 17]","[0, 52, 17]","[0, 52, 18]","[0, 573, 19]","[1, 83, 19]","[0, 52, 20]","[0, 305, 28]","[0, 1500, 29]",343.9,13.3,29,120,,,,,,,,
"[1, 60, 0]","[0, 60, 4]","[1, 52, 4]","[1, 661, 4]","[0, 52, 5]","[0, 1500, 9]","[1, 52, 9]","[0, 1023, 9]","[1, 52, 9]","[1, 116, 15]","[0, 52, 16]","[0, 564, 17]","[1, 150, 26]","[1, 83, 26]","[1, 521, 26]","[0, 52, 27]","[0, 52, 27]","[0, 52, 27]","[0, 83, 28]","[0, 259, 41]",274.8,16.45,41,120,,,,,,,,
"[1, 60, 0]","[0, 60, 4]","[1, 52, 4]","[1, 629, 5]","[0, 52, 5]","[0, 1500, 9]","[1, 52, 9]","[0, 1024, 9]","[1, 52, 9]","[1, 116, 16]","[0, 52, 16]","[0, 564, 18]","[1, 150, 36]","[1, 83, 36]","[1, 521, 36]","[0, 52, 37]","[0, 83, 39]","[0, 304, 50]","[1, 52, 50]","[0, 1500, 50]",347.9,21.9,50,120,,,,,,,,
"[1, 60, 0]","[0, 60, 5]","[1, 52, 5]","[1, 629, 5]","[0, 52, 6]","[0, 1500, 10]","[1, 52, 10]","[0, 1025, 10]","[1, 52, 10]","[1, 116, 16]","[1, 150, 17]","[1, 521, 17]","[0, 52, 17]","[0, 52, 17]","[0, 52, 18]","[0, 564, 19]","[0, 83, 19]","[1, 83, 19]","[0, 52, 20]","[0, 259, 30]",273.3,13.5,30,120,,,,,,,,
"[1, 60, 0]","[0, 60, 4]","[1, 52, 4]","[1, 629, 4]","[0, 52, 5]","[0, 1500, 9]","[1, 52, 9]","[0, 1025, 9]","[1, 52, 9]","[1, 116, 17]","[1, 150, 17]","[1, 521, 18]","[0, 52, 18]","[0, 52, 18]","[0, 52, 18]","[0, 573, 20]","[1, 83, 20]","[0, 52, 20]","[0, 304, 31]","[0, 1500, 31]",346.85,14.05,31,120,,,,,,,,
"[1, 60, 0]","[0, 60, 4]","[1, 52, 4]","[1, 570, 4]","[0, 52, 5]","[0, 1500, 9]","[1, 52, 9]","[0, 1023, 9]","[1, 52, 9]","[1, 116, 16]","[0, 52, 17]","[1, 150, 18]","[1, 521, 18]","[0, 52, 19]","[0, 564, 19]","[0, 52, 19]","[1, 83, 19]","[0, 52, 19]","[0, 83, 20]","[0, 259, 31]",270.25,13.4,31,120,,,,,,,,
"[1, 60, 0]","[0, 60, 3]","[1, 52, 3]","[1, 661, 4]","[0, 52, 4]","[0, 1500, 10]","[1, 52, 10]","[0, 1025, 11]","[1, 52, 11]","[1, 116, 16]","[1, 150, 17]","[0, 52, 17]","[1, 521, 17]","[0, 52, 17]","[0, 52, 17]","[0, 595, 19]","[1, 83, 19]","[0, 52, 19]","[0, 258, 32]","[0, 1443, 32]",344.4,13.9,32,120,,,,,,,,
"[1, 60, 0]","[0, 60, 3]","[1, 52, 3]","[1, 570, 4]","[0, 52, 5]","[0, 1500, 9]","[1, 52, 9]","[0, 1024, 9]","[1, 52, 9]","[1, 116, 14]","[1, 150, 15]","[1, 521, 15]","[0, 52, 15]","[0, 52, 15]","[0, 52, 15]","[0, 573, 17]","[1, 83, 18]","[0, 52, 18]","[0, 304, 30]","[0, 1443, 30]",341,12.65,30,120,,,,,,,,
"[1, 60, 0]","[0, 60, 5]","[1, 52, 5]","[1, 661, 6]","[0, 52, 6]","[0, 1500, 10]","[1, 52, 11]","[0, 1024, 11]","[1, 52, 11]","[1, 116, 18]","[0, 52, 19]","[0, 564, 21]","[1, 150, 32]","[1, 83, 32]","[1, 521, 32]","[0, 52, 33]","[0, 83, 35]","[0, 1500, 45]","[1, 52, 45]","[0, 1229, 45]",395.75,21.1,45,120,,,,,,,,
"[1, 60, 0]","[0, 60, 4]","[1, 52, 4]","[1, 597, 5]","[0, 52, 6]","[0, 1500, 10]","[1, 52, 10]","[0, 1023, 10]","[1, 52, 10]","[1, 116, 17]","[0, 52, 18]","[1, 150, 18]","[1, 521, 19]","[0, 52, 19]","[0, 52, 19]","[0, 564, 20]","[0, 83, 20]","[1, 83, 20]","[0, 52, 21]","[0, 304, 29]",273.85,13.95,29,120,,,,,,,,
"[1, 60, 0]","[0, 60, 3]","[1, 52, 3]","[1, 597, 4]","[0, 52, 5]","[0, 1500, 9]","[1, 52, 9]","[0, 1025, 9]","[1, 52, 9]","[1, 116, 16]","[0, 52, 16]","[0, 564, 18]","[1, 150, 25]","[1, 83, 25]","[1, 521, 25]","[0, 52, 26]","[0, 52, 26]","[0, 52, 26]","[0, 83, 27]","[0, 304, 39]",273.95,16,39,120,,,,,,,,
"[1, 60, 0]","[0, 60, 4]","[1, 52, 4]","[1, 570, 4]","[0, 52, 5]","[0, 1500, 10]","[1, 52, 10]","[0, 1024, 10]","[1, 52, 10]","[1, 116, 17]","[1, 150, 17]","[1, 521, 18]","[0, 52, 18]","[0, 52, 18]","[0, 52, 18]","[0, 564, 20]","[0, 83, 20]","[1, 52, 20]","[1, 83, 20]","[0, 52, 20]",259.95,13.15,20,120,,,,,,,,
"[1, 60, 0]","[0, 60, 4]","[1, 52, 4]","[1, 661, 4]","[0, 52, 5]","[0, 1500, 9]","[1, 52, 9]","[0, 1024, 9]","[1, 52, 9]","[1, 116, 15]","[0, 52, 16]","[0, 564, 18]","[1, 150, 25]","[1, 83, 25]","[1, 521, 25]","[0, 52, 25]","[0, 52, 25]","[0, 52, 25]","[0, 83, 27]","[0, 259, 52]",274.85,16.55,52,120,,,,,,,,
"[1, 60, 0]","[0, 60, 5]","[1, 52, 5]","[1, 629, 5]","[0, 52, 6]","[0, 1500, 9]","[1, 52, 9]","[0, 1024, 9]","[1, 52, 9]","[1, 116, 18]","[1, 150, 18]","[1, 521, 19]","[0, 52, 19]","[0, 52, 19]","[0, 52, 19]","[0, 564, 20]","[1, 83, 21]","[0, 83, 21]","[0, 52, 21]","[0, 258, 32]",273.2,14.2,32,120,,,,,,,,
"[1, 60, 0]","[0, 60, 4]","[1, 52, 4]","[1, 570, 4]","[0, 52, 5]","[0, 1500, 10]","[1, 52, 10]","[0, 1025, 10]","[1, 52, 10]","[1, 116, 16]","[0, 52, 17]","[0, 564, 19]","[1, 150, 34]","[1, 83, 34]","[1, 521, 34]","[0, 52, 35]","[0, 52, 35]","[0, 83, 37]","[0, 259, 44]","[0, 1443, 44]",339.9,20.3,44,120,,,,,,,,
"[1, 60, 0]","[0, 60, 4]","[1, 52, 4]","[1, 629, 4]","[0, 52, 5]","[0, 1500, 9]","[1, 52, 9]","[0, 1024, 9]","[1, 52, 9]","[1, 116, 15]","[0, 52, 16]","[0, 564, 18]","[1, 150, 24]","[1, 83, 24]","[1, 521, 24]","[0, 52, 24]","[0, 52, 25]","[0, 83, 26]","[0, 259, 36]","[0, 1500, 36]",345.65,16.05,36,120,,,,,,,,
"[1, 60, 0]","[0, 60, 4]","[1, 52, 4]","[1, 570, 5]","[0, 52, 5]","[0, 1500, 9]","[1, 52, 9]","[0, 1024, 9]","[1, 52, 9]","[1, 116, 19]","[1, 150, 20]","[1, 521, 20]","[0, 52, 21]","[0, 52, 21]","[0, 564, 22]","[1, 83, 22]","[0, 83, 23]","[0, 52, 23]","[0, 259, 36]","[0, 1500, 36]",342.7,15.85,36,120,,,,,,,,
"[1, 60, 0]","[0, 60, 3]","[1, 52, 3]","[1, 597, 4]","[0, 52, 5]","[0, 1500, 10]","[1, 52, 10]","[0, 1024, 10]","[1, 52, 10]","[1, 116, 17]","[1, 150, 17]","[1, 521, 17]","[0, 52, 17]","[0, 52, 18]","[0, 52, 18]","[0, 573, 20]","[1, 83, 20]","[0, 52, 20]","[0, 259, 28]","[0, 1500, 29]",342.95,13.8,29,120,,,,,,,,
"[1, 60, 0]","[0, 60, 4]","[1, 52, 4]","[1, 570, 5]","[0, 52, 5]","[0, 1500, 10]","[1, 52, 10]","[0, 1023, 10]","[1, 52, 10]","[1, 116, 16]","[0, 52, 17]","[0, 564, 18]","[1, 150, 30]","[1, 83, 30]","[1, 521, 30]","[0, 52, 31]","[0, 52, 31]","[0, 52, 31]","[0, 83, 32]","[0, 304, 45]",272.5,18.45,45,120,,,,,,,,
"[1, 60, 0]","[0, 60, 4]","[1, 52, 4]","[1, 629, 4]","[0, 52, 5]","[0, 1500, 9]","[1, 52, 9]","[0, 1024, 9]","[1, 52, 9]","[1, 116, 17]","[0, 52, 18]","[0, 564, 19]","[1, 150, 24]","[1, 83, 24]","[1, 521, 25]","[0, 52, 25]","[0, 52, 25]","[0, 83, 27]","[0, 258, 35]","[1, 52, 35]",273.2,16.35,35,120,,,,,,,,
"[1, 60, 0]","[0, 60, 4]","[1, 52, 4]","[1, 570, 5]","[0, 52, 5]","[0, 1500, 10]","[1, 52, 11]","[0, 1024, 11]","[1, 52, 11]","[1, 116, 17]","[1, 150, 18]","[0, 52, 18]","[1, 521, 18]","[0, 52, 18]","[0, 52, 19]","[0, 564, 20]","[0, 83, 20]","[1, 52, 20]","[1, 83, 20]","[0, 52, 20]",259.95,13.45,20,120,,,,,,,,
"[1, 60, 0]","[0, 60, 4]","[1, 52, 4]","[1, 629, 5]","[0, 52, 6]","[0, 1500, 10]","[1, 52, 10]","[0, 1025, 10]","[1, 52, 10]","[1, 116, 19]","[1, 150, 20]","[1, 521, 20]","[0, 52, 20]","[0, 52, 21]","[0, 52, 21]","[0, 564, 22]","[0, 83, 22]","[1, 52, 22]","[1, 83, 22]","[0, 52, 23]",262.95,14.55,23,120,,,,,,,,
"[1, 60, 0]","[0, 60, 4]","[1, 52, 4]","[1, 570, 4]","[0, 52, 7]","[0, 1500, 14]","[1, 52, 15]","[0, 1024, 15]","[1, 52, 15]","[1, 116, 22]","[1, 150, 25]","[1, 521, 25]","[0, 52, 30]","[0, 52, 30]","[0, 52, 31]","[0, 573, 35]","[1, 83, 36]","[0, 52, 42]","[0, 304, 47]","[0, 1500, 47]",343.85,22.4,47,120,,,,,,,,
"[1, 60, 0]","[0, 60, 6]","[1, 52, 6]","[1, 570, 7]","[0, 52, 9]","[0, 1500, 19]","[1, 52, 19]","[0, 1023, 19]","[1, 52, 19]","[1, 116, 25]","[1, 150, 26]","[1, 521, 26]","[0, 52, 27]","[0, 52, 28]","[0, 52, 28]","[0, 564, 31]","[0, 83, 31]","[1, 52, 31]","[1, 83, 32]","[0, 52, 36]",259.9,21.25,36,120,,,,,,,,
"[1, 60, 0]","[0, 60, 4]","[1, 52, 4]","[1, 661, 4]","[0, 52, 5]","[0, 1500, 8]","[1, 52, 9]","[0, 1025, 9]","[1, 52, 9]","[1, 116, 16]","[1, 150, 17]","[1, 521, 17]","[0, 52, 17]","[0, 52, 18]","[0, 52, 18]","[0, 564, 19]","[0, 83, 19]","[1, 52, 19]","[1, 83, 20]","[0, 52, 20]",264.55,12.6,20,120,,,,,,,,
"[1, 60, 0]","[0, 60, 4]","[1, 52, 4]","[1, 661, 4]","[0, 52, 5]","[0, 1500, 9]","[1, 52, 9]","[0, 1023, 9]","[1, 52, 9]","[1, 116, 16]","[0, 52, 17]","[0, 564, 19]","[1, 150, 40]","[1, 83, 40]","[1, 521, 41]","[0, 52, 41]","[0, 52, 41]","[0, 83, 45]","[0, 258, 51]","[0, 1500, 51]",347.15,22.75,51,120,,,,,,,,
"[1, 60, 0]","[0, 60, 4]","[1, 52, 4]","[1, 629, 5]","[0, 52, 5]","[0, 1500, 9]","[1, 52, 9]","[0, 1025, 9]","[1, 52, 9]","[1, 116, 15]","[0, 52, 16]","[0, 564, 18]","[1, 150, 19]","[1, 83, 20]","[1, 521, 20]","[0, 52, 20]","[0, 52, 20]","[0, 52, 20]","[0, 83, 22]","[0, 305, 38]",275.6,14.1,38,120,,,,,,,,
"[1, 60, 0]","[0, 60, 4]","[1, 52, 4]","[1, 629, 5]","[0, 52, 5]","[0, 1500, 12]","[1, 52, 12]","[0, 1025, 12]","[1, 52, 12]","[1, 116, 18]","[0, 52, 19]","[1, 150, 20]","[1, 521, 20]","[0, 52, 21]","[0, 564, 21]","[0, 52, 21]","[1, 83, 21]","[0, 52, 22]","[0, 83, 22]","[0, 305, 32]",275.6,15.15,32,120,,,,,,,,
"[1, 60, 0]","[0, 60, 4]","[1, 52, 4]","[1, 661, 4]","[0, 52, 5]","[0, 1500, 10]","[1, 52, 10]","[0, 1023, 10]","[1, 52, 10]","[1, 116, 17]","[1, 150, 17]","[1, 521, 17]","[0, 52, 18]","[0, 52, 18]","[0, 52, 18]","[0, 564, 19]","[1, 83, 19]","[0, 83, 19]","[0, 52, 20]","[1, 52, 61]",264.45,15,61,120,,,,,,,,
"[1, 60, 0]","[0, 60, 5]","[1, 52, 5]","[1, 570, 5]","[0, 52, 6]","[0, 1500, 10]","[1, 52, 10]","[0, 1024, 10]","[1, 52, 10]","[1, 116, 16]","[0, 52, 17]","[0, 564, 19]","[1, 150, 26]","[1, 83, 26]","[1, 521, 26]","[0, 52, 27]","[0, 52, 27]","[0, 52, 27]","[0, 83, 28]","[0, 305, 39]",272.6,16.95,39,120,,,,,,,,
"[1, 60, 0]","[0, 60, 3]","[1, 52, 3]","[1, 661, 4]","[0, 52, 5]","[0, 1500, 9]","[1, 52, 9]","[0, 1025, 9]","[1, 52, 9]","[1, 116, 15]","[0, 52, 16]","[1, 150, 17]","[1, 521, 18]","[0, 564, 18]","[0, 52, 18]","[1, 83, 18]","[0, 52, 18]","[0, 52, 19]","[0, 83, 20]","[0, 304, 32]",277.15,13,32,120,,,,,,,,
"[1, 60, 0]","[0, 60, 4]","[1, 52, 4]","[1, 597, 4]","[0, 52, 5]","[0, 1500, 10]","[1, 52, 10]","[0, 1024, 10]","[1, 52, 10]","[1, 116, 17]","[1, 150, 18]","[1, 521, 18]","[0, 52, 18]","[0, 52, 18]","[0, 52, 18]","[0, 564, 20]","[0, 83, 20]","[1, 52, 20]","[1, 83, 20]","[0, 52, 20]",261.3,13.2,20,120,,,,,,,,
"[1, 60, 0]","[0, 60, 4]","[1, 52, 4]","[1, 597, 5]","[0, 52, 5]","[0, 1500, 10]","[1, 52, 10]","[0, 1024, 10]","[1, 52, 10]","[1, 116, 15]","[0, 52, 16]","[0, 564, 18]","[1, 150, 37]","[1, 83, 37]","[1, 521, 37]","[0, 52, 38]","[0, 83, 41]","[0, 258, 50]","[0, 1500, 50]","[0, 1028, 50]",392.8,22.35,50,120,,,,,,,,
"[1, 60, 0]","[0, 60, 3]","[1, 52, 4]","[1, 597, 4]","[0, 52, 5]","[0, 1500, 9]","[1, 52, 10]","[0, 1025, 10]","[1, 52, 10]","[1, 116, 18]","[0, 52, 19]","[0, 564, 21]","[1, 150, 30]","[1, 83, 30]","[1, 521, 30]","[0, 52, 31]","[0, 52, 31]","[0, 83, 33]","[0, 259, 40]","[0, 1489, 40]",343.55,18.9,40,120,,,,,,,,
"[1, 60, 0]","[0, 60, 4]","[1, 52, 4]","[1, 661, 5]","[0, 52, 5]","[0, 1500, 9]","[1, 52, 9]","[0, 1024, 9]","[1, 52, 9]","[1, 116, 17]","[1, 150, 18]","[0, 52, 18]","[1, 521, 18]","[0, 52, 19]","[0, 52, 19]","[0, 564, 20]","[0, 83, 20]","[1, 52, 20]","[1, 83, 20]","[0, 52, 21]",264.5,13.2,21,120,,,,,,,,
"[1, 60, 0]","[0, 60, 4]","[1, 52, 4]","[1, 661, 4]","[0, 52, 5]","[0, 1500, 9]","[1, 52, 9]","[0, 1025, 9]","[1, 52, 9]","[1, 116, 14]","[0, 52, 15]","[0, 564, 17]","[1, 150, 25]","[1, 83, 25]","[1, 521, 25]","[0, 52, 26]","[0, 52, 26]","[0, 52, 26]","[0, 83, 27]","[0, 258, 40]",274.85,15.95,40,120,,,,,,,,
"[1, 60, 0]","[0, 60, 4]","[1, 52, 4]","[1, 597, 4]","[0, 52, 5]","[0, 1500, 9]","[1, 52, 9]","[0, 1024, 9]","[1, 52, 9]","[1, 116, 16]","[1, 150, 17]","[1, 521, 17]","[0, 52, 17]","[0, 52, 18]","[0, 52, 18]","[0, 564, 19]","[1, 83, 19]","[0, 83, 19]","[0, 52, 20]","[0, 305, 34]",273.95,13.35,34,120,,,,,,,,
"[1, 60, 0]","[0, 60, 4]","[1, 52, 4]","[1, 597, 5]","[0, 52, 5]","[0, 1500, 10]","[1, 52, 10]","[0, 1024, 10]","[1, 52, 10]","[1, 116, 19]","[1, 150, 19]","[1, 521, 19]","[0, 52, 20]","[0, 52, 20]","[0, 52, 20]","[0, 564, 21]","[0, 83, 21]","[1, 52, 21]","[1, 83, 21]","[0, 52, 22]",261.3,14.05,22,120,,,,,,,,
"[1, 60, 0]","[0, 60, 4]","[1, 52, 4]","[1, 570, 4]","[0, 52, 5]","[0, 1500, 9]","[1, 52, 10]","[0, 1023, 10]","[1, 52, 10]","[1, 116, 16]","[0, 52, 17]","[0, 564, 19]","[1, 150, 28]","[1, 83, 28]","[1, 521, 28]","[0, 52, 28]","[0, 52, 28]","[0, 83, 30]","[0, 258, 40]","[0, 1500, 40]",342.6,17.9,40,120,,,,,,,,
"[1, 60, 0]","[0, 60, 4]","[1, 52, 4]","[1, 570, 5]","[0, 52, 6]","[0, 1500, 10]","[1, 52, 10]","[0, 1024, 10]","[1, 52, 10]","[1, 116, 16]","[0, 52, 17]","[0, 564, 19]","[1, 150, 19]","[1, 83, 19]","[1, 521, 19]","[0, 52, 20]","[0, 52, 20]","[0, 52, 20]","[0, 83, 21]","[0, 258, 28]",270.25,13.85,28,120,,,,,,,,
"[1, 60, 0]","[0, 60, 4]","[1, 52, 4]","[1, 570, 5]","[0, 52, 5]","[0, 1500, 9]","[1, 52, 9]","[0, 1023, 9]","[1, 52, 9]","[1, 116, 17]","[1, 150, 17]","[1, 521, 18]","[0, 52, 18]","[0, 52, 18]","[0, 52, 18]","[0, 595, 19]","[1, 83, 19]","[0, 52, 20]","[0, 304, 27]","[0, 1443, 27]",342.05,13.6,27,120,,,,,,,,
"[1, 60, 0]","[0, 60, 3]","[1, 52, 4]","[1, 597, 4]","[0, 52, 5]","[0, 1500, 8]","[1, 52, 8]","[0, 1025, 8]","[1, 52, 8]","[1, 116, 15]","[0, 52, 16]","[0, 564, 18]","[1, 150, 22]","[1, 83, 22]","[1, 521, 22]","[0, 52, 22]","[0, 52, 22]","[0, 83, 24]","[0, 258, 36]","[0, 1500, 36]",344.05,15.15,36,120,,,,,,,,
"[1, 60, 0]","[0, 60, 6]","[1, 52, 6]","[1, 629, 6]","[0, 52, 6]","[0, 1500, 13]","[1, 52, 13]","[0, 1024, 13]","[1, 52, 13]","[1, 116, 61]","[0, 52, 62]","[1, 150, 63]","[0, 564, 64]","[1, 52, 64]","[0, 52, 65]","[0, 83, 67]","[1, 52, 67]","[1, 83, 67]","[1, 521, 68]","[0, 52, 68]",262.9,39.6,68,120,,,,,,,,
"[1, 60, 0]","[0, 60, 3]","[1, 52, 3]","[1, 629, 4]","[0, 52, 4]","[0, 1500, 8]","[1, 52, 8]","[0, 1024, 8]","[1, 52, 8]","[1, 116, 14]","[0, 52, 15]","[0, 564, 16]","[1, 150, 17]","[1, 83, 17]","[1, 521, 17]","[0, 52, 18]","[0, 52, 18]","[0, 52, 18]","[0, 83, 19]","[0, 258, 30]",273.2,12.25,30,120,,,,,,,,
"[1, 60, 0]","[0, 60, 5]","[1, 52, 5]","[1, 1883, 5]","[0, 52, 7]","[0, 1500, 10]","[1, 52, 10]","[0, 1500, 10]","[1, 52, 10]","[0, 665, 10]","[1, 52, 10]","[1, 116, 18]","[1, 150, 18]","[1, 521, 18]","[0, 52, 19]","[0, 52, 19]","[0, 52, 19]","[0, 564, 20]","[1, 83, 20]","[0, 83, 21]",380.05,12.7,21,121,,,,,,,,
"[1, 60, 0]","[0, 60, 3]","[1, 52, 4]","[1, 1851, 4]","[0, 52, 5]","[0, 1500, 9]","[1, 52, 9]","[0, 1500, 9]","[1, 52, 9]","[0, 663, 9]","[1, 52, 9]","[1, 116, 15]","[1, 150, 15]","[1, 521, 16]","[0, 52, 16]","[0, 52, 16]","[0, 52, 16]","[0, 564, 17]","[0, 83, 18]","[1, 52, 18]",376.8,10.85,18,121,,,,,,,,
"[1, 60, 0]","[0, 60, 3]","[1, 52, 3]","[1, 1819, 4]","[0, 52, 5]","[0, 1500, 9]","[1, 52, 9]","[0, 1500, 9]","[1, 52, 9]","[0, 664, 9]","[1, 52, 9]","[1, 116, 17]","[0, 52, 18]","[0, 564, 19]","[1, 150, 30]","[1, 83, 30]","[1, 521, 30]","[0, 52, 31]","[0, 52, 31]","[0, 52, 31]",375.25,15.3,31,121,,,,,,,,
"[1, 60, 0]","[0, 60, 4]","[1, 52, 4]","[1, 1819, 5]","[0, 52, 5]","[0, 1500, 11]","[1, 52, 11]","[0, 1500, 11]","[1, 52, 11]","[0, 665, 11]","[1, 52, 11]","[1, 116, 16]","[0, 52, 17]","[1, 150, 18]","[1, 521, 19]","[0, 52, 19]","[0, 564, 19]","[0, 52, 19]","[1, 83, 19]","[0, 52, 20]",375.3,12.5,20,121,,,,,,,,
"[1, 60, 0]","[0, 60, 5]","[1, 52, 5]","[1, 1819, 5]","[0, 52, 6]","[0, 52, 8]","[0, 1500, 12]","[1, 52, 12]","[0, 1500, 12]","[1, 52, 12]","[0, 665, 12]","[1, 52, 12]","[1, 116, 18]","[0, 52, 19]","[0, 564, 20]","[1, 150, 32]","[1, 83, 32]","[1, 521, 32]","[0, 52, 33]","[0, 52, 33]",375.3,16,33,121,,,,,,,,
"[1, 60, 0]","[0, 60, 4]","[1, 52, 4]","[1, 1883, 4]","[0, 52, 5]","[0, 1500, 9]","[1, 52, 9]","[0, 1500, 9]","[1, 52, 9]","[0, 663, 9]","[1, 52, 9]","[1, 116, 16]","[0, 52, 16]","[0, 564, 18]","[1, 150, 18]","[1, 83, 19]","[1, 521, 19]","[0, 52, 19]","[0, 52, 19]","[0, 52, 19]",378.4,11.7,19,121,,,,,,,,
"[1, 60, 0]","[0, 60, 5]","[1, 52, 5]","[1, 1883, 5]","[0, 52, 6]","[0, 1500, 11]","[1, 52, 11]","[0, 1500, 11]","[1, 52, 11]","[0, 664, 11]","[1, 52, 11]","[1, 116, 18]","[0, 52, 19]","[0, 564, 20]","[1, 150, 31]","[1, 83, 31]","[1, 521, 31]","[0, 52, 31]","[0, 52, 31]","[0, 52, 31]",378.45,16.5,31,121,,,,,,,,
"[1, 60, 0]","[0, 60, 3]","[1, 52, 3]","[1, 1883, 4]","[0, 52, 5]","[0, 1500, 9]","[1, 52, 10]","[0, 1500, 10]","[1, 52, 10]","[0, 664, 10]","[1, 52, 10]","[1, 116, 15]","[0, 52, 16]","[0, 564, 18]","[1, 150, 20]","[1, 83, 20]","[1, 521, 20]","[0, 52, 20]","[0, 52, 20]","[0, 52, 20]",378.45,12.15,20,121,,,,,,,,
"[1, 60, 0]","[0, 60, 17]","[1, 52, 17]","[1, 1883, 17]","[0, 52, 22]","[0, 52, 22]","[0, 1500, 28]","[1, 52, 28]","[0, 1500, 28]","[1, 52, 28]","[0, 663, 28]","[1, 52, 28]","[1, 116, 36]","[1, 150, 37]","[1, 521, 37]","[0, 52, 40]","[0, 52, 40]","[0, 52, 41]","[0, 564, 43]","[0, 83, 43]",378.4,29,43,121,,,,,,,,
"[1, 60, 0]","[0, 60, 21]","[1, 52, 21]","[1, 1883, 22]","[0, 52, 33]","[0, 52, 33]","[0, 1500, 42]","[1, 52, 42]","[0, 1500, 42]","[1, 52, 42]","[0, 663, 42]","[1, 52, 42]","[1, 116, 52]","[1, 150, 53]","[1, 521, 53]","[0, 52, 64]","[0, 52, 64]","[0, 573, 72]","[1, 83, 73]","[0, 259, 77]",389.2,44.5,77,121,,,,,,,,
"[1, 60, 0]","[0, 60, 4]","[1, 52, 4]","[1, 1819, 5]","[0, 52, 5]","[0, 1500, 10]","[1, 52, 10]","[0, 1500, 10]","[1, 52, 10]","[0, 664, 10]","[1, 52, 10]","[1, 116, 17]","[1, 150, 18]","[1, 521, 18]","[0, 52, 18]","[0, 52, 19]","[0, 52, 19]","[0, 564, 20]","[0, 83, 20]","[1, 52, 20]",375.25,12.35,20,121,,,,,,,,
"[1, 60, 0]","[0, 60, 4]","[1, 52, 4]","[1, 1819, 4]","[0, 52, 5]","[0, 1500, 9]","[1, 52, 9]","[0, 1500, 9]","[1, 52, 9]","[0, 664, 9]","[1, 52, 9]","[1, 116, 17]","[1, 150, 18]","[1, 521, 18]","[0, 52, 18]","[0, 52, 18]","[0, 52, 18]","[0, 573, 20]","[1, 83, 20]","[0, 52, 20]",375.7,11.9,20,121,,,,,,,,
"[1, 60, 0]","[0, 60, 22]","[1, 52, 22]","[1, 1851, 23]","[0, 52, 30]","[0, 52, 30]","[0, 1500, 39]","[1, 52, 39]","[0, 1500, 39]","[1, 52, 39]","[0, 665, 39]","[1, 52, 39]","[1, 116, 50]","[1, 150, 51]","[1, 521, 51]","[0, 52, 62]","[0, 52, 62]","[0, 573, 79]","[0, 1500, 79]","[0, 1266, 79]",508.9,43.7,79,121,,,,,,,,
"[1, 60, 0]","[0, 60, 3]","[1, 52, 3]","[1, 1819, 4]","[0, 52, 5]","[0, 52, 5]","[0, 1500, 9]","[1, 52, 10]","[0, 1500, 10]","[1, 52, 10]","[0, 664, 10]","[1, 52, 10]","[1, 116, 15]","[1, 150, 16]","[1, 521, 16]","[0, 52, 16]","[0, 52, 17]","[0, 52, 17]","[0, 564, 18]","[0, 83, 18]",375.25,10.6,18,121,,,,,,,,
"[1, 60, 0]","[0, 60, 5]","[1, 52, 6]","[1, 1819, 6]","[0, 52, 7]","[0, 1500, 11]","[1, 52, 11]","[0, 1500, 11]","[1, 52, 11]","[0, 665, 11]","[1, 52, 11]","[1, 116, 19]","[1, 150, 19]","[1, 521, 20]","[0, 52, 20]","[0, 52, 21]","[0, 52, 21]","[0, 564, 21]","[1, 83, 22]","[0, 52, 22]",375.3,13.75,22,121,,,,,,,,
"[1, 60, 0]","[0, 60, 3]","[1, 52, 4]","[1, 1819, 4]","[0, 52, 5]","[0, 1500, 10]","[1, 52, 10]","[0, 1500, 10]","[1, 52, 10]","[0, 664, 11]","[1, 52, 11]","[1, 116, 17]","[0, 52, 18]","[1, 150, 18]","[1, 521, 18]","[0, 52, 18]","[0, 52, 19]","[0, 564, 19]","[1, 83, 19]","[0, 83, 20]",376.8,12.2,20,121,,,,,,,,
"[1, 60, 0]","[0, 60, 4]","[1, 52, 4]","[1, 1819, 5]","[0, 52, 6]","[0, 52, 6]","[0, 1500, 12]","[1, 52, 12]","[0, 1500, 12]","[1, 52, 12]","[0, 665, 12]","[1, 52, 12]","[1, 116, 19]","[0, 52, 20]","[0, 564, 22]","[1, 150, 25]","[1, 83, 25]","[1, 521, 25]","[0, 52, 26]","[0, 52, 26]",375.3,14.25,26,121,,,,,,,,
"[1, 60, 0]","[0, 60, 3]","[1, 52, 3]","[1, 1819, 4]","[0, 52, 4]","[0, 52, 5]","[0, 1500, 8]","[1, 52, 8]","[0, 1500, 8]","[0, 664, 8]","[1, 52, 8]","[1, 52, 8]","[1, 116, 15]","[1, 150, 16]","[1, 521, 16]","[0, 52, 16]","[0, 52, 16]","[0, 52, 16]","[0, 564, 19]","[0, 83, 19]",375.25,10,19,121,,,,,,,,
"[1, 60, 0]","[0, 60, 4]","[1, 52, 4]","[1, 1851, 5]","[0, 52, 6]","[0, 1500, 11]","[1, 52, 11]","[0, 1500, 11]","[1, 52, 11]","[0, 663, 11]","[1, 52, 11]","[1, 116, 18]","[1, 150, 18]","[1, 521, 19]","[0, 52, 19]","[0, 52, 19]","[0, 52, 19]","[0, 564, 20]","[1, 83, 20]","[0, 83, 21]",378.35,12.9,21,121,,,,,,,,
"[1, 60, 0]","[0, 60, 3]","[1, 52, 3]","[1, 1851, 4]","[0, 52, 5]","[0, 52, 5]","[0, 1500, 9]","[1, 52, 9]","[0, 1500, 9]","[1, 52, 9]","[0, 663, 9]","[1, 52, 9]","[1, 116, 22]","[1, 150, 22]","[1, 521, 23]","[0, 52, 23]","[0, 52, 23]","[0, 52, 23]","[0, 564, 24]","[0, 83, 24]",376.8,12.9,24,121,,,,,,,,
"[1, 60, 0]","[0, 60, 3]","[1, 52, 3]","[1, 1787, 4]","[0, 52, 4]","[0, 52, 4]","[0, 1500, 9]","[1, 52, 9]","[0, 1500, 9]","[1, 52, 9]","[0, 663, 9]","[1, 52, 9]","[1, 116, 17]","[0, 52, 17]","[0, 564, 19]","[1, 150, 21]","[1, 83, 21]","[1, 521, 21]","[0, 52, 21]","[0, 52, 22]",373.6,11.55,22,121,,,,,,,,
"[1, 60, 0]","[0, 60, 4]","[1, 52, 4]","[1, 1787, 5]","[0, 52, 6]","[0, 1500, 11]","[1, 52, 11]","[0, 1500, 11]","[1, 52, 11]","[0, 664, 11]","[1, 52, 11]","[1, 116, 17]","[1, 150, 18]","[1, 521, 18]","[0, 52, 18]","[0, 52, 18]","[0, 52, 18]","[0, 564, 20]","[0, 83, 20]","[1, 52, 20]",373.65,12.6,20,121,,,,,,,,
"[1, 60, 0]","[0, 60, 4]","[1, 52, 4]","[1, 1819, 4]","[0, 52, 5]","[0, 1500, 9]","[1, 52, 9]","[0, 1500, 9]","[1, 52, 9]","[0, 663, 9]","[1, 52, 9]","[1, 116, 18]","[0, 52, 19]","[0, 564, 21]","[1, 150, 25]","[1, 83, 25]","[1, 521, 25]","[0, 52, 26]","[0, 52, 26]","[0, 83, 27]",376.75,14.15,27,121,,,,,,,,
"[1, 60, 0]","[0, 60, 5]","[1, 52, 5]","[1, 1787, 5]","[0, 52, 6]","[0, 1500, 10]","[1, 52, 10]","[0, 1500, 10]","[1, 52, 10]","[0, 664, 10]","[1, 52, 10]","[1, 116, 17]","[1, 150, 17]","[0, 52, 17]","[1, 521, 18]","[0, 52, 18]","[0, 52, 18]","[0, 564, 19]","[1, 83, 19]","[0, 83, 19]",375.2,12.15,19,121,,,,,,,,
"[1, 60, 0]","[0, 60, 4]","[1, 52, 4]","[1, 1787, 5]","[0, 52, 6]","[0, 1500, 10]","[1, 52, 10]","[0, 1500, 10]","[1, 52, 10]","[0, 664, 10]","[1, 52, 10]","[1, 116, 20]","[0, 52, 20]","[0, 564, 22]","[1, 150, 24]","[1, 83, 24]","[1, 521, 24]","[0, 52, 25]","[0, 52, 25]","[0, 52, 25]",373.65,14.4,25,121,,,,,,,,
"[1, 60, 0]","[0, 60, 4]","[1, 52, 4]","[1, 1851, 5]","[0, 52, 5]","[0, 52, 5]","[0, 1500, 21]","[1, 52, 21]","[0, 1500, 21]","[1, 52, 21]","[0, 663, 21]","[1, 52, 21]","[1, 116, 28]","[0, 52, 28]","[0, 564, 30]","[1, 150, 30]","[1, 83, 30]","[1, 521, 30]","[0, 52, 31]","[0, 52, 31]",376.8,19.35,31,121,,,,,,,,
"[1, 60, 0]","[0, 60, 4]","[1, 52, 5]","[1, 1851, 5]","[0, 52, 7]","[0, 52, 7]","[0, 1500, 10]","[1, 52, 10]","[0, 1500, 10]","[1, 52, 10]","[0, 664, 10]","[1, 52, 10]","[1, 116, 17]","[0, 52, 17]","[0, 564, 19]","[1, 150, 23]","[1, 83, 24]","[1, 521, 24]","[0, 52, 24]","[0, 52, 24]",376.85,13,24,121,,,,,,,,
"[1, 60, 0]","[0, 60, 4]","[1, 52, 4]","[1, 1851, 5]","[0, 52, 5]","[0, 1500, 10]","[1, 52, 10]","[0, 1500, 11]","[1, 52, 11]","[0, 664, 11]","[1, 52, 11]","[1, 116, 16]","[1, 150, 17]","[1, 521, 17]","[0, 52, 17]","[0, 52, 17]","[0, 52, 18]","[0, 573, 19]","[1, 83, 20]","[0, 52, 20]",377.3,12.15,20,121,,,,,,,,
"[1, 60, 0]","[0, 60, 4]","[1, 52, 4]","[1, 1883, 4]","[0, 52, 5]","[0, 52, 5]","[0, 1500, 9]","[1, 52, 9]","[0, 1500, 9]","[1, 52, 9]","[0, 664, 9]","[1, 52, 9]","[1, 116, 15]","[1, 150, 15]","[1, 521, 16]","[0, 52, 16]","[0, 52, 16]","[0, 52, 16]","[0, 564, 18]","[0, 83, 18]",378.45,10.3,18,121,,,,,,,,
"[1, 60, 0]","[0, 60, 4]","[1, 52, 4]","[1, 1851, 5]","[0, 52, 5]","[0, 52, 5]","[0, 1500, 9]","[1, 52, 9]","[0, 1500, 9]","[1, 52, 9]","[0, 665, 9]","[1, 52, 9]","[1, 116, 15]","[1, 150, 15]","[1, 521, 15]","[0, 52, 15]","[0, 52, 16]","[0, 52, 16]","[0, 564, 17]","[0, 83, 17]",376.9,10.15,17,121,,,,,,,,
"[1, 60, 0]","[0, 60, 4]","[1, 52, 4]","[1, 1883, 5]","[0, 52, 6]","[0, 52, 6]","[0, 1500, 11]","[1, 52, 11]","[0, 1500, 11]","[1, 52, 11]","[0, 664, 11]","[1, 52, 11]","[1, 116, 18]","[0, 52, 19]","[0, 564, 20]","[1, 150, 31]","[1, 83, 31]","[1, 521, 31]","[0, 52, 31]","[0, 52, 31]",378.45,15.15,31,121,,,,,,,,
"[1, 60, 0]","[0, 60, 5]","[1, 52, 5]","[1, 1819, 5]","[0, 52, 6]","[0, 52, 7]","[0, 1500, 11]","[1, 52, 11]","[0, 1500, 12]","[1, 52, 12]","[0, 664, 12]","[1, 52, 12]","[1, 116, 17]","[0, 52, 18]","[0, 564, 19]","[1, 150, 21]","[1, 83, 21]","[1, 521, 21]","[0, 52, 22]","[0, 83, 24]",376.8,13.05,24,121,,,,,,,,
"[1, 60, 0]","[0, 60, 4]","[1, 52, 4]","[1, 1851, 5]","[0, 52, 5]","[0, 1500, 9]","[1, 52, 9]","[0, 1500, 9]","[1, 52, 9]","[0, 663, 9]","[1, 52, 9]","[1, 116, 16]","[1, 150, 16]","[1, 521, 17]","[0, 52, 17]","[0, 52, 17]","[0, 52, 17]","[0, 564, 19]","[0, 83, 19]","[1, 52, 19]",376.8,11.45,19,121,,,,,,,,
"[1, 60, 0]","[0, 60, 4]","[1, 52, 4]","[1, 1883, 4]","[0, 52, 5]","[0, 1500, 15]","[1, 52, 15]","[0, 1500, 15]","[1, 52, 15]","[0, 664, 15]","[1, 52, 15]","[1, 116, 21]","[1, 150, 21]","[1, 521, 22]","[0, 52, 22]","[0, 52, 23]","[0, 52, 23]","[0, 564, 24]","[0, 83, 24]","[1, 52, 24]",378.45,15.55,24,121,,,,,,,,
"[1, 60, 0]","[0, 60, 4]","[1, 52, 4]","[1, 1819, 5]","[0, 52, 5]","[0, 1500, 10]","[1, 52, 10]","[0, 1500, 10]","[1, 52, 10]","[0, 665, 10]","[1, 52, 10]","[1, 116, 18]","[1, 150, 18]","[0, 52, 18]","[1, 521, 18]","[0, 52, 19]","[0, 52, 19]","[0, 564, 20]","[0, 83, 20]","[1, 52, 20]",375.3,12.4,20,121,,,,,,,,
"[1, 60, 0]","[0, 60, 13]","[1, 52, 13]","[1, 1787, 14]","[0, 52, 17]","[0, 52, 18]","[0, 1500, 24]","[1, 52, 24]","[0, 1500, 24]","[1, 52, 24]","[0, 664, 24]","[1, 52, 24]","[1, 116, 34]","[1, 150, 34]","[1, 521, 35]","[0, 52, 39]","[0, 52, 39]","[0, 52, 39]","[0, 564, 44]","[0, 83, 44]",373.65,26.35,44,121,,,,,,,,
"[1, 60, 0]","[0, 60, 4]","[1, 52, 4]","[1, 1851, 5]","[0, 52, 5]","[0, 1500, 11]","[1, 52, 11]","[0, 1500, 11]","[1, 52, 11]","[0, 663, 11]","[1, 52, 11]","[1, 116, 17]","[0, 52, 18]","[0, 564, 19]","[1, 150, 24]","[1, 83, 24]","[1, 521, 24]","[0, 52, 24]","[0, 52, 25]","[0, 83, 26]",378.35,14.25,26,121,,,,,,,,
"[1, 60, 0]","[0, 60, 4]","[1, 52, 4]","[1, 1851, 5]","[0, 52, 6]","[0, 1500, 11]","[1, 52, 11]","[0, 1500, 11]","[1, 52, 11]","[0, 664, 11]","[1, 52, 11]","[1, 116, 17]","[1, 150, 18]","[0, 52, 18]","[1, 521, 18]","[0, 52, 19]","[0, 52, 19]","[0, 564, 20]","[0, 83, 20]","[1, 52, 20]",376.85,12.7,20,121,,,,,,,,
"[1, 60, 0]","[0, 60, 4]","[1, 52, 4]","[1, 1883, 5]","[0, 52, 6]","[0, 52, 7]","[0, 1500, 10]","[1, 52, 10]","[0, 1500, 10]","[1, 52, 10]","[0, 664, 10]","[1, 52, 10]","[1, 116, 17]","[0, 52, 18]","[0, 564, 19]","[1, 150, 30]","[1, 83, 30]","[1, 521, 30]","[0, 52, 31]","[0, 83, 33]",380,14.7,33,121,,,,,,,,
"[1, 60, 0]","[0, 60, 55]","[1, 52, 55]","[1, 1851, 56]","[0, 52, 59]","[0, 52, 59]","[0, 1500, 67]","[1, 52, 67]","[0, 1500, 67]","[1, 52, 67]","[0, 665, 67]","[1, 52, 67]","[1, 116, 77]","[1, 150, 78]","[1, 521, 78]","[0, 52, 85]","[0, 52, 87]","[0, 52, 87]","[0, 564, 90]","[0, 83, 90]",376.9,67.9,90,121,,,,,,,,
"[1, 60, 0]","[0, 60, 4]","[1, 52, 4]","[1, 1883, 5]","[0, 52, 6]","[0, 1500, 12]","[1, 52, 12]","[0, 1500, 12]","[1, 52, 12]","[0, 665, 12]","[1, 52, 12]","[1, 116, 18]","[0, 52, 20]","[0, 564, 21]","[1, 150, 22]","[1, 83, 22]","[1, 521, 22]","[0, 52, 22]","[0, 52, 23]","[0, 83, 24]",380.05,14.25,24,121,,,,,,,,
"[1, 60, 0]","[0, 60, 4]","[1, 52, 4]","[1, 1883, 5]","[0, 52, 5]","[0, 1500, 9]","[1, 52, 9]","[0, 1500, 9]","[1, 52, 9]","[0, 665, 9]","[1, 52, 10]","[1, 116, 16]","[1, 150, 17]","[1, 521, 17]","[0, 52, 17]","[0, 52, 18]","[0, 52, 18]","[0, 595, 19]","[1, 83, 19]","[0, 52, 19]",380.05,11.65,19,121,,,,,,,,
"[1, 60, 0]","[0, 60, 5]","[1, 52, 5]","[1, 1819, 5]","[0, 52, 6]","[0, 52, 6]","[0, 1500, 11]","[1, 52, 11]","[0, 1500, 11]","[1, 52, 12]","[0, 664, 12]","[1, 52, 12]","[1, 116, 18]","[1, 150, 18]","[1, 521, 19]","[0, 52, 19]","[0, 52, 19]","[0, 52, 19]","[0, 564, 20]","[1, 83, 21]",375.25,12.45,21,121,,,,,,,,
"[1, 60, 0]","[0, 60, 3]","[1, 52, 3]","[1, 1851, 4]","[0, 52, 5]","[0, 52, 5]","[0, 1500, 10]","[1, 52, 10]","[0, 1500, 10]","[1, 52, 10]","[0, 665, 10]","[1, 52, 10]","[1, 116, 19]","[0, 52, 20]","[0, 564, 22]","[1, 150, 29]","[1, 83, 29]","[1, 521, 29]","[0, 52, 30]","[0, 52, 30]",376.9,14.4,30,121,,,,,,,,
"[1, 60, 0]","[0, 60, 4]","[1, 52, 4]","[1, 1787, 5]","[0, 52, 6]","[0, 1500, 10]","[1, 52, 10]","[0, 1500, 10]","[1, 52, 10]","[0, 663, 10]","[1, 52, 10]","[1, 116, 15]","[1, 150, 16]","[1, 521, 16]","[0, 52, 17]","[0, 52, 17]","[0, 52, 17]","[0, 573, 18]","[1, 83, 18]","[0, 52, 19]",374.05,11.6,19,121,,,,,,,,
"[1, 60, 0]","[0, 60, 4]","[1, 52, 4]","[1, 1787, 5]","[0, 52, 5]","[0, 52, 5]","[0, 1500, 10]","[1, 52, 10]","[0, 1500, 11]","[1, 52, 11]","[0, 663, 11]","[1, 52, 11]","[1, 116, 19]","[1, 150, 19]","[1, 521, 19]","[0, 52, 20]","[0, 52, 20]","[0, 52, 20]","[0, 573, 21]","[1, 83, 22]",374.05,12.35,22,121,,,,,,,,
"[1, 60, 0]","[0, 60, 3]","[1, 52, 3]","[1, 1851, 3]","[0, 52, 4]","[0, 52, 5]","[0, 1500, 11]","[1, 52, 11]","[0, 1500, 11]","[1, 52, 11]","[0, 664, 11]","[1, 52, 11]","[1, 116, 16]","[1, 150, 17]","[1, 521, 17]","[0, 52, 17]","[0, 52, 18]","[0, 52, 18]","[0, 564, 19]","[1, 83, 19]",376.85,11.25,19,121,,,,,,,,
"[1, 60, 0]","[0, 60, 4]","[1, 52, 4]","[1, 1851, 4]","[0, 52, 5]","[0, 1500, 10]","[1, 52, 10]","[0, 1500, 10]","[1, 52, 10]","[0, 665, 10]","[1, 52, 10]","[1, 116, 19]","[1, 150, 20]","[1, 521, 20]","[0, 52, 20]","[0, 52, 20]","[0, 52, 21]","[0, 564, 22]","[0, 83, 22]","[1, 52, 22]",376.9,13.15,22,121,,,,,,,,
"[1, 60, 0]","[0, 60, 5]","[1, 52, 5]","[1, 1883, 5]","[0, 52, 6]","[0, 52, 6]","[0, 1500, 10]","[1, 52, 10]","[0, 1500, 10]","[1, 52, 10]","[0, 664, 10]","[1, 52, 10]","[1, 116, 19]","[1, 150, 19]","[1, 521, 19]","[0, 52, 20]","[0, 52, 20]","[0, 52, 20]","[0, 573, 22]","[1, 83, 22]",378.9,12.4,22,121,,,,,,,,
"[1, 60, 0]","[0, 60, 5]","[1, 52, 5]","[1, 1851, 5]","[0, 52, 6]","[0, 1500, 10]","[1, 52, 10]","[0, 1500, 10]","[1, 52, 10]","[0, 664, 10]","[1, 52, 10]","[1, 116, 16]","[0, 52, 17]","[0, 564, 19]","[1, 150, 20]","[1, 83, 20]","[1, 521, 20]","[0, 52, 21]","[0, 52, 21]","[0, 83, 22]",378.4,12.85,22,121,,,,,,,,
"[1, 60, 0]","[0, 60, 4]","[1, 52, 4]","[1, 1787, 4]","[0, 52, 5]","[0, 52, 5]","[0, 1500, 9]","[1, 52, 10]","[0, 1500, 10]","[1, 52, 10]","[0, 663, 10]","[1, 52, 10]","[1, 116, 17]","[0, 52, 18]","[0, 564, 20]","[1, 150, 23]","[1, 83, 23]","[1, 521, 23]","[0, 52, 23]","[0, 52, 23]",373.6,12.55,23,121,,,,,,,,
"[1, 60, 0]","[0, 60, 4]","[1, 52, 4]","[1, 1819, 4]","[0, 52, 5]","[0, 1500, 10]","[1, 52, 10]","[0, 1500, 10]","[1, 52, 10]","[0, 663, 10]","[1, 52, 10]","[1, 116, 16]","[0, 52, 17]","[0, 564, 19]","[1, 150, 27]","[1, 83, 27]","[1, 521, 27]","[0, 52, 27]","[0, 52, 28]","[0, 52, 28]",375.2,14.65,28,121,,,,,,,,
"[1, 60, 0]","[0, 60, 6]","[1, 52, 6]","[1, 1819, 7]","[0, 52, 8]","[0, 52, 8]","[0, 1500, 13]","[1, 52, 14]","[0, 1500, 14]","[1, 52, 14]","[0, 664, 14]","[1, 52, 14]","[1, 116, 19]","[0, 52, 19]","[0, 564, 21]","[1, 150, 24]","[1, 83, 24]","[1, 521, 24]","[0, 52, 24]","[0, 52, 24]",375.25,14.85,24,121,,,,,,,,
"[1, 60, 0]","[0, 60, 4]","[1, 52, 4]","[1, 1851, 4]","[0, 52, 5]","[0, 1500, 11]","[1, 52, 11]","[0, 1500, 11]","[1, 52, 11]","[0, 664, 12]","[1, 52, 12]","[1, 116, 18]","[1, 150, 19]","[1, 521, 19]","[0, 52, 20]","[0, 52, 20]","[0, 52, 20]","[0, 573, 22]","[1, 83, 22]","[0, 52, 22]",377.3,13.35,22,121,,,,,,,,
"[1, 60, 0]","[0, 60, 5]","[1, 52, 5]","[1, 1851, 5]","[0, 52, 6]","[0, 52, 6]","[0, 1500, 11]","[1, 52, 11]","[0, 1500, 11]","[1, 52, 11]","[0, 664, 11]","[1, 52, 11]","[1, 116, 20]","[0, 52, 21]","[0, 564, 23]","[1, 150, 24]","[1, 83, 24]","[1, 521, 24]","[0, 52, 25]","[0, 52, 25]",376.85,13.95,25,121,,,,,,,,
"[1, 60, 0]","[0, 60, 4]","[1, 52, 4]","[1, 1883, 5]","[0, 52, 7]","[0, 1500, 13]","[1, 52, 13]","[0, 1500, 13]","[1, 52, 13]","[0, 664, 13]","[1, 52, 13]","[1, 116, 19]","[1, 150, 20]","[0, 52, 20]","[1, 521, 20]","[0, 52, 20]","[0, 52, 20]","[0, 564, 21]","[0, 83, 22]","[1, 52, 22]",378.45,14.1,22,121,,,,,,,,
"[1, 60, 0]","[0, 60, 4]","[1, 52, 4]","[1, 1787, 4]","[0, 52, 5]","[0, 1500, 9]","[1, 52, 9]","[0, 1500, 9]","[1, 52, 9]","[0, 664, 9]","[1, 52, 9]","[1, 116, 15]","[0, 52, 16]","[0, 564, 18]","[1, 150, 22]","[1, 83, 22]","[1, 521, 22]","[0, 52, 22]","[0, 52, 22]","[0, 52, 23]",373.65,12.65,23,121,,,,,,,,
"[1, 60, 0]","[0, 60, 4]","[1, 52, 4]","[1, 1883, 4]","[0, 52, 5]","[0, 52, 5]","[0, 1500, 9]","[1, 52, 9]","[0, 1500, 9]","[1, 52, 9]","[0, 665, 9]","[1, 52, 9]","[1, 116, 14]","[0, 52, 15]","[0, 564, 17]","[1, 150, 22]","[1, 83, 22]","[1, 521, 22]","[0, 52, 26]","[0, 83, 28]",380.05,12.1,28,121,,,,,,,,
"[1, 60, 0]","[0, 60, 4]","[1, 52, 4]","[1, 1851, 4]","[0, 52, 5]","[0, 1500, 10]","[1, 52, 10]","[0, 1500, 10]","[1, 52, 10]","[0, 663, 10]","[1, 52, 10]","[1, 116, 17]","[1, 150, 17]","[0, 52, 17]","[1, 521, 18]","[0, 52, 18]","[0, 52, 18]","[0, 564, 19]","[1, 83, 19]","[0, 83, 20]",378.35,12,20,121,,,,,,,,
"[1, 60, 0]","[0, 60, 4]","[1, 52, 4]","[1, 1851, 5]","[0, 52, 5]","[0, 52, 5]","[0, 1500, 11]","[1, 52, 11]","[0, 1500, 11]","[1, 52, 11]","[0, 664, 11]","[1, 52, 11]","[1, 116, 18]","[1, 150, 18]","[1, 521, 18]","[0, 52, 19]","[0, 52, 19]","[0, 52, 19]","[0, 573, 20]","[1, 83, 21]",377.3,12.05,21,121,,,,,,,,
"[1, 60, 0]","[0, 60, 4]","[1, 52, 5]","[1, 1787, 5]","[0, 52, 6]","[0, 1500, 10]","[1, 52, 10]","[0, 1500, 10]","[1, 52, 10]","[0, 663, 10]","[1, 52, 10]","[1, 116, 18]","[1, 150, 18]","[1, 521, 18]","[0, 52, 18]","[0, 52, 19]","[0, 52, 19]","[0, 564, 20]","[0, 83, 20]","[1, 52, 20]",373.6,12.5,20,121,,,,,,,,
"[1, 60, 0]","[0, 60, 5]","[1, 52, 5]","[1, 1787, 5]","[0, 52, 6]","[0, 1500, 10]","[1, 52, 10]","[0, 1500, 11]","[1, 52, 11]","[0, 664, 11]","[1, 52, 11]","[1, 116, 21]","[1, 150, 21]","[1, 521, 21]","[0, 52, 22]","[0, 52, 22]","[0, 52, 22]","[0, 573, 23]","[1, 83, 24]","[0, 52, 24]",374.1,14.25,24,121,,,,,,,,
"[1, 60, 0]","[0, 60, 4]","[1, 52, 4]","[1, 1787, 5]","[0, 52, 6]","[0, 1500, 12]","[1, 52, 12]","[0, 1500, 12]","[1, 52, 12]","[0, 664, 12]","[1, 52, 12]","[1, 116, 19]","[0, 52, 19]","[1, 150, 21]","[1, 521, 21]","[0, 52, 21]","[0, 564, 21]","[1, 83, 21]","[0, 52, 21]","[0, 52, 22]",373.65,13.85,22,121,,,,,,,,
"[1, 60, 0]","[0, 60, 4]","[1, 52, 4]","[1, 1787, 5]","[0, 52, 5]","[0, 1500, 10]","[1, 52, 10]","[0, 1500, 10]","[1, 52, 10]","[0, 663, 10]","[1, 52, 10]","[1, 116, 16]","[0, 52, 17]","[0, 564, 19]","[1, 150, 26]","[1, 83, 26]","[1, 521, 27]","[0, 52, 27]","[0, 52, 27]","[0, 52, 27]",373.6,14.5,27,121,,,,,,,,
"[1, 60, 0]","[0, 60, 4]","[1, 52, 4]","[1, 1883, 5]","[0, 52, 5]","[0, 1500, 10]","[1, 52, 10]","[0, 1500, 10]","[1, 52, 10]","[0, 664, 10]","[1, 52, 10]","[1, 116, 16]","[0, 52, 17]","[0, 564, 19]","[1, 150, 19]","[1, 83, 20]","[0, 52, 21]","[0, 52, 21]","[1, 521, 21]","[0, 52, 21]",378.45,12.65,21,121,,,,,,,,
"[1, 60, 0]","[0, 60, 4]","[1, 52, 4]","[1, 1883, 4]","[0, 52, 5]","[0, 1500, 10]","[1, 52, 10]","[0, 1500, 10]","[1, 52, 10]","[0, 663, 10]","[1, 52, 10]","[1, 116, 18]","[0, 52, 19]","[0, 564, 21]","[1, 150, 26]","[1, 83, 26]","[1, 521, 26]","[0, 52, 27]","[0, 52, 27]","[0, 83, 29]",379.95,14.8,29,121,,,,,,,,
"[1, 60, 0]","[0, 60, 3]","[1, 52, 4]","[1, 1787, 4]","[0, 52, 5]","[0, 52, 5]","[0, 1500, 10]","[1, 52, 10]","[0, 1500, 10]","[1, 52, 10]","[0, 665, 10]","[1, 52, 10]","[1, 116, 17]","[0, 52, 17]","[0, 564, 19]","[1, 150, 29]","[1, 83, 29]","[1, 521, 29]","[0, 52, 30]","[0, 52, 30]",373.7,14.05,30,121,,,,,,,,
"[1, 60, 0]","[0, 60, 3]","[1, 52, 3]","[1, 1819, 4]","[0, 52, 5]","[0, 1500, 12]","[1, 52, 12]","[0, 1500, 12]","[1, 52, 12]","[0, 663, 12]","[1, 52, 12]","[1, 116, 20]","[1, 150, 21]","[1, 521, 21]","[0, 52, 21]","[0, 52, 22]","[0, 52, 22]","[0, 564, 23]","[1, 83, 23]","[0, 83, 23]",376.75,14.15,23,121,,,,,,,,
"[1, 60, 0]","[0, 60, 4]","[1, 52, 4]","[1, 1851, 5]","[0, 52, 6]","[0, 52, 6]","[0, 1500, 10]","[1, 52, 10]","[0, 1500, 10]","[1, 52, 10]","[0, 664, 10]","[1, 52, 10]","[1, 116, 16]","[0, 52, 16]","[0, 564, 18]","[1, 150, 26]","[1, 83, 26]","[1, 521, 26]","[0, 52, 27]","[0, 83, 29]",378.4,13.45,29,121,,,,,,,,
"[1, 60, 0]","[0, 60, 4]","[1, 52, 4]","[1, 1787, 5]","[0, 52, 5]","[0, 52, 5]","[0, 1500, 11]","[1, 52, 11]","[0, 1500, 11]","[1, 52, 11]","[0, 665, 11]","[1, 52, 11]","[1, 116, 21]","[1, 150, 22]","[1, 521, 22]","[0, 52, 22]","[0, 52, 22]","[0, 52, 22]","[0, 564, 24]","[0, 83, 24]",373.7,13.4,24,121,,,,,,,,
"[1, 60, 0]","[0, 60, 4]","[1, 52, 4]","[1, 1819, 4]","[0, 52, 6]","[0, 1500, 11]","[1, 52, 11]","[0, 1500, 11]","[1, 52, 11]","[0, 663, 11]","[1, 52, 11]","[1, 116, 18]","[0, 52, 18]","[0, 564, 20]","[1, 150, 31]","[1, 83, 31]","[1, 521, 31]","[0, 52, 31]","[0, 83, 33]","[0, 258, 45]",387.05,17.1,45,121,,,,,,,,
"[1, 60, 0]","[0, 60, 4]","[1, 52, 5]","[1, 1883, 5]","[0, 52, 6]","[0, 1500, 10]","[1, 52, 11]","[0, 1500, 11]","[1, 52, 11]","[0, 663, 11]","[1, 52, 11]","[1, 116, 19]","[1, 150, 20]","[0, 52, 20]","[1, 521, 20]","[0, 52, 20]","[0, 52, 21]","[0, 564, 22]","[0, 83, 22]","[1, 52, 22]",378.4,13.55,22,121,,,,,,,,
"[1, 60, 0]","[0, 60, 10]","[1, 52, 10]","[1, 1787, 11]","[0, 52, 16]","[0, 52, 16]","[0, 1500, 23]","[1, 52, 23]","[0, 1500, 23]","[1, 52, 23]","[0, 665, 23]","[1, 52, 23]","[1, 116, 30]","[1, 150, 30]","[1, 521, 31]","[0, 52, 34]","[0, 52, 34]","[0, 52, 34]","[0, 564, 39]","[0, 83, 39]",373.7,23.6,39,121,,,,,,,,
"[1, 60, 0]","[0, 60, 4]","[1, 52, 4]","[1, 1851, 5]","[0, 52, 6]","[0, 1500, 12]","[1, 52, 12]","[0, 1500, 12]","[1, 52, 12]","[0, 665, 12]","[1, 52, 12]","[1, 116, 18]","[0, 52, 18]","[0, 564, 21]","[1, 150, 25]","[1, 83, 25]","[1, 521, 25]","[0, 52, 26]","[0, 52, 26]","[0, 52, 26]",376.9,15.05,26,121,,,,,,,,
"[1, 60, 0]","[0, 60, 4]","[1, 52, 4]","[1, 1787, 4]","[0, 52, 5]","[0, 1500, 9]","[1, 52, 9]","[0, 1500, 10]","[1, 52, 10]","[0, 664, 10]","[1, 52, 10]","[1, 116, 17]","[1, 150, 18]","[1, 521, 18]","[0, 52, 19]","[0, 52, 19]","[0, 573, 20]","[1, 83, 21]","[0, 52, 21]","[0, 304, 29]",386.7,12.85,29,121,,,,,,,,
"[1, 60, 0]","[0, 60, 5]","[1, 52, 5]","[1, 1787, 5]","[0, 52, 7]","[0, 52, 7]","[0, 1500, 11]","[1, 52, 11]","[0, 1500, 11]","[1, 52, 11]","[0, 663, 11]","[1, 52, 11]","[1, 116, 17]","[0, 52, 18]","[0, 564, 20]","[1, 150, 21]","[1, 83, 22]","[1, 521, 22]","[0, 52, 22]","[0, 52, 22]",373.6,12.95,22,121,,,,,,,,
"[1, 60, 0]","[0, 60, 4]","[1, 52, 4]","[1, 1819, 5]","[0, 52, 6]","[0, 1500, 11]","[1, 52, 11]","[0, 1500, 12]","[1, 52, 12]","[0, 665, 12]","[1, 52, 12]","[1, 116, 18]","[0, 52, 19]","[0, 564, 21]","[1, 150, 22]","[1, 83, 22]","[1, 521, 22]","[0, 52, 22]","[0, 52, 22]","[0, 52, 22]",375.3,13.95,22,121,,,,,,,,
"[1, 60, 0]","[0, 60, 4]","[1, 52, 4]","[1, 1787, 4]","[0, 52, 5]","[0, 52, 5]","[0, 1500, 9]","[1, 52, 9]","[0, 1500, 9]","[1, 52, 9]","[0, 664, 9]","[1, 52, 9]","[1, 116, 16]","[0, 52, 17]","[0, 564, 18]","[1, 150, 20]","[1, 83, 21]","[1, 521, 21]","[0, 52, 21]","[0, 52, 21]",373.65,11.55,21,121,,,,,,,,
"[1, 60, 0]","[0, 60, 3]","[1, 52, 3]","[1, 1787, 4]","[0, 52, 4]","[0, 1500, 9]","[1, 52, 9]","[0, 1500, 9]","[1, 52, 9]","[0, 663, 9]","[1, 52, 9]","[1, 116, 15]","[0, 52, 16]","[0, 564, 17]","[1, 150, 20]","[1, 83, 20]","[1, 521, 20]","[0, 52, 20]","[0, 52, 21]","[0, 52, 21]",373.6,11.9,21,121,,,,,,,,
"[1, 60, 0]","[0, 60, 4]","[1, 52, 5]","[1, 1883, 5]","[0, 52, 6]","[0, 52, 6]","[0, 1500, 10]","[1, 52, 10]","[0, 1500, 10]","[1, 52, 10]","[0, 664, 10]","[1, 52, 10]","[1, 116, 18]","[0, 52, 19]","[1, 150, 21]","[1, 521, 21]","[0, 564, 22]","[1, 83, 22]","[0, 52, 22]","[0, 52, 22]",378.45,12.65,22,121,,,,,,,,
"[1, 60, 0]","[0, 60, 4]","[1, 52, 4]","[1, 1851, 5]","[0, 52, 5]","[0, 1500, 9]","[1, 52, 9]","[0, 1500, 10]","[1, 52, 10]","[0, 664, 10]","[1, 52, 10]","[1, 116, 19]","[1, 150, 20]","[1, 521, 20]","[0, 52, 20]","[0, 52, 20]","[0, 564, 22]","[0, 83, 22]","[1, 52, 22]","[1, 83, 22]",378.4,13.15,22,121,,,,,,,,
"[1, 60, 0]","[0, 60, 3]","[1, 52, 4]","[1, 1851, 4]","[0, 52, 5]","[0, 1500, 9]","[1, 52, 9]","[0, 1500, 9]","[1, 52, 9]","[0, 665, 9]","[1, 52, 9]","[1, 116, 16]","[0, 52, 16]","[0, 564, 18]","[1, 150, 27]","[1, 83, 27]","[1, 521, 27]","[0, 52, 27]","[0, 52, 28]","[0, 83, 29]",378.45,14.25,29,121,,,,,,,,
"[1, 60, 0]","[0, 60, 5]","[1, 52, 5]","[1, 1851, 6]","[0, 52, 6]","[0, 52, 7]","[0, 1500, 10]","[1, 52, 10]","[0, 1500, 11]","[1, 52, 11]","[0, 665, 11]","[1, 52, 11]","[1, 116, 17]","[0, 52, 18]","[1, 150, 19]","[1, 521, 19]","[0, 564, 20]","[0, 52, 20]","[1, 83, 20]","[0, 52, 21]",376.9,12.35,21,121,,,,,,,,
"[1, 60, 0]","[0, 60, 4]","[1, 52, 4]","[1, 1819, 5]","[0, 52, 5]","[0, 1500, 12]","[1, 52, 12]","[0, 1500, 12]","[1, 52, 12]","[0, 665, 12]","[1, 52, 12]","[1, 116, 20]","[0, 52, 20]","[0, 564, 22]","[1, 150, 25]","[1, 83, 25]","[1, 521, 25]","[0, 52, 25]","[0, 52, 25]","[0, 52, 25]",375.3,15.1,25,121,,,,,,,,
"[1, 60, 0]","[0, 60, 4]","[1, 52, 4]","[1, 1851, 5]","[0, 52, 6]","[0, 1500, 11]","[1, 52, 11]","[0, 1500, 11]","[1, 52, 11]","[0, 664, 11]","[1, 52, 11]","[1, 116, 17]","[0, 52, 18]","[0, 564, 20]","[1, 150, 21]","[1, 83, 21]","[1, 521, 21]","[0, 52, 22]","[0, 52, 22]","[0, 52, 22]",376.85,13.45,22,121,,,,,,,,
"[1, 60, 0]","[0, 60, 4]","[1, 52, 4]","[1, 1787, 4]","[0, 52, 5]","[0, 1500, 10]","[1, 52, 10]","[0, 1500, 11]","[1, 52, 11]","[0, 664, 11]","[1, 52, 11]","[1, 116, 17]","[0, 52, 17]","[0, 564, 19]","[1, 150, 22]","[1, 83, 22]","[1, 521, 22]","[0, 52, 23]","[0, 52, 23]","[0, 83, 26]",375.2,13.6,26,121,,,,,,,,
"[1, 60, 0]","[0, 60, 4]","[1, 52, 4]","[1, 1819, 4]","[0, 52, 5]","[0, 52, 5]","[0, 1500, 9]","[1, 52, 9]","[0, 1500, 9]","[1, 52, 9]","[0, 664, 9]","[1, 52, 9]","[1, 116, 15]","[0, 52, 16]","[0, 564, 18]","[1, 150, 20]","[1, 83, 21]","[1, 521, 21]","[0, 52, 21]","[0, 52, 21]",375.25,11.45,21,121,,,,,,,,
"[1, 60, 0]","[0, 60, 4]","[1, 52, 4]","[1, 1851, 5]","[0, 52, 6]","[0, 1500, 10]","[1, 52, 10]","[0, 1500, 10]","[1, 52, 10]","[0, 665, 10]","[1, 52, 10]","[1, 116, 16]","[1, 150, 16]","[0, 52, 16]","[1, 521, 17]","[0, 52, 17]","[0, 52, 17]","[0, 564, 18]","[0, 83, 18]","[1, 52, 19]",376.9,11.65,19,121,,,,,,,,
"[1, 60, 0]","[0, 60, 3]","[1, 52, 4]","[1, 1883, 4]","[0, 52, 5]","[0, 52, 5]","[0, 1500, 10]","[1, 52, 10]","[0, 1500, 10]","[1, 52, 10]","[0, 663, 10]","[1, 52, 10]","[1, 116, 16]","[0, 52, 17]","[0, 564, 19]","[1, 150, 27]","[1, 83, 27]","[1, 521, 27]","[0, 52, 27]","[0, 52, 28]",378.4,13.45,28,121,,,,,,,,
"[1, 60, 0]","[0, 60, 4]","[1, 52, 4]","[1, 1883, 5]","[0, 52, 6]","[0, 1500, 9]","[1, 52, 10]","[0, 1500, 10]","[1, 52, 10]","[0, 665, 10]","[1, 52, 10]","[1, 116, 16]","[0, 52, 17]","[1, 150, 19]","[0, 564, 19]","[1, 521, 19]","[1, 83, 19]","[0, 52, 19]","[0, 52, 19]","[0, 52, 19]",378.5,12.2,19,121,,,,,,,,
"[1, 60, 0]","[0, 60, 4]","[1, 52, 4]","[1, 1883, 5]","[0, 52, 6]","[0, 1500, 10]","[1, 52, 10]","[0, 1500, 10]","[1, 52, 10]","[0, 665, 10]","[1, 52, 10]","[1, 116, 16]","[1, 150, 17]","[1, 521, 17]","[0, 52, 17]","[0, 52, 17]","[0, 52, 18]","[0, 595, 19]","[1, 83, 19]","[0, 52, 20]",380.05,11.95,20,121,,,,,,,,
"[1, 60, 0]","[0, 60, 4]","[1, 52, 4]","[1, 1851, 5]","[0, 52, 5]","[0, 52, 5]","[0, 1500, 11]","[1, 52, 12]","[0, 1500, 12]","[1, 52, 12]","[0, 664, 12]","[1, 52, 12]","[1, 116, 17]","[1, 150, 17]","[1, 521, 17]","[0, 52, 18]","[0, 52, 18]","[0, 52, 18]","[0, 564, 19]","[0, 83, 19]",376.85,11.85,19,121,,,,,,,,
"[1, 60, 0]","[0, 60, 4]","[1, 52, 4]","[1, 1851, 4]","[0, 52, 5]","[0, 52, 5]","[0, 1500, 9]","[1, 52, 9]","[0, 1500, 9]","[1, 52, 9]","[0, 665, 9]","[1, 52, 9]","[1, 116, 17]","[0, 52, 17]","[0, 564, 19]","[1, 150, 19]","[1, 83, 20]","[1, 521, 20]","[0, 52, 20]","[0, 52, 20]",376.9,11.4,20,121,,,,,,,,
"[1, 60, 0]","[0, 60, 7]","[1, 52, 8]","[1, 1819, 8]","[0, 52, 10]","[0, 52, 10]","[0, 1500, 14]","[1, 52, 14]","[0, 1500, 14]","[1, 52, 14]","[0, 664, 14]","[1, 52, 14]","[1, 116, 20]","[1, 150, 20]","[1, 521, 21]","[0, 52, 22]","[0, 573, 24]","[1, 83, 24]","[0, 52, 24]","[0, 304, 32]",388.3,15.7,32,121,,,,,,,,
"[1, 60, 0]","[0, 60, 4]","[1, 52, 4]","[1, 1883, 5]","[0, 52, 5]","[0, 52, 5]","[0, 1500, 11]","[1, 52, 11]","[0, 1500, 11]","[1, 52, 11]","[0, 663, 11]","[1, 52, 11]","[1, 116, 19]","[1, 150, 19]","[1, 521, 19]","[0, 52, 20]","[0, 52, 20]","[0, 52, 20]","[0, 564, 22]","[0, 83, 22]",378.4,12.5,22,121,,,,,,,,
"[1, 60, 0]","[0, 60, 17]","[1, 52, 18]","[1, 1819, 18]","[0, 52, 24]","[0, 52, 24]","[0, 1500, 32]","[1, 52, 32]","[0, 1500, 32]","[1, 52, 32]","[0, 664, 32]","[1, 52, 32]","[1, 116, 40]","[1, 150, 41]","[1, 521, 42]","[0, 52, 48]","[0, 52, 53]","[0, 52, 53]","[0, 564, 53]","[1, 83, 53]",375.25,33.8,53,121,,,,,,,,
"[1, 60, 0]","[0, 60, 5]","[1, 52, 5]","[1, 1851, 5]","[0, 52, 6]","[0, 1500, 10]","[1, 52, 10]","[0, 1500, 10]","[1, 52, 10]","[0, 664, 10]","[1, 52, 10]","[1, 116, 16]","[0, 52, 17]","[0, 564, 18]","[1, 150, 28]","[1, 83, 28]","[1, 521, 28]","[0, 52, 29]","[0, 52, 29]","[0, 52, 29]",376.85,15.15,29,121,,,,,,,,
"[1, 60, 0]","[0, 60, 4]","[1, 52, 4]","[1, 1787, 4]","[0, 52, 5]","[0, 1500, 10]","[1, 52, 10]","[0, 1500, 10]","[1, 52, 10]","[0, 664, 10]","[1, 52, 10]","[1, 116, 16]","[0, 52, 16]","[0, 564, 18]","[1, 150, 25]","[1, 83, 25]","[1, 521, 26]","[0, 52, 26]","[0, 52, 26]","[0, 52, 26]",373.65,14.05,26,121,,,,,,,,
"[1, 60, 0]","[0, 60, 4]","[1, 52, 4]","[1, 1787, 4]","[0, 52, 6]","[0, 1500, 11]","[1, 52, 11]","[0, 1500, 11]","[1, 52, 11]","[0, 665, 11]","[1, 52, 11]","[1, 116, 19]","[0, 52, 19]","[0, 564, 21]","[1, 150, 29]","[1, 83, 30]","[1, 521, 30]","[0, 52, 30]","[0, 52, 30]","[0, 52, 30]",373.7,16.1,30,121,,,,,,,,
"[1, 60, 0]","[0, 60, 4]","[1, 52, 4]","[1, 1819, 5]","[0, 52, 6]","[0, 1500, 10]","[1, 52, 10]","[0, 1500, 10]","[1, 52, 10]","[0, 664, 10]","[1, 52, 10]","[1, 116, 17]","[1, 150, 18]","[1, 521, 18]","[0, 52, 18]","[0, 52, 18]","[0, 52, 18]","[0, 573, 20]","[1, 83, 20]","[0, 52, 21]",375.7,12.35,21,121,,,,,,,,
