0,1,2,3,4,5,6,7,8,9,10,11,12,13,14,label
"[1, 60, 0]","[0, 60, 4]","[1, 52, 4]","[1, 1787, 5]","[0, 52, 5]","[0, 52, 5]","[0, 1500, 10]","[1, 52, 10]","[0, 1500, 11]","[1, 52, 11]","[0, 663, 11]","[1, 52, 11]","[1, 116, 19]","[1, 150, 19]","[1, 521, 19]",121
"[1, 60, 0]","[0, 60, 3]","[1, 52, 4]","[1, 1787, 4]","[0, 52, 5]","[0, 52, 5]","[0, 1500, 10]","[1, 52, 10]","[0, 1500, 10]","[1, 52, 10]","[0, 665, 10]","[1, 52, 10]","[1, 116, 17]","[0, 52, 17]","[0, 564, 19]",121
"[1, 60, 0]","[0, 60, 3]","[1, 52, 3]","[1, 1787, 4]","[0, 52, 4]","[0, 52, 4]","[0, 1500, 9]","[1, 52, 9]","[0, 1500, 9]","[1, 52, 9]","[0, 663, 9]","[1, 52, 9]","[1, 116, 17]","[0, 52, 17]","[0, 564, 19]",121
"[1, 60, 0]","[0, 60, 4]","[1, 52, 4]","[1, 1851, 4]","[0, 52, 5]","[0, 1500, 10]","[1, 52, 10]","[0, 1500, 10]","[1, 52, 10]","[0, 665, 10]","[1, 52, 10]","[1, 116, 19]","[1, 150, 20]","[1, 521, 20]","[0, 52, 20]",121
"[1, 60, 0]","[0, 60, 3]","[1, 52, 3]","[1, 1851, 4]","[0, 52, 5]","[0, 52, 5]","[0, 1500, 9]","[1, 52, 9]","[0, 1500, 9]","[1, 52, 9]","[0, 663, 9]","[1, 52, 9]","[1, 116, 22]","[1, 150, 22]","[1, 521, 23]",121
"[1, 60, 0]","[0, 60, 4]","[1, 52, 5]","[1, 1787, 5]","[0, 52, 6]","[0, 1500, 10]","[1, 52, 10]","[0, 1500, 10]","[1, 52, 10]","[0, 663, 10]","[1, 52, 10]","[1, 116, 18]","[1, 150, 18]","[1, 521, 18]","[0, 52, 18]",121
"[1, 60, 0]","[0, 60, 4]","[1, 52, 4]","[1, 1787, 5]","[0, 52, 5]","[0, 52, 5]","[0, 1500, 11]","[1, 52, 11]","[0, 1500, 11]","[1, 52, 11]","[0, 665, 11]","[1, 52, 11]","[1, 116, 21]","[1, 150, 22]","[1, 521, 22]",121
"[1, 60, 0]","[0, 60, 13]","[1, 52, 13]","[1, 1787, 14]","[0, 52, 17]","[0, 52, 18]","[0, 1500, 24]","[1, 52, 24]","[0, 1500, 24]","[1, 52, 24]","[0, 664, 24]","[1, 52, 24]","[1, 116, 34]","[1, 150, 34]","[1, 521, 35]",121
"[1, 60, 0]","[0, 60, 4]","[1, 52, 4]","[1, 1851, 5]","[0, 52, 5]","[0, 1500, 9]","[1, 52, 9]","[0, 1500, 9]","[1, 52, 9]","[0, 663, 9]","[1, 52, 9]","[1, 116, 16]","[1, 150, 16]","[1, 521, 17]","[0, 52, 17]",121
"[1, 60, 0]","[0, 60, 4]","[1, 52, 4]","[1, 1883, 5]","[0, 52, 6]","[0, 52, 6]","[0, 1500, 11]","[1, 52, 11]","[0, 1500, 11]","[1, 52, 11]","[0, 664, 11]","[1, 52, 11]","[1, 116, 18]","[0, 52, 19]","[0, 564, 20]",121
"[1, 60, 0]","[0, 60, 3]","[1, 52, 3]","[1, 1787, 4]","[0, 52, 4]","[0, 1500, 9]","[1, 52, 9]","[0, 1500, 9]","[1, 52, 9]","[0, 663, 9]","[1, 52, 9]","[1, 116, 15]","[0, 52, 16]","[0, 564, 17]","[1, 150, 20]",121
"[1, 60, 0]","[0, 60, 4]","[1, 52, 4]","[1, 1787, 5]","[0, 52, 5]","[0, 1500, 10]","[1, 52, 10]","[0, 1500, 10]","[1, 52, 10]","[0, 663, 10]","[1, 52, 10]","[1, 116, 16]","[0, 52, 17]","[0, 564, 19]","[1, 150, 26]",121
"[1, 60, 0]","[0, 60, 5]","[1, 52, 5]","[1, 1787, 5]","[0, 52, 6]","[0, 1500, 10]","[1, 52, 10]","[0, 1500, 10]","[1, 52, 10]","[0, 664, 10]","[1, 52, 10]","[1, 116, 17]","[1, 150, 17]","[0, 52, 17]","[1, 521, 18]",121
"[1, 60, 0]","[0, 60, 4]","[1, 52, 4]","[1, 1883, 5]","[0, 52, 5]","[0, 1500, 10]","[1, 52, 10]","[0, 1500, 10]","[1, 52, 10]","[0, 664, 10]","[1, 52, 10]","[1, 116, 16]","[0, 52, 17]","[0, 564, 19]","[1, 150, 19]",121
"[1, 60, 0]","[0, 60, 4]","[1, 52, 4]","[1, 1851, 5]","[0, 52, 5]","[0, 52, 5]","[0, 1500, 21]","[1, 52, 21]","[0, 1500, 21]","[1, 52, 21]","[0, 663, 21]","[1, 52, 21]","[1, 116, 28]","[0, 52, 28]","[0, 564, 30]",121
"[1, 60, 0]","[0, 60, 5]","[1, 52, 5]","[1, 1883, 5]","[0, 52, 6]","[0, 1500, 11]","[1, 52, 11]","[0, 1500, 11]","[1, 52, 11]","[0, 664, 11]","[1, 52, 11]","[1, 116, 18]","[0, 52, 19]","[0, 564, 20]","[1, 150, 31]",121
"[1, 60, 0]","[0, 60, 3]","[1, 52, 4]","[1, 1819, 4]","[0, 52, 5]","[0, 1500, 10]","[1, 52, 10]","[0, 1500, 10]","[1, 52, 10]","[0, 664, 11]","[1, 52, 11]","[1, 116, 17]","[0, 52, 18]","[1, 150, 18]","[1, 521, 18]",121
"[1, 60, 0]","[0, 60, 4]","[1, 52, 4]","[1, 1819, 4]","[0, 52, 5]","[0, 52, 5]","[0, 1500, 9]","[1, 52, 9]","[0, 1500, 9]","[1, 52, 9]","[0, 664, 9]","[1, 52, 9]","[1, 116, 15]","[0, 52, 16]","[0, 564, 18]",121
"[1, 60, 0]","[0, 60, 4]","[1, 52, 4]","[1, 1851, 4]","[0, 52, 5]","[0, 1500, 10]","[1, 52, 10]","[0, 1500, 10]","[1, 52, 10]","[0, 663, 10]","[1, 52, 10]","[1, 116, 17]","[1, 150, 17]","[0, 52, 17]","[1, 521, 18]",121
"[1, 60, 0]","[0, 60, 4]","[1, 52, 4]","[1, 1787, 5]","[0, 52, 6]","[0, 1500, 12]","[1, 52, 12]","[0, 1500, 12]","[1, 52, 12]","[0, 664, 12]","[1, 52, 12]","[1, 116, 19]","[0, 52, 19]","[1, 150, 21]","[1, 521, 21]",121
"[1, 60, 0]","[0, 60, 4]","[1, 52, 4]","[1, 1883, 4]","[0, 52, 5]","[0, 1500, 10]","[1, 52, 10]","[0, 1500, 10]","[1, 52, 10]","[0, 663, 10]","[1, 52, 10]","[1, 116, 18]","[0, 52, 19]","[0, 564, 21]","[1, 150, 26]",121
"[1, 60, 0]","[0, 60, 7]","[1, 52, 8]","[1, 1819, 8]","[0, 52, 10]","[0, 52, 10]","[0, 1500, 14]","[1, 52, 14]","[0, 1500, 14]","[1, 52, 14]","[0, 664, 14]","[1, 52, 14]","[1, 116, 20]","[1, 150, 20]","[1, 521, 21]",121
"[1, 60, 0]","[0, 60, 4]","[1, 52, 4]","[1, 1819, 5]","[0, 52, 6]","[0, 52, 6]","[0, 1500, 12]","[1, 52, 12]","[0, 1500, 12]","[1, 52, 12]","[0, 665, 12]","[1, 52, 12]","[1, 116, 19]","[0, 52, 20]","[0, 564, 22]",121
"[1, 60, 0]","[0, 60, 5]","[1, 52, 5]","[1, 1883, 5]","[0, 52, 6]","[0, 52, 6]","[0, 1500, 10]","[1, 52, 10]","[0, 1500, 10]","[1, 52, 10]","[0, 664, 10]","[1, 52, 10]","[1, 116, 19]","[1, 150, 19]","[1, 521, 19]",121
"[1, 60, 0]","[0, 60, 3]","[1, 52, 3]","[1, 1819, 4]","[0, 52, 5]","[0, 1500, 9]","[1, 52, 9]","[0, 1500, 9]","[1, 52, 9]","[0, 664, 9]","[1, 52, 9]","[1, 116, 17]","[0, 52, 18]","[0, 564, 19]","[1, 150, 30]",121
"[1, 60, 0]","[0, 60, 4]","[1, 52, 4]","[1, 1883, 4]","[0, 52, 5]","[0, 52, 5]","[0, 1500, 9]","[1, 52, 9]","[0, 1500, 9]","[1, 52, 9]","[0, 665, 9]","[1, 52, 9]","[1, 116, 14]","[0, 52, 15]","[0, 564, 17]",121
"[1, 60, 0]","[0, 60, 5]","[1, 52, 6]","[1, 1819, 6]","[0, 52, 7]","[0, 1500, 11]","[1, 52, 11]","[0, 1500, 11]","[1, 52, 11]","[0, 665, 11]","[1, 52, 11]","[1, 116, 19]","[1, 150, 19]","[1, 521, 20]","[0, 52, 20]",121
"[1, 60, 0]","[0, 60, 4]","[1, 52, 4]","[1, 1787, 4]","[0, 52, 5]","[0, 1500, 10]","[1, 52, 10]","[0, 1500, 11]","[1, 52, 11]","[0, 664, 11]","[1, 52, 11]","[1, 116, 17]","[0, 52, 17]","[0, 564, 19]","[1, 150, 22]",121
"[1, 60, 0]","[0, 60, 4]","[1, 52, 4]","[1, 1851, 5]","[0, 52, 5]","[0, 1500, 9]","[1, 52, 9]","[0, 1500, 10]","[1, 52, 10]","[0, 664, 10]","[1, 52, 10]","[1, 116, 19]","[1, 150, 20]","[1, 521, 20]","[0, 52, 20]",121
"[1, 60, 0]","[0, 60, 5]","[1, 52, 5]","[1, 1883, 5]","[0, 52, 7]","[0, 1500, 10]","[1, 52, 10]","[0, 1500, 10]","[1, 52, 10]","[0, 665, 10]","[1, 52, 10]","[1, 116, 18]","[1, 150, 18]","[1, 521, 18]","[0, 52, 19]",121
"[1, 60, 0]","[0, 60, 4]","[1, 52, 4]","[1, 1787, 5]","[0, 52, 6]","[0, 1500, 10]","[1, 52, 10]","[0, 1500, 10]","[1, 52, 10]","[0, 664, 10]","[1, 52, 10]","[1, 116, 20]","[0, 52, 20]","[0, 564, 22]","[1, 150, 24]",121
"[1, 60, 0]","[0, 60, 4]","[1, 52, 4]","[1, 1851, 5]","[0, 52, 6]","[0, 1500, 11]","[1, 52, 11]","[0, 1500, 11]","[1, 52, 11]","[0, 663, 11]","[1, 52, 11]","[1, 116, 18]","[1, 150, 18]","[1, 521, 19]","[0, 52, 19]",121
"[1, 60, 0]","[0, 60, 5]","[1, 52, 5]","[1, 1851, 5]","[0, 52, 6]","[0, 1500, 10]","[1, 52, 10]","[0, 1500, 10]","[1, 52, 10]","[0, 664, 10]","[1, 52, 10]","[1, 116, 16]","[0, 52, 17]","[0, 564, 18]","[1, 150, 28]",121
"[1, 60, 0]","[0, 60, 4]","[1, 52, 4]","[1, 1851, 5]","[0, 52, 6]","[0, 1500, 11]","[1, 52, 11]","[0, 1500, 11]","[1, 52, 11]","[0, 664, 11]","[1, 52, 11]","[1, 116, 17]","[1, 150, 18]","[0, 52, 18]","[1, 521, 18]",121
"[1, 60, 0]","[0, 60, 4]","[1, 52, 4]","[1, 1819, 5]","[0, 52, 5]","[0, 1500, 11]","[1, 52, 11]","[0, 1500, 11]","[1, 52, 11]","[0, 665, 11]","[1, 52, 11]","[1, 116, 16]","[0, 52, 17]","[1, 150, 18]","[1, 521, 19]",121
"[1, 60, 0]","[0, 60, 4]","[1, 52, 4]","[1, 1851, 5]","[0, 52, 5]","[0, 1500, 10]","[1, 52, 10]","[0, 1500, 11]","[1, 52, 11]","[0, 664, 11]","[1, 52, 11]","[1, 116, 16]","[1, 150, 17]","[1, 521, 17]","[0, 52, 17]",121
"[1, 60, 0]","[0, 60, 4]","[1, 52, 4]","[1, 1819, 5]","[0, 52, 6]","[0, 1500, 10]","[1, 52, 10]","[0, 1500, 10]","[1, 52, 10]","[0, 664, 10]","[1, 52, 10]","[1, 116, 17]","[1, 150, 18]","[1, 521, 18]","[0, 52, 18]",121
"[1, 60, 0]","[0, 60, 4]","[1, 52, 4]","[1, 1851, 5]","[0, 52, 5]","[0, 52, 5]","[0, 1500, 11]","[1, 52, 11]","[0, 1500, 11]","[1, 52, 11]","[0, 664, 11]","[1, 52, 11]","[1, 116, 18]","[1, 150, 18]","[1, 521, 18]",121
"[1, 60, 0]","[0, 60, 4]","[1, 52, 4]","[1, 1787, 4]","[0, 52, 5]","[0, 1500, 10]","[1, 52, 10]","[0, 1500, 10]","[1, 52, 10]","[0, 664, 10]","[1, 52, 10]","[1, 116, 16]","[0, 52, 16]","[0, 564, 18]","[1, 150, 25]",121
"[1, 60, 0]","[0, 60, 10]","[1, 52, 10]","[1, 1787, 11]","[0, 52, 16]","[0, 52, 16]","[0, 1500, 23]","[1, 52, 23]","[0, 1500, 23]","[1, 52, 23]","[0, 665, 23]","[1, 52, 23]","[1, 116, 30]","[1, 150, 30]","[1, 521, 31]",121
"[1, 60, 0]","[0, 60, 55]","[1, 52, 55]","[1, 1851, 56]","[0, 52, 59]","[0, 52, 59]","[0, 1500, 67]","[1, 52, 67]","[0, 1500, 67]","[1, 52, 67]","[0, 665, 67]","[1, 52, 67]","[1, 116, 77]","[1, 150, 78]","[1, 521, 78]",121
"[1, 60, 0]","[0, 60, 5]","[1, 52, 5]","[1, 1851, 5]","[0, 52, 6]","[0, 1500, 10]","[1, 52, 10]","[0, 1500, 10]","[1, 52, 10]","[0, 664, 10]","[1, 52, 10]","[1, 116, 16]","[0, 52, 17]","[0, 564, 19]","[1, 150, 20]",121
"[1, 60, 0]","[0, 60, 4]","[1, 52, 4]","[1, 1883, 4]","[0, 52, 5]","[0, 1500, 9]","[1, 52, 9]","[0, 1500, 9]","[1, 52, 9]","[0, 663, 9]","[1, 52, 9]","[1, 116, 16]","[0, 52, 16]","[0, 564, 18]","[1, 150, 18]",121
"[1, 60, 0]","[0, 60, 3]","[1, 52, 3]","[1, 1819, 4]","[0, 52, 5]","[0, 52, 5]","[0, 1500, 9]","[1, 52, 10]","[0, 1500, 10]","[1, 52, 10]","[0, 664, 10]","[1, 52, 10]","[1, 116, 15]","[1, 150, 16]","[1, 521, 16]",121
"[1, 60, 0]","[0, 60, 4]","[1, 52, 4]","[1, 1819, 5]","[0, 52, 6]","[0, 1500, 11]","[1, 52, 11]","[0, 1500, 12]","[1, 52, 12]","[0, 665, 12]","[1, 52, 12]","[1, 116, 18]","[0, 52, 19]","[0, 564, 21]","[1, 150, 22]",121
"[1, 60, 0]","[0, 60, 5]","[1, 52, 5]","[1, 1819, 5]","[0, 52, 6]","[0, 52, 8]","[0, 1500, 12]","[1, 52, 12]","[0, 1500, 12]","[1, 52, 12]","[0, 665, 12]","[1, 52, 12]","[1, 116, 18]","[0, 52, 19]","[0, 564, 20]",121
"[1, 60, 0]","[0, 60, 4]","[1, 52, 4]","[1, 1851, 5]","[0, 52, 5]","[0, 1500, 11]","[1, 52, 11]","[0, 1500, 11]","[1, 52, 11]","[0, 663, 11]","[1, 52, 11]","[1, 116, 17]","[0, 52, 18]","[0, 564, 19]","[1, 150, 24]",121
"[1, 60, 0]","[0, 60, 4]","[1, 52, 4]","[1, 1851, 5]","[0, 52, 6]","[0, 52, 6]","[0, 1500, 10]","[1, 52, 10]","[0, 1500, 10]","[1, 52, 10]","[0, 664, 10]","[1, 52, 10]","[1, 116, 16]","[0, 52, 16]","[0, 564, 18]",121
"[1, 60, 0]","[0, 60, 4]","[1, 52, 5]","[1, 1883, 5]","[0, 52, 6]","[0, 1500, 10]","[1, 52, 11]","[0, 1500, 11]","[1, 52, 11]","[0, 663, 11]","[1, 52, 11]","[1, 116, 19]","[1, 150, 20]","[0, 52, 20]","[1, 521, 20]",121
"[1, 60, 0]","[0, 60, 5]","[1, 52, 5]","[1, 1787, 5]","[0, 52, 6]","[0, 1500, 10]","[1, 52, 10]","[0, 1500, 11]","[1, 52, 11]","[0, 664, 11]","[1, 52, 11]","[1, 116, 21]","[1, 150, 21]","[1, 521, 21]","[0, 52, 22]",121
"[1, 60, 0]","[0, 60, 4]","[1, 52, 4]","[1, 1883, 5]","[0, 52, 5]","[0, 52, 5]","[0, 1500, 11]","[1, 52, 11]","[0, 1500, 11]","[1, 52, 11]","[0, 663, 11]","[1, 52, 11]","[1, 116, 19]","[1, 150, 19]","[1, 521, 19]",121
"[1, 60, 0]","[0, 60, 4]","[1, 52, 4]","[1, 1851, 5]","[0, 52, 5]","[0, 52, 5]","[0, 1500, 9]","[1, 52, 9]","[0, 1500, 9]","[1, 52, 9]","[0, 665, 9]","[1, 52, 9]","[1, 116, 15]","[1, 150, 15]","[1, 521, 15]",121
"[1, 60, 0]","[0, 60, 4]","[1, 52, 4]","[1, 1787, 5]","[0, 52, 6]","[0, 1500, 10]","[1, 52, 10]","[0, 1500, 10]","[1, 52, 10]","[0, 663, 10]","[1, 52, 10]","[1, 116, 15]","[1, 150, 16]","[1, 521, 16]","[0, 52, 17]",121
"[1, 60, 0]","[0, 60, 4]","[1, 52, 4]","[1, 1883, 5]","[0, 52, 6]","[0, 1500, 12]","[1, 52, 12]","[0, 1500, 12]","[1, 52, 12]","[0, 665, 12]","[1, 52, 12]","[1, 116, 18]","[0, 52, 20]","[0, 564, 21]","[1, 150, 22]",121
"[1, 60, 0]","[0, 60, 17]","[1, 52, 17]","[1, 1883, 17]","[0, 52, 22]","[0, 52, 22]","[0, 1500, 28]","[1, 52, 28]","[0, 1500, 28]","[1, 52, 28]","[0, 663, 28]","[1, 52, 28]","[1, 116, 36]","[1, 150, 37]","[1, 521, 37]",121
"[1, 60, 0]","[0, 60, 4]","[1, 52, 4]","[1, 1851, 5]","[0, 52, 6]","[0, 1500, 12]","[1, 52, 12]","[0, 1500, 12]","[1, 52, 12]","[0, 665, 12]","[1, 52, 12]","[1, 116, 18]","[0, 52, 18]","[0, 564, 21]","[1, 150, 25]",121
"[1, 60, 0]","[0, 60, 4]","[1, 52, 4]","[1, 1787, 5]","[0, 52, 6]","[0, 1500, 11]","[1, 52, 11]","[0, 1500, 11]","[1, 52, 11]","[0, 664, 11]","[1, 52, 11]","[1, 116, 17]","[1, 150, 18]","[1, 521, 18]","[0, 52, 18]",121
"[1, 60, 0]","[0, 60, 4]","[1, 52, 4]","[1, 1819, 4]","[0, 52, 5]","[0, 1500, 9]","[1, 52, 9]","[0, 1500, 9]","[1, 52, 9]","[0, 664, 9]","[1, 52, 9]","[1, 116, 17]","[1, 150, 18]","[1, 521, 18]","[0, 52, 18]",121
"[1, 60, 0]","[0, 60, 3]","[1, 52, 4]","[1, 1851, 4]","[0, 52, 5]","[0, 1500, 9]","[1, 52, 9]","[0, 1500, 9]","[1, 52, 9]","[0, 663, 9]","[1, 52, 9]","[1, 116, 15]","[1, 150, 15]","[1, 521, 16]","[0, 52, 16]",121
"[1, 60, 0]","[0, 60, 3]","[1, 52, 3]","[1, 1819, 4]","[0, 52, 5]","[0, 1500, 12]","[1, 52, 12]","[0, 1500, 12]","[1, 52, 12]","[0, 663, 12]","[1, 52, 12]","[1, 116, 20]","[1, 150, 21]","[1, 521, 21]","[0, 52, 21]",121
"[1, 60, 0]","[0, 60, 4]","[1, 52, 4]","[1, 1787, 4]","[0, 52, 5]","[0, 1500, 9]","[1, 52, 9]","[0, 1500, 10]","[1, 52, 10]","[0, 664, 10]","[1, 52, 10]","[1, 116, 17]","[1, 150, 18]","[1, 521, 18]","[0, 52, 19]",121
"[1, 60, 0]","[0, 60, 4]","[1, 52, 4]","[1, 1851, 4]","[0, 52, 5]","[0, 1500, 11]","[1, 52, 11]","[0, 1500, 11]","[1, 52, 11]","[0, 664, 12]","[1, 52, 12]","[1, 116, 18]","[1, 150, 19]","[1, 521, 19]","[0, 52, 20]",121
"[1, 60, 0]","[0, 60, 4]","[1, 52, 4]","[1, 1883, 5]","[0, 52, 5]","[0, 1500, 9]","[1, 52, 9]","[0, 1500, 9]","[1, 52, 9]","[0, 665, 9]","[1, 52, 10]","[1, 116, 16]","[1, 150, 17]","[1, 521, 17]","[0, 52, 17]",121
"[1, 60, 0]","[0, 60, 3]","[1, 52, 3]","[1, 1851, 3]","[0, 52, 4]","[0, 52, 5]","[0, 1500, 11]","[1, 52, 11]","[0, 1500, 11]","[1, 52, 11]","[0, 664, 11]","[1, 52, 11]","[1, 116, 16]","[1, 150, 17]","[1, 521, 17]",121
"[1, 60, 0]","[0, 60, 3]","[1, 52, 3]","[1, 1819, 4]","[0, 52, 4]","[0, 52, 5]","[0, 1500, 8]","[1, 52, 8]","[0, 1500, 8]","[0, 664, 8]","[1, 52, 8]","[1, 52, 8]","[1, 116, 15]","[1, 150, 16]","[1, 521, 16]",121
"[1, 60, 0]","[0, 60, 3]","[1, 52, 3]","[1, 1883, 4]","[0, 52, 5]","[0, 1500, 9]","[1, 52, 10]","[0, 1500, 10]","[1, 52, 10]","[0, 664, 10]","[1, 52, 10]","[1, 116, 15]","[0, 52, 16]","[0, 564, 18]","[1, 150, 20]",121
"[1, 60, 0]","[0, 60, 4]","[1, 52, 4]","[1, 1883, 4]","[0, 52, 5]","[0, 52, 5]","[0, 1500, 9]","[1, 52, 9]","[0, 1500, 9]","[1, 52, 9]","[0, 664, 9]","[1, 52, 9]","[1, 116, 15]","[1, 150, 15]","[1, 521, 16]",121
"[1, 60, 0]","[0, 60, 4]","[1, 52, 4]","[1, 1851, 5]","[0, 52, 5]","[0, 52, 5]","[0, 1500, 11]","[1, 52, 12]","[0, 1500, 12]","[1, 52, 12]","[0, 664, 12]","[1, 52, 12]","[1, 116, 17]","[1, 150, 17]","[1, 521, 17]",121
"[1, 60, 0]","[0, 60, 4]","[1, 52, 5]","[1, 1883, 5]","[0, 52, 6]","[0, 52, 6]","[0, 1500, 10]","[1, 52, 10]","[0, 1500, 10]","[1, 52, 10]","[0, 664, 10]","[1, 52, 10]","[1, 116, 18]","[0, 52, 19]","[1, 150, 21]",121
"[1, 60, 0]","[0, 60, 21]","[1, 52, 21]","[1, 1883, 22]","[0, 52, 33]","[0, 52, 33]","[0, 1500, 42]","[1, 52, 42]","[0, 1500, 42]","[1, 52, 42]","[0, 663, 42]","[1, 52, 42]","[1, 116, 52]","[1, 150, 53]","[1, 521, 53]",121
"[1, 60, 0]","[0, 60, 4]","[1, 52, 4]","[1, 1819, 5]","[0, 52, 5]","[0, 1500, 10]","[1, 52, 10]","[0, 1500, 10]","[1, 52, 10]","[0, 665, 10]","[1, 52, 10]","[1, 116, 18]","[1, 150, 18]","[0, 52, 18]","[1, 521, 18]",121
"[1, 60, 0]","[0, 60, 3]","[1, 52, 3]","[1, 1851, 4]","[0, 52, 5]","[0, 52, 5]","[0, 1500, 10]","[1, 52, 10]","[0, 1500, 10]","[1, 52, 10]","[0, 665, 10]","[1, 52, 10]","[1, 116, 19]","[0, 52, 20]","[0, 564, 22]",121
"[1, 60, 0]","[0, 60, 4]","[1, 52, 4]","[1, 1787, 4]","[0, 52, 5]","[0, 52, 5]","[0, 1500, 9]","[1, 52, 9]","[0, 1500, 9]","[1, 52, 9]","[0, 664, 9]","[1, 52, 9]","[1, 116, 16]","[0, 52, 17]","[0, 564, 18]",121
"[1, 60, 0]","[0, 60, 4]","[1, 52, 4]","[1, 1819, 5]","[0, 52, 5]","[0, 1500, 12]","[1, 52, 12]","[0, 1500, 12]","[1, 52, 12]","[0, 665, 12]","[1, 52, 12]","[1, 116, 20]","[0, 52, 20]","[0, 564, 22]","[1, 150, 25]",121
"[1, 60, 0]","[0, 60, 4]","[1, 52, 5]","[1, 1851, 5]","[0, 52, 7]","[0, 52, 7]","[0, 1500, 10]","[1, 52, 10]","[0, 1500, 10]","[1, 52, 10]","[0, 664, 10]","[1, 52, 10]","[1, 116, 17]","[0, 52, 17]","[0, 564, 19]",121
"[1, 60, 0]","[0, 60, 4]","[1, 52, 4]","[1, 1787, 4]","[0, 52, 6]","[0, 1500, 11]","[1, 52, 11]","[0, 1500, 11]","[1, 52, 11]","[0, 665, 11]","[1, 52, 11]","[1, 116, 19]","[0, 52, 19]","[0, 564, 21]","[1, 150, 29]",121
"[1, 60, 0]","[0, 60, 5]","[1, 52, 5]","[1, 1819, 5]","[0, 52, 6]","[0, 52, 6]","[0, 1500, 11]","[1, 52, 11]","[0, 1500, 11]","[1, 52, 12]","[0, 664, 12]","[1, 52, 12]","[1, 116, 18]","[1, 150, 18]","[1, 521, 19]",121
"[1, 60, 0]","[0, 60, 4]","[1, 52, 4]","[1, 1883, 5]","[0, 52, 6]","[0, 1500, 10]","[1, 52, 10]","[0, 1500, 10]","[1, 52, 10]","[0, 665, 10]","[1, 52, 10]","[1, 116, 16]","[1, 150, 17]","[1, 521, 17]","[0, 52, 17]",121
"[1, 60, 0]","[0, 60, 4]","[1, 52, 4]","[1, 1851, 5]","[0, 52, 6]","[0, 1500, 11]","[1, 52, 11]","[0, 1500, 11]","[1, 52, 11]","[0, 664, 11]","[1, 52, 11]","[1, 116, 17]","[0, 52, 18]","[0, 564, 20]","[1, 150, 21]",121
"[1, 60, 0]","[0, 60, 4]","[1, 52, 4]","[1, 1787, 4]","[0, 52, 5]","[0, 1500, 9]","[1, 52, 9]","[0, 1500, 9]","[1, 52, 9]","[0, 664, 9]","[1, 52, 9]","[1, 116, 15]","[0, 52, 16]","[0, 564, 18]","[1, 150, 22]",121
"[1, 60, 0]","[0, 60, 5]","[1, 52, 5]","[1, 1787, 5]","[0, 52, 7]","[0, 52, 7]","[0, 1500, 11]","[1, 52, 11]","[0, 1500, 11]","[1, 52, 11]","[0, 663, 11]","[1, 52, 11]","[1, 116, 17]","[0, 52, 18]","[0, 564, 20]",121
"[1, 60, 0]","[0, 60, 4]","[1, 52, 4]","[1, 1851, 4]","[0, 52, 5]","[0, 52, 5]","[0, 1500, 9]","[1, 52, 9]","[0, 1500, 9]","[1, 52, 9]","[0, 665, 9]","[1, 52, 9]","[1, 116, 17]","[0, 52, 17]","[0, 564, 19]",121
"[1, 60, 0]","[0, 60, 5]","[1, 52, 5]","[1, 1851, 5]","[0, 52, 6]","[0, 52, 6]","[0, 1500, 11]","[1, 52, 11]","[0, 1500, 11]","[1, 52, 11]","[0, 664, 11]","[1, 52, 11]","[1, 116, 20]","[0, 52, 21]","[0, 564, 23]",121
"[1, 60, 0]","[0, 60, 4]","[1, 52, 4]","[1, 1819, 5]","[0, 52, 5]","[0, 1500, 10]","[1, 52, 10]","[0, 1500, 10]","[1, 52, 10]","[0, 664, 10]","[1, 52, 10]","[1, 116, 17]","[1, 150, 18]","[1, 521, 18]","[0, 52, 18]",121
"[1, 60, 0]","[0, 60, 4]","[1, 52, 4]","[1, 1787, 4]","[0, 52, 5]","[0, 52, 5]","[0, 1500, 9]","[1, 52, 10]","[0, 1500, 10]","[1, 52, 10]","[0, 663, 10]","[1, 52, 10]","[1, 116, 17]","[0, 52, 18]","[0, 564, 20]",121
"[1, 60, 0]","[0, 60, 3]","[1, 52, 4]","[1, 1883, 4]","[0, 52, 5]","[0, 52, 5]","[0, 1500, 10]","[1, 52, 10]","[0, 1500, 10]","[1, 52, 10]","[0, 663, 10]","[1, 52, 10]","[1, 116, 16]","[0, 52, 17]","[0, 564, 19]",121
"[1, 60, 0]","[0, 60, 4]","[1, 52, 4]","[1, 1883, 4]","[0, 52, 5]","[0, 1500, 15]","[1, 52, 15]","[0, 1500, 15]","[1, 52, 15]","[0, 664, 15]","[1, 52, 15]","[1, 116, 21]","[1, 150, 21]","[1, 521, 22]","[0, 52, 22]",121
"[1, 60, 0]","[0, 60, 22]","[1, 52, 22]","[1, 1851, 23]","[0, 52, 30]","[0, 52, 30]","[0, 1500, 39]","[1, 52, 39]","[0, 1500, 39]","[1, 52, 39]","[0, 665, 39]","[1, 52, 39]","[1, 116, 50]","[1, 150, 51]","[1, 521, 51]",121
"[1, 60, 0]","[0, 60, 4]","[1, 52, 4]","[1, 1883, 5]","[0, 52, 7]","[0, 1500, 13]","[1, 52, 13]","[0, 1500, 13]","[1, 52, 13]","[0, 664, 13]","[1, 52, 13]","[1, 116, 19]","[1, 150, 20]","[0, 52, 20]","[1, 521, 20]",121
"[1, 60, 0]","[0, 60, 17]","[1, 52, 18]","[1, 1819, 18]","[0, 52, 24]","[0, 52, 24]","[0, 1500, 32]","[1, 52, 32]","[0, 1500, 32]","[1, 52, 32]","[0, 664, 32]","[1, 52, 32]","[1, 116, 40]","[1, 150, 41]","[1, 521, 42]",121
"[1, 60, 0]","[0, 60, 4]","[1, 52, 4]","[1, 1851, 5]","[0, 52, 6]","[0, 1500, 10]","[1, 52, 10]","[0, 1500, 10]","[1, 52, 10]","[0, 665, 10]","[1, 52, 10]","[1, 116, 16]","[1, 150, 16]","[0, 52, 16]","[1, 521, 17]",121
"[1, 60, 0]","[0, 60, 4]","[1, 52, 4]","[1, 1883, 5]","[0, 52, 6]","[0, 52, 7]","[0, 1500, 10]","[1, 52, 10]","[0, 1500, 10]","[1, 52, 10]","[0, 664, 10]","[1, 52, 10]","[1, 116, 17]","[0, 52, 18]","[0, 564, 19]",121
"[1, 60, 0]","[0, 60, 3]","[1, 52, 4]","[1, 1851, 4]","[0, 52, 5]","[0, 1500, 9]","[1, 52, 9]","[0, 1500, 9]","[1, 52, 9]","[0, 665, 9]","[1, 52, 9]","[1, 116, 16]","[0, 52, 16]","[0, 564, 18]","[1, 150, 27]",121
"[1, 60, 0]","[0, 60, 4]","[1, 52, 4]","[1, 1819, 4]","[0, 52, 5]","[0, 1500, 10]","[1, 52, 10]","[0, 1500, 10]","[1, 52, 10]","[0, 663, 10]","[1, 52, 10]","[1, 116, 16]","[0, 52, 17]","[0, 564, 19]","[1, 150, 27]",121
"[1, 60, 0]","[0, 60, 5]","[1, 52, 5]","[1, 1851, 6]","[0, 52, 6]","[0, 52, 7]","[0, 1500, 10]","[1, 52, 10]","[0, 1500, 11]","[1, 52, 11]","[0, 665, 11]","[1, 52, 11]","[1, 116, 17]","[0, 52, 18]","[1, 150, 19]",121
"[1, 60, 0]","[0, 60, 6]","[1, 52, 6]","[1, 1819, 7]","[0, 52, 8]","[0, 52, 8]","[0, 1500, 13]","[1, 52, 14]","[0, 1500, 14]","[1, 52, 14]","[0, 664, 14]","[1, 52, 14]","[1, 116, 19]","[0, 52, 19]","[0, 564, 21]",121
"[1, 60, 0]","[0, 60, 5]","[1, 52, 5]","[1, 1819, 5]","[0, 52, 6]","[0, 52, 7]","[0, 1500, 11]","[1, 52, 11]","[0, 1500, 12]","[1, 52, 12]","[0, 664, 12]","[1, 52, 12]","[1, 116, 17]","[0, 52, 18]","[0, 564, 19]",121
"[1, 60, 0]","[0, 60, 4]","[1, 52, 4]","[1, 1819, 4]","[0, 52, 6]","[0, 1500, 11]","[1, 52, 11]","[0, 1500, 11]","[1, 52, 11]","[0, 663, 11]","[1, 52, 11]","[1, 116, 18]","[0, 52, 18]","[0, 564, 20]","[1, 150, 31]",121
"[1, 60, 0]","[0, 60, 4]","[1, 52, 4]","[1, 1819, 4]","[0, 52, 5]","[0, 1500, 9]","[1, 52, 9]","[0, 1500, 9]","[1, 52, 9]","[0, 663, 9]","[1, 52, 9]","[1, 116, 18]","[0, 52, 19]","[0, 564, 21]","[1, 150, 25]",121
"[1, 60, 0]","[0, 60, 4]","[1, 52, 4]","[1, 1883, 5]","[0, 52, 6]","[0, 1500, 9]","[1, 52, 10]","[0, 1500, 10]","[1, 52, 10]","[0, 665, 10]","[1, 52, 10]","[1, 116, 16]","[0, 52, 17]","[1, 150, 19]","[0, 564, 19]",121
"[1, 60, 0]","[0, 60, 10]","[1, 52, 10]","[1, 1819, 10]","[0, 52, 11]","[0, 52, 11]","[0, 1500, 48]","[0, 1500, 48]","[0, 663, 48]","[1, 52, 48]","[1, 52, 48]","[1, 52, 48]","[1, 116, 154]","[1, 150, 156]","[1, 521, 158]",122
"[1, 60, 0]","[0, 60, 4]","[1, 52, 4]","[1, 1819, 7]","[0, 52, 8]","[0, 1500, 14]","[1, 52, 14]","[0, 1500, 14]","[1, 52, 14]","[0, 663, 14]","[1, 52, 14]","[1, 116, 19]","[1, 150, 19]","[1, 521, 19]","[0, 52, 20]",122
"[1, 60, 0]","[0, 60, 4]","[1, 52, 4]","[1, 1787, 5]","[0, 52, 5]","[0, 52, 5]","[0, 1500, 10]","[1, 52, 10]","[0, 1500, 10]","[1, 52, 10]","[0, 664, 10]","[1, 52, 10]","[1, 116, 17]","[1, 150, 17]","[1, 521, 17]",122
"[1, 60, 0]","[0, 60, 4]","[1, 52, 4]","[1, 1819, 5]","[0, 52, 6]","[0, 1500, 11]","[1, 52, 11]","[0, 1500, 11]","[1, 52, 11]","[0, 664, 11]","[1, 52, 11]","[1, 116, 16]","[1, 150, 16]","[1, 521, 17]","[0, 52, 17]",122
"[1, 60, 0]","[0, 60, 3]","[1, 52, 3]","[1, 1787, 3]","[0, 52, 4]","[0, 52, 4]","[0, 1500, 9]","[1, 52, 9]","[0, 1500, 9]","[1, 52, 9]","[0, 664, 9]","[1, 52, 9]","[1, 116, 15]","[1, 150, 15]","[1, 521, 15]",122
"[1, 60, 0]","[0, 60, 3]","[1, 52, 3]","[1, 1787, 5]","[0, 52, 5]","[0, 1500, 12]","[1, 52, 12]","[0, 1500, 12]","[1, 52, 12]","[0, 664, 12]","[1, 52, 12]","[1, 116, 17]","[1, 150, 18]","[1, 521, 18]","[0, 52, 18]",122
"[1, 60, 0]","[0, 60, 4]","[1, 52, 4]","[1, 1851, 4]","[0, 52, 5]","[0, 1500, 10]","[1, 52, 10]","[0, 1500, 10]","[1, 52, 10]","[0, 663, 10]","[1, 52, 10]","[1, 116, 15]","[1, 150, 15]","[1, 521, 16]","[0, 52, 16]",122
"[1, 60, 0]","[0, 60, 4]","[1, 52, 4]","[1, 1787, 4]","[0, 52, 5]","[0, 1500, 10]","[1, 52, 10]","[0, 1500, 10]","[0, 664, 10]","[1, 52, 10]","[1, 52, 10]","[1, 116, 16]","[1, 150, 17]","[1, 521, 17]","[0, 52, 17]",122
"[1, 60, 0]","[0, 60, 4]","[1, 52, 5]","[1, 1819, 5]","[0, 52, 6]","[0, 1500, 10]","[1, 52, 10]","[0, 1500, 10]","[1, 52, 10]","[0, 664, 11]","[1, 52, 11]","[1, 116, 16]","[1, 150, 16]","[1, 521, 17]","[0, 52, 17]",122
"[1, 60, 0]","[0, 60, 4]","[1, 52, 4]","[1, 1819, 4]","[0, 52, 5]","[0, 1500, 8]","[1, 52, 8]","[0, 1500, 9]","[1, 52, 9]","[0, 664, 9]","[1, 52, 9]","[1, 116, 13]","[1, 150, 14]","[1, 521, 14]","[0, 52, 14]",122
"[1, 60, 0]","[0, 60, 4]","[1, 52, 4]","[1, 1883, 4]","[0, 52, 5]","[0, 1500, 10]","[1, 52, 10]","[0, 1500, 10]","[1, 52, 10]","[0, 664, 10]","[1, 52, 10]","[1, 116, 15]","[1, 150, 16]","[1, 521, 16]","[0, 52, 16]",122
"[1, 60, 0]","[0, 60, 4]","[1, 52, 4]","[1, 1819, 5]","[0, 52, 5]","[0, 1500, 10]","[1, 52, 10]","[0, 1500, 10]","[1, 52, 10]","[0, 664, 10]","[1, 52, 10]","[1, 116, 16]","[1, 150, 16]","[0, 52, 17]","[1, 521, 19]",122
"[1, 60, 0]","[0, 60, 4]","[1, 52, 4]","[1, 1851, 5]","[0, 52, 6]","[0, 1500, 10]","[1, 52, 10]","[0, 1500, 10]","[1, 52, 10]","[0, 665, 10]","[1, 52, 10]","[1, 116, 16]","[1, 150, 17]","[1, 521, 17]","[0, 52, 17]",122
"[1, 60, 0]","[0, 60, 4]","[1, 52, 4]","[1, 1883, 4]","[0, 52, 5]","[0, 1500, 10]","[1, 52, 11]","[0, 1500, 11]","[1, 52, 11]","[0, 664, 11]","[1, 52, 11]","[1, 116, 16]","[1, 150, 16]","[1, 521, 16]","[0, 52, 17]",122
"[1, 60, 0]","[0, 60, 4]","[1, 52, 4]","[1, 1787, 5]","[0, 52, 5]","[0, 1500, 10]","[1, 52, 10]","[0, 1500, 10]","[1, 52, 10]","[0, 665, 11]","[1, 52, 11]","[1, 116, 16]","[1, 150, 16]","[1, 521, 16]","[0, 52, 17]",122
"[1, 60, 0]","[0, 60, 4]","[1, 52, 4]","[1, 1883, 6]","[0, 52, 7]","[0, 52, 7]","[0, 1500, 12]","[1, 52, 12]","[0, 1500, 13]","[1, 52, 13]","[0, 665, 13]","[1, 52, 13]","[1, 116, 19]","[1, 150, 20]","[1, 521, 20]",122
"[1, 60, 0]","[0, 60, 4]","[1, 52, 4]","[1, 1819, 4]","[0, 52, 5]","[0, 1500, 9]","[1, 52, 9]","[0, 1500, 9]","[1, 52, 9]","[0, 664, 9]","[1, 52, 9]","[1, 116, 15]","[1, 150, 15]","[1, 521, 15]","[0, 52, 15]",122
"[1, 60, 0]","[0, 60, 3]","[1, 52, 3]","[1, 1787, 4]","[0, 52, 4]","[0, 1500, 9]","[1, 52, 9]","[0, 1500, 9]","[1, 52, 9]","[0, 664, 9]","[1, 52, 9]","[1, 116, 16]","[1, 150, 16]","[1, 521, 17]","[0, 52, 17]",122
"[1, 60, 0]","[0, 60, 3]","[1, 52, 3]","[1, 1883, 4]","[0, 52, 5]","[0, 52, 5]","[0, 1500, 9]","[1, 52, 9]","[0, 1500, 9]","[1, 52, 9]","[0, 664, 9]","[1, 52, 9]","[1, 116, 14]","[1, 150, 14]","[1, 521, 15]",122
"[1, 60, 0]","[0, 60, 4]","[1, 52, 4]","[1, 1851, 4]","[0, 52, 5]","[0, 52, 5]","[0, 1500, 10]","[1, 52, 10]","[0, 1500, 11]","[1, 52, 11]","[0, 663, 11]","[1, 52, 11]","[1, 116, 16]","[1, 150, 16]","[1, 521, 16]",122
"[1, 60, 0]","[0, 60, 4]","[1, 52, 4]","[1, 1787, 5]","[0, 52, 5]","[0, 1500, 10]","[1, 52, 10]","[0, 1500, 11]","[1, 52, 11]","[0, 664, 11]","[1, 52, 11]","[1, 116, 16]","[1, 150, 16]","[1, 521, 16]","[0, 52, 17]",122
"[1, 60, 0]","[0, 60, 13]","[1, 52, 13]","[1, 1787, 14]","[0, 52, 18]","[0, 52, 18]","[0, 1500, 26]","[1, 52, 26]","[0, 1500, 26]","[1, 52, 26]","[0, 664, 26]","[1, 52, 26]","[1, 116, 37]","[1, 150, 38]","[1, 521, 38]",122
"[1, 60, 0]","[0, 60, 4]","[1, 52, 4]","[1, 1883, 4]","[0, 52, 5]","[0, 52, 5]","[0, 1500, 10]","[1, 52, 10]","[0, 1500, 10]","[1, 52, 10]","[0, 664, 10]","[1, 52, 10]","[1, 116, 15]","[1, 150, 16]","[1, 521, 16]",122
"[1, 60, 0]","[0, 60, 4]","[1, 52, 4]","[1, 1787, 4]","[0, 52, 5]","[0, 1500, 10]","[1, 52, 10]","[0, 1500, 10]","[1, 52, 10]","[0, 664, 10]","[1, 52, 10]","[1, 116, 15]","[1, 150, 16]","[1, 521, 16]","[0, 52, 16]",122
"[1, 60, 0]","[0, 60, 4]","[1, 52, 4]","[1, 1819, 4]","[0, 52, 5]","[0, 1500, 11]","[1, 52, 12]","[0, 1500, 12]","[1, 52, 12]","[0, 663, 12]","[1, 52, 12]","[1, 116, 17]","[1, 150, 17]","[0, 52, 18]","[0, 52, 18]",122
"[1, 60, 0]","[0, 60, 3]","[1, 52, 3]","[1, 1787, 4]","[0, 52, 4]","[0, 52, 5]","[0, 1500, 9]","[1, 52, 9]","[0, 1500, 10]","[1, 52, 10]","[0, 664, 10]","[1, 52, 10]","[1, 116, 16]","[1, 150, 16]","[0, 52, 16]",122
"[1, 60, 0]","[0, 60, 4]","[1, 52, 5]","[1, 1819, 5]","[0, 52, 5]","[0, 1500, 12]","[1, 52, 12]","[0, 1500, 12]","[1, 52, 12]","[0, 664, 12]","[1, 52, 12]","[1, 116, 17]","[1, 150, 17]","[1, 521, 17]","[0, 52, 17]",122
"[1, 60, 0]","[0, 60, 4]","[1, 52, 4]","[1, 1851, 4]","[0, 52, 5]","[0, 52, 5]","[0, 1500, 10]","[1, 52, 11]","[0, 1500, 11]","[1, 52, 11]","[0, 663, 11]","[1, 52, 11]","[1, 116, 16]","[1, 150, 16]","[1, 521, 16]",122
"[1, 60, 0]","[0, 60, 4]","[1, 52, 4]","[1, 1819, 5]","[0, 52, 5]","[0, 1500, 10]","[1, 52, 10]","[0, 1500, 10]","[1, 52, 10]","[0, 664, 11]","[1, 52, 11]","[1, 116, 16]","[1, 150, 16]","[1, 521, 16]","[0, 52, 17]",122
"[1, 60, 0]","[0, 60, 4]","[1, 52, 4]","[1, 1819, 4]","[0, 52, 5]","[0, 1500, 11]","[1, 52, 11]","[0, 1500, 11]","[1, 52, 11]","[0, 664, 11]","[1, 52, 11]","[1, 116, 16]","[1, 150, 17]","[0, 52, 17]","[1, 521, 17]",122
"[1, 60, 0]","[0, 60, 3]","[1, 52, 3]","[1, 1851, 4]","[0, 52, 4]","[0, 1500, 8]","[1, 52, 8]","[0, 1500, 8]","[1, 52, 8]","[0, 664, 8]","[1, 52, 8]","[1, 116, 13]","[1, 150, 14]","[1, 521, 14]","[0, 52, 14]",122
"[1, 60, 0]","[0, 60, 4]","[1, 52, 4]","[1, 1851, 5]","[0, 52, 5]","[0, 52, 5]","[0, 1500, 9]","[1, 52, 9]","[0, 1500, 9]","[1, 52, 9]","[0, 665, 9]","[1, 52, 9]","[1, 116, 15]","[1, 150, 15]","[1, 521, 15]",122
"[1, 60, 0]","[0, 60, 6]","[1, 52, 6]","[1, 1819, 6]","[0, 52, 7]","[0, 1500, 11]","[1, 52, 11]","[0, 1500, 11]","[1, 52, 11]","[0, 664, 11]","[1, 52, 11]","[1, 116, 16]","[1, 150, 16]","[1, 521, 17]","[0, 52, 17]",122
"[1, 60, 0]","[0, 60, 3]","[1, 52, 3]","[1, 1851, 4]","[0, 52, 5]","[0, 1500, 10]","[1, 52, 10]","[0, 1500, 10]","[1, 52, 10]","[0, 664, 10]","[1, 52, 10]","[1, 116, 15]","[1, 150, 15]","[1, 521, 16]","[0, 52, 16]",122
"[1, 60, 0]","[0, 60, 4]","[1, 52, 4]","[1, 1787, 4]","[0, 52, 5]","[0, 1500, 12]","[1, 52, 12]","[0, 1500, 12]","[1, 52, 12]","[0, 664, 12]","[1, 52, 12]","[1, 116, 17]","[1, 150, 18]","[1, 521, 18]","[0, 52, 18]",122
"[1, 60, 0]","[0, 60, 3]","[1, 52, 3]","[1, 1819, 3]","[0, 52, 4]","[0, 1500, 10]","[1, 52, 10]","[0, 1500, 10]","[1, 52, 10]","[0, 664, 11]","[1, 52, 11]","[1, 116, 16]","[1, 150, 16]","[1, 521, 16]","[0, 52, 17]",122
"[1, 60, 0]","[0, 60, 4]","[1, 52, 4]","[1, 1851, 4]","[0, 52, 5]","[0, 1500, 9]","[1, 52, 9]","[0, 1500, 10]","[1, 52, 10]","[0, 663, 10]","[1, 52, 10]","[1, 116, 15]","[1, 150, 15]","[1, 521, 16]","[0, 52, 16]",122
"[1, 60, 0]","[0, 60, 4]","[1, 52, 4]","[1, 1787, 4]","[0, 52, 5]","[0, 1500, 10]","[1, 52, 10]","[0, 1500, 10]","[1, 52, 10]","[0, 664, 10]","[1, 52, 10]","[1, 116, 16]","[1, 150, 16]","[1, 521, 16]","[0, 52, 16]",122
"[1, 60, 0]","[0, 60, 3]","[1, 52, 3]","[1, 1851, 4]","[0, 52, 4]","[0, 1500, 9]","[1, 52, 9]","[0, 1500, 9]","[1, 52, 9]","[0, 664, 9]","[1, 52, 9]","[1, 116, 14]","[1, 150, 14]","[1, 521, 14]","[0, 52, 15]",122
"[1, 60, 0]","[0, 60, 5]","[1, 52, 5]","[1, 1851, 5]","[0, 52, 6]","[0, 52, 6]","[0, 1500, 11]","[1, 52, 11]","[0, 1500, 11]","[1, 52, 11]","[0, 664, 11]","[1, 52, 11]","[1, 116, 16]","[1, 150, 16]","[1, 521, 17]",122
"[1, 60, 0]","[0, 60, 14]","[1, 52, 14]","[1, 1883, 14]","[0, 52, 17]","[0, 52, 18]","[0, 1500, 24]","[1, 52, 24]","[0, 1500, 24]","[1, 52, 24]","[0, 664, 24]","[1, 52, 24]","[1, 116, 32]","[1, 150, 33]","[1, 521, 33]",122
"[1, 60, 0]","[0, 60, 3]","[1, 52, 3]","[1, 1851, 4]","[0, 52, 4]","[0, 52, 4]","[0, 1500, 9]","[1, 52, 9]","[0, 1500, 9]","[1, 52, 9]","[0, 664, 9]","[1, 52, 9]","[1, 116, 15]","[1, 150, 15]","[1, 521, 16]",122
"[1, 60, 0]","[0, 60, 3]","[1, 52, 3]","[1, 1787, 4]","[0, 52, 5]","[0, 1500, 11]","[1, 52, 11]","[0, 1500, 11]","[1, 52, 11]","[0, 663, 12]","[1, 52, 12]","[1, 116, 16]","[1, 150, 17]","[1, 521, 17]","[0, 52, 17]",122
"[1, 60, 0]","[0, 60, 4]","[1, 52, 4]","[1, 1883, 4]","[0, 52, 5]","[0, 1500, 11]","[1, 52, 11]","[0, 1500, 11]","[1, 52, 11]","[0, 663, 11]","[1, 52, 11]","[1, 116, 16]","[1, 150, 16]","[1, 521, 16]","[0, 52, 17]",122
"[1, 60, 0]","[0, 60, 5]","[1, 52, 5]","[1, 1787, 5]","[0, 52, 6]","[0, 1500, 10]","[1, 52, 10]","[0, 1500, 10]","[1, 52, 10]","[0, 663, 10]","[1, 52, 10]","[1, 116, 16]","[1, 150, 17]","[1, 521, 17]","[0, 52, 17]",122
"[1, 60, 0]","[0, 60, 3]","[1, 52, 3]","[1, 1851, 3]","[0, 52, 4]","[0, 1500, 10]","[1, 52, 10]","[0, 1500, 10]","[1, 52, 10]","[0, 663, 10]","[1, 52, 10]","[1, 116, 15]","[1, 150, 15]","[1, 521, 15]","[0, 52, 16]",122
"[1, 60, 0]","[0, 60, 3]","[1, 52, 3]","[1, 1851, 4]","[0, 52, 4]","[0, 1500, 10]","[1, 52, 10]","[0, 1500, 10]","[1, 52, 10]","[0, 663, 10]","[1, 52, 10]","[1, 116, 15]","[1, 150, 15]","[1, 521, 15]","[0, 52, 16]",122
"[1, 60, 0]","[0, 60, 5]","[1, 52, 5]","[1, 1787, 5]","[0, 52, 6]","[0, 1500, 11]","[1, 52, 11]","[0, 1500, 11]","[1, 52, 11]","[0, 665, 11]","[1, 52, 11]","[1, 116, 17]","[1, 150, 17]","[1, 521, 17]","[0, 52, 18]",122
"[1, 60, 0]","[0, 60, 4]","[1, 52, 4]","[1, 1787, 4]","[0, 52, 5]","[0, 1500, 12]","[1, 52, 12]","[0, 1500, 12]","[1, 52, 12]","[0, 665, 12]","[1, 52, 12]","[1, 116, 18]","[1, 150, 18]","[1, 521, 19]","[0, 52, 19]",122
"[1, 60, 0]","[0, 60, 6]","[1, 52, 6]","[1, 1819, 6]","[0, 52, 7]","[0, 1500, 12]","[1, 52, 12]","[0, 1500, 12]","[1, 52, 12]","[0, 664, 13]","[1, 52, 13]","[1, 116, 17]","[1, 150, 18]","[1, 521, 18]","[0, 52, 18]",122
"[1, 60, 0]","[0, 60, 4]","[1, 52, 4]","[1, 1787, 4]","[0, 52, 5]","[0, 1500, 12]","[1, 52, 12]","[0, 1500, 12]","[1, 52, 12]","[0, 664, 12]","[1, 52, 12]","[1, 116, 17]","[1, 150, 17]","[1, 521, 17]","[0, 52, 17]",122
"[1, 60, 0]","[0, 60, 4]","[1, 52, 4]","[1, 1819, 5]","[0, 52, 5]","[0, 1500, 10]","[1, 52, 10]","[0, 1500, 10]","[1, 52, 10]","[0, 664, 10]","[1, 52, 10]","[1, 116, 21]","[1, 150, 21]","[1, 521, 21]","[0, 52, 22]",122
"[1, 60, 0]","[0, 60, 4]","[1, 52, 4]","[1, 1787, 5]","[0, 52, 6]","[0, 52, 6]","[0, 1500, 13]","[1, 52, 13]","[0, 1500, 13]","[1, 52, 13]","[0, 663, 13]","[1, 52, 13]","[1, 116, 18]","[1, 150, 18]","[1, 521, 18]",122
"[1, 60, 0]","[0, 60, 4]","[1, 52, 4]","[1, 1883, 4]","[0, 52, 5]","[0, 1500, 9]","[1, 52, 9]","[0, 1500, 9]","[1, 52, 9]","[0, 663, 9]","[1, 52, 9]","[1, 116, 14]","[1, 150, 14]","[1, 521, 15]","[0, 52, 15]",122
"[1, 60, 0]","[0, 60, 4]","[1, 52, 4]","[1, 1819, 5]","[0, 52, 5]","[0, 1500, 11]","[1, 52, 11]","[0, 1500, 11]","[1, 52, 11]","[0, 664, 11]","[1, 52, 11]","[1, 116, 16]","[1, 150, 17]","[1, 521, 17]","[0, 52, 17]",122
"[1, 60, 0]","[0, 60, 5]","[1, 52, 5]","[1, 1883, 5]","[0, 52, 6]","[0, 1500, 10]","[1, 52, 10]","[0, 1500, 10]","[1, 52, 10]","[0, 664, 10]","[1, 52, 10]","[1, 116, 15]","[1, 150, 15]","[1, 521, 16]","[0, 52, 16]",122
"[1, 60, 0]","[0, 60, 5]","[1, 52, 5]","[1, 1819, 6]","[0, 52, 6]","[0, 52, 6]","[0, 1500, 12]","[1, 52, 12]","[0, 1500, 12]","[1, 52, 12]","[0, 665, 12]","[1, 52, 12]","[1, 116, 18]","[1, 150, 18]","[1, 521, 18]",122
"[1, 60, 0]","[0, 60, 3]","[1, 52, 3]","[1, 1787, 3]","[0, 52, 4]","[0, 1500, 11]","[1, 52, 11]","[0, 1500, 11]","[1, 52, 11]","[0, 664, 11]","[1, 52, 11]","[1, 116, 16]","[1, 150, 17]","[1, 521, 17]","[0, 52, 17]",122
"[1, 60, 0]","[0, 60, 4]","[1, 52, 4]","[1, 1883, 4]","[0, 52, 5]","[0, 1500, 10]","[1, 52, 10]","[0, 1500, 10]","[1, 52, 10]","[0, 664, 10]","[1, 52, 10]","[1, 116, 16]","[1, 150, 16]","[1, 521, 16]","[0, 52, 17]",122
"[1, 60, 0]","[0, 60, 4]","[1, 52, 4]","[1, 1851, 4]","[0, 52, 5]","[0, 1500, 10]","[1, 52, 10]","[0, 1500, 10]","[1, 52, 10]","[0, 663, 11]","[1, 52, 11]","[1, 116, 17]","[1, 150, 17]","[1, 521, 17]","[0, 52, 18]",122
"[1, 60, 0]","[0, 60, 5]","[1, 52, 5]","[1, 1787, 5]","[0, 52, 7]","[0, 52, 7]","[0, 1500, 11]","[1, 52, 11]","[0, 1500, 11]","[1, 52, 11]","[0, 664, 11]","[1, 52, 11]","[1, 116, 18]","[1, 150, 18]","[1, 521, 18]",122
"[1, 60, 0]","[0, 60, 4]","[1, 52, 4]","[1, 1819, 4]","[0, 52, 5]","[0, 1500, 9]","[1, 52, 9]","[0, 1500, 9]","[1, 52, 9]","[0, 663, 9]","[1, 52, 9]","[1, 116, 14]","[1, 150, 14]","[1, 521, 14]","[0, 52, 15]",122
"[1, 60, 0]","[0, 60, 3]","[1, 52, 3]","[1, 1883, 4]","[0, 52, 4]","[0, 1500, 10]","[1, 52, 10]","[0, 1500, 10]","[1, 52, 10]","[0, 663, 10]","[1, 52, 10]","[1, 116, 16]","[1, 150, 17]","[1, 521, 17]","[0, 52, 18]",122
"[1, 60, 0]","[0, 60, 13]","[1, 52, 13]","[1, 1883, 13]","[0, 52, 22]","[0, 52, 23]","[0, 1500, 31]","[1, 52, 31]","[0, 1500, 31]","[1, 52, 31]","[0, 664, 31]","[1, 52, 31]","[1, 116, 44]","[1, 150, 44]","[1, 521, 45]",122
"[1, 60, 0]","[0, 60, 3]","[1, 52, 3]","[1, 1787, 4]","[0, 52, 4]","[0, 52, 4]","[0, 1500, 10]","[1, 52, 10]","[0, 1500, 10]","[1, 52, 10]","[0, 664, 10]","[1, 52, 10]","[1, 116, 15]","[1, 150, 15]","[1, 521, 15]",122
"[1, 60, 0]","[0, 60, 3]","[1, 52, 3]","[1, 1787, 4]","[0, 52, 4]","[0, 1500, 9]","[1, 52, 9]","[0, 1500, 9]","[1, 52, 9]","[0, 663, 9]","[1, 52, 9]","[1, 116, 14]","[1, 150, 15]","[1, 521, 15]","[0, 52, 15]",122
"[1, 60, 0]","[0, 60, 4]","[1, 52, 4]","[1, 1819, 4]","[0, 52, 5]","[0, 1500, 9]","[1, 52, 9]","[0, 1500, 9]","[1, 52, 9]","[0, 663, 9]","[1, 52, 9]","[1, 116, 16]","[1, 150, 17]","[1, 521, 17]","[0, 52, 17]",122
"[1, 60, 0]","[0, 60, 19]","[1, 52, 19]","[1, 1819, 20]","[0, 52, 26]","[0, 52, 27]","[0, 1500, 34]","[1, 52, 34]","[0, 1500, 34]","[1, 52, 34]","[0, 664, 34]","[1, 52, 34]","[1, 116, 46]","[1, 150, 46]","[1, 521, 47]",122
"[1, 60, 0]","[0, 60, 4]","[1, 52, 5]","[1, 1851, 5]","[0, 52, 6]","[0, 1500, 11]","[1, 52, 11]","[0, 1500, 11]","[1, 52, 11]","[0, 664, 11]","[1, 52, 11]","[1, 116, 17]","[1, 150, 17]","[1, 521, 17]","[0, 52, 17]",122
"[1, 60, 0]","[0, 60, 4]","[1, 52, 4]","[1, 1819, 5]","[0, 52, 6]","[0, 1500, 10]","[1, 52, 10]","[0, 1500, 10]","[1, 52, 10]","[0, 665, 10]","[1, 52, 10]","[1, 116, 15]","[1, 150, 16]","[1, 521, 16]","[0, 52, 16]",122
"[1, 60, 0]","[0, 60, 4]","[1, 52, 4]","[1, 1787, 4]","[0, 52, 5]","[0, 1500, 9]","[1, 52, 9]","[0, 1500, 9]","[1, 52, 9]","[0, 664, 9]","[1, 52, 9]","[1, 116, 15]","[1, 150, 15]","[0, 52, 15]","[0, 52, 15]",122
"[1, 60, 0]","[0, 60, 4]","[1, 52, 4]","[1, 1787, 4]","[0, 52, 5]","[0, 52, 5]","[0, 1500, 9]","[1, 52, 9]","[0, 1500, 9]","[1, 52, 9]","[0, 664, 9]","[1, 52, 9]","[1, 116, 15]","[1, 150, 15]","[1, 521, 15]",122
"[1, 60, 0]","[0, 60, 4]","[1, 52, 4]","[1, 1851, 4]","[0, 52, 5]","[0, 1500, 9]","[1, 52, 9]","[0, 1500, 9]","[1, 52, 9]","[0, 664, 9]","[1, 52, 9]","[1, 116, 16]","[1, 150, 16]","[1, 521, 16]","[0, 52, 17]",122
"[1, 60, 0]","[0, 60, 4]","[1, 52, 4]","[1, 1787, 4]","[0, 52, 5]","[0, 1500, 10]","[1, 52, 10]","[0, 1500, 11]","[1, 52, 11]","[0, 664, 11]","[1, 52, 11]","[1, 116, 16]","[1, 150, 17]","[0, 52, 17]","[0, 52, 17]",122
"[1, 60, 0]","[0, 60, 3]","[1, 52, 3]","[1, 1787, 4]","[0, 52, 4]","[0, 1500, 10]","[1, 52, 10]","[0, 1500, 10]","[1, 52, 10]","[0, 664, 10]","[1, 52, 10]","[1, 116, 15]","[1, 150, 16]","[1, 521, 16]","[0, 52, 16]",122
"[1, 60, 0]","[0, 60, 4]","[1, 52, 4]","[1, 1819, 4]","[0, 52, 5]","[0, 1500, 12]","[1, 52, 12]","[0, 1500, 12]","[1, 52, 12]","[0, 663, 12]","[1, 52, 12]","[1, 116, 18]","[1, 150, 18]","[0, 52, 19]","[0, 52, 19]",122
"[1, 60, 0]","[0, 60, 3]","[1, 52, 4]","[1, 1819, 4]","[0, 52, 4]","[0, 52, 5]","[0, 1500, 10]","[1, 52, 10]","[0, 1500, 10]","[1, 52, 10]","[0, 664, 10]","[1, 52, 10]","[1, 116, 15]","[1, 150, 15]","[1, 521, 16]",122
"[1, 60, 0]","[0, 60, 3]","[1, 52, 3]","[1, 1851, 4]","[0, 52, 4]","[0, 1500, 9]","[1, 52, 9]","[0, 1500, 9]","[1, 52, 9]","[0, 664, 9]","[1, 52, 9]","[1, 116, 15]","[1, 150, 15]","[1, 521, 15]","[0, 52, 16]",122
"[1, 60, 0]","[0, 60, 3]","[1, 52, 3]","[1, 1819, 4]","[0, 52, 4]","[0, 1500, 9]","[1, 52, 10]","[0, 1500, 10]","[1, 52, 10]","[0, 665, 10]","[1, 52, 10]","[1, 116, 16]","[1, 150, 16]","[1, 521, 16]","[0, 52, 17]",122
"[1, 60, 0]","[0, 60, 3]","[1, 52, 4]","[1, 1819, 4]","[0, 52, 5]","[0, 52, 5]","[0, 1500, 9]","[1, 52, 9]","[0, 1500, 9]","[1, 52, 9]","[0, 664, 9]","[1, 52, 9]","[1, 116, 17]","[1, 150, 17]","[1, 521, 17]",122
"[1, 60, 0]","[0, 60, 6]","[1, 52, 6]","[1, 1787, 6]","[0, 52, 10]","[0, 52, 10]","[0, 1500, 15]","[1, 52, 16]","[0, 1500, 16]","[1, 52, 16]","[0, 664, 16]","[1, 52, 16]","[1, 116, 21]","[1, 150, 22]","[1, 521, 22]",122
"[1, 60, 0]","[0, 60, 4]","[1, 52, 4]","[1, 1787, 4]","[0, 52, 5]","[0, 52, 5]","[0, 1500, 11]","[1, 52, 11]","[0, 1500, 11]","[1, 52, 11]","[0, 664, 11]","[1, 52, 11]","[1, 116, 17]","[1, 150, 17]","[1, 521, 17]",122
"[1, 60, 0]","[0, 60, 4]","[1, 52, 4]","[1, 1851, 5]","[0, 52, 5]","[0, 52, 5]","[0, 1500, 9]","[1, 52, 9]","[0, 1500, 9]","[1, 52, 9]","[0, 664, 9]","[1, 52, 9]","[1, 116, 15]","[1, 150, 15]","[1, 521, 16]",122
"[1, 60, 0]","[0, 60, 4]","[1, 52, 4]","[1, 1883, 5]","[0, 52, 5]","[0, 1500, 11]","[1, 52, 11]","[0, 1500, 11]","[1, 52, 11]","[0, 664, 11]","[1, 52, 11]","[1, 116, 16]","[1, 150, 16]","[1, 521, 16]","[0, 52, 17]",122
"[1, 60, 0]","[0, 60, 4]","[1, 52, 4]","[1, 1883, 4]","[0, 52, 5]","[0, 1500, 10]","[1, 52, 10]","[0, 1500, 10]","[1, 52, 10]","[0, 665, 10]","[1, 52, 10]","[1, 116, 17]","[1, 150, 17]","[1, 521, 17]","[0, 52, 18]",122
"[1, 60, 0]","[0, 60, 4]","[1, 52, 4]","[1, 1819, 4]","[0, 52, 5]","[0, 52, 5]","[0, 1500, 10]","[1, 52, 10]","[0, 1500, 10]","[1, 52, 10]","[0, 664, 10]","[1, 52, 10]","[1, 116, 16]","[1, 150, 16]","[1, 521, 16]",122
"[1, 60, 0]","[0, 60, 7]","[1, 52, 7]","[1, 1787, 8]","[0, 52, 11]","[0, 52, 11]","[0, 1500, 16]","[1, 52, 16]","[0, 1500, 16]","[1, 52, 16]","[0, 665, 16]","[1, 52, 16]","[1, 116, 23]","[1, 150, 23]","[1, 521, 24]",122
"[1, 60, 0]","[0, 60, 5]","[1, 52, 5]","[1, 1787, 5]","[0, 52, 6]","[0, 52, 6]","[0, 1500, 10]","[1, 52, 11]","[0, 1500, 11]","[1, 52, 11]","[0, 663, 11]","[1, 52, 11]","[1, 116, 16]","[1, 150, 17]","[1, 521, 17]",122
"[1, 60, 0]","[0, 60, 4]","[1, 52, 4]","[1, 1851, 7]","[0, 52, 8]","[0, 52, 8]","[0, 1500, 13]","[1, 52, 13]","[0, 1500, 13]","[1, 52, 13]","[0, 663, 13]","[1, 52, 13]","[1, 116, 18]","[1, 150, 18]","[1, 521, 19]",122
"[1, 60, 0]","[0, 60, 3]","[1, 52, 3]","[1, 1851, 4]","[0, 52, 4]","[0, 1500, 9]","[1, 52, 9]","[0, 1500, 9]","[1, 52, 9]","[0, 664, 10]","[1, 52, 10]","[1, 116, 15]","[1, 150, 15]","[1, 521, 15]","[0, 52, 15]",122
"[1, 60, 0]","[0, 60, 3]","[1, 52, 3]","[1, 1819, 4]","[0, 52, 5]","[0, 1500, 10]","[1, 52, 10]","[0, 1500, 10]","[1, 52, 10]","[0, 664, 10]","[1, 52, 10]","[1, 116, 16]","[1, 150, 16]","[1, 521, 16]","[0, 52, 16]",122
"[1, 60, 0]","[0, 60, 9]","[1, 52, 9]","[1, 1883, 10]","[0, 52, 23]","[0, 52, 23]","[0, 1500, 30]","[1, 52, 30]","[0, 1500, 30]","[1, 52, 30]","[0, 664, 30]","[1, 52, 30]","[1, 116, 39]","[1, 150, 40]","[1, 521, 40]",122
"[1, 60, 0]","[0, 60, 3]","[1, 52, 3]","[1, 1819, 4]","[0, 52, 5]","[0, 1500, 9]","[1, 52, 9]","[0, 1500, 9]","[1, 52, 9]","[0, 663, 9]","[1, 52, 9]","[1, 116, 14]","[1, 150, 15]","[1, 521, 15]","[0, 52, 15]",122
"[1, 60, 0]","[0, 60, 4]","[1, 52, 4]","[1, 1851, 5]","[0, 52, 5]","[0, 52, 5]","[0, 1500, 9]","[1, 52, 9]","[0, 1500, 9]","[1, 52, 9]","[0, 663, 9]","[1, 52, 9]","[1, 116, 16]","[1, 150, 17]","[1, 521, 17]",122
"[1, 60, 0]","[0, 60, 3]","[1, 52, 3]","[1, 1883, 5]","[0, 52, 6]","[0, 1500, 10]","[1, 52, 10]","[0, 1500, 10]","[1, 52, 10]","[0, 665, 10]","[1, 52, 10]","[1, 116, 16]","[1, 150, 17]","[1, 521, 17]","[0, 52, 17]",122
"[1, 60, 0]","[0, 60, 4]","[1, 52, 4]","[1, 1883, 4]","[0, 52, 5]","[0, 52, 5]","[0, 1500, 9]","[1, 52, 9]","[0, 1500, 9]","[1, 52, 9]","[0, 665, 9]","[1, 52, 9]","[1, 116, 15]","[1, 150, 15]","[1, 521, 15]",122
"[1, 60, 0]","[0, 60, 3]","[1, 52, 3]","[1, 1787, 5]","[0, 52, 6]","[0, 1500, 12]","[1, 52, 12]","[0, 1500, 12]","[1, 52, 12]","[0, 664, 12]","[1, 52, 12]","[1, 116, 18]","[1, 150, 18]","[1, 521, 18]","[0, 52, 18]",122
"[1, 60, 0]","[0, 60, 3]","[1, 52, 3]","[1, 1819, 4]","[0, 52, 4]","[0, 1500, 9]","[1, 52, 9]","[0, 1500, 9]","[1, 52, 9]","[0, 664, 9]","[1, 52, 9]","[1, 116, 17]","[1, 150, 17]","[1, 521, 18]","[0, 52, 18]",122
"[1, 60, 0]","[0, 60, 3]","[1, 52, 3]","[1, 1819, 3]","[0, 52, 4]","[0, 1500, 9]","[1, 52, 9]","[0, 1500, 9]","[1, 52, 9]","[0, 664, 9]","[1, 52, 9]","[1, 116, 17]","[1, 150, 17]","[1, 521, 18]","[0, 52, 18]",122
"[1, 60, 0]","[0, 60, 4]","[1, 52, 4]","[1, 1883, 5]","[0, 52, 6]","[0, 1500, 12]","[1, 52, 12]","[0, 1500, 12]","[1, 52, 12]","[0, 663, 12]","[1, 52, 12]","[1, 116, 19]","[1, 150, 19]","[1, 521, 19]","[0, 52, 20]",122
"[1, 60, 0]","[0, 60, 6]","[1, 52, 6]","[1, 629, 6]","[0, 52, 6]","[0, 1500, 13]","[1, 52, 13]","[0, 1024, 13]","[1, 52, 13]","[1, 116, 61]","[0, 52, 62]","[1, 150, 63]","[0, 564, 64]","[1, 52, 64]","[0, 52, 65]",120
"[1, 60, 0]","[0, 60, 4]","[1, 52, 4]","[1, 597, 5]","[0, 52, 6]","[0, 1500, 11]","[1, 52, 11]","[0, 1024, 11]","[1, 52, 11]","[1, 116, 18]","[0, 52, 19]","[0, 564, 21]","[1, 150, 28]","[1, 83, 28]","[1, 521, 28]",120
"[1, 60, 0]","[0, 60, 4]","[1, 52, 4]","[1, 629, 5]","[0, 52, 5]","[0, 1500, 9]","[1, 52, 9]","[0, 1025, 9]","[1, 52, 9]","[1, 116, 15]","[0, 52, 16]","[0, 564, 18]","[1, 150, 19]","[1, 83, 20]","[1, 521, 20]",120
"[1, 60, 0]","[0, 60, 4]","[1, 52, 4]","[1, 570, 4]","[0, 52, 7]","[0, 1500, 14]","[1, 52, 15]","[0, 1024, 15]","[1, 52, 15]","[1, 116, 22]","[1, 150, 25]","[1, 521, 25]","[0, 52, 30]","[0, 52, 30]","[0, 52, 31]",120
"[1, 60, 0]","[0, 60, 4]","[1, 52, 4]","[1, 661, 4]","[0, 52, 5]","[0, 1500, 8]","[1, 52, 8]","[0, 1024, 8]","[1, 52, 8]","[1, 116, 15]","[0, 52, 16]","[0, 564, 18]","[1, 150, 23]","[1, 83, 24]","[1, 521, 24]",120
"[1, 60, 0]","[0, 60, 4]","[1, 52, 4]","[1, 597, 4]","[0, 52, 5]","[0, 1500, 9]","[1, 52, 9]","[0, 1023, 9]","[1, 52, 9]","[1, 116, 15]","[0, 52, 16]","[0, 564, 17]","[1, 150, 28]","[1, 83, 28]","[1, 521, 28]",120
"[1, 60, 0]","[0, 60, 4]","[1, 52, 4]","[1, 570, 4]","[0, 52, 5]","[0, 1500, 9]","[1, 52, 9]","[0, 1023, 9]","[1, 52, 9]","[1, 116, 16]","[0, 52, 17]","[1, 150, 18]","[1, 521, 18]","[0, 52, 19]","[0, 564, 19]",120
"[1, 60, 0]","[0, 60, 3]","[1, 52, 4]","[1, 661, 4]","[0, 52, 5]","[0, 1500, 9]","[1, 52, 9]","[0, 1023, 9]","[1, 52, 9]","[1, 116, 15]","[1, 150, 16]","[1, 521, 16]","[0, 52, 16]","[0, 52, 16]","[0, 52, 16]",120
"[1, 60, 0]","[0, 60, 5]","[1, 52, 5]","[1, 661, 6]","[0, 52, 6]","[0, 1500, 10]","[1, 52, 11]","[0, 1024, 11]","[1, 52, 11]","[1, 116, 18]","[0, 52, 19]","[0, 564, 21]","[1, 150, 32]","[1, 83, 32]","[1, 521, 32]",120
"[1, 60, 0]","[0, 60, 4]","[1, 52, 4]","[1, 570, 4]","[0, 52, 5]","[0, 1500, 9]","[1, 52, 10]","[0, 1023, 10]","[1, 52, 10]","[1, 116, 16]","[0, 52, 17]","[0, 564, 19]","[1, 150, 28]","[1, 83, 28]","[1, 521, 28]",120
"[1, 60, 0]","[0, 60, 4]","[1, 52, 4]","[1, 661, 4]","[0, 52, 5]","[0, 1500, 9]","[1, 52, 9]","[0, 1024, 9]","[1, 52, 9]","[1, 116, 18]","[1, 150, 18]","[1, 521, 19]","[0, 52, 19]","[0, 52, 19]","[0, 52, 19]",120
"[1, 60, 0]","[0, 60, 3]","[1, 52, 4]","[1, 570, 4]","[0, 52, 5]","[0, 1500, 8]","[1, 52, 8]","[0, 1023, 8]","[1, 52, 8]","[1, 116, 15]","[0, 52, 16]","[0, 564, 18]","[1, 150, 26]","[1, 83, 26]","[1, 521, 26]",120
"[1, 60, 0]","[0, 60, 4]","[1, 52, 4]","[1, 661, 4]","[0, 52, 5]","[0, 1500, 9]","[1, 52, 9]","[0, 1023, 9]","[1, 52, 9]","[1, 116, 16]","[0, 52, 17]","[0, 564, 19]","[1, 150, 40]","[1, 83, 40]","[1, 521, 41]",120
"[1, 60, 0]","[0, 60, 4]","[1, 52, 4]","[1, 570, 5]","[0, 52, 6]","[0, 1500, 10]","[1, 52, 10]","[0, 1024, 10]","[1, 52, 10]","[1, 116, 16]","[0, 52, 17]","[0, 564, 19]","[1, 150, 19]","[1, 83, 19]","[1, 521, 19]",120
"[1, 60, 0]","[0, 60, 4]","[1, 52, 4]","[1, 661, 5]","[0, 52, 5]","[0, 1500, 10]","[1, 52, 10]","[0, 1024, 10]","[1, 52, 10]","[1, 116, 17]","[0, 52, 18]","[0, 564, 20]","[1, 150, 20]","[1, 83, 20]","[1, 521, 21]",120
"[1, 60, 0]","[0, 60, 4]","[1, 52, 4]","[1, 661, 5]","[0, 52, 5]","[0, 1500, 9]","[1, 52, 9]","[0, 1023, 9]","[1, 52, 9]","[1, 116, 16]","[0, 52, 16]","[0, 564, 18]","[1, 150, 26]","[1, 83, 26]","[1, 521, 26]",120
"[1, 60, 0]","[0, 60, 4]","[1, 52, 4]","[1, 629, 4]","[0, 52, 5]","[0, 1500, 9]","[1, 52, 9]","[0, 1025, 9]","[1, 52, 9]","[1, 116, 15]","[0, 52, 16]","[0, 564, 18]","[1, 150, 29]","[1, 83, 29]","[1, 521, 29]",120
"[1, 60, 0]","[0, 60, 4]","[1, 52, 4]","[1, 570, 4]","[0, 52, 5]","[0, 1500, 9]","[1, 52, 9]","[0, 1024, 9]","[1, 52, 9]","[1, 116, 15]","[0, 52, 16]","[0, 564, 18]","[1, 150, 20]","[1, 83, 21]","[1, 521, 21]",120
"[1, 60, 0]","[0, 60, 4]","[1, 52, 4]","[1, 570, 5]","[0, 52, 5]","[0, 1500, 10]","[1, 52, 11]","[0, 1024, 11]","[1, 52, 11]","[1, 116, 17]","[1, 150, 18]","[0, 52, 18]","[1, 521, 18]","[0, 52, 18]","[0, 52, 19]",120
"[1, 60, 0]","[0, 60, 4]","[1, 52, 4]","[1, 597, 5]","[0, 52, 6]","[0, 1500, 9]","[1, 52, 9]","[0, 1024, 10]","[1, 52, 10]","[1, 116, 16]","[1, 150, 17]","[0, 52, 17]","[1, 521, 17]","[0, 52, 17]","[0, 52, 18]",120
"[1, 60, 0]","[0, 60, 3]","[1, 52, 3]","[1, 629, 4]","[0, 52, 4]","[0, 1500, 8]","[1, 52, 8]","[0, 1024, 8]","[1, 52, 8]","[1, 116, 14]","[0, 52, 15]","[0, 564, 16]","[1, 150, 17]","[1, 83, 17]","[1, 521, 17]",120
"[1, 60, 0]","[0, 60, 4]","[1, 52, 4]","[1, 629, 4]","[0, 52, 5]","[0, 1500, 9]","[1, 52, 9]","[0, 1024, 9]","[1, 52, 9]","[1, 116, 17]","[0, 52, 18]","[0, 564, 19]","[1, 150, 24]","[1, 83, 24]","[1, 521, 25]",120
"[1, 60, 0]","[0, 60, 4]","[1, 52, 4]","[1, 629, 5]","[0, 52, 5]","[0, 1500, 10]","[1, 52, 10]","[0, 1024, 10]","[1, 52, 10]","[1, 116, 16]","[0, 52, 17]","[0, 564, 19]","[1, 150, 20]","[1, 83, 20]","[1, 521, 20]",120
"[1, 60, 0]","[0, 60, 3]","[1, 52, 3]","[1, 661, 4]","[0, 52, 4]","[0, 1500, 10]","[1, 52, 10]","[0, 1025, 11]","[1, 52, 11]","[1, 116, 16]","[1, 150, 17]","[0, 52, 17]","[1, 521, 17]","[0, 52, 17]","[0, 52, 17]",120
"[1, 60, 0]","[0, 60, 4]","[1, 52, 4]","[1, 661, 4]","[0, 52, 5]","[0, 1500, 9]","[1, 52, 9]","[0, 1025, 9]","[1, 52, 9]","[1, 116, 20]","[0, 52, 21]","[0, 564, 22]","[1, 150, 32]","[1, 83, 32]","[1, 521, 33]",120
"[1, 60, 0]","[0, 60, 4]","[1, 52, 4]","[1, 661, 4]","[0, 52, 5]","[0, 1500, 9]","[1, 52, 9]","[0, 1024, 9]","[1, 52, 9]","[1, 116, 15]","[0, 52, 16]","[0, 564, 18]","[1, 150, 25]","[1, 83, 25]","[1, 521, 25]",120
"[1, 60, 0]","[0, 60, 4]","[1, 52, 4]","[1, 570, 4]","[0, 52, 5]","[0, 1500, 9]","[1, 52, 9]","[0, 1024, 9]","[1, 52, 9]","[1, 116, 17]","[0, 52, 18]","[0, 564, 20]","[1, 150, 22]","[1, 83, 22]","[1, 521, 23]",120
"[1, 60, 0]","[0, 60, 4]","[1, 52, 4]","[1, 661, 5]","[0, 52, 5]","[0, 1500, 11]","[1, 52, 11]","[0, 1023, 11]","[1, 52, 11]","[1, 116, 24]","[1, 150, 24]","[0, 52, 25]","[1, 521, 25]","[0, 52, 25]","[0, 52, 25]",120
"[1, 60, 0]","[0, 60, 3]","[1, 52, 4]","[1, 597, 4]","[0, 52, 5]","[0, 1500, 8]","[1, 52, 8]","[0, 1025, 8]","[1, 52, 8]","[1, 116, 15]","[0, 52, 16]","[0, 564, 18]","[1, 150, 22]","[1, 83, 22]","[1, 521, 22]",120
"[1, 60, 0]","[0, 60, 4]","[1, 52, 4]","[1, 570, 5]","[0, 52, 6]","[0, 1500, 11]","[1, 52, 11]","[0, 1024, 11]","[1, 52, 11]","[1, 116, 16]","[0, 52, 17]","[0, 564, 19]","[1, 150, 22]","[1, 83, 22]","[1, 521, 22]",120
"[1, 60, 0]","[0, 60, 3]","[1, 52, 3]","[1, 661, 4]","[0, 52, 5]","[0, 1500, 9]","[1, 52, 9]","[0, 1025, 9]","[1, 52, 9]","[1, 116, 15]","[0, 52, 16]","[1, 150, 17]","[1, 521, 18]","[0, 564, 18]","[0, 52, 18]",120
"[1, 60, 0]","[0, 60, 5]","[1, 52, 5]","[1, 661, 6]","[0, 52, 6]","[0, 1500, 10]","[1, 52, 10]","[0, 1024, 10]","[1, 52, 10]","[1, 116, 20]","[1, 150, 20]","[1, 521, 21]","[0, 52, 21]","[0, 52, 21]","[0, 52, 21]",120
"[1, 60, 0]","[0, 60, 4]","[1, 52, 4]","[1, 597, 4]","[0, 52, 5]","[0, 1500, 9]","[1, 52, 9]","[0, 1023, 10]","[1, 52, 10]","[1, 116, 17]","[0, 52, 18]","[0, 564, 20]","[1, 150, 21]","[1, 83, 21]","[1, 521, 21]",120
"[1, 60, 0]","[0, 60, 4]","[1, 52, 4]","[1, 597, 5]","[0, 52, 6]","[0, 1500, 10]","[1, 52, 10]","[0, 1023, 10]","[1, 52, 10]","[1, 116, 17]","[0, 52, 18]","[1, 150, 18]","[1, 521, 19]","[0, 52, 19]","[0, 52, 19]",120
"[1, 60, 0]","[0, 60, 7]","[1, 52, 7]","[1, 570, 8]","[0, 52, 12]","[0, 1500, 20]","[1, 52, 20]","[0, 1024, 20]","[1, 52, 20]","[1, 116, 26]","[1, 150, 27]","[1, 521, 27]","[0, 52, 64]","[0, 52, 65]","[0, 52, 65]",120
"[1, 60, 0]","[0, 60, 3]","[1, 52, 4]","[1, 661, 4]","[0, 52, 5]","[0, 1500, 10]","[1, 52, 10]","[0, 1025, 11]","[1, 52, 11]","[1, 116, 17]","[0, 52, 18]","[0, 564, 20]","[1, 150, 21]","[1, 83, 22]","[1, 521, 22]",120
"[1, 60, 0]","[0, 60, 26]","[1, 52, 26]","[1, 661, 27]","[0, 52, 36]","[0, 1500, 46]","[1, 52, 46]","[0, 1024, 46]","[1, 52, 46]","[1, 116, 55]","[1, 150, 56]","[1, 521, 57]","[0, 52, 63]","[0, 52, 63]","[0, 52, 63]",120
"[1, 60, 0]","[0, 60, 4]","[1, 52, 4]","[1, 597, 4]","[0, 52, 5]","[0, 1500, 10]","[1, 52, 10]","[0, 1023, 10]","[1, 52, 10]","[1, 116, 18]","[1, 150, 18]","[1, 521, 18]","[0, 52, 18]","[0, 52, 18]","[0, 52, 19]",120
"[1, 60, 0]","[0, 60, 3]","[1, 52, 3]","[1, 597, 4]","[0, 52, 5]","[0, 1500, 9]","[1, 52, 9]","[0, 1025, 9]","[1, 52, 9]","[1, 116, 16]","[0, 52, 16]","[0, 564, 18]","[1, 150, 25]","[1, 83, 25]","[1, 521, 25]",120
"[1, 60, 0]","[0, 60, 4]","[1, 52, 4]","[1, 597, 4]","[0, 52, 5]","[0, 1500, 10]","[1, 52, 10]","[0, 1024, 10]","[1, 52, 10]","[1, 116, 19]","[0, 52, 20]","[0, 564, 21]","[1, 150, 32]","[1, 83, 32]","[1, 521, 32]",120
"[1, 60, 0]","[0, 60, 4]","[1, 52, 4]","[1, 570, 4]","[0, 52, 5]","[0, 1500, 9]","[1, 52, 10]","[0, 1024, 10]","[1, 52, 10]","[1, 116, 16]","[1, 150, 16]","[1, 521, 17]","[0, 52, 17]","[0, 52, 17]","[0, 52, 17]",120
"[1, 60, 0]","[0, 60, 4]","[1, 52, 4]","[1, 629, 5]","[0, 52, 5]","[0, 1500, 9]","[1, 52, 9]","[0, 1024, 9]","[1, 52, 9]","[1, 116, 16]","[0, 52, 16]","[0, 564, 18]","[1, 150, 36]","[1, 83, 36]","[1, 521, 36]",120
"[1, 60, 0]","[0, 60, 4]","[1, 52, 4]","[1, 661, 5]","[0, 52, 5]","[0, 1500, 10]","[1, 52, 10]","[0, 1024, 10]","[1, 52, 10]","[1, 116, 15]","[1, 150, 15]","[1, 521, 15]","[0, 52, 16]","[0, 52, 16]","[0, 52, 16]",120
"[1, 60, 0]","[0, 60, 4]","[1, 52, 4]","[1, 570, 4]","[0, 52, 5]","[0, 1500, 10]","[1, 52, 10]","[0, 1024, 10]","[1, 52, 10]","[1, 116, 17]","[1, 150, 17]","[1, 521, 18]","[0, 52, 18]","[0, 52, 18]","[0, 52, 18]",120
"[1, 60, 0]","[0, 60, 4]","[1, 52, 4]","[1, 661, 4]","[0, 52, 5]","[0, 1500, 10]","[1, 52, 10]","[0, 1023, 10]","[1, 52, 10]","[1, 116, 17]","[1, 150, 17]","[1, 521, 17]","[0, 52, 18]","[0, 52, 18]","[0, 52, 18]",120
"[1, 60, 0]","[0, 60, 5]","[1, 52, 5]","[1, 629, 5]","[0, 52, 6]","[0, 1500, 13]","[1, 52, 13]","[0, 1024, 13]","[1, 52, 13]","[1, 116, 19]","[1, 150, 19]","[1, 521, 19]","[0, 52, 20]","[0, 52, 20]","[0, 573, 22]",120
"[1, 60, 0]","[0, 60, 4]","[1, 52, 4]","[1, 661, 5]","[0, 52, 5]","[0, 1500, 9]","[1, 52, 9]","[0, 1024, 9]","[1, 52, 9]","[1, 116, 17]","[1, 150, 18]","[0, 52, 18]","[1, 521, 18]","[0, 52, 19]","[0, 52, 19]",120
"[1, 60, 0]","[0, 60, 3]","[1, 52, 3]","[1, 597, 4]","[0, 52, 4]","[0, 1500, 8]","[1, 52, 8]","[0, 1025, 8]","[1, 52, 8]","[1, 116, 15]","[1, 150, 16]","[1, 521, 16]","[0, 52, 16]","[0, 52, 17]","[0, 52, 17]",120
"[1, 60, 0]","[0, 60, 3]","[1, 52, 3]","[1, 661, 4]","[0, 52, 5]","[0, 1500, 9]","[1, 52, 9]","[0, 1024, 9]","[1, 52, 9]","[1, 116, 15]","[0, 52, 16]","[0, 564, 17]","[1, 150, 20]","[1, 83, 20]","[1, 521, 20]",120
"[1, 60, 0]","[0, 60, 4]","[1, 52, 4]","[1, 629, 4]","[0, 52, 5]","[0, 1500, 9]","[1, 52, 9]","[0, 1024, 9]","[1, 52, 9]","[1, 116, 15]","[1, 150, 16]","[1, 521, 16]","[0, 52, 16]","[0, 52, 16]","[0, 52, 16]",120
"[1, 60, 0]","[0, 60, 4]","[1, 52, 4]","[1, 570, 5]","[0, 52, 5]","[0, 1500, 9]","[1, 52, 9]","[0, 1024, 9]","[1, 52, 9]","[1, 116, 19]","[1, 150, 20]","[1, 521, 20]","[0, 52, 21]","[0, 52, 21]","[0, 564, 22]",120
"[1, 60, 0]","[0, 60, 4]","[1, 52, 4]","[1, 661, 5]","[0, 52, 5]","[0, 1500, 10]","[1, 52, 10]","[0, 1024, 10]","[1, 52, 10]","[1, 116, 17]","[1, 150, 18]","[0, 52, 18]","[1, 521, 18]","[0, 52, 18]","[0, 52, 19]",120
"[1, 60, 0]","[0, 60, 4]","[1, 52, 4]","[1, 661, 4]","[0, 52, 5]","[0, 1500, 8]","[1, 52, 9]","[0, 1025, 9]","[1, 52, 9]","[1, 116, 16]","[1, 150, 17]","[1, 521, 17]","[0, 52, 17]","[0, 52, 18]","[0, 52, 18]",120
"[1, 60, 0]","[0, 60, 4]","[1, 52, 4]","[1, 629, 4]","[0, 52, 5]","[0, 1500, 10]","[1, 52, 10]","[0, 1025, 11]","[1, 52, 11]","[1, 116, 17]","[0, 52, 18]","[0, 564, 20]","[1, 150, 23]","[1, 83, 24]","[1, 521, 24]",120
"[1, 60, 0]","[0, 60, 3]","[1, 52, 3]","[1, 570, 3]","[0, 52, 4]","[0, 1500, 8]","[1, 52, 8]","[0, 1025, 8]","[1, 52, 8]","[1, 116, 17]","[0, 52, 19]","[0, 564, 21]","[1, 150, 24]","[1, 83, 24]","[1, 521, 24]",120
"[1, 60, 0]","[0, 60, 4]","[1, 52, 4]","[1, 661, 4]","[0, 52, 5]","[0, 1500, 11]","[1, 52, 11]","[0, 1024, 11]","[1, 52, 11]","[1, 116, 19]","[1, 150, 20]","[0, 52, 20]","[0, 52, 20]","[1, 521, 20]","[0, 52, 21]",120
"[1, 60, 0]","[0, 60, 4]","[1, 52, 4]","[1, 570, 5]","[0, 52, 6]","[0, 1500, 11]","[1, 52, 11]","[0, 1024, 11]","[1, 52, 11]","[1, 116, 19]","[1, 150, 20]","[1, 521, 20]","[0, 52, 20]","[0, 52, 20]","[0, 52, 20]",120
"[1, 60, 0]","[0, 60, 4]","[1, 52, 4]","[1, 570, 4]","[0, 52, 5]","[0, 1500, 8]","[1, 52, 8]","[0, 1024, 8]","[1, 52, 8]","[1, 116, 16]","[1, 150, 17]","[1, 521, 17]","[0, 52, 17]","[0, 52, 17]","[0, 52, 18]",120
"[1, 60, 0]","[0, 60, 4]","[1, 52, 4]","[1, 570, 4]","[0, 52, 5]","[0, 1500, 11]","[1, 52, 11]","[0, 1024, 11]","[1, 52, 11]","[1, 116, 17]","[1, 150, 17]","[1, 521, 18]","[0, 52, 18]","[0, 52, 18]","[0, 52, 18]",120
"[1, 60, 0]","[0, 60, 4]","[1, 52, 4]","[1, 597, 4]","[0, 52, 4]","[0, 1500, 8]","[1, 52, 8]","[0, 1025, 8]","[1, 52, 8]","[1, 116, 14]","[1, 150, 14]","[1, 521, 15]","[0, 52, 15]","[0, 52, 15]","[0, 52, 15]",120
"[1, 60, 0]","[0, 60, 4]","[1, 52, 4]","[1, 661, 4]","[0, 52, 5]","[0, 1500, 9]","[1, 52, 9]","[0, 1025, 9]","[1, 52, 9]","[1, 116, 16]","[1, 150, 17]","[0, 52, 17]","[1, 521, 17]","[0, 52, 17]","[0, 52, 17]",120
"[1, 60, 0]","[0, 60, 5]","[1, 52, 5]","[1, 629, 5]","[0, 52, 6]","[0, 1500, 10]","[1, 52, 10]","[0, 1025, 10]","[1, 52, 10]","[1, 116, 16]","[1, 150, 17]","[1, 521, 17]","[0, 52, 17]","[0, 52, 17]","[0, 52, 18]",120
"[1, 60, 0]","[0, 60, 3]","[1, 52, 3]","[1, 570, 4]","[0, 52, 5]","[0, 1500, 9]","[1, 52, 9]","[0, 1024, 9]","[1, 52, 9]","[1, 116, 14]","[1, 150, 15]","[1, 521, 15]","[0, 52, 15]","[0, 52, 15]","[0, 52, 15]",120
"[1, 60, 0]","[0, 60, 4]","[1, 52, 4]","[1, 629, 5]","[0, 52, 6]","[0, 1500, 10]","[1, 52, 10]","[0, 1025, 10]","[1, 52, 10]","[1, 116, 19]","[1, 150, 20]","[1, 521, 20]","[0, 52, 20]","[0, 52, 21]","[0, 52, 21]",120
"[1, 60, 0]","[0, 60, 4]","[1, 52, 4]","[1, 629, 4]","[0, 52, 5]","[0, 1500, 9]","[1, 52, 9]","[0, 1025, 9]","[1, 52, 9]","[1, 116, 17]","[1, 150, 17]","[1, 521, 18]","[0, 52, 18]","[0, 52, 18]","[0, 52, 18]",120
"[1, 60, 0]","[0, 60, 4]","[1, 52, 4]","[1, 597, 5]","[0, 52, 5]","[0, 1500, 10]","[1, 52, 10]","[0, 1024, 10]","[1, 52, 10]","[1, 116, 19]","[1, 150, 19]","[1, 521, 19]","[0, 52, 20]","[0, 52, 20]","[0, 52, 20]",120
"[1, 60, 0]","[0, 60, 3]","[1, 52, 3]","[1, 661, 4]","[0, 52, 5]","[0, 1500, 8]","[1, 52, 8]","[0, 1025, 9]","[1, 52, 9]","[1, 116, 15]","[1, 150, 15]","[0, 52, 15]","[1, 521, 15]","[0, 52, 16]","[0, 52, 16]",120
"[1, 60, 0]","[0, 60, 4]","[1, 52, 4]","[1, 570, 4]","[0, 52, 5]","[0, 1500, 10]","[1, 52, 10]","[0, 1025, 10]","[1, 52, 10]","[1, 116, 16]","[0, 52, 17]","[0, 564, 19]","[1, 150, 34]","[1, 83, 34]","[1, 521, 34]",120
"[1, 60, 0]","[0, 60, 3]","[1, 52, 4]","[1, 629, 4]","[0, 52, 4]","[0, 1500, 9]","[1, 52, 9]","[0, 1024, 9]","[1, 52, 9]","[1, 116, 16]","[1, 150, 17]","[1, 521, 17]","[0, 52, 17]","[0, 52, 17]","[0, 52, 17]",120
"[1, 60, 0]","[0, 60, 9]","[1, 52, 9]","[1, 570, 10]","[0, 52, 16]","[0, 1500, 25]","[1, 52, 25]","[0, 1023, 25]","[1, 52, 25]","[1, 116, 35]","[1, 150, 36]","[1, 521, 36]","[0, 52, 43]","[0, 52, 44]","[0, 52, 44]",120
"[1, 60, 0]","[0, 60, 4]","[1, 52, 4]","[1, 570, 5]","[0, 52, 5]","[0, 1500, 9]","[1, 52, 9]","[0, 1023, 9]","[1, 52, 9]","[1, 116, 17]","[1, 150, 17]","[1, 521, 18]","[0, 52, 18]","[0, 52, 18]","[0, 52, 18]",120
"[1, 60, 0]","[0, 60, 7]","[1, 52, 7]","[1, 597, 7]","[0, 52, 8]","[0, 1500, 12]","[1, 52, 12]","[0, 1025, 12]","[1, 52, 12]","[1, 116, 20]","[1, 150, 20]","[1, 521, 21]","[0, 52, 21]","[0, 52, 21]","[0, 52, 21]",120
"[1, 60, 0]","[0, 60, 4]","[1, 52, 4]","[1, 597, 5]","[0, 52, 6]","[0, 1500, 10]","[1, 52, 10]","[0, 1025, 11]","[1, 52, 11]","[1, 116, 19]","[1, 150, 20]","[1, 521, 20]","[0, 52, 21]","[0, 52, 21]","[0, 52, 21]",120
"[1, 60, 0]","[0, 60, 4]","[1, 52, 4]","[1, 661, 5]","[0, 52, 5]","[0, 1500, 9]","[1, 52, 9]","[0, 1025, 9]","[1, 52, 9]","[1, 116, 17]","[0, 52, 17]","[1, 150, 18]","[1, 521, 19]","[0, 564, 19]","[0, 52, 20]",120
"[1, 60, 0]","[0, 60, 4]","[1, 52, 4]","[1, 629, 5]","[0, 52, 5]","[0, 1500, 12]","[1, 52, 12]","[0, 1025, 12]","[1, 52, 12]","[1, 116, 18]","[0, 52, 19]","[1, 150, 20]","[1, 521, 20]","[0, 52, 21]","[0, 564, 21]",120
"[1, 60, 0]","[0, 60, 4]","[1, 52, 4]","[1, 661, 5]","[0, 52, 5]","[0, 1500, 11]","[1, 52, 11]","[0, 1024, 11]","[1, 52, 11]","[1, 116, 17]","[1, 150, 17]","[1, 521, 17]","[0, 52, 18]","[0, 52, 18]","[0, 52, 18]",120
"[1, 60, 0]","[0, 60, 4]","[1, 52, 4]","[1, 570, 5]","[0, 52, 5]","[0, 1500, 10]","[1, 52, 10]","[0, 1023, 10]","[1, 52, 10]","[1, 116, 17]","[0, 52, 18]","[0, 564, 20]","[1, 150, 41]","[1, 83, 41]","[1, 521, 41]",120
"[1, 60, 0]","[0, 60, 3]","[1, 52, 4]","[1, 597, 4]","[0, 52, 5]","[0, 1500, 9]","[1, 52, 10]","[0, 1025, 10]","[1, 52, 10]","[1, 116, 18]","[0, 52, 19]","[0, 564, 21]","[1, 150, 30]","[1, 83, 30]","[1, 521, 30]",120
"[1, 60, 0]","[0, 60, 3]","[1, 52, 4]","[1, 629, 4]","[0, 52, 5]","[0, 1500, 8]","[1, 52, 8]","[0, 1024, 8]","[1, 52, 8]","[1, 116, 16]","[0, 52, 17]","[0, 564, 18]","[1, 150, 49]","[1, 83, 50]","[1, 521, 50]",120
"[1, 60, 0]","[0, 60, 4]","[1, 52, 4]","[1, 629, 4]","[0, 52, 5]","[0, 1500, 9]","[1, 52, 9]","[0, 1024, 9]","[1, 52, 9]","[1, 116, 15]","[0, 52, 16]","[0, 564, 18]","[1, 150, 24]","[1, 83, 24]","[1, 521, 24]",120
"[1, 60, 0]","[0, 60, 5]","[1, 52, 5]","[1, 597, 6]","[0, 52, 6]","[0, 1500, 13]","[1, 52, 13]","[0, 1024, 13]","[1, 52, 13]","[1, 116, 19]","[1, 150, 19]","[1, 521, 20]","[0, 52, 20]","[0, 52, 20]","[0, 52, 20]",120
"[1, 60, 0]","[0, 60, 4]","[1, 52, 4]","[1, 597, 4]","[0, 52, 5]","[0, 1500, 10]","[1, 52, 10]","[0, 1024, 11]","[1, 52, 11]","[1, 116, 16]","[1, 150, 17]","[1, 521, 17]","[0, 52, 17]","[0, 52, 17]","[0, 52, 18]",120
"[1, 60, 0]","[0, 60, 4]","[1, 52, 4]","[1, 597, 4]","[0, 52, 5]","[0, 1500, 9]","[1, 52, 9]","[0, 1024, 9]","[1, 52, 9]","[1, 116, 16]","[1, 150, 17]","[1, 521, 17]","[0, 52, 17]","[0, 52, 18]","[0, 52, 18]",120
"[1, 60, 0]","[0, 60, 4]","[1, 52, 4]","[1, 597, 5]","[0, 52, 5]","[0, 1500, 10]","[1, 52, 10]","[0, 1024, 10]","[1, 52, 10]","[1, 116, 15]","[0, 52, 16]","[0, 564, 18]","[1, 150, 37]","[1, 83, 37]","[1, 521, 37]",120
"[1, 60, 0]","[0, 60, 4]","[1, 52, 4]","[1, 597, 4]","[0, 52, 5]","[0, 1500, 10]","[1, 52, 10]","[0, 1024, 10]","[1, 52, 10]","[1, 116, 17]","[1, 150, 18]","[1, 521, 18]","[0, 52, 18]","[0, 52, 18]","[0, 52, 18]",120
"[1, 60, 0]","[0, 60, 4]","[1, 52, 4]","[1, 661, 4]","[0, 52, 5]","[0, 1500, 9]","[1, 52, 9]","[0, 1025, 9]","[1, 52, 9]","[1, 116, 14]","[0, 52, 15]","[0, 564, 17]","[1, 150, 25]","[1, 83, 25]","[1, 521, 25]",120
"[1, 60, 0]","[0, 60, 5]","[1, 52, 5]","[1, 570, 5]","[0, 52, 6]","[0, 1500, 10]","[1, 52, 10]","[0, 1024, 10]","[1, 52, 10]","[1, 116, 16]","[0, 52, 17]","[0, 564, 19]","[1, 150, 26]","[1, 83, 26]","[1, 521, 26]",120
"[1, 60, 0]","[0, 60, 6]","[1, 52, 6]","[1, 570, 7]","[0, 52, 9]","[0, 1500, 19]","[1, 52, 19]","[0, 1023, 19]","[1, 52, 19]","[1, 116, 25]","[1, 150, 26]","[1, 521, 26]","[0, 52, 27]","[0, 52, 28]","[0, 52, 28]",120
"[1, 60, 0]","[0, 60, 4]","[1, 52, 4]","[1, 570, 5]","[0, 52, 5]","[0, 1500, 10]","[1, 52, 10]","[0, 1023, 10]","[1, 52, 10]","[1, 116, 16]","[0, 52, 17]","[0, 564, 18]","[1, 150, 30]","[1, 83, 30]","[1, 521, 30]",120
"[1, 60, 0]","[0, 60, 4]","[1, 52, 4]","[1, 661, 4]","[0, 52, 5]","[0, 1500, 11]","[1, 52, 11]","[0, 1024, 11]","[1, 52, 11]","[1, 116, 17]","[0, 52, 18]","[0, 564, 20]","[1, 150, 23]","[1, 83, 23]","[1, 521, 23]",120
"[1, 60, 0]","[0, 60, 5]","[1, 52, 5]","[1, 629, 5]","[0, 52, 6]","[0, 1500, 9]","[1, 52, 9]","[0, 1024, 9]","[1, 52, 9]","[1, 116, 18]","[1, 150, 18]","[1, 521, 19]","[0, 52, 19]","[0, 52, 19]","[0, 52, 19]",120
"[1, 60, 0]","[0, 60, 3]","[1, 52, 4]","[1, 629, 4]","[0, 52, 5]","[0, 1500, 9]","[1, 52, 9]","[0, 1024, 9]","[1, 52, 9]","[1, 116, 17]","[0, 52, 17]","[0, 564, 19]","[1, 150, 26]","[1, 83, 27]","[1, 521, 27]",120
"[1, 60, 0]","[0, 60, 4]","[1, 52, 4]","[1, 629, 4]","[0, 52, 4]","[0, 1500, 9]","[1, 52, 9]","[0, 1025, 9]","[1, 52, 9]","[1, 116, 15]","[0, 52, 16]","[0, 564, 18]","[1, 150, 19]","[1, 83, 19]","[1, 521, 19]",120
"[1, 60, 0]","[0, 60, 4]","[1, 52, 4]","[1, 661, 4]","[0, 52, 5]","[0, 1500, 9]","[1, 52, 9]","[0, 1023, 9]","[1, 52, 9]","[1, 116, 15]","[0, 52, 16]","[0, 564, 17]","[1, 150, 26]","[1, 83, 26]","[1, 521, 26]",120
"[1, 60, 0]","[0, 60, 7]","[1, 52, 8]","[1, 597, 8]","[0, 52, 10]","[0, 1500, 15]","[1, 52, 15]","[0, 1023, 15]","[1, 52, 15]","[1, 116, 22]","[0, 52, 27]","[0, 564, 31]","[1, 150, 38]","[1, 83, 38]","[1, 521, 38]",120
"[1, 60, 0]","[0, 60, 4]","[1, 52, 4]","[1, 597, 4]","[0, 52, 5]","[0, 1500, 9]","[1, 52, 9]","[0, 1023, 9]","[1, 52, 9]","[1, 116, 16]","[0, 52, 16]","[0, 564, 18]","[1, 150, 19]","[1, 83, 19]","[1, 521, 19]",120
"[1, 60, 0]","[0, 60, 4]","[1, 52, 4]","[1, 570, 4]","[0, 52, 5]","[0, 1500, 9]","[1, 52, 9]","[0, 1024, 9]","[1, 52, 9]","[1, 116, 16]","[0, 52, 16]","[0, 564, 18]","[1, 150, 23]","[1, 83, 23]","[1, 521, 24]",120
"[1, 60, 0]","[0, 60, 4]","[1, 52, 4]","[1, 570, 4]","[0, 52, 5]","[0, 1500, 8]","[1, 52, 9]","[0, 1025, 9]","[1, 52, 9]","[1, 116, 15]","[0, 52, 16]","[1, 150, 16]","[1, 521, 17]","[0, 52, 17]","[0, 52, 17]",120
"[1, 60, 0]","[0, 60, 4]","[1, 52, 4]","[1, 570, 5]","[0, 52, 5]","[0, 1500, 10]","[1, 52, 10]","[0, 1023, 10]","[1, 52, 10]","[1, 116, 17]","[0, 52, 18]","[0, 564, 20]","[1, 150, 21]","[1, 83, 21]","[1, 521, 21]",120
"[1, 60, 0]","[0, 60, 3]","[1, 52, 3]","[1, 597, 4]","[0, 52, 5]","[0, 1500, 10]","[1, 52, 10]","[0, 1024, 10]","[1, 52, 10]","[1, 116, 17]","[1, 150, 17]","[1, 521, 17]","[0, 52, 17]","[0, 52, 18]","[0, 52, 18]",120
"[1, 60, 0]","[0, 60, 4]","[1, 52, 4]","[1, 1947, 6]","[0, 52, 7]","[0, 1500, 11]","[1, 52, 11]","[0, 1500, 11]","[1, 52, 11]","[0, 1467, 12]","[1, 52, 12]","[1, 116, 16]","[0, 52, 17]","[0, 564, 19]","[1, 222, 30]",111
"[1, 60, 0]","[0, 60, 4]","[1, 52, 4]","[1, 1947, 5]","[0, 52, 6]","[0, 52, 6]","[0, 1500, 10]","[1, 52, 10]","[0, 1500, 10]","[1, 52, 10]","[0, 1467, 10]","[1, 52, 10]","[1, 116, 13]","[1, 222, 13]","[1, 415, 13]",111
"[1, 60, 0]","[0, 60, 4]","[1, 52, 4]","[1, 1947, 5]","[0, 52, 6]","[0, 52, 6]","[0, 1500, 11]","[1, 52, 11]","[0, 1500, 12]","[1, 52, 12]","[0, 1468, 12]","[1, 52, 12]","[1, 116, 15]","[1, 222, 16]","[1, 415, 16]",111
"[1, 60, 0]","[0, 60, 5]","[1, 52, 5]","[1, 1947, 5]","[0, 52, 6]","[0, 1500, 10]","[1, 52, 10]","[0, 1500, 11]","[1, 52, 11]","[0, 1466, 11]","[1, 52, 11]","[1, 116, 15]","[1, 222, 15]","[1, 415, 15]","[0, 52, 16]",111
"[1, 60, 0]","[0, 60, 4]","[1, 52, 4]","[1, 1947, 5]","[0, 52, 6]","[0, 52, 6]","[0, 1500, 10]","[1, 52, 10]","[0, 1500, 10]","[1, 52, 10]","[0, 1467, 10]","[1, 52, 10]","[1, 116, 14]","[1, 222, 14]","[1, 415, 14]",111
"[1, 60, 0]","[0, 60, 4]","[1, 52, 4]","[1, 1947, 5]","[0, 52, 6]","[0, 1500, 11]","[1, 52, 11]","[0, 1500, 11]","[1, 52, 11]","[0, 1466, 11]","[1, 52, 11]","[1, 116, 17]","[1, 222, 17]","[1, 415, 17]","[0, 52, 18]",111
"[1, 60, 0]","[0, 60, 3]","[1, 52, 3]","[1, 1947, 4]","[0, 52, 5]","[0, 1500, 10]","[1, 52, 10]","[0, 1500, 10]","[1, 52, 10]","[0, 1468, 10]","[1, 52, 10]","[1, 116, 15]","[0, 52, 16]","[1, 222, 16]","[1, 415, 16]",111
"[1, 60, 0]","[0, 60, 4]","[1, 52, 4]","[1, 1947, 5]","[0, 52, 6]","[0, 1500, 10]","[1, 52, 11]","[0, 1500, 11]","[1, 52, 11]","[0, 1468, 11]","[1, 52, 11]","[1, 116, 15]","[1, 222, 15]","[1, 415, 15]","[0, 52, 16]",111
"[1, 60, 0]","[0, 60, 3]","[1, 52, 4]","[1, 1947, 4]","[0, 52, 5]","[0, 1500, 9]","[1, 52, 9]","[0, 1500, 9]","[1, 52, 9]","[0, 1467, 9]","[1, 52, 9]","[1, 116, 13]","[1, 222, 14]","[1, 415, 14]","[0, 52, 14]",111
"[1, 60, 0]","[0, 60, 5]","[1, 52, 5]","[1, 1947, 5]","[0, 52, 6]","[0, 52, 6]","[0, 1500, 11]","[1, 52, 11]","[0, 1500, 11]","[1, 52, 11]","[0, 1466, 11]","[1, 52, 11]","[1, 116, 14]","[1, 222, 15]","[1, 415, 15]",111
"[1, 60, 0]","[0, 60, 4]","[1, 52, 4]","[1, 1947, 5]","[0, 52, 6]","[0, 52, 6]","[0, 1500, 12]","[1, 52, 12]","[0, 1500, 12]","[0, 1467, 12]","[1, 52, 12]","[1, 52, 12]","[1, 116, 14]","[1, 222, 15]","[1, 415, 15]",111
"[1, 60, 0]","[0, 60, 4]","[1, 52, 4]","[1, 1947, 5]","[0, 52, 6]","[0, 1500, 11]","[1, 52, 11]","[0, 1500, 11]","[1, 52, 11]","[0, 1466, 12]","[1, 52, 12]","[1, 116, 16]","[1, 222, 16]","[1, 415, 16]","[0, 52, 17]",111
"[1, 60, 0]","[0, 60, 4]","[1, 52, 5]","[1, 1947, 6]","[0, 52, 7]","[0, 52, 7]","[0, 1500, 12]","[1, 52, 12]","[0, 1500, 12]","[1, 52, 12]","[0, 1468, 12]","[1, 52, 12]","[1, 116, 15]","[1, 222, 15]","[1, 415, 15]",111
"[1, 60, 0]","[0, 60, 4]","[1, 52, 4]","[1, 1947, 5]","[0, 52, 6]","[0, 1500, 10]","[1, 52, 10]","[0, 1500, 10]","[1, 52, 10]","[0, 1466, 10]","[1, 52, 10]","[1, 116, 13]","[1, 222, 13]","[1, 415, 13]","[0, 52, 14]",111
"[1, 60, 0]","[0, 60, 3]","[1, 52, 3]","[1, 1947, 4]","[0, 52, 5]","[0, 52, 5]","[0, 1500, 9]","[1, 52, 9]","[0, 1500, 9]","[1, 52, 9]","[0, 1467, 9]","[1, 52, 9]","[1, 116, 13]","[1, 222, 13]","[1, 415, 13]",111
"[1, 60, 0]","[0, 60, 4]","[1, 52, 4]","[1, 1947, 5]","[0, 52, 5]","[0, 52, 5]","[0, 1500, 10]","[1, 52, 10]","[0, 1500, 10]","[1, 52, 10]","[0, 1467, 10]","[1, 52, 10]","[1, 116, 14]","[1, 222, 14]","[1, 415, 14]",111
"[1, 60, 0]","[0, 60, 6]","[1, 52, 6]","[1, 1947, 7]","[0, 52, 8]","[0, 1500, 13]","[1, 52, 14]","[0, 1500, 14]","[1, 52, 14]","[0, 1468, 14]","[1, 52, 14]","[1, 116, 18]","[1, 222, 19]","[1, 415, 19]","[0, 52, 19]",111
"[1, 60, 0]","[0, 60, 32]","[1, 52, 32]","[1, 1947, 33]","[0, 52, 34]","[0, 52, 34]","[0, 1500, 38]","[1, 52, 38]","[0, 1500, 38]","[1, 52, 38]","[0, 1467, 38]","[1, 52, 38]","[1, 116, 42]","[1, 222, 42]","[1, 415, 42]",111
"[1, 60, 0]","[0, 60, 12]","[1, 52, 12]","[1, 1947, 13]","[0, 52, 16]","[0, 52, 16]","[0, 1500, 24]","[1, 52, 24]","[0, 1500, 25]","[1, 52, 25]","[0, 1468, 25]","[1, 52, 25]","[1, 116, 33]","[1, 222, 33]","[1, 415, 34]",111
"[1, 60, 0]","[0, 60, 3]","[1, 52, 3]","[1, 1947, 4]","[0, 52, 5]","[0, 1500, 9]","[1, 52, 9]","[0, 1500, 9]","[1, 52, 9]","[0, 1467, 9]","[1, 52, 9]","[1, 116, 12]","[1, 222, 12]","[1, 415, 13]","[0, 52, 13]",111
"[1, 60, 0]","[0, 60, 5]","[1, 52, 5]","[1, 1947, 5]","[0, 52, 7]","[0, 52, 7]","[0, 1500, 13]","[1, 52, 13]","[0, 1500, 13]","[1, 52, 13]","[0, 1466, 13]","[1, 52, 13]","[1, 116, 17]","[1, 222, 17]","[1, 415, 17]",111
"[1, 60, 0]","[0, 60, 5]","[1, 52, 5]","[1, 1947, 6]","[0, 52, 9]","[0, 52, 9]","[0, 1500, 14]","[1, 52, 14]","[0, 1500, 14]","[1, 52, 14]","[0, 1468, 14]","[1, 52, 14]","[1, 116, 17]","[1, 222, 18]","[1, 415, 18]",111
"[1, 60, 0]","[0, 60, 4]","[1, 52, 5]","[1, 1947, 5]","[0, 52, 6]","[0, 1500, 11]","[1, 52, 11]","[0, 1500, 11]","[1, 52, 11]","[0, 1467, 11]","[1, 52, 11]","[1, 116, 14]","[1, 222, 14]","[1, 415, 14]","[0, 52, 15]",111
"[1, 60, 0]","[0, 60, 5]","[1, 52, 5]","[1, 1947, 6]","[0, 52, 6]","[0, 1500, 11]","[1, 52, 11]","[0, 1500, 11]","[1, 52, 11]","[0, 1467, 11]","[1, 52, 11]","[1, 116, 16]","[1, 222, 17]","[1, 415, 17]","[0, 52, 17]",111
"[1, 60, 0]","[0, 60, 5]","[1, 52, 5]","[1, 1947, 6]","[0, 52, 7]","[0, 1500, 12]","[1, 52, 12]","[0, 1500, 12]","[1, 52, 12]","[0, 1467, 12]","[1, 52, 12]","[1, 116, 24]","[0, 52, 25]","[1, 222, 27]","[1, 415, 27]",111
"[1, 60, 0]","[0, 60, 9]","[1, 52, 9]","[1, 1947, 10]","[0, 52, 11]","[0, 1500, 16]","[1, 52, 16]","[0, 1500, 16]","[1, 52, 16]","[0, 1467, 16]","[1, 52, 16]","[1, 116, 21]","[1, 222, 21]","[1, 415, 21]","[0, 52, 22]",111
"[1, 60, 0]","[0, 60, 4]","[1, 52, 4]","[1, 1947, 4]","[0, 52, 5]","[0, 1500, 11]","[1, 52, 11]","[0, 1500, 11]","[1, 52, 11]","[0, 1468, 11]","[1, 52, 11]","[1, 116, 14]","[1, 222, 15]","[1, 415, 15]","[0, 52, 15]",111
"[1, 60, 0]","[0, 60, 5]","[1, 52, 5]","[1, 1947, 6]","[0, 52, 8]","[0, 1500, 12]","[1, 52, 12]","[0, 1500, 12]","[1, 52, 12]","[0, 1468, 12]","[1, 52, 12]","[1, 116, 20]","[0, 52, 22]","[1, 222, 22]","[1, 415, 22]",111
"[1, 60, 0]","[0, 60, 4]","[1, 52, 4]","[1, 1947, 5]","[0, 52, 6]","[0, 52, 6]","[0, 1500, 11]","[1, 52, 11]","[0, 1500, 11]","[1, 52, 11]","[0, 1467, 11]","[1, 52, 11]","[1, 116, 18]","[1, 222, 18]","[1, 415, 18]",111
"[1, 60, 0]","[0, 60, 6]","[1, 52, 6]","[1, 1947, 6]","[0, 52, 8]","[0, 52, 8]","[0, 1500, 12]","[1, 52, 12]","[0, 1500, 12]","[1, 52, 12]","[0, 1467, 12]","[1, 52, 12]","[1, 116, 15]","[0, 52, 16]","[0, 564, 18]",111
"[1, 60, 0]","[0, 60, 4]","[1, 52, 4]","[1, 1947, 5]","[0, 52, 6]","[0, 52, 6]","[0, 1500, 11]","[1, 52, 11]","[0, 1500, 11]","[1, 52, 11]","[0, 1468, 11]","[1, 52, 11]","[1, 116, 24]","[0, 52, 26]","[1, 222, 27]",111
"[1, 60, 0]","[0, 60, 4]","[1, 52, 4]","[1, 1947, 5]","[0, 52, 6]","[0, 52, 7]","[0, 1500, 11]","[1, 52, 11]","[0, 1500, 11]","[1, 52, 11]","[0, 1468, 11]","[1, 52, 11]","[1, 116, 15]","[1, 222, 16]","[0, 52, 16]",111
"[1, 60, 0]","[0, 60, 4]","[1, 52, 4]","[1, 1947, 4]","[0, 52, 5]","[0, 52, 5]","[0, 1500, 11]","[1, 52, 11]","[0, 1500, 11]","[1, 52, 11]","[0, 1466, 11]","[1, 52, 11]","[1, 116, 15]","[1, 222, 15]","[1, 415, 15]",111
"[1, 60, 0]","[0, 60, 4]","[1, 52, 4]","[1, 1947, 5]","[0, 52, 6]","[0, 52, 6]","[0, 1500, 11]","[1, 52, 11]","[0, 1500, 11]","[1, 52, 11]","[0, 1466, 11]","[1, 52, 11]","[1, 116, 19]","[1, 222, 20]","[1, 415, 21]",111
"[1, 60, 0]","[0, 60, 4]","[1, 52, 4]","[1, 1947, 6]","[0, 52, 7]","[0, 1500, 14]","[1, 52, 14]","[0, 1500, 14]","[1, 52, 14]","[0, 1468, 14]","[1, 52, 14]","[1, 116, 18]","[1, 222, 18]","[1, 415, 18]","[0, 52, 19]",111
"[1, 60, 0]","[0, 60, 7]","[1, 52, 7]","[1, 1947, 8]","[0, 52, 10]","[0, 1500, 16]","[1, 52, 16]","[0, 1500, 16]","[1, 52, 16]","[0, 1467, 16]","[1, 52, 16]","[1, 116, 28]","[1, 222, 29]","[1, 415, 29]","[0, 52, 29]",111
"[1, 60, 0]","[0, 60, 4]","[1, 52, 4]","[1, 1947, 5]","[0, 52, 6]","[0, 52, 6]","[0, 1500, 11]","[1, 52, 11]","[0, 1500, 11]","[1, 52, 11]","[0, 1467, 11]","[1, 52, 11]","[1, 116, 16]","[1, 222, 17]","[1, 415, 17]",111
"[1, 60, 0]","[0, 60, 5]","[1, 52, 5]","[1, 1947, 6]","[0, 52, 6]","[0, 52, 7]","[0, 1500, 12]","[1, 52, 12]","[0, 1500, 12]","[1, 52, 12]","[0, 1467, 13]","[1, 52, 13]","[1, 116, 19]","[1, 222, 20]","[1, 415, 20]",111
"[1, 60, 0]","[0, 60, 4]","[1, 52, 4]","[1, 1947, 5]","[0, 52, 6]","[0, 52, 6]","[0, 1500, 11]","[1, 52, 11]","[0, 1500, 11]","[1, 52, 11]","[0, 1467, 11]","[1, 52, 11]","[1, 116, 15]","[1, 222, 16]","[1, 415, 16]",111
"[1, 60, 0]","[0, 60, 5]","[1, 52, 5]","[1, 1947, 6]","[0, 52, 6]","[0, 52, 7]","[0, 1500, 12]","[1, 52, 12]","[0, 1500, 12]","[1, 52, 12]","[0, 1467, 12]","[1, 52, 12]","[1, 116, 17]","[1, 222, 17]","[1, 415, 17]",111
"[1, 60, 0]","[0, 60, 6]","[1, 52, 6]","[1, 1947, 7]","[0, 52, 8]","[0, 52, 8]","[0, 1500, 12]","[1, 52, 12]","[0, 1500, 12]","[1, 52, 12]","[0, 1467, 12]","[1, 52, 12]","[1, 116, 16]","[1, 222, 16]","[1, 415, 17]",111
"[1, 60, 0]","[0, 60, 4]","[1, 52, 4]","[1, 1947, 5]","[0, 52, 6]","[0, 52, 6]","[0, 1500, 11]","[1, 52, 12]","[0, 1500, 12]","[1, 52, 12]","[0, 1468, 12]","[1, 52, 12]","[1, 116, 15]","[1, 222, 16]","[1, 415, 16]",111
"[1, 60, 0]","[0, 60, 20]","[1, 52, 20]","[1, 1947, 22]","[0, 52, 28]","[0, 52, 28]","[0, 1500, 36]","[1, 52, 36]","[0, 1500, 36]","[1, 52, 36]","[0, 1467, 37]","[1, 52, 37]","[1, 116, 42]","[1, 222, 43]","[1, 415, 44]",111
"[1, 60, 0]","[0, 60, 3]","[1, 52, 3]","[1, 1947, 4]","[0, 52, 5]","[0, 1500, 10]","[1, 52, 10]","[0, 1500, 10]","[1, 52, 10]","[0, 1466, 10]","[1, 52, 10]","[1, 116, 14]","[1, 222, 15]","[1, 415, 15]","[0, 52, 15]",111
"[1, 60, 0]","[0, 60, 5]","[1, 52, 5]","[1, 1947, 5]","[0, 52, 6]","[0, 52, 6]","[0, 1500, 12]","[1, 52, 12]","[0, 1500, 13]","[1, 52, 13]","[0, 1467, 13]","[1, 52, 13]","[1, 116, 16]","[1, 222, 16]","[1, 415, 16]",111
"[1, 60, 0]","[0, 60, 5]","[1, 52, 5]","[1, 1947, 6]","[0, 52, 6]","[0, 52, 7]","[0, 1500, 11]","[1, 52, 12]","[0, 1500, 12]","[1, 52, 12]","[0, 1468, 12]","[1, 52, 12]","[1, 116, 15]","[1, 222, 16]","[1, 415, 16]",111
"[1, 60, 0]","[0, 60, 4]","[1, 52, 5]","[1, 1947, 5]","[0, 52, 6]","[0, 52, 6]","[0, 1500, 11]","[1, 52, 11]","[0, 1500, 11]","[1, 52, 11]","[0, 1467, 11]","[1, 52, 11]","[1, 116, 17]","[1, 222, 17]","[1, 415, 17]",111
"[1, 60, 0]","[0, 60, 5]","[1, 52, 5]","[1, 1947, 6]","[0, 52, 6]","[0, 1500, 11]","[1, 52, 11]","[0, 1500, 11]","[1, 52, 11]","[0, 1466, 11]","[1, 52, 11]","[1, 116, 17]","[0, 52, 18]","[1, 222, 18]","[1, 415, 18]",111
"[1, 60, 0]","[0, 60, 4]","[1, 52, 5]","[1, 1947, 6]","[0, 52, 7]","[0, 1500, 11]","[1, 52, 12]","[0, 1500, 12]","[1, 52, 12]","[0, 1468, 12]","[1, 52, 12]","[1, 116, 18]","[1, 222, 19]","[1, 415, 19]","[0, 52, 20]",111
"[1, 60, 0]","[0, 60, 5]","[1, 52, 5]","[1, 1947, 6]","[0, 52, 7]","[0, 52, 7]","[0, 1500, 11]","[1, 52, 11]","[0, 1500, 11]","[1, 52, 11]","[0, 1468, 11]","[1, 52, 11]","[1, 116, 28]","[1, 222, 29]","[1, 415, 29]",111
"[1, 60, 0]","[0, 60, 4]","[1, 52, 4]","[1, 1947, 4]","[0, 52, 6]","[0, 1500, 11]","[1, 52, 11]","[0, 1500, 11]","[1, 52, 11]","[0, 1467, 11]","[1, 52, 11]","[1, 116, 15]","[1, 222, 16]","[1, 415, 16]","[0, 52, 16]",111
"[1, 60, 0]","[0, 60, 3]","[1, 52, 3]","[1, 1947, 5]","[0, 52, 5]","[0, 1500, 10]","[1, 52, 10]","[0, 1500, 10]","[1, 52, 10]","[0, 1467, 10]","[1, 52, 10]","[1, 116, 14]","[1, 222, 14]","[1, 415, 15]","[0, 52, 15]",111
"[1, 60, 0]","[0, 60, 4]","[1, 52, 4]","[1, 1947, 5]","[0, 52, 6]","[0, 1500, 11]","[1, 52, 11]","[0, 1500, 11]","[1, 52, 11]","[0, 1467, 11]","[1, 52, 11]","[1, 116, 16]","[1, 222, 17]","[1, 415, 17]","[0, 52, 18]",111
"[1, 60, 0]","[0, 60, 7]","[1, 52, 7]","[1, 1947, 7]","[0, 52, 8]","[0, 52, 8]","[0, 1500, 14]","[1, 52, 14]","[0, 1500, 14]","[1, 52, 14]","[0, 1466, 14]","[1, 52, 14]","[1, 116, 17]","[1, 222, 17]","[1, 415, 17]",111
"[1, 60, 0]","[0, 60, 9]","[1, 52, 9]","[1, 1947, 10]","[0, 52, 15]","[0, 52, 15]","[0, 1500, 22]","[1, 52, 22]","[0, 1500, 22]","[1, 52, 22]","[0, 1468, 22]","[1, 52, 22]","[1, 116, 26]","[1, 222, 27]","[0, 52, 29]",111
"[1, 60, 0]","[0, 60, 7]","[1, 52, 7]","[1, 1947, 8]","[0, 52, 9]","[0, 1500, 15]","[1, 52, 15]","[0, 1500, 15]","[1, 52, 15]","[0, 1467, 15]","[1, 52, 15]","[1, 116, 18]","[1, 222, 18]","[1, 415, 18]","[0, 52, 18]",111
"[1, 60, 0]","[0, 60, 3]","[1, 52, 4]","[1, 1947, 4]","[0, 52, 5]","[0, 52, 5]","[0, 1500, 10]","[1, 52, 10]","[0, 1500, 10]","[1, 52, 10]","[0, 1468, 10]","[1, 52, 10]","[1, 116, 14]","[1, 222, 15]","[1, 415, 15]",111
"[1, 60, 0]","[0, 60, 4]","[1, 52, 4]","[1, 1947, 5]","[0, 52, 6]","[0, 1500, 11]","[1, 52, 11]","[0, 1500, 11]","[1, 52, 11]","[0, 1467, 11]","[1, 52, 11]","[1, 116, 15]","[1, 222, 15]","[1, 415, 15]","[0, 52, 16]",111
"[1, 60, 0]","[0, 60, 4]","[1, 52, 4]","[1, 1947, 5]","[0, 52, 6]","[0, 1500, 10]","[1, 52, 10]","[0, 1500, 11]","[1, 52, 11]","[0, 1468, 11]","[1, 52, 11]","[1, 116, 14]","[1, 222, 14]","[1, 415, 15]","[0, 52, 15]",111
"[1, 60, 0]","[0, 60, 4]","[1, 52, 4]","[1, 1947, 5]","[0, 52, 6]","[0, 52, 7]","[0, 1500, 13]","[1, 52, 13]","[0, 1500, 14]","[1, 52, 14]","[0, 1465, 14]","[1, 52, 14]","[1, 116, 17]","[1, 222, 18]","[1, 415, 18]",111
"[1, 60, 0]","[0, 60, 4]","[1, 52, 4]","[1, 1947, 5]","[0, 52, 6]","[0, 1500, 11]","[1, 52, 11]","[0, 1500, 11]","[1, 52, 11]","[0, 1467, 11]","[1, 52, 11]","[1, 116, 15]","[1, 222, 15]","[1, 415, 15]","[0, 52, 16]",111
"[1, 60, 0]","[0, 60, 4]","[1, 52, 4]","[1, 1947, 4]","[0, 52, 5]","[0, 1500, 11]","[1, 52, 11]","[0, 1500, 11]","[1, 52, 11]","[0, 1467, 11]","[1, 52, 11]","[1, 116, 15]","[1, 222, 16]","[1, 415, 16]","[0, 52, 16]",111
"[1, 60, 0]","[0, 60, 4]","[1, 52, 4]","[1, 1947, 4]","[0, 52, 5]","[0, 52, 5]","[0, 1500, 10]","[1, 52, 10]","[0, 1500, 11]","[1, 52, 11]","[0, 1466, 11]","[1, 52, 11]","[1, 116, 13]","[1, 222, 14]","[1, 415, 14]",111
"[1, 60, 0]","[0, 60, 4]","[1, 52, 4]","[1, 1947, 5]","[0, 52, 6]","[0, 1500, 11]","[1, 52, 11]","[0, 1500, 11]","[1, 52, 11]","[0, 1467, 11]","[1, 52, 11]","[1, 116, 15]","[1, 222, 15]","[1, 415, 15]","[0, 52, 16]",111
"[1, 60, 0]","[0, 60, 4]","[1, 52, 4]","[1, 1947, 5]","[0, 52, 6]","[0, 1500, 11]","[1, 52, 11]","[0, 1500, 11]","[1, 52, 11]","[0, 1466, 11]","[1, 52, 11]","[1, 116, 14]","[1, 222, 15]","[1, 415, 15]","[0, 52, 15]",111
"[1, 60, 0]","[0, 60, 4]","[1, 52, 4]","[1, 1947, 5]","[0, 52, 6]","[0, 52, 7]","[0, 1500, 12]","[1, 52, 12]","[0, 1500, 12]","[1, 52, 12]","[0, 1468, 12]","[1, 52, 12]","[1, 116, 15]","[1, 222, 16]","[1, 415, 16]",111
"[1, 60, 0]","[0, 60, 4]","[1, 52, 4]","[1, 1947, 5]","[0, 52, 6]","[0, 1500, 12]","[1, 52, 12]","[0, 1500, 12]","[1, 52, 12]","[0, 1467, 12]","[1, 52, 12]","[1, 116, 16]","[1, 222, 17]","[1, 415, 17]","[0, 52, 17]",111
"[1, 60, 0]","[0, 60, 4]","[1, 52, 4]","[1, 1947, 4]","[0, 52, 5]","[0, 52, 5]","[0, 1500, 10]","[1, 52, 10]","[0, 1500, 10]","[1, 52, 10]","[0, 1467, 10]","[1, 52, 10]","[1, 116, 13]","[1, 222, 13]","[1, 415, 13]",111
"[1, 60, 0]","[0, 60, 3]","[1, 52, 3]","[1, 1947, 4]","[0, 52, 4]","[0, 1500, 8]","[1, 52, 8]","[0, 1500, 8]","[1, 52, 8]","[0, 1467, 8]","[1, 52, 8]","[1, 116, 11]","[1, 222, 12]","[1, 415, 12]","[0, 52, 12]",111
"[1, 60, 0]","[0, 60, 3]","[1, 52, 3]","[1, 1947, 5]","[0, 52, 6]","[0, 1500, 10]","[1, 52, 10]","[0, 1500, 10]","[0, 1467, 10]","[1, 52, 10]","[1, 52, 10]","[1, 116, 14]","[1, 222, 14]","[1, 415, 14]","[0, 52, 15]",111
"[1, 60, 0]","[0, 60, 4]","[1, 52, 4]","[1, 1947, 6]","[0, 52, 7]","[0, 1500, 12]","[1, 52, 12]","[0, 1500, 12]","[1, 52, 12]","[0, 1467, 12]","[1, 52, 12]","[1, 116, 16]","[1, 222, 17]","[1, 415, 17]","[0, 52, 17]",111
"[1, 60, 0]","[0, 60, 4]","[1, 52, 4]","[1, 1947, 5]","[0, 52, 6]","[0, 52, 6]","[0, 1500, 10]","[1, 52, 10]","[0, 1500, 10]","[1, 52, 10]","[0, 1468, 10]","[1, 52, 10]","[1, 116, 14]","[1, 222, 14]","[1, 415, 14]",111
"[1, 60, 0]","[0, 60, 9]","[1, 52, 9]","[1, 1947, 10]","[0, 52, 11]","[0, 1500, 16]","[1, 52, 16]","[0, 1500, 16]","[1, 52, 17]","[0, 1467, 17]","[1, 52, 17]","[1, 116, 22]","[1, 222, 22]","[1, 415, 22]","[0, 52, 23]",111
"[1, 60, 0]","[0, 60, 5]","[1, 52, 5]","[1, 1947, 6]","[0, 52, 8]","[0, 1500, 12]","[1, 52, 12]","[0, 1500, 12]","[1, 52, 12]","[0, 1467, 13]","[1, 52, 13]","[1, 116, 18]","[1, 222, 19]","[1, 415, 19]","[0, 52, 20]",111
"[1, 60, 0]","[0, 60, 4]","[1, 52, 5]","[1, 1947, 6]","[0, 52, 7]","[0, 1500, 11]","[1, 52, 11]","[0, 1500, 11]","[1, 52, 11]","[0, 1467, 11]","[1, 52, 11]","[1, 116, 15]","[1, 222, 16]","[1, 415, 16]","[0, 52, 16]",111
"[1, 60, 0]","[0, 60, 4]","[1, 52, 4]","[1, 1947, 5]","[0, 52, 6]","[0, 1500, 10]","[1, 52, 10]","[0, 1500, 11]","[1, 52, 11]","[0, 1466, 11]","[1, 52, 11]","[1, 116, 14]","[1, 222, 14]","[0, 52, 14]","[1, 415, 14]",111
"[1, 60, 0]","[0, 60, 5]","[1, 52, 5]","[1, 1947, 6]","[0, 52, 7]","[0, 1500, 12]","[1, 52, 12]","[0, 1500, 12]","[1, 52, 12]","[0, 1467, 12]","[1, 52, 12]","[1, 116, 17]","[1, 222, 18]","[1, 415, 18]","[0, 52, 18]",111
"[1, 60, 0]","[0, 60, 3]","[1, 52, 3]","[1, 1947, 4]","[0, 52, 5]","[0, 1500, 9]","[1, 52, 9]","[0, 1500, 9]","[1, 52, 9]","[0, 1467, 9]","[1, 52, 9]","[1, 116, 13]","[1, 222, 14]","[1, 415, 14]","[0, 52, 14]",111
"[1, 60, 0]","[0, 60, 3]","[1, 52, 3]","[1, 1947, 5]","[0, 52, 6]","[0, 52, 6]","[0, 1500, 11]","[1, 52, 11]","[0, 1500, 11]","[1, 52, 11]","[0, 1467, 11]","[1, 52, 11]","[1, 116, 16]","[1, 222, 17]","[1, 415, 17]",111
"[1, 60, 0]","[0, 60, 4]","[1, 52, 4]","[1, 1947, 5]","[0, 52, 6]","[0, 52, 6]","[0, 1500, 10]","[1, 52, 10]","[0, 1500, 10]","[1, 52, 10]","[0, 1467, 10]","[1, 52, 10]","[1, 116, 15]","[1, 222, 15]","[1, 415, 15]",111
"[1, 60, 0]","[0, 60, 4]","[1, 52, 4]","[1, 1947, 4]","[0, 52, 5]","[0, 1500, 10]","[1, 52, 10]","[0, 1500, 10]","[1, 52, 10]","[0, 1466, 10]","[1, 52, 10]","[1, 116, 14]","[1, 222, 14]","[1, 415, 14]","[0, 52, 15]",111
"[1, 60, 0]","[0, 60, 5]","[1, 52, 5]","[1, 1947, 5]","[0, 52, 7]","[0, 1500, 11]","[1, 52, 11]","[0, 1500, 11]","[1, 52, 11]","[0, 1468, 11]","[1, 52, 11]","[1, 116, 13]","[1, 222, 14]","[1, 415, 14]","[0, 52, 15]",111
"[1, 60, 0]","[0, 60, 3]","[1, 52, 3]","[1, 1947, 4]","[0, 52, 4]","[0, 52, 5]","[0, 1500, 9]","[1, 52, 9]","[0, 1500, 10]","[1, 52, 10]","[0, 1467, 10]","[1, 52, 10]","[1, 116, 13]","[1, 222, 13]","[1, 415, 13]",111
"[1, 60, 0]","[0, 60, 4]","[1, 52, 4]","[1, 1947, 5]","[0, 52, 7]","[0, 52, 9]","[0, 1500, 12]","[1, 52, 12]","[0, 1500, 12]","[1, 52, 12]","[0, 1466, 12]","[1, 52, 12]","[1, 116, 15]","[1, 222, 16]","[1, 415, 16]",111
"[1, 60, 0]","[0, 60, 4]","[1, 52, 4]","[1, 1947, 4]","[0, 52, 5]","[0, 52, 5]","[0, 1500, 10]","[1, 52, 10]","[0, 1500, 10]","[1, 52, 10]","[0, 1468, 10]","[1, 52, 10]","[1, 116, 14]","[1, 222, 14]","[0, 52, 14]",111
"[1, 60, 0]","[0, 60, 4]","[1, 52, 4]","[1, 1947, 5]","[0, 52, 6]","[0, 52, 6]","[0, 1500, 12]","[1, 52, 12]","[0, 1500, 12]","[1, 52, 12]","[0, 1468, 12]","[1, 52, 12]","[1, 116, 14]","[1, 222, 15]","[1, 415, 15]",111
"[1, 60, 0]","[0, 60, 4]","[1, 52, 4]","[1, 1947, 5]","[0, 52, 6]","[0, 52, 6]","[0, 1500, 11]","[1, 52, 11]","[0, 1500, 11]","[1, 52, 11]","[0, 1466, 11]","[1, 52, 11]","[1, 116, 13]","[1, 222, 14]","[1, 415, 14]",111
"[1, 60, 0]","[0, 60, 5]","[1, 52, 5]","[1, 1947, 5]","[0, 52, 6]","[0, 1500, 12]","[1, 52, 12]","[0, 1500, 12]","[1, 52, 12]","[0, 1467, 12]","[1, 52, 12]","[1, 116, 17]","[1, 222, 17]","[1, 415, 17]","[0, 52, 18]",111
"[1, 60, 0]","[0, 60, 4]","[1, 52, 4]","[1, 1947, 5]","[0, 52, 7]","[0, 1500, 13]","[1, 52, 13]","[0, 1500, 14]","[1, 52, 14]","[0, 1468, 14]","[1, 52, 14]","[1, 116, 16]","[1, 222, 17]","[1, 415, 17]","[0, 52, 17]",111
"[1, 60, 0]","[0, 60, 4]","[1, 52, 4]","[1, 1947, 5]","[0, 52, 5]","[0, 1500, 9]","[1, 52, 9]","[0, 1500, 10]","[1, 52, 10]","[0, 1466, 10]","[1, 52, 10]","[1, 116, 14]","[0, 52, 15]","[1, 222, 15]","[1, 415, 16]",111
"[1, 60, 0]","[0, 60, 4]","[1, 52, 4]","[1, 1947, 5]","[0, 52, 6]","[0, 52, 7]","[0, 1500, 10]","[1, 52, 10]","[0, 1500, 10]","[1, 52, 10]","[0, 1468, 10]","[1, 52, 10]","[1, 116, 15]","[0, 52, 16]","[1, 222, 16]",111
"[1, 60, 0]","[0, 60, 4]","[1, 52, 4]","[1, 1947, 5]","[0, 52, 5]","[0, 1500, 10]","[1, 52, 10]","[0, 1500, 10]","[1, 52, 10]","[0, 1466, 10]","[1, 52, 10]","[1, 116, 13]","[1, 222, 13]","[1, 415, 13]","[0, 52, 14]",111
"[1, 60, 0]","[0, 60, 3]","[1, 52, 3]","[1, 1947, 4]","[0, 52, 5]","[0, 52, 5]","[0, 1500, 11]","[1, 52, 11]","[0, 1500, 11]","[1, 52, 11]","[0, 1467, 11]","[1, 52, 11]","[1, 116, 15]","[1, 222, 16]","[1, 415, 16]",111
"[1, 60, 0]","[0, 60, 4]","[1, 52, 4]","[1, 1947, 5]","[0, 52, 6]","[0, 52, 6]","[0, 1500, 11]","[1, 52, 11]","[0, 1500, 11]","[1, 52, 11]","[0, 1466, 11]","[1, 52, 11]","[1, 116, 15]","[1, 222, 15]","[0, 52, 16]",111
"[1, 60, 0]","[0, 60, 5]","[1, 52, 5]","[1, 1947, 6]","[0, 52, 6]","[0, 52, 6]","[0, 1500, 12]","[1, 52, 12]","[0, 1500, 12]","[1, 52, 12]","[0, 1467, 12]","[1, 52, 12]","[1, 116, 15]","[1, 222, 15]","[1, 415, 15]",111
"[1, 60, 0]","[0, 60, 5]","[1, 52, 5]","[1, 1947, 5]","[0, 52, 6]","[0, 52, 6]","[0, 1500, 10]","[1, 52, 10]","[0, 1500, 10]","[1, 52, 10]","[0, 1466, 10]","[1, 52, 10]","[1, 116, 14]","[1, 222, 14]","[1, 415, 14]",111
"[1, 60, 0]","[0, 60, 3]","[1, 52, 3]","[1, 1947, 3]","[0, 52, 4]","[0, 52, 4]","[0, 1500, 9]","[1, 52, 9]","[0, 1500, 9]","[1, 52, 9]","[0, 1468, 9]","[1, 52, 9]","[1, 116, 12]","[1, 222, 12]","[1, 415, 13]",111
"[1, 60, 0]","[0, 60, 4]","[1, 52, 4]","[1, 1947, 5]","[0, 52, 6]","[0, 52, 6]","[0, 1500, 10]","[1, 52, 11]","[0, 1500, 11]","[1, 52, 11]","[0, 1467, 11]","[1, 52, 11]","[1, 116, 16]","[1, 222, 17]","[1, 415, 17]",111
"[1, 60, 0]","[0, 60, 4]","[1, 52, 4]","[1, 1947, 4]","[0, 52, 5]","[0, 52, 5]","[0, 1500, 9]","[1, 52, 9]","[0, 1500, 9]","[1, 52, 9]","[0, 1466, 9]","[1, 52, 9]","[1, 116, 13]","[1, 222, 13]","[1, 415, 13]",111
"[1, 60, 0]","[0, 60, 5]","[1, 52, 5]","[1, 1947, 5]","[0, 52, 6]","[0, 52, 6]","[0, 1500, 12]","[1, 52, 12]","[0, 1500, 12]","[1, 52, 12]","[0, 1468, 13]","[1, 52, 13]","[1, 116, 15]","[1, 222, 16]","[1, 415, 16]",111
"[1, 60, 0]","[0, 60, 4]","[1, 52, 4]","[1, 1962, 7]","[0, 52, 8]","[0, 52, 8]","[0, 1500, 13]","[1, 52, 14]","[0, 1500, 14]","[1, 52, 14]","[0, 665, 14]","[1, 52, 14]","[1, 116, 21]","[0, 52, 22]","[1, 144, 22]",112
"[1, 60, 0]","[0, 60, 4]","[1, 52, 4]","[1, 1962, 4]","[0, 52, 6]","[0, 1500, 10]","[1, 52, 10]","[0, 1500, 10]","[1, 52, 10]","[0, 663, 11]","[1, 52, 11]","[1, 116, 16]","[1, 144, 17]","[1, 380, 17]","[0, 52, 18]",112
"[1, 60, 0]","[0, 60, 5]","[1, 52, 5]","[1, 1962, 5]","[0, 52, 6]","[0, 1500, 12]","[1, 52, 13]","[0, 1500, 13]","[1, 52, 13]","[0, 665, 13]","[1, 52, 13]","[1, 116, 18]","[1, 144, 19]","[1, 380, 19]","[0, 52, 20]",112
"[1, 60, 0]","[0, 60, 4]","[1, 52, 4]","[1, 1962, 5]","[0, 52, 6]","[0, 52, 6]","[0, 1500, 13]","[1, 52, 13]","[0, 1500, 13]","[1, 52, 13]","[0, 664, 13]","[1, 52, 13]","[1, 116, 17]","[1, 144, 17]","[1, 380, 17]",112
"[1, 60, 0]","[0, 60, 4]","[1, 52, 4]","[1, 1962, 5]","[0, 52, 5]","[0, 52, 5]","[0, 1500, 11]","[1, 52, 11]","[0, 1500, 11]","[1, 52, 11]","[0, 663, 11]","[1, 52, 11]","[1, 116, 15]","[1, 144, 15]","[1, 380, 15]",112
"[1, 60, 0]","[0, 60, 7]","[1, 52, 7]","[1, 1962, 7]","[0, 52, 8]","[0, 1500, 14]","[1, 52, 14]","[0, 1500, 14]","[1, 52, 14]","[0, 664, 14]","[1, 52, 14]","[1, 116, 18]","[1, 144, 18]","[1, 380, 18]","[0, 52, 19]",112
"[1, 60, 0]","[0, 60, 3]","[1, 52, 3]","[1, 1962, 4]","[0, 52, 5]","[0, 52, 5]","[0, 1500, 10]","[1, 52, 10]","[0, 1500, 10]","[1, 52, 10]","[0, 664, 10]","[1, 52, 10]","[1, 116, 15]","[0, 52, 16]","[1, 144, 16]",112
"[1, 60, 0]","[0, 60, 4]","[1, 52, 4]","[1, 1962, 5]","[0, 52, 6]","[0, 1500, 11]","[1, 52, 11]","[0, 1500, 11]","[1, 52, 11]","[0, 664, 11]","[1, 52, 11]","[1, 116, 16]","[1, 144, 16]","[1, 380, 16]","[0, 52, 17]",112
"[1, 60, 0]","[0, 60, 4]","[1, 52, 4]","[1, 1962, 5]","[0, 52, 6]","[0, 1500, 9]","[1, 52, 9]","[0, 1500, 9]","[1, 52, 9]","[0, 664, 9]","[1, 52, 9]","[1, 116, 13]","[1, 144, 14]","[1, 380, 14]","[0, 52, 14]",112
"[1, 60, 0]","[0, 60, 4]","[1, 52, 4]","[1, 1962, 5]","[0, 52, 6]","[0, 52, 7]","[0, 1500, 11]","[1, 52, 11]","[0, 1500, 11]","[1, 52, 11]","[0, 663, 11]","[1, 52, 11]","[1, 116, 15]","[1, 144, 15]","[1, 380, 16]",112
"[1, 60, 0]","[0, 60, 4]","[1, 52, 4]","[1, 1962, 4]","[0, 52, 5]","[0, 1500, 11]","[1, 52, 12]","[0, 1500, 12]","[1, 52, 12]","[0, 664, 12]","[1, 52, 12]","[1, 116, 17]","[1, 144, 17]","[1, 380, 18]","[0, 52, 18]",112
"[1, 60, 0]","[0, 60, 4]","[1, 52, 4]","[1, 1962, 4]","[0, 52, 5]","[0, 1500, 11]","[1, 52, 11]","[0, 1500, 11]","[1, 52, 11]","[0, 664, 11]","[1, 52, 11]","[1, 116, 17]","[1, 144, 17]","[1, 380, 17]","[0, 52, 17]",112
"[1, 60, 0]","[0, 60, 4]","[1, 52, 4]","[1, 1962, 5]","[0, 52, 6]","[0, 1500, 11]","[1, 52, 11]","[0, 1500, 11]","[0, 663, 11]","[1, 52, 11]","[1, 52, 11]","[1, 116, 15]","[1, 144, 16]","[1, 380, 16]","[0, 52, 16]",112
"[1, 60, 0]","[0, 60, 4]","[1, 52, 4]","[1, 1962, 4]","[0, 52, 5]","[0, 52, 6]","[0, 1500, 10]","[1, 52, 10]","[0, 1500, 10]","[1, 52, 10]","[0, 664, 10]","[1, 52, 10]","[1, 116, 14]","[1, 144, 15]","[0, 52, 15]",112
"[1, 60, 0]","[0, 60, 4]","[1, 52, 4]","[1, 1962, 4]","[0, 52, 6]","[0, 52, 6]","[0, 1500, 11]","[1, 52, 11]","[0, 1500, 11]","[1, 52, 11]","[0, 665, 12]","[1, 52, 12]","[1, 116, 15]","[1, 144, 16]","[1, 380, 16]",112
"[1, 60, 0]","[0, 60, 4]","[1, 52, 4]","[1, 1962, 5]","[0, 52, 6]","[0, 52, 6]","[0, 1500, 11]","[1, 52, 11]","[0, 1500, 11]","[1, 52, 11]","[0, 663, 11]","[1, 52, 11]","[1, 116, 17]","[1, 144, 18]","[1, 380, 18]",112
"[1, 60, 0]","[0, 60, 18]","[1, 52, 18]","[1, 1962, 19]","[0, 52, 32]","[0, 52, 32]","[0, 1500, 42]","[1, 52, 42]","[0, 1500, 42]","[1, 52, 42]","[0, 664, 42]","[1, 52, 42]","[1, 116, 47]","[1, 144, 48]","[1, 380, 49]",112
"[1, 60, 0]","[0, 60, 5]","[1, 52, 5]","[1, 1962, 6]","[0, 52, 7]","[0, 1500, 12]","[1, 52, 12]","[0, 1500, 12]","[1, 52, 12]","[0, 664, 12]","[1, 52, 12]","[1, 116, 18]","[1, 144, 19]","[1, 380, 19]","[0, 52, 20]",112
"[1, 60, 0]","[0, 60, 4]","[1, 52, 4]","[1, 1962, 5]","[0, 52, 5]","[0, 1500, 9]","[1, 52, 10]","[0, 1500, 10]","[1, 52, 10]","[0, 664, 10]","[1, 52, 10]","[1, 116, 14]","[1, 144, 15]","[1, 380, 15]","[0, 52, 15]",112
"[1, 60, 0]","[0, 60, 5]","[1, 52, 5]","[1, 1962, 6]","[0, 52, 7]","[0, 52, 7]","[0, 1500, 11]","[1, 52, 12]","[0, 1500, 12]","[1, 52, 12]","[0, 663, 12]","[1, 52, 12]","[1, 116, 17]","[0, 52, 18]","[1, 144, 18]",112
"[1, 60, 0]","[0, 60, 6]","[1, 52, 6]","[1, 1962, 6]","[0, 52, 8]","[0, 1500, 11]","[1, 52, 12]","[0, 1500, 12]","[1, 52, 12]","[0, 665, 12]","[1, 52, 12]","[1, 116, 15]","[1, 144, 16]","[1, 380, 16]","[0, 52, 16]",112
"[1, 60, 0]","[0, 60, 3]","[1, 52, 3]","[1, 1962, 3]","[0, 52, 5]","[0, 52, 5]","[0, 1500, 11]","[1, 52, 11]","[0, 1500, 11]","[1, 52, 11]","[0, 664, 11]","[1, 52, 11]","[1, 116, 14]","[1, 144, 15]","[1, 380, 15]",112
"[1, 60, 0]","[0, 60, 4]","[1, 52, 4]","[1, 1962, 5]","[0, 52, 6]","[0, 1500, 12]","[1, 52, 12]","[0, 1500, 12]","[1, 52, 12]","[0, 664, 12]","[1, 52, 12]","[1, 116, 17]","[1, 144, 17]","[1, 380, 17]","[0, 52, 19]",112
"[1, 60, 0]","[0, 60, 5]","[1, 52, 5]","[1, 1962, 6]","[0, 52, 7]","[0, 52, 7]","[0, 1500, 12]","[1, 52, 12]","[0, 1500, 13]","[1, 52, 13]","[0, 665, 13]","[1, 52, 13]","[1, 116, 22]","[1, 144, 23]","[1, 380, 23]",112
"[1, 60, 0]","[0, 60, 3]","[1, 52, 3]","[1, 1962, 4]","[0, 52, 5]","[0, 1500, 10]","[1, 52, 10]","[0, 1500, 10]","[1, 52, 10]","[0, 664, 10]","[1, 52, 10]","[1, 116, 15]","[1, 144, 15]","[1, 380, 16]","[0, 52, 16]",112
"[1, 60, 0]","[0, 60, 4]","[1, 52, 4]","[1, 1962, 4]","[0, 52, 5]","[0, 1500, 10]","[1, 52, 10]","[0, 1500, 10]","[0, 663, 10]","[1, 52, 10]","[1, 52, 10]","[1, 116, 14]","[1, 144, 15]","[1, 380, 15]","[0, 52, 15]",112
"[1, 60, 0]","[0, 60, 5]","[1, 52, 5]","[1, 1962, 6]","[0, 52, 7]","[0, 52, 7]","[0, 1500, 13]","[1, 52, 13]","[0, 1500, 13]","[1, 52, 13]","[0, 664, 13]","[1, 52, 13]","[1, 116, 18]","[1, 144, 19]","[1, 380, 19]",112
"[1, 60, 0]","[0, 60, 4]","[1, 52, 4]","[1, 1962, 4]","[0, 52, 5]","[0, 52, 5]","[0, 1500, 10]","[1, 52, 10]","[0, 1500, 10]","[1, 52, 10]","[0, 664, 10]","[1, 52, 10]","[1, 116, 16]","[0, 52, 17]","[1, 144, 18]",112
"[1, 60, 0]","[0, 60, 5]","[1, 52, 5]","[1, 1962, 5]","[0, 52, 6]","[0, 1500, 10]","[1, 52, 10]","[0, 1500, 10]","[1, 52, 10]","[0, 663, 10]","[1, 52, 10]","[1, 116, 15]","[1, 144, 15]","[1, 380, 15]","[0, 52, 17]",112
"[1, 60, 0]","[0, 60, 4]","[1, 52, 4]","[1, 1962, 5]","[0, 52, 6]","[0, 1500, 10]","[1, 52, 10]","[0, 1500, 10]","[1, 52, 10]","[0, 663, 10]","[1, 52, 10]","[1, 116, 14]","[1, 144, 14]","[1, 380, 15]","[0, 52, 15]",112
"[1, 60, 0]","[0, 60, 6]","[1, 52, 6]","[1, 1962, 6]","[0, 52, 7]","[0, 1500, 13]","[1, 52, 13]","[0, 1500, 13]","[1, 52, 13]","[0, 665, 13]","[1, 52, 13]","[1, 116, 16]","[1, 144, 16]","[1, 380, 16]","[0, 52, 16]",112
"[1, 60, 0]","[0, 60, 12]","[1, 52, 12]","[1, 1962, 13]","[0, 52, 20]","[0, 52, 20]","[0, 1500, 28]","[1, 52, 28]","[0, 1500, 28]","[1, 52, 28]","[0, 664, 28]","[1, 52, 28]","[1, 116, 34]","[1, 144, 34]","[1, 380, 35]",112
"[1, 60, 0]","[0, 60, 4]","[1, 52, 4]","[1, 1962, 4]","[0, 52, 6]","[0, 52, 6]","[0, 1500, 10]","[1, 52, 10]","[0, 1500, 10]","[1, 52, 10]","[0, 664, 10]","[1, 52, 10]","[1, 116, 14]","[1, 144, 14]","[1, 380, 14]",112
"[1, 60, 0]","[0, 60, 4]","[1, 52, 4]","[1, 1962, 4]","[0, 52, 6]","[0, 52, 6]","[0, 1500, 10]","[1, 52, 10]","[0, 1500, 10]","[1, 52, 10]","[0, 665, 11]","[1, 52, 11]","[1, 116, 13]","[1, 144, 14]","[1, 380, 14]",112
"[1, 60, 0]","[0, 60, 5]","[1, 52, 5]","[1, 1962, 5]","[0, 52, 6]","[0, 1500, 12]","[1, 52, 12]","[0, 1500, 12]","[1, 52, 12]","[0, 664, 12]","[1, 52, 12]","[1, 116, 18]","[1, 144, 19]","[0, 52, 19]","[1, 380, 19]",112
"[1, 60, 0]","[0, 60, 8]","[1, 52, 8]","[1, 1962, 9]","[0, 52, 9]","[0, 52, 10]","[0, 1500, 14]","[1, 52, 14]","[0, 1500, 14]","[1, 52, 14]","[0, 663, 14]","[1, 52, 14]","[1, 116, 18]","[1, 144, 18]","[1, 380, 18]",112
"[1, 60, 0]","[0, 60, 4]","[1, 52, 5]","[1, 1962, 6]","[0, 52, 6]","[0, 1500, 11]","[1, 52, 11]","[0, 1500, 11]","[1, 52, 11]","[0, 663, 11]","[1, 52, 11]","[1, 116, 16]","[1, 144, 17]","[1, 380, 17]","[0, 52, 18]",112
"[1, 60, 0]","[0, 60, 5]","[1, 52, 5]","[1, 1962, 6]","[0, 52, 7]","[0, 1500, 12]","[1, 52, 12]","[0, 1500, 12]","[1, 52, 12]","[0, 664, 12]","[1, 52, 12]","[1, 116, 18]","[1, 144, 19]","[1, 380, 19]","[0, 52, 19]",112
"[1, 60, 0]","[0, 60, 4]","[1, 52, 4]","[1, 1962, 5]","[0, 52, 5]","[0, 1500, 11]","[1, 52, 11]","[0, 1500, 11]","[1, 52, 11]","[0, 663, 11]","[1, 52, 11]","[1, 116, 16]","[1, 144, 17]","[1, 380, 17]","[0, 52, 18]",112
"[1, 60, 0]","[0, 60, 4]","[1, 52, 4]","[1, 1962, 5]","[0, 52, 5]","[0, 1500, 13]","[1, 52, 13]","[0, 1500, 13]","[1, 52, 13]","[0, 664, 13]","[1, 52, 13]","[1, 116, 16]","[1, 144, 16]","[1, 380, 16]","[0, 52, 17]",112
"[1, 60, 0]","[0, 60, 4]","[1, 52, 4]","[1, 1962, 5]","[0, 52, 6]","[0, 1500, 10]","[1, 52, 10]","[0, 1500, 11]","[1, 52, 11]","[0, 664, 11]","[1, 52, 11]","[1, 116, 13]","[1, 144, 14]","[1, 380, 14]","[0, 52, 14]",112
"[1, 60, 0]","[0, 60, 5]","[1, 52, 5]","[1, 1962, 5]","[0, 52, 6]","[0, 1500, 13]","[1, 52, 13]","[0, 1500, 13]","[1, 52, 13]","[0, 664, 13]","[1, 52, 13]","[1, 116, 16]","[0, 52, 17]","[1, 144, 17]","[1, 380, 17]",112
"[1, 60, 0]","[0, 60, 3]","[1, 52, 3]","[1, 1962, 4]","[0, 52, 6]","[0, 1500, 10]","[1, 52, 10]","[0, 1500, 11]","[1, 52, 11]","[0, 664, 11]","[1, 52, 11]","[1, 116, 14]","[1, 144, 15]","[1, 380, 15]","[0, 52, 16]",112
"[1, 60, 0]","[0, 60, 7]","[1, 52, 7]","[1, 1962, 9]","[0, 52, 10]","[0, 52, 10]","[0, 1500, 15]","[1, 52, 15]","[0, 1500, 15]","[1, 52, 15]","[0, 665, 15]","[1, 52, 15]","[1, 116, 20]","[1, 144, 21]","[0, 52, 21]",112
"[1, 60, 0]","[0, 60, 3]","[1, 52, 3]","[1, 1962, 4]","[0, 52, 4]","[0, 52, 5]","[0, 1500, 11]","[1, 52, 11]","[0, 1500, 11]","[0, 664, 11]","[1, 52, 11]","[1, 52, 11]","[1, 116, 15]","[1, 144, 16]","[1, 380, 16]",112
"[1, 60, 0]","[0, 60, 5]","[1, 52, 5]","[1, 1962, 6]","[0, 52, 7]","[0, 1500, 11]","[1, 52, 11]","[0, 1500, 11]","[1, 52, 11]","[0, 664, 11]","[1, 52, 11]","[1, 116, 15]","[1, 144, 15]","[1, 380, 16]","[0, 52, 16]",112
"[1, 60, 0]","[0, 60, 3]","[1, 52, 4]","[1, 1962, 4]","[0, 52, 4]","[0, 1500, 9]","[1, 52, 9]","[0, 1500, 9]","[1, 52, 9]","[0, 664, 9]","[1, 52, 9]","[1, 116, 14]","[0, 52, 15]","[1, 144, 15]","[1, 380, 15]",112
"[1, 60, 0]","[0, 60, 17]","[1, 52, 17]","[1, 1962, 18]","[0, 52, 24]","[0, 52, 24]","[0, 1500, 34]","[1, 52, 35]","[0, 1500, 35]","[1, 52, 35]","[0, 664, 35]","[1, 52, 35]","[1, 116, 41]","[1, 144, 42]","[1, 380, 43]",112
"[1, 60, 0]","[0, 60, 4]","[1, 52, 4]","[1, 1962, 5]","[0, 52, 5]","[0, 1500, 10]","[1, 52, 10]","[0, 1500, 10]","[1, 52, 10]","[0, 663, 10]","[1, 52, 10]","[1, 116, 14]","[1, 144, 14]","[1, 380, 15]","[0, 52, 15]",112
"[1, 60, 0]","[0, 60, 4]","[1, 52, 4]","[1, 1962, 5]","[0, 52, 5]","[0, 1500, 10]","[1, 52, 11]","[0, 1500, 11]","[1, 52, 11]","[0, 664, 11]","[1, 52, 11]","[1, 116, 14]","[1, 144, 14]","[1, 380, 14]","[0, 52, 15]",112
"[1, 60, 0]","[0, 60, 5]","[1, 52, 5]","[1, 1962, 5]","[0, 52, 6]","[0, 52, 6]","[0, 1500, 12]","[1, 52, 12]","[0, 1500, 12]","[1, 52, 12]","[0, 664, 12]","[1, 52, 12]","[1, 116, 15]","[1, 144, 15]","[1, 380, 15]",112
"[1, 60, 0]","[0, 60, 5]","[1, 52, 5]","[1, 1962, 5]","[0, 52, 6]","[0, 52, 6]","[0, 1500, 14]","[1, 52, 14]","[0, 1500, 15]","[1, 52, 15]","[0, 664, 15]","[1, 52, 15]","[1, 116, 19]","[1, 144, 20]","[1, 380, 20]",112
"[1, 60, 0]","[0, 60, 5]","[1, 52, 5]","[1, 1962, 6]","[0, 52, 7]","[0, 1500, 13]","[1, 52, 13]","[0, 1500, 13]","[1, 52, 13]","[0, 663, 13]","[1, 52, 13]","[1, 116, 19]","[0, 52, 20]","[1, 144, 20]","[1, 380, 20]",112
"[1, 60, 0]","[0, 60, 6]","[1, 52, 6]","[1, 1962, 6]","[0, 52, 7]","[0, 1500, 12]","[1, 52, 12]","[0, 1500, 12]","[1, 52, 12]","[0, 664, 13]","[1, 52, 13]","[1, 116, 17]","[1, 144, 18]","[1, 380, 18]","[0, 52, 18]",112
"[1, 60, 0]","[0, 60, 4]","[1, 52, 4]","[1, 1962, 4]","[0, 52, 5]","[0, 1500, 10]","[1, 52, 10]","[0, 1500, 11]","[1, 52, 11]","[0, 664, 11]","[1, 52, 11]","[1, 116, 15]","[1, 144, 15]","[1, 380, 15]","[0, 52, 16]",112
"[1, 60, 0]","[0, 60, 4]","[1, 52, 4]","[1, 1962, 4]","[0, 52, 5]","[0, 1500, 10]","[1, 52, 10]","[0, 1500, 10]","[1, 52, 10]","[0, 664, 10]","[1, 52, 10]","[1, 116, 14]","[1, 144, 16]","[1, 380, 16]","[0, 52, 16]",112
"[1, 60, 0]","[0, 60, 4]","[1, 52, 4]","[1, 1962, 4]","[0, 52, 5]","[0, 1500, 9]","[1, 52, 9]","[0, 1500, 9]","[1, 52, 9]","[0, 664, 9]","[1, 52, 9]","[1, 116, 12]","[1, 144, 13]","[0, 52, 13]","[1, 380, 13]",112
"[1, 60, 0]","[0, 60, 4]","[1, 52, 4]","[1, 1962, 4]","[0, 52, 5]","[0, 1500, 10]","[1, 52, 10]","[0, 1500, 10]","[1, 52, 10]","[0, 663, 10]","[1, 52, 10]","[1, 116, 14]","[1, 144, 15]","[1, 380, 15]","[0, 52, 15]",112
"[1, 60, 0]","[0, 60, 4]","[1, 52, 4]","[1, 1962, 5]","[0, 52, 6]","[0, 1500, 11]","[1, 52, 11]","[0, 1500, 12]","[1, 52, 12]","[0, 665, 12]","[1, 52, 12]","[1, 116, 15]","[1, 144, 15]","[1, 380, 15]","[0, 52, 16]",112
"[1, 60, 0]","[0, 60, 16]","[1, 52, 16]","[1, 1962, 17]","[0, 52, 22]","[0, 52, 22]","[0, 1500, 30]","[1, 52, 30]","[0, 1500, 30]","[1, 52, 30]","[0, 665, 30]","[1, 52, 30]","[1, 116, 36]","[1, 144, 37]","[1, 380, 37]",112
"[1, 60, 0]","[0, 60, 3]","[1, 52, 3]","[1, 1962, 4]","[0, 52, 5]","[0, 1500, 10]","[1, 52, 10]","[0, 1500, 10]","[1, 52, 10]","[0, 664, 10]","[1, 52, 10]","[1, 116, 15]","[1, 144, 16]","[0, 52, 16]","[1, 380, 16]",112
"[1, 60, 0]","[0, 60, 4]","[1, 52, 4]","[1, 1962, 5]","[0, 52, 6]","[0, 1500, 11]","[1, 52, 11]","[0, 1500, 12]","[1, 52, 12]","[0, 663, 12]","[1, 52, 12]","[1, 116, 15]","[1, 144, 16]","[1, 380, 16]","[0, 52, 16]",112
"[1, 60, 0]","[0, 60, 4]","[1, 52, 4]","[1, 1962, 5]","[0, 52, 6]","[0, 1500, 11]","[1, 52, 11]","[0, 1500, 11]","[1, 52, 11]","[0, 663, 11]","[1, 52, 11]","[1, 116, 14]","[1, 144, 14]","[1, 380, 14]","[0, 52, 14]",112
"[1, 60, 0]","[0, 60, 6]","[1, 52, 6]","[1, 1962, 7]","[0, 52, 8]","[0, 52, 8]","[0, 1500, 15]","[1, 52, 15]","[0, 1500, 15]","[1, 52, 15]","[0, 664, 15]","[1, 52, 15]","[1, 116, 20]","[1, 144, 20]","[1, 380, 21]",112
"[1, 60, 0]","[0, 60, 4]","[1, 52, 4]","[1, 1962, 4]","[0, 52, 5]","[0, 52, 5]","[0, 1500, 9]","[1, 52, 10]","[0, 1500, 10]","[1, 52, 10]","[0, 665, 10]","[1, 52, 10]","[1, 116, 13]","[1, 144, 13]","[1, 380, 13]",112
"[1, 60, 0]","[0, 60, 4]","[1, 52, 4]","[1, 1962, 5]","[0, 52, 6]","[0, 1500, 11]","[1, 52, 11]","[0, 1500, 11]","[1, 52, 11]","[0, 664, 11]","[1, 52, 11]","[1, 116, 16]","[1, 144, 16]","[1, 380, 16]","[0, 52, 17]",112
"[1, 60, 0]","[0, 60, 4]","[1, 52, 4]","[1, 1962, 5]","[0, 52, 6]","[0, 1500, 11]","[1, 52, 11]","[0, 1500, 11]","[1, 52, 11]","[0, 664, 11]","[1, 52, 11]","[1, 116, 16]","[0, 52, 17]","[1, 144, 17]","[1, 380, 18]",112
"[1, 60, 0]","[0, 60, 4]","[1, 52, 4]","[1, 1962, 4]","[0, 52, 5]","[0, 1500, 10]","[1, 52, 10]","[0, 1500, 10]","[1, 52, 10]","[0, 664, 10]","[1, 52, 10]","[1, 116, 14]","[1, 144, 14]","[1, 380, 14]","[0, 52, 15]",112
"[1, 60, 0]","[0, 60, 4]","[1, 52, 4]","[1, 1962, 4]","[0, 52, 5]","[0, 52, 5]","[0, 1500, 9]","[1, 52, 9]","[0, 1500, 9]","[1, 52, 9]","[0, 663, 9]","[1, 52, 9]","[1, 116, 13]","[1, 144, 13]","[1, 380, 13]",112
"[1, 60, 0]","[0, 60, 6]","[1, 52, 6]","[1, 1962, 7]","[0, 52, 7]","[0, 52, 7]","[0, 1500, 12]","[1, 52, 13]","[0, 1500, 13]","[1, 52, 13]","[0, 664, 13]","[1, 52, 13]","[1, 116, 20]","[0, 52, 21]","[1, 144, 22]",112
"[1, 60, 0]","[0, 60, 7]","[1, 52, 7]","[1, 1962, 7]","[0, 52, 8]","[0, 52, 8]","[0, 1500, 13]","[1, 52, 14]","[0, 1500, 14]","[1, 52, 14]","[0, 664, 14]","[1, 52, 14]","[1, 116, 17]","[1, 144, 17]","[1, 380, 17]",112
"[1, 60, 0]","[0, 60, 6]","[1, 52, 6]","[1, 1962, 6]","[0, 52, 8]","[0, 1500, 15]","[1, 52, 15]","[0, 1500, 15]","[0, 665, 15]","[1, 52, 15]","[1, 52, 15]","[1, 116, 21]","[1, 144, 22]","[1, 380, 22]","[0, 52, 22]",112
"[1, 60, 0]","[0, 60, 4]","[1, 52, 4]","[1, 1962, 5]","[0, 52, 6]","[0, 52, 6]","[0, 1500, 10]","[1, 52, 10]","[0, 1500, 10]","[1, 52, 10]","[0, 665, 10]","[1, 52, 11]","[1, 116, 14]","[1, 144, 15]","[1, 380, 15]",112
"[1, 60, 0]","[0, 60, 6]","[1, 52, 6]","[1, 1962, 6]","[0, 52, 7]","[0, 52, 7]","[0, 1500, 14]","[1, 52, 14]","[0, 1500, 14]","[1, 52, 14]","[0, 664, 14]","[1, 52, 14]","[1, 116, 17]","[1, 144, 17]","[1, 380, 17]",112
"[1, 60, 0]","[0, 60, 4]","[1, 52, 4]","[1, 1962, 5]","[0, 52, 6]","[0, 52, 6]","[0, 1500, 10]","[1, 52, 10]","[0, 1500, 10]","[1, 52, 10]","[0, 664, 10]","[1, 52, 10]","[1, 116, 14]","[1, 144, 14]","[1, 380, 14]",112
"[1, 60, 0]","[0, 60, 5]","[1, 52, 5]","[1, 1962, 6]","[0, 52, 6]","[0, 1500, 11]","[1, 52, 11]","[0, 1500, 11]","[1, 52, 11]","[0, 665, 11]","[1, 52, 11]","[1, 116, 14]","[1, 144, 15]","[1, 380, 15]","[0, 52, 15]",112
"[1, 60, 0]","[0, 60, 17]","[1, 52, 17]","[1, 1962, 18]","[0, 52, 19]","[0, 52, 19]","[0, 1500, 25]","[1, 52, 25]","[0, 1500, 25]","[1, 52, 25]","[0, 664, 25]","[1, 52, 25]","[1, 116, 27]","[1, 144, 28]","[1, 380, 28]",112
"[1, 60, 0]","[0, 60, 3]","[1, 52, 3]","[1, 1962, 4]","[0, 52, 5]","[0, 1500, 9]","[1, 52, 9]","[0, 1500, 9]","[1, 52, 9]","[0, 665, 9]","[1, 52, 9]","[1, 116, 13]","[0, 52, 14]","[1, 144, 14]","[1, 380, 15]",112
"[1, 60, 0]","[0, 60, 4]","[1, 52, 4]","[1, 1962, 5]","[0, 52, 6]","[0, 52, 6]","[0, 1500, 10]","[1, 52, 10]","[0, 1500, 10]","[1, 52, 10]","[0, 663, 10]","[1, 52, 10]","[1, 116, 14]","[1, 144, 15]","[1, 380, 15]",112
"[1, 60, 0]","[0, 60, 4]","[1, 52, 4]","[1, 1962, 4]","[0, 52, 5]","[0, 52, 5]","[0, 1500, 10]","[1, 52, 10]","[0, 1500, 10]","[1, 52, 10]","[0, 665, 10]","[1, 52, 10]","[1, 116, 14]","[1, 144, 14]","[1, 380, 14]",112
"[1, 60, 0]","[0, 60, 4]","[1, 52, 4]","[1, 1962, 5]","[0, 52, 6]","[0, 1500, 11]","[1, 52, 11]","[0, 1500, 11]","[1, 52, 11]","[0, 663, 11]","[1, 52, 11]","[1, 116, 14]","[1, 144, 15]","[1, 380, 15]","[0, 52, 15]",112
"[1, 60, 0]","[0, 60, 5]","[1, 52, 5]","[1, 1962, 5]","[0, 52, 6]","[0, 52, 6]","[0, 1500, 12]","[1, 52, 12]","[0, 1500, 12]","[1, 52, 12]","[0, 664, 12]","[1, 52, 12]","[1, 116, 17]","[1, 144, 18]","[1, 380, 18]",112
"[1, 60, 0]","[0, 60, 3]","[1, 52, 3]","[1, 1962, 4]","[0, 52, 5]","[0, 1500, 11]","[1, 52, 11]","[0, 1500, 11]","[1, 52, 11]","[0, 665, 11]","[1, 52, 11]","[1, 116, 15]","[1, 144, 15]","[1, 380, 15]","[0, 52, 15]",112
"[1, 60, 0]","[0, 60, 3]","[1, 52, 3]","[1, 1962, 4]","[0, 52, 5]","[0, 1500, 14]","[1, 52, 14]","[0, 1500, 14]","[1, 52, 14]","[0, 665, 14]","[1, 52, 14]","[1, 116, 16]","[0, 52, 17]","[1, 144, 17]","[1, 380, 18]",112
"[1, 60, 0]","[0, 60, 11]","[1, 52, 11]","[1, 1962, 12]","[0, 52, 17]","[0, 52, 18]","[0, 1500, 22]","[1, 52, 22]","[0, 1500, 22]","[1, 52, 22]","[0, 663, 22]","[1, 52, 22]","[1, 116, 26]","[1, 144, 27]","[1, 380, 27]",112
"[1, 60, 0]","[0, 60, 5]","[1, 52, 5]","[1, 1962, 6]","[0, 52, 7]","[0, 1500, 12]","[1, 52, 13]","[0, 1500, 13]","[1, 52, 13]","[0, 663, 13]","[1, 52, 13]","[1, 116, 17]","[1, 144, 18]","[1, 380, 18]","[0, 52, 18]",112
"[1, 60, 0]","[0, 60, 6]","[1, 52, 6]","[1, 1962, 8]","[0, 52, 10]","[0, 52, 10]","[0, 1500, 17]","[1, 52, 17]","[0, 1500, 17]","[1, 52, 17]","[0, 664, 17]","[1, 52, 17]","[1, 116, 24]","[1, 144, 25]","[1, 380, 25]",112
"[1, 60, 0]","[0, 60, 4]","[1, 52, 4]","[1, 1962, 4]","[0, 52, 5]","[0, 1500, 20]","[1, 52, 20]","[0, 1500, 20]","[1, 52, 20]","[0, 665, 20]","[1, 52, 20]","[1, 116, 23]","[1, 144, 24]","[1, 380, 24]","[0, 52, 24]",112
"[1, 60, 0]","[0, 60, 4]","[1, 52, 4]","[1, 1962, 5]","[0, 52, 6]","[0, 1500, 11]","[1, 52, 11]","[0, 1500, 11]","[0, 665, 11]","[1, 52, 11]","[1, 52, 11]","[1, 116, 16]","[1, 144, 17]","[1, 380, 17]","[0, 52, 17]",112
"[1, 60, 0]","[0, 60, 4]","[1, 52, 4]","[1, 1962, 5]","[0, 52, 5]","[0, 1500, 11]","[1, 52, 11]","[0, 1500, 12]","[1, 52, 12]","[0, 664, 12]","[1, 52, 12]","[1, 116, 19]","[0, 52, 20]","[1, 144, 21]","[1, 380, 22]",112
"[1, 60, 0]","[0, 60, 5]","[1, 52, 5]","[1, 1962, 5]","[0, 52, 6]","[0, 1500, 11]","[1, 52, 11]","[0, 1500, 11]","[1, 52, 11]","[0, 663, 11]","[1, 52, 11]","[1, 116, 14]","[1, 144, 15]","[1, 380, 15]","[0, 52, 15]",112
"[1, 60, 0]","[0, 60, 5]","[1, 52, 5]","[1, 1962, 6]","[0, 52, 6]","[0, 52, 7]","[0, 1500, 11]","[1, 52, 12]","[0, 1500, 12]","[1, 52, 12]","[0, 663, 12]","[1, 52, 12]","[1, 116, 16]","[1, 144, 16]","[1, 380, 16]",112
"[1, 60, 0]","[0, 60, 4]","[1, 52, 4]","[1, 1962, 4]","[0, 52, 5]","[0, 1500, 11]","[1, 52, 12]","[0, 1500, 12]","[1, 52, 12]","[0, 665, 12]","[1, 52, 12]","[1, 116, 18]","[0, 52, 19]","[0, 564, 21]","[1, 144, 21]",112
"[1, 60, 0]","[0, 60, 4]","[1, 52, 4]","[1, 1962, 4]","[0, 52, 5]","[0, 52, 6]","[0, 1500, 11]","[1, 52, 11]","[0, 1500, 11]","[1, 52, 11]","[0, 664, 11]","[1, 52, 11]","[1, 116, 19]","[1, 144, 20]","[1, 380, 20]",112
"[1, 60, 0]","[0, 60, 4]","[1, 52, 4]","[1, 1962, 7]","[0, 52, 8]","[0, 1500, 13]","[1, 52, 13]","[0, 1500, 13]","[1, 52, 13]","[0, 663, 13]","[1, 52, 13]","[1, 116, 19]","[1, 144, 19]","[0, 52, 20]","[0, 52, 20]",112
"[1, 60, 0]","[0, 60, 4]","[1, 52, 4]","[1, 1962, 5]","[0, 52, 6]","[0, 52, 6]","[0, 1500, 10]","[1, 52, 10]","[0, 1500, 11]","[1, 52, 11]","[0, 665, 11]","[1, 52, 11]","[1, 116, 13]","[1, 144, 14]","[1, 380, 14]",112
"[1, 60, 0]","[0, 60, 3]","[1, 52, 3]","[1, 1962, 4]","[0, 52, 4]","[0, 52, 5]","[0, 1500, 8]","[1, 52, 9]","[0, 1500, 9]","[1, 52, 9]","[0, 665, 9]","[1, 52, 9]","[1, 116, 12]","[1, 144, 12]","[1, 380, 12]",112
"[1, 60, 0]","[0, 60, 4]","[1, 52, 4]","[1, 1962, 5]","[0, 52, 6]","[0, 52, 6]","[0, 1500, 11]","[1, 52, 11]","[0, 1500, 12]","[1, 52, 12]","[0, 664, 12]","[1, 52, 12]","[1, 116, 16]","[1, 144, 16]","[1, 380, 16]",112
"[1, 60, 0]","[0, 60, 4]","[1, 52, 4]","[1, 1962, 5]","[0, 52, 6]","[0, 52, 6]","[0, 1500, 11]","[1, 52, 11]","[0, 1500, 11]","[1, 52, 11]","[0, 663, 11]","[1, 52, 11]","[1, 116, 16]","[1, 144, 17]","[1, 380, 17]",112
"[1, 60, 0]","[0, 60, 5]","[1, 52, 5]","[1, 1962, 5]","[0, 52, 7]","[0, 52, 7]","[0, 1500, 11]","[1, 52, 11]","[0, 1500, 11]","[1, 52, 11]","[0, 664, 11]","[1, 52, 11]","[1, 116, 14]","[1, 144, 15]","[0, 52, 15]",112
"[1, 60, 0]","[0, 60, 4]","[1, 52, 4]","[1, 725, 5]","[0, 52, 6]","[0, 1500, 10]","[1, 52, 10]","[0, 1500, 10]","[1, 52, 10]","[0, 379, 10]","[1, 52, 10]","[1, 116, 14]","[1, 222, 15]","[1, 415, 15]","[0, 52, 15]",110
"[1, 60, 0]","[0, 60, 5]","[1, 52, 5]","[1, 725, 5]","[0, 52, 7]","[0, 1500, 10]","[1, 52, 10]","[0, 1500, 11]","[1, 52, 11]","[0, 379, 11]","[1, 52, 11]","[1, 116, 13]","[1, 222, 14]","[1, 415, 14]","[0, 52, 15]",110
"[1, 60, 0]","[0, 60, 4]","[1, 52, 5]","[1, 725, 6]","[0, 52, 6]","[0, 1500, 9]","[1, 52, 9]","[0, 1500, 9]","[1, 52, 9]","[0, 379, 9]","[1, 52, 9]","[1, 116, 15]","[0, 52, 16]","[1, 222, 17]","[1, 415, 17]",110
"[1, 60, 0]","[0, 60, 5]","[1, 52, 5]","[1, 725, 5]","[0, 52, 6]","[0, 1500, 9]","[1, 52, 9]","[0, 1500, 9]","[1, 52, 9]","[0, 379, 9]","[1, 52, 9]","[1, 116, 15]","[1, 222, 15]","[0, 52, 16]","[0, 52, 17]",110
"[1, 60, 0]","[0, 60, 4]","[1, 52, 4]","[1, 725, 6]","[0, 52, 7]","[0, 1500, 10]","[1, 52, 11]","[0, 1500, 11]","[1, 52, 11]","[0, 380, 11]","[1, 52, 11]","[1, 116, 15]","[1, 222, 15]","[1, 415, 15]","[0, 52, 16]",110
"[1, 60, 0]","[0, 60, 3]","[1, 52, 3]","[1, 725, 4]","[0, 52, 5]","[0, 1500, 11]","[1, 52, 11]","[0, 1500, 11]","[1, 52, 11]","[0, 380, 11]","[1, 52, 11]","[1, 116, 19]","[1, 222, 19]","[1, 415, 19]","[0, 52, 21]",110
"[1, 60, 0]","[0, 60, 6]","[1, 52, 6]","[1, 725, 7]","[0, 52, 7]","[0, 1500, 11]","[1, 52, 11]","[0, 1500, 12]","[1, 52, 12]","[0, 380, 12]","[1, 52, 12]","[1, 116, 16]","[1, 222, 16]","[0, 52, 16]","[0, 52, 17]",110
"[1, 60, 0]","[0, 60, 4]","[1, 52, 4]","[1, 725, 5]","[0, 52, 5]","[0, 1500, 9]","[1, 52, 9]","[0, 1500, 9]","[1, 52, 9]","[0, 380, 9]","[1, 52, 9]","[1, 116, 11]","[1, 222, 12]","[1, 415, 12]","[0, 52, 12]",110
"[1, 60, 0]","[0, 60, 3]","[1, 52, 3]","[1, 725, 4]","[0, 52, 5]","[0, 1500, 10]","[1, 52, 10]","[0, 1500, 10]","[1, 52, 10]","[0, 380, 11]","[1, 52, 11]","[1, 116, 14]","[1, 222, 15]","[1, 415, 15]","[0, 52, 16]",110
"[1, 60, 0]","[0, 60, 4]","[1, 52, 4]","[1, 725, 5]","[0, 52, 6]","[0, 1500, 10]","[1, 52, 10]","[0, 1500, 10]","[1, 52, 10]","[0, 380, 10]","[1, 52, 10]","[1, 116, 14]","[0, 52, 15]","[1, 222, 15]","[1, 415, 15]",110
"[1, 60, 0]","[0, 60, 4]","[1, 52, 4]","[1, 725, 5]","[0, 52, 5]","[0, 1500, 9]","[1, 52, 9]","[0, 1500, 9]","[1, 52, 10]","[0, 379, 10]","[1, 52, 10]","[1, 116, 12]","[1, 222, 13]","[1, 415, 13]","[0, 52, 13]",110
"[1, 60, 0]","[0, 60, 7]","[1, 52, 7]","[1, 725, 8]","[0, 52, 10]","[0, 1500, 14]","[1, 52, 14]","[0, 1500, 14]","[1, 52, 14]","[0, 378, 14]","[1, 52, 14]","[1, 116, 17]","[1, 222, 18]","[1, 415, 18]","[0, 52, 19]",110
"[1, 60, 0]","[0, 60, 4]","[1, 52, 4]","[1, 725, 4]","[0, 52, 5]","[0, 1500, 11]","[1, 52, 11]","[0, 1500, 11]","[1, 52, 11]","[0, 378, 11]","[1, 52, 11]","[1, 116, 16]","[1, 222, 16]","[1, 415, 16]","[0, 52, 17]",110
"[1, 60, 0]","[0, 60, 5]","[1, 52, 5]","[1, 725, 6]","[0, 52, 7]","[0, 1500, 14]","[1, 52, 14]","[0, 1500, 14]","[1, 52, 14]","[0, 379, 14]","[1, 52, 14]","[1, 116, 18]","[1, 222, 19]","[1, 415, 19]","[0, 52, 19]",110
"[1, 60, 0]","[0, 60, 3]","[1, 52, 3]","[1, 725, 5]","[0, 52, 6]","[0, 1500, 9]","[1, 52, 9]","[0, 1500, 10]","[0, 380, 10]","[1, 52, 10]","[1, 52, 10]","[1, 116, 16]","[1, 222, 16]","[0, 52, 17]","[0, 52, 17]",110
"[1, 60, 0]","[0, 60, 5]","[1, 52, 5]","[1, 725, 5]","[0, 52, 6]","[0, 1500, 9]","[1, 52, 9]","[0, 1500, 10]","[1, 52, 10]","[0, 379, 10]","[1, 52, 10]","[1, 116, 13]","[1, 222, 13]","[1, 415, 13]","[0, 52, 14]",110
"[1, 60, 0]","[0, 60, 7]","[1, 52, 7]","[1, 725, 8]","[0, 52, 13]","[0, 1500, 16]","[1, 52, 16]","[0, 1500, 16]","[1, 52, 16]","[0, 378, 16]","[1, 52, 16]","[1, 116, 20]","[1, 222, 21]","[1, 415, 21]","[0, 52, 25]",110
"[1, 60, 0]","[0, 60, 4]","[1, 52, 4]","[1, 725, 6]","[0, 52, 7]","[0, 1500, 12]","[1, 52, 12]","[0, 1500, 12]","[1, 52, 12]","[0, 380, 12]","[1, 52, 12]","[1, 116, 15]","[1, 222, 16]","[1, 415, 16]","[0, 52, 16]",110
"[1, 60, 0]","[0, 60, 4]","[1, 52, 4]","[1, 725, 5]","[0, 52, 6]","[0, 1500, 10]","[1, 52, 10]","[0, 1500, 10]","[1, 52, 10]","[0, 380, 11]","[1, 52, 11]","[1, 116, 14]","[1, 222, 14]","[1, 415, 14]","[0, 52, 15]",110
"[1, 60, 0]","[0, 60, 4]","[1, 52, 4]","[1, 725, 5]","[0, 52, 6]","[0, 1500, 11]","[1, 52, 11]","[0, 1500, 11]","[1, 52, 11]","[0, 379, 11]","[1, 52, 11]","[1, 116, 16]","[1, 222, 16]","[1, 415, 17]","[0, 52, 17]",110
"[1, 60, 0]","[0, 60, 4]","[1, 52, 4]","[1, 725, 4]","[0, 52, 5]","[0, 1500, 9]","[1, 52, 9]","[0, 1500, 9]","[1, 52, 9]","[0, 379, 10]","[1, 52, 10]","[1, 116, 12]","[1, 222, 13]","[1, 415, 13]","[0, 52, 13]",110
"[1, 60, 0]","[0, 60, 5]","[1, 52, 5]","[1, 725, 5]","[0, 52, 6]","[0, 1500, 11]","[1, 52, 11]","[0, 1500, 11]","[1, 52, 11]","[0, 379, 11]","[1, 52, 11]","[1, 116, 17]","[1, 222, 18]","[1, 415, 18]","[0, 52, 19]",110
"[1, 60, 0]","[0, 60, 5]","[1, 52, 5]","[1, 725, 6]","[0, 52, 7]","[0, 1500, 14]","[1, 52, 14]","[0, 1500, 14]","[1, 52, 14]","[0, 379, 14]","[1, 52, 14]","[1, 116, 17]","[1, 222, 17]","[1, 415, 17]","[0, 52, 18]",110
"[1, 60, 0]","[0, 60, 5]","[1, 52, 5]","[1, 725, 5]","[0, 52, 6]","[0, 1500, 9]","[1, 52, 9]","[0, 1500, 10]","[1, 52, 10]","[0, 379, 10]","[1, 52, 10]","[1, 116, 13]","[1, 222, 13]","[1, 415, 14]","[0, 52, 15]",110
"[1, 60, 0]","[0, 60, 5]","[1, 52, 5]","[1, 725, 6]","[0, 52, 7]","[0, 1500, 12]","[1, 52, 12]","[0, 1500, 12]","[1, 52, 12]","[0, 378, 12]","[1, 52, 12]","[1, 116, 15]","[1, 222, 15]","[1, 415, 15]","[0, 52, 16]",110
"[1, 60, 0]","[0, 60, 3]","[1, 52, 3]","[1, 725, 4]","[0, 52, 5]","[0, 1500, 10]","[1, 52, 10]","[0, 1500, 10]","[1, 52, 10]","[0, 379, 10]","[1, 52, 10]","[1, 116, 13]","[1, 222, 13]","[1, 415, 14]","[0, 52, 14]",110
"[1, 60, 0]","[0, 60, 4]","[1, 52, 4]","[1, 725, 5]","[0, 52, 6]","[0, 1500, 11]","[1, 52, 11]","[0, 1500, 11]","[1, 52, 11]","[0, 380, 11]","[1, 52, 11]","[1, 116, 17]","[1, 222, 17]","[1, 415, 18]","[0, 52, 18]",110
"[1, 60, 0]","[0, 60, 5]","[1, 52, 5]","[1, 725, 6]","[0, 52, 8]","[0, 1500, 11]","[1, 52, 11]","[0, 1500, 11]","[1, 52, 11]","[0, 378, 11]","[1, 52, 11]","[1, 116, 16]","[1, 222, 17]","[1, 415, 17]","[0, 52, 17]",110
"[1, 60, 0]","[0, 60, 4]","[1, 52, 4]","[1, 725, 5]","[0, 52, 5]","[0, 1500, 10]","[1, 52, 10]","[0, 1500, 10]","[1, 52, 10]","[0, 379, 10]","[1, 52, 10]","[1, 116, 14]","[1, 222, 14]","[1, 415, 14]","[0, 52, 15]",110
"[1, 60, 0]","[0, 60, 3]","[1, 52, 3]","[1, 725, 4]","[0, 52, 4]","[0, 1500, 9]","[1, 52, 9]","[0, 1500, 9]","[1, 52, 9]","[0, 378, 9]","[1, 52, 9]","[1, 116, 12]","[1, 222, 12]","[1, 415, 12]","[0, 52, 13]",110
"[1, 60, 0]","[0, 60, 4]","[1, 52, 4]","[1, 725, 5]","[0, 52, 7]","[0, 1500, 11]","[1, 52, 11]","[0, 1500, 12]","[1, 52, 12]","[0, 380, 12]","[1, 52, 12]","[1, 116, 18]","[1, 222, 19]","[1, 415, 19]","[0, 52, 20]",110
"[1, 60, 0]","[0, 60, 4]","[1, 52, 4]","[1, 725, 5]","[0, 52, 6]","[0, 1500, 11]","[1, 52, 11]","[0, 1500, 11]","[1, 52, 11]","[0, 379, 11]","[1, 52, 11]","[1, 116, 16]","[1, 222, 17]","[1, 415, 17]","[0, 52, 17]",110
"[1, 60, 0]","[0, 60, 4]","[1, 52, 4]","[1, 725, 5]","[0, 52, 6]","[0, 1500, 10]","[1, 52, 10]","[0, 1500, 10]","[1, 52, 10]","[0, 380, 10]","[1, 52, 10]","[1, 116, 14]","[1, 222, 14]","[1, 415, 14]","[0, 52, 15]",110
"[1, 60, 0]","[0, 60, 4]","[1, 52, 4]","[1, 725, 5]","[0, 52, 5]","[0, 1500, 10]","[1, 52, 10]","[0, 1500, 10]","[1, 52, 10]","[0, 379, 10]","[1, 52, 10]","[1, 116, 17]","[1, 222, 17]","[1, 415, 17]","[0, 52, 18]",110
"[1, 60, 0]","[0, 60, 3]","[1, 52, 4]","[1, 725, 5]","[0, 52, 6]","[0, 1500, 9]","[1, 52, 9]","[0, 1500, 9]","[1, 52, 9]","[0, 380, 9]","[1, 52, 9]","[1, 116, 17]","[1, 222, 18]","[1, 415, 18]","[0, 52, 18]",110
"[1, 60, 0]","[0, 60, 3]","[1, 52, 3]","[1, 725, 4]","[0, 52, 5]","[0, 1500, 8]","[1, 52, 8]","[0, 1500, 9]","[1, 52, 9]","[0, 379, 9]","[1, 52, 9]","[1, 116, 11]","[1, 222, 12]","[1, 415, 12]","[0, 52, 12]",110
"[1, 60, 0]","[0, 60, 5]","[1, 52, 5]","[1, 725, 5]","[0, 52, 6]","[0, 1500, 10]","[1, 52, 10]","[0, 1500, 11]","[1, 52, 11]","[0, 379, 11]","[1, 52, 11]","[1, 116, 15]","[1, 222, 15]","[1, 415, 15]","[0, 52, 17]",110
"[1, 60, 0]","[0, 60, 4]","[1, 52, 4]","[1, 725, 5]","[0, 52, 6]","[0, 1500, 10]","[1, 52, 10]","[0, 1500, 10]","[1, 52, 10]","[0, 379, 10]","[1, 52, 10]","[1, 116, 12]","[1, 222, 12]","[1, 415, 12]","[0, 52, 13]",110
"[1, 60, 0]","[0, 60, 4]","[1, 52, 4]","[1, 725, 4]","[0, 52, 5]","[0, 1500, 11]","[1, 52, 11]","[0, 1500, 11]","[1, 52, 11]","[0, 378, 11]","[1, 52, 11]","[1, 116, 14]","[1, 222, 15]","[1, 415, 15]","[0, 52, 15]",110
"[1, 60, 0]","[0, 60, 5]","[1, 52, 5]","[1, 725, 7]","[0, 52, 8]","[0, 1500, 12]","[1, 52, 12]","[0, 1500, 12]","[1, 52, 12]","[0, 378, 12]","[1, 52, 12]","[1, 116, 20]","[1, 222, 20]","[0, 52, 21]","[1, 415, 21]",110
"[1, 60, 0]","[0, 60, 4]","[1, 52, 4]","[1, 725, 5]","[0, 52, 7]","[0, 1500, 10]","[1, 52, 10]","[0, 1500, 10]","[1, 52, 10]","[0, 378, 10]","[1, 52, 10]","[1, 116, 14]","[1, 222, 15]","[1, 415, 15]","[0, 52, 16]",110
"[1, 60, 0]","[0, 60, 4]","[1, 52, 4]","[1, 725, 4]","[0, 52, 5]","[0, 1500, 9]","[1, 52, 10]","[0, 1500, 10]","[1, 52, 10]","[0, 379, 10]","[1, 52, 10]","[1, 116, 12]","[1, 222, 12]","[1, 415, 12]","[0, 52, 14]",110
"[1, 60, 0]","[0, 60, 4]","[1, 52, 4]","[1, 725, 4]","[0, 52, 5]","[0, 1500, 9]","[1, 52, 9]","[0, 1500, 9]","[1, 52, 9]","[0, 378, 9]","[1, 52, 9]","[1, 116, 14]","[1, 222, 14]","[1, 415, 14]","[0, 52, 15]",110
"[1, 60, 0]","[0, 60, 5]","[1, 52, 5]","[1, 725, 6]","[0, 52, 7]","[0, 1500, 12]","[1, 52, 12]","[0, 1500, 12]","[1, 52, 12]","[0, 378, 12]","[1, 52, 12]","[1, 116, 16]","[1, 222, 16]","[1, 415, 16]","[0, 52, 17]",110
"[1, 60, 0]","[0, 60, 4]","[1, 52, 4]","[1, 725, 5]","[0, 52, 6]","[0, 1500, 10]","[1, 52, 10]","[0, 1500, 10]","[1, 52, 10]","[0, 380, 10]","[1, 52, 10]","[1, 116, 14]","[1, 222, 15]","[1, 415, 15]","[0, 52, 15]",110
"[1, 60, 0]","[0, 60, 4]","[1, 52, 4]","[1, 725, 5]","[0, 52, 6]","[0, 1500, 10]","[1, 52, 10]","[0, 1500, 10]","[1, 52, 10]","[0, 380, 10]","[1, 52, 10]","[1, 116, 16]","[1, 222, 17]","[1, 415, 17]","[0, 52, 18]",110
"[1, 60, 0]","[0, 60, 6]","[1, 52, 6]","[1, 725, 7]","[0, 52, 7]","[0, 1500, 11]","[1, 52, 11]","[0, 1500, 11]","[1, 52, 11]","[0, 379, 11]","[1, 52, 11]","[1, 116, 15]","[1, 222, 16]","[1, 415, 16]","[0, 52, 17]",110
"[1, 60, 0]","[0, 60, 5]","[1, 52, 5]","[1, 725, 6]","[0, 52, 7]","[0, 1500, 10]","[1, 52, 10]","[0, 1500, 10]","[1, 52, 10]","[0, 379, 10]","[1, 52, 10]","[1, 116, 27]","[1, 222, 27]","[1, 415, 27]","[0, 52, 28]",110
"[1, 60, 0]","[0, 60, 8]","[1, 52, 8]","[1, 725, 9]","[0, 52, 10]","[0, 1500, 14]","[1, 52, 14]","[0, 1500, 14]","[1, 52, 14]","[0, 379, 14]","[1, 52, 14]","[1, 116, 17]","[1, 222, 18]","[1, 415, 18]","[0, 52, 18]",110
"[1, 60, 0]","[0, 60, 5]","[1, 52, 5]","[1, 725, 6]","[0, 52, 7]","[0, 1500, 11]","[1, 52, 11]","[0, 1500, 13]","[1, 52, 13]","[0, 380, 13]","[1, 52, 13]","[1, 116, 16]","[1, 222, 17]","[1, 415, 17]","[0, 52, 17]",110
"[1, 60, 0]","[0, 60, 5]","[1, 52, 5]","[1, 725, 6]","[0, 52, 7]","[0, 1500, 14]","[1, 52, 14]","[0, 1500, 14]","[1, 52, 14]","[0, 380, 14]","[1, 52, 14]","[1, 116, 17]","[1, 222, 18]","[1, 415, 18]","[0, 52, 18]",110
"[1, 60, 0]","[0, 60, 27]","[1, 52, 27]","[1, 725, 27]","[0, 52, 36]","[0, 1500, 44]","[1, 52, 44]","[0, 1500, 44]","[1, 52, 44]","[0, 379, 44]","[1, 52, 44]","[1, 116, 48]","[1, 222, 48]","[1, 415, 48]","[0, 52, 51]",110
"[1, 60, 0]","[0, 60, 4]","[1, 52, 5]","[1, 725, 5]","[0, 52, 6]","[0, 1500, 10]","[1, 52, 10]","[0, 1500, 10]","[0, 378, 10]","[1, 52, 10]","[1, 52, 10]","[1, 116, 14]","[1, 222, 14]","[1, 415, 14]","[0, 52, 15]",110
"[1, 60, 0]","[0, 60, 5]","[1, 52, 5]","[1, 725, 5]","[0, 52, 6]","[0, 1500, 11]","[1, 52, 11]","[0, 1500, 12]","[1, 52, 12]","[0, 380, 13]","[1, 52, 13]","[1, 116, 16]","[1, 222, 17]","[1, 415, 17]","[0, 52, 18]",110
"[1, 60, 0]","[0, 60, 5]","[1, 52, 5]","[1, 725, 6]","[0, 52, 7]","[0, 1500, 10]","[1, 52, 10]","[0, 1500, 10]","[0, 379, 10]","[1, 52, 10]","[1, 52, 10]","[1, 116, 14]","[1, 222, 14]","[1, 415, 14]","[0, 52, 15]",110
"[1, 60, 0]","[0, 60, 4]","[1, 52, 4]","[1, 725, 4]","[0, 52, 5]","[0, 1500, 9]","[1, 52, 9]","[0, 1500, 9]","[1, 52, 9]","[0, 378, 9]","[1, 52, 9]","[1, 116, 13]","[1, 222, 13]","[1, 415, 14]","[0, 52, 14]",110
"[1, 60, 0]","[0, 60, 3]","[1, 52, 3]","[1, 725, 4]","[0, 52, 5]","[0, 1500, 8]","[1, 52, 8]","[0, 1500, 8]","[1, 52, 8]","[0, 379, 8]","[1, 52, 8]","[1, 116, 12]","[1, 222, 12]","[1, 415, 12]","[0, 52, 13]",110
"[1, 60, 0]","[0, 60, 5]","[1, 52, 5]","[1, 725, 6]","[0, 52, 6]","[0, 1500, 10]","[1, 52, 10]","[0, 1500, 10]","[1, 52, 10]","[0, 380, 10]","[1, 52, 10]","[1, 116, 12]","[1, 222, 12]","[1, 415, 12]","[0, 52, 13]",110
"[1, 60, 0]","[0, 60, 5]","[1, 52, 5]","[1, 725, 6]","[0, 52, 8]","[0, 1500, 12]","[1, 52, 12]","[0, 1500, 12]","[1, 52, 12]","[0, 379, 12]","[1, 52, 12]","[1, 116, 17]","[1, 222, 17]","[1, 415, 18]","[0, 52, 18]",110
"[1, 60, 0]","[0, 60, 4]","[1, 52, 4]","[1, 725, 5]","[0, 52, 6]","[0, 1500, 9]","[1, 52, 9]","[0, 1500, 10]","[1, 52, 10]","[0, 380, 10]","[1, 52, 10]","[1, 116, 14]","[1, 222, 14]","[1, 415, 15]","[0, 52, 15]",110
"[1, 60, 0]","[0, 60, 4]","[1, 52, 4]","[1, 725, 5]","[0, 52, 6]","[0, 1500, 9]","[1, 52, 9]","[0, 1500, 9]","[1, 52, 9]","[0, 380, 9]","[1, 52, 9]","[1, 116, 14]","[1, 222, 14]","[1, 415, 15]","[0, 52, 15]",110
"[1, 60, 0]","[0, 60, 5]","[1, 52, 5]","[1, 725, 5]","[0, 52, 7]","[0, 1500, 14]","[1, 52, 14]","[0, 1500, 14]","[1, 52, 14]","[0, 378, 14]","[1, 52, 14]","[1, 116, 20]","[1, 222, 21]","[0, 52, 21]","[0, 52, 22]",110
"[1, 60, 0]","[0, 60, 6]","[1, 52, 6]","[1, 725, 6]","[0, 52, 7]","[0, 1500, 12]","[1, 52, 12]","[0, 1500, 12]","[1, 52, 12]","[0, 378, 12]","[1, 52, 12]","[1, 116, 16]","[1, 222, 17]","[1, 415, 17]","[0, 52, 17]",110
"[1, 60, 0]","[0, 60, 5]","[1, 52, 5]","[1, 725, 6]","[0, 52, 6]","[0, 1500, 10]","[1, 52, 10]","[0, 1500, 10]","[1, 52, 10]","[0, 380, 10]","[1, 52, 10]","[1, 116, 16]","[1, 222, 17]","[1, 415, 17]","[0, 52, 18]",110
"[1, 60, 0]","[0, 60, 4]","[1, 52, 4]","[1, 725, 4]","[0, 52, 6]","[0, 1500, 13]","[1, 52, 13]","[0, 1500, 13]","[0, 379, 13]","[1, 52, 13]","[1, 52, 13]","[1, 116, 15]","[1, 222, 16]","[1, 415, 16]","[0, 52, 17]",110
"[1, 60, 0]","[0, 60, 5]","[1, 52, 5]","[1, 725, 5]","[0, 52, 6]","[0, 1500, 10]","[1, 52, 10]","[0, 1500, 11]","[1, 52, 11]","[0, 379, 11]","[1, 52, 11]","[1, 116, 15]","[1, 222, 15]","[1, 415, 15]","[0, 52, 16]",110
"[1, 60, 0]","[0, 60, 4]","[1, 52, 5]","[1, 725, 5]","[0, 52, 6]","[0, 1500, 9]","[1, 52, 9]","[0, 1500, 9]","[1, 52, 9]","[0, 378, 9]","[1, 52, 9]","[1, 116, 14]","[1, 222, 14]","[1, 415, 15]","[0, 52, 15]",110
"[1, 60, 0]","[0, 60, 4]","[1, 52, 4]","[1, 725, 5]","[0, 52, 6]","[0, 1500, 10]","[1, 52, 10]","[0, 1500, 10]","[1, 52, 10]","[0, 379, 10]","[1, 52, 10]","[1, 116, 16]","[1, 222, 17]","[1, 415, 17]","[0, 52, 18]",110
"[1, 60, 0]","[0, 60, 4]","[1, 52, 4]","[1, 725, 5]","[0, 52, 5]","[0, 1500, 10]","[1, 52, 10]","[0, 1500, 11]","[1, 52, 11]","[0, 380, 11]","[1, 52, 12]","[1, 116, 15]","[1, 222, 16]","[1, 415, 16]","[0, 52, 16]",110
"[1, 60, 0]","[0, 60, 5]","[1, 52, 5]","[1, 725, 5]","[0, 52, 7]","[0, 1500, 11]","[1, 52, 11]","[0, 1500, 11]","[1, 52, 11]","[0, 380, 11]","[1, 52, 11]","[1, 116, 15]","[1, 222, 15]","[1, 415, 15]","[0, 52, 15]",110
"[1, 60, 0]","[0, 60, 4]","[1, 52, 4]","[1, 725, 5]","[0, 52, 6]","[0, 1500, 10]","[1, 52, 10]","[0, 1500, 10]","[1, 52, 10]","[0, 379, 10]","[1, 52, 10]","[1, 116, 14]","[1, 222, 14]","[1, 415, 14]","[0, 52, 15]",110
"[1, 60, 0]","[0, 60, 4]","[1, 52, 4]","[1, 725, 5]","[0, 52, 6]","[0, 1500, 11]","[1, 52, 11]","[0, 1500, 11]","[1, 52, 11]","[0, 380, 11]","[1, 52, 11]","[1, 116, 18]","[1, 222, 18]","[1, 415, 18]","[0, 52, 19]",110
"[1, 60, 0]","[0, 60, 5]","[1, 52, 5]","[1, 725, 5]","[0, 52, 6]","[0, 1500, 11]","[1, 52, 11]","[0, 1500, 11]","[1, 52, 11]","[0, 380, 11]","[1, 52, 11]","[1, 116, 17]","[1, 222, 18]","[1, 415, 18]","[0, 52, 18]",110
"[1, 60, 0]","[0, 60, 5]","[1, 52, 5]","[1, 725, 6]","[0, 52, 7]","[0, 1500, 12]","[1, 52, 12]","[0, 1500, 12]","[1, 52, 12]","[0, 378, 12]","[1, 52, 12]","[1, 116, 17]","[1, 222, 18]","[1, 415, 18]","[0, 52, 19]",110
"[1, 60, 0]","[0, 60, 4]","[1, 52, 4]","[1, 725, 5]","[0, 52, 6]","[0, 1500, 11]","[1, 52, 11]","[0, 1500, 11]","[1, 52, 11]","[0, 380, 11]","[1, 52, 11]","[1, 116, 18]","[1, 222, 19]","[0, 52, 19]","[1, 415, 19]",110
"[1, 60, 0]","[0, 60, 5]","[1, 52, 5]","[1, 725, 5]","[0, 52, 6]","[0, 1500, 14]","[1, 52, 14]","[0, 1500, 14]","[1, 52, 14]","[0, 379, 15]","[1, 52, 15]","[1, 116, 19]","[1, 222, 19]","[1, 415, 20]","[0, 52, 20]",110
"[1, 60, 0]","[0, 60, 4]","[1, 52, 4]","[1, 725, 4]","[0, 52, 5]","[0, 1500, 10]","[1, 52, 10]","[0, 1500, 10]","[0, 380, 10]","[1, 52, 10]","[1, 52, 10]","[1, 116, 14]","[1, 222, 14]","[1, 415, 14]","[0, 52, 15]",110
"[1, 60, 0]","[0, 60, 4]","[1, 52, 4]","[1, 725, 5]","[0, 52, 6]","[0, 1500, 10]","[1, 52, 10]","[0, 1500, 10]","[1, 52, 10]","[0, 378, 10]","[1, 52, 10]","[1, 116, 13]","[1, 222, 13]","[1, 415, 13]","[0, 52, 14]",110
"[1, 60, 0]","[0, 60, 4]","[1, 52, 4]","[1, 725, 5]","[0, 52, 6]","[0, 1500, 9]","[1, 52, 9]","[0, 1500, 9]","[1, 52, 9]","[0, 379, 9]","[1, 52, 9]","[1, 116, 15]","[0, 52, 16]","[1, 222, 16]","[1, 415, 16]",110
"[1, 60, 0]","[0, 60, 4]","[1, 52, 4]","[1, 725, 4]","[0, 52, 6]","[0, 1500, 10]","[1, 52, 10]","[0, 1500, 10]","[1, 52, 10]","[0, 378, 11]","[1, 52, 11]","[1, 116, 14]","[1, 222, 14]","[1, 415, 14]","[0, 52, 15]",110
"[1, 60, 0]","[0, 60, 5]","[1, 52, 5]","[1, 725, 7]","[0, 52, 8]","[0, 1500, 13]","[1, 52, 13]","[0, 1500, 13]","[1, 52, 13]","[0, 380, 13]","[1, 52, 13]","[1, 116, 21]","[1, 222, 21]","[1, 415, 21]","[0, 52, 22]",110
"[1, 60, 0]","[0, 60, 4]","[1, 52, 4]","[1, 725, 4]","[0, 52, 5]","[0, 1500, 8]","[1, 52, 8]","[0, 1500, 8]","[1, 52, 8]","[0, 378, 8]","[1, 52, 8]","[1, 116, 12]","[1, 222, 12]","[1, 415, 12]","[0, 52, 13]",110
"[1, 60, 0]","[0, 60, 4]","[1, 52, 4]","[1, 725, 5]","[0, 52, 5]","[0, 1500, 10]","[1, 52, 10]","[0, 1500, 10]","[1, 52, 10]","[0, 379, 10]","[1, 52, 10]","[1, 116, 12]","[1, 222, 13]","[1, 415, 13]","[0, 52, 14]",110
"[1, 60, 0]","[0, 60, 3]","[1, 52, 3]","[1, 725, 4]","[0, 52, 6]","[0, 1500, 9]","[1, 52, 9]","[0, 1500, 9]","[1, 52, 9]","[0, 379, 9]","[1, 52, 9]","[1, 116, 13]","[1, 222, 13]","[1, 415, 13]","[0, 52, 13]",110
"[1, 60, 0]","[0, 60, 5]","[1, 52, 5]","[1, 725, 6]","[0, 52, 6]","[0, 1500, 10]","[1, 52, 10]","[0, 1500, 10]","[1, 52, 10]","[0, 379, 10]","[1, 52, 10]","[1, 116, 13]","[1, 222, 13]","[1, 415, 13]","[0, 52, 15]",110
"[1, 60, 0]","[0, 60, 5]","[1, 52, 5]","[1, 725, 5]","[0, 52, 7]","[0, 1500, 12]","[1, 52, 12]","[0, 1500, 12]","[1, 52, 12]","[0, 378, 12]","[1, 52, 12]","[1, 116, 17]","[1, 222, 18]","[1, 415, 18]","[0, 52, 18]",110
"[1, 60, 0]","[0, 60, 4]","[1, 52, 4]","[1, 725, 5]","[0, 52, 7]","[0, 1500, 12]","[1, 52, 12]","[0, 1500, 12]","[1, 52, 12]","[0, 378, 12]","[1, 52, 12]","[1, 116, 20]","[1, 222, 20]","[1, 415, 20]","[0, 52, 22]",110
"[1, 60, 0]","[0, 60, 4]","[1, 52, 4]","[1, 725, 6]","[0, 52, 8]","[0, 1500, 12]","[1, 52, 12]","[0, 1500, 12]","[1, 52, 12]","[0, 378, 12]","[1, 52, 12]","[1, 116, 15]","[1, 222, 15]","[1, 415, 15]","[0, 52, 15]",110
"[1, 60, 0]","[0, 60, 4]","[1, 52, 4]","[1, 725, 5]","[0, 52, 6]","[0, 1500, 9]","[1, 52, 9]","[0, 1500, 10]","[1, 52, 10]","[0, 378, 10]","[1, 52, 10]","[1, 116, 13]","[1, 222, 14]","[1, 415, 14]","[0, 52, 14]",110
"[1, 60, 0]","[0, 60, 5]","[1, 52, 5]","[1, 725, 5]","[0, 52, 6]","[0, 1500, 11]","[1, 52, 11]","[0, 1500, 11]","[1, 52, 11]","[0, 379, 12]","[1, 52, 12]","[1, 116, 14]","[1, 222, 15]","[1, 415, 15]","[0, 52, 16]",110
"[1, 60, 0]","[0, 60, 4]","[1, 52, 5]","[1, 725, 5]","[0, 52, 6]","[0, 1500, 10]","[1, 52, 11]","[0, 1500, 11]","[1, 52, 11]","[0, 379, 11]","[1, 52, 11]","[1, 116, 15]","[1, 222, 16]","[1, 415, 16]","[0, 52, 16]",110
"[1, 60, 0]","[0, 60, 9]","[1, 52, 9]","[1, 725, 10]","[0, 52, 10]","[0, 1500, 14]","[1, 52, 14]","[0, 1500, 14]","[1, 52, 14]","[0, 378, 14]","[1, 52, 14]","[1, 116, 18]","[1, 222, 18]","[1, 415, 18]","[0, 52, 19]",110
"[1, 60, 0]","[0, 60, 12]","[1, 52, 12]","[1, 725, 13]","[0, 52, 20]","[0, 1500, 28]","[1, 52, 28]","[0, 1500, 28]","[1, 52, 28]","[0, 379, 28]","[1, 52, 28]","[1, 116, 32]","[1, 222, 32]","[1, 415, 33]","[0, 52, 38]",110
"[1, 60, 0]","[0, 60, 4]","[1, 52, 4]","[1, 725, 5]","[0, 52, 5]","[0, 1500, 9]","[1, 52, 9]","[0, 1500, 9]","[1, 52, 9]","[0, 379, 9]","[1, 52, 9]","[1, 116, 12]","[1, 222, 13]","[1, 415, 13]","[0, 52, 13]",110
"[1, 60, 0]","[0, 60, 4]","[1, 52, 4]","[1, 725, 5]","[0, 52, 6]","[0, 1500, 10]","[1, 52, 10]","[0, 1500, 10]","[1, 52, 10]","[0, 379, 10]","[1, 52, 10]","[1, 116, 14]","[0, 52, 15]","[1, 222, 15]","[1, 415, 15]",110
"[1, 60, 0]","[0, 60, 3]","[1, 52, 3]","[1, 725, 4]","[0, 52, 5]","[0, 1500, 8]","[1, 52, 8]","[0, 1500, 9]","[1, 52, 9]","[0, 379, 10]","[1, 52, 10]","[1, 116, 12]","[1, 222, 13]","[1, 415, 13]","[0, 52, 14]",110
"[1, 60, 0]","[0, 60, 5]","[1, 52, 5]","[1, 725, 5]","[0, 52, 7]","[0, 1500, 10]","[1, 52, 10]","[0, 1500, 10]","[1, 52, 10]","[0, 379, 10]","[1, 52, 10]","[1, 116, 14]","[1, 222, 14]","[1, 415, 14]","[0, 52, 14]",110
"[1, 60, 0]","[0, 60, 4]","[1, 52, 4]","[1, 725, 4]","[0, 52, 5]","[0, 1500, 10]","[1, 52, 10]","[0, 1500, 10]","[1, 52, 10]","[0, 380, 10]","[1, 52, 10]","[1, 116, 15]","[1, 222, 16]","[1, 415, 16]","[0, 52, 17]",110
"[1, 60, 0]","[0, 60, 4]","[1, 52, 4]","[1, 725, 6]","[0, 52, 7]","[0, 1500, 10]","[1, 52, 11]","[0, 1500, 11]","[1, 52, 11]","[0, 378, 11]","[1, 52, 11]","[1, 116, 15]","[1, 222, 15]","[1, 415, 16]","[0, 52, 16]",110
"[1, 60, 0]","[0, 60, 4]","[1, 52, 4]","[1, 725, 5]","[0, 52, 6]","[0, 1500, 11]","[1, 52, 11]","[0, 1500, 11]","[1, 52, 11]","[0, 379, 11]","[1, 52, 11]","[1, 116, 14]","[1, 222, 14]","[1, 415, 14]","[0, 52, 16]",110
"[1, 64, 0]","[0, 60, 4]","[1, 52, 5]","[1, 1500, 6]","[1, 339, 6]","[0, 52, 7]","[0, 52, 7]","[0, 1500, 13]","[0, 1500, 13]","[0, 678, 13]","[1, 52, 14]","[1, 116, 25]","[1, 150, 25]","[0, 52, 26]","[0, 52, 26]",321
"[1, 64, 0]","[0, 60, 4]","[1, 52, 4]","[1, 1500, 5]","[1, 339, 5]","[0, 52, 6]","[0, 1500, 10]","[0, 1500, 10]","[0, 680, 10]","[1, 52, 10]","[1, 116, 22]","[1, 150, 22]","[0, 52, 23]","[0, 52, 23]","[1, 532, 23]",321
"[1, 64, 0]","[0, 60, 5]","[1, 52, 6]","[1, 1500, 7]","[1, 339, 7]","[0, 52, 8]","[0, 1500, 13]","[0, 1500, 13]","[1, 52, 14]","[0, 680, 14]","[1, 52, 15]","[1, 116, 37]","[1, 150, 37]","[1, 532, 38]","[0, 52, 38]",321
"[1, 64, 0]","[0, 60, 4]","[1, 52, 4]","[1, 1500, 5]","[1, 403, 5]","[0, 52, 5]","[0, 1500, 10]","[0, 1500, 10]","[0, 678, 10]","[1, 52, 10]","[1, 52, 10]","[1, 116, 26]","[0, 52, 27]","[0, 564, 29]","[1, 52, 30]",321
"[1, 64, 0]","[0, 60, 4]","[1, 52, 4]","[1, 1500, 6]","[1, 403, 6]","[0, 52, 7]","[0, 52, 7]","[0, 1500, 12]","[0, 1500, 12]","[0, 679, 12]","[1, 52, 12]","[1, 116, 31]","[0, 52, 32]","[0, 564, 34]","[1, 52, 35]",321
"[1, 64, 0]","[0, 60, 5]","[1, 52, 5]","[1, 1500, 6]","[1, 371, 6]","[0, 52, 7]","[0, 52, 7]","[0, 1500, 12]","[0, 1500, 13]","[1, 52, 13]","[0, 679, 13]","[1, 52, 14]","[1, 116, 29]","[1, 150, 30]","[1, 532, 30]",321
"[1, 64, 0]","[0, 60, 4]","[1, 52, 5]","[1, 1500, 6]","[1, 403, 6]","[0, 52, 7]","[0, 1500, 13]","[0, 1500, 13]","[0, 679, 13]","[1, 52, 13]","[1, 116, 58]","[1, 150, 59]","[0, 52, 59]","[0, 52, 60]","[1, 532, 60]",321
"[1, 64, 0]","[0, 60, 4]","[1, 52, 5]","[1, 1500, 5]","[1, 435, 5]","[0, 52, 6]","[0, 52, 6]","[0, 1500, 11]","[0, 1500, 11]","[0, 678, 11]","[1, 52, 11]","[1, 52, 12]","[1, 116, 35]","[1, 150, 36]","[0, 52, 36]",321
"[1, 64, 0]","[0, 60, 5]","[1, 52, 6]","[1, 1500, 7]","[1, 435, 7]","[0, 52, 8]","[0, 1500, 12]","[0, 1500, 12]","[0, 679, 12]","[1, 52, 12]","[1, 116, 38]","[0, 52, 39]","[0, 564, 41]","[1, 52, 41]","[1, 150, 89]",321
"[1, 64, 0]","[0, 60, 4]","[1, 52, 5]","[1, 1500, 5]","[1, 371, 5]","[0, 52, 6]","[0, 52, 6]","[0, 1500, 10]","[0, 1500, 11]","[0, 679, 11]","[1, 52, 11]","[1, 52, 11]","[1, 116, 21]","[1, 150, 22]","[0, 52, 22]",321
"[1, 64, 0]","[0, 60, 5]","[1, 52, 5]","[1, 1500, 6]","[1, 435, 6]","[0, 52, 6]","[0, 52, 6]","[0, 1500, 12]","[0, 1500, 12]","[0, 678, 12]","[1, 52, 13]","[1, 116, 16]","[1, 150, 16]","[1, 532, 17]","[0, 52, 17]",321
"[1, 64, 0]","[0, 60, 4]","[1, 52, 5]","[1, 1500, 5]","[1, 371, 5]","[0, 52, 6]","[0, 1500, 10]","[0, 1500, 10]","[0, 678, 10]","[1, 52, 11]","[1, 116, 26]","[1, 150, 27]","[1, 532, 28]","[0, 52, 28]","[0, 52, 28]",321
"[1, 64, 0]","[0, 60, 4]","[1, 52, 5]","[1, 1500, 6]","[1, 435, 6]","[0, 52, 6]","[0, 52, 7]","[0, 1500, 11]","[0, 1500, 11]","[0, 678, 11]","[1, 52, 11]","[1, 116, 19]","[1, 150, 19]","[0, 52, 20]","[0, 52, 20]",321
"[1, 64, 0]","[0, 60, 4]","[1, 52, 5]","[1, 1500, 5]","[1, 435, 5]","[0, 52, 6]","[0, 1500, 12]","[0, 1500, 12]","[0, 679, 12]","[1, 52, 12]","[1, 116, 26]","[1, 150, 26]","[0, 52, 27]","[0, 52, 27]","[0, 564, 28]",321
"[1, 64, 0]","[0, 60, 4]","[1, 52, 4]","[1, 1500, 4]","[1, 371, 4]","[0, 52, 5]","[0, 52, 5]","[0, 1500, 10]","[0, 1500, 10]","[0, 678, 10]","[1, 52, 10]","[1, 116, 18]","[1, 150, 18]","[0, 52, 19]","[0, 52, 19]",321
"[1, 64, 0]","[0, 60, 5]","[1, 52, 5]","[1, 1500, 6]","[1, 371, 6]","[0, 52, 6]","[0, 1500, 12]","[0, 1500, 12]","[0, 679, 12]","[1, 52, 12]","[1, 116, 31]","[1, 150, 32]","[0, 52, 32]","[1, 532, 32]","[0, 52, 33]",321
"[1, 64, 0]","[0, 60, 4]","[1, 52, 4]","[1, 1500, 5]","[1, 371, 5]","[0, 52, 6]","[0, 52, 6]","[0, 1500, 11]","[0, 1500, 11]","[0, 680, 11]","[1, 52, 11]","[1, 116, 20]","[1, 150, 20]","[1, 532, 21]","[0, 52, 21]",321
"[1, 64, 0]","[0, 60, 5]","[1, 52, 5]","[1, 1500, 5]","[1, 371, 5]","[0, 52, 6]","[0, 52, 6]","[0, 1500, 11]","[0, 1500, 12]","[1, 52, 12]","[0, 679, 12]","[1, 52, 12]","[1, 116, 19]","[1, 150, 20]","[1, 532, 21]",321
"[1, 64, 0]","[0, 60, 4]","[1, 52, 5]","[1, 1500, 6]","[1, 403, 6]","[0, 52, 6]","[0, 52, 6]","[0, 1500, 11]","[0, 1500, 11]","[0, 679, 11]","[1, 52, 11]","[1, 116, 24]","[1, 150, 25]","[0, 52, 26]","[1, 532, 26]",321
"[1, 64, 0]","[0, 60, 4]","[1, 52, 4]","[1, 1500, 5]","[1, 371, 5]","[0, 52, 6]","[0, 1500, 10]","[0, 1500, 10]","[0, 678, 10]","[1, 52, 10]","[1, 52, 10]","[1, 116, 32]","[1, 150, 33]","[1, 532, 33]","[0, 52, 34]",321
"[1, 64, 0]","[0, 60, 5]","[1, 52, 5]","[1, 1500, 6]","[1, 339, 6]","[0, 52, 7]","[0, 52, 7]","[0, 1500, 11]","[0, 1500, 11]","[0, 679, 11]","[1, 52, 11]","[1, 116, 28]","[1, 150, 28]","[0, 52, 28]","[1, 532, 29]",321
"[1, 64, 0]","[0, 60, 4]","[1, 52, 5]","[1, 1500, 5]","[1, 371, 5]","[0, 52, 6]","[0, 1500, 12]","[0, 1500, 12]","[0, 679, 12]","[1, 52, 13]","[1, 116, 24]","[0, 52, 24]","[0, 564, 26]","[1, 52, 26]","[1, 150, 30]",321
"[1, 64, 0]","[0, 60, 4]","[1, 52, 5]","[1, 1500, 5]","[1, 371, 5]","[0, 52, 6]","[0, 52, 6]","[0, 1500, 12]","[0, 1500, 13]","[1, 52, 13]","[0, 680, 13]","[1, 52, 13]","[1, 116, 20]","[1, 150, 20]","[0, 52, 20]",321
"[1, 64, 0]","[0, 60, 5]","[1, 52, 5]","[1, 1500, 5]","[1, 371, 5]","[0, 52, 6]","[0, 52, 6]","[0, 1500, 12]","[0, 1500, 12]","[0, 680, 12]","[1, 52, 12]","[1, 116, 18]","[1, 150, 18]","[0, 52, 19]","[0, 52, 19]",321
"[1, 64, 0]","[0, 60, 4]","[1, 52, 5]","[1, 1500, 6]","[1, 371, 6]","[0, 52, 8]","[0, 52, 8]","[0, 1500, 15]","[0, 1500, 15]","[0, 679, 15]","[1, 52, 15]","[1, 116, 38]","[1, 150, 38]","[1, 532, 39]","[0, 52, 39]",321
"[1, 64, 0]","[0, 60, 4]","[1, 52, 4]","[1, 1500, 5]","[1, 403, 5]","[0, 52, 6]","[0, 52, 6]","[0, 1500, 12]","[0, 1500, 12]","[1, 52, 12]","[0, 679, 12]","[1, 52, 12]","[1, 116, 43]","[1, 150, 44]","[0, 52, 44]",321
"[1, 64, 0]","[0, 60, 5]","[1, 52, 6]","[1, 1500, 6]","[1, 339, 6]","[0, 52, 7]","[0, 52, 7]","[0, 1500, 13]","[0, 1500, 13]","[0, 679, 13]","[1, 52, 13]","[1, 116, 38]","[1, 150, 39]","[0, 52, 39]","[1, 532, 39]",321
"[1, 64, 0]","[0, 60, 4]","[1, 52, 4]","[1, 1500, 5]","[1, 339, 5]","[0, 52, 6]","[0, 1500, 11]","[0, 1500, 11]","[0, 679, 11]","[1, 52, 12]","[1, 116, 49]","[1, 150, 50]","[0, 52, 51]","[1, 532, 51]","[0, 52, 51]",321
"[1, 64, 0]","[0, 60, 14]","[1, 52, 15]","[1, 1500, 16]","[1, 371, 16]","[0, 52, 18]","[0, 52, 18]","[0, 1500, 23]","[0, 1500, 23]","[0, 678, 23]","[1, 52, 24]","[1, 116, 26]","[1, 150, 26]","[1, 532, 27]","[0, 52, 33]",321
"[1, 64, 0]","[0, 60, 3]","[1, 52, 4]","[1, 1500, 4]","[1, 371, 4]","[0, 52, 5]","[0, 52, 5]","[0, 1500, 12]","[0, 1500, 12]","[0, 678, 12]","[1, 52, 12]","[1, 116, 37]","[1, 150, 37]","[1, 532, 38]","[0, 52, 38]",321
"[1, 64, 0]","[0, 60, 4]","[1, 52, 4]","[1, 1500, 5]","[1, 339, 5]","[0, 52, 6]","[0, 52, 6]","[0, 1500, 10]","[0, 1500, 11]","[0, 680, 11]","[1, 52, 11]","[1, 116, 16]","[1, 150, 17]","[0, 52, 17]","[0, 52, 18]",321
"[1, 64, 0]","[0, 60, 5]","[1, 52, 5]","[1, 1500, 6]","[1, 435, 6]","[0, 52, 7]","[0, 1500, 12]","[0, 1500, 12]","[0, 679, 12]","[1, 52, 12]","[1, 116, 38]","[1, 150, 38]","[1, 532, 39]","[0, 52, 39]","[0, 52, 39]",321
"[1, 64, 0]","[0, 60, 4]","[1, 52, 5]","[1, 1500, 5]","[1, 403, 5]","[0, 52, 6]","[0, 1500, 10]","[1, 52, 11]","[0, 1500, 11]","[0, 680, 11]","[1, 52, 11]","[1, 116, 35]","[1, 150, 35]","[0, 52, 35]","[1, 532, 36]",321
"[1, 64, 0]","[0, 60, 5]","[1, 52, 6]","[1, 1500, 6]","[1, 403, 6]","[0, 52, 7]","[0, 52, 7]","[0, 1500, 12]","[0, 1500, 12]","[0, 680, 12]","[1, 52, 12]","[1, 116, 31]","[1, 150, 32]","[1, 532, 32]","[0, 52, 32]",321
"[1, 64, 0]","[0, 60, 4]","[1, 52, 4]","[1, 1500, 5]","[1, 435, 5]","[0, 52, 5]","[0, 52, 6]","[0, 1500, 12]","[0, 1500, 12]","[0, 679, 12]","[1, 52, 12]","[1, 116, 20]","[1, 150, 20]","[0, 52, 21]","[0, 52, 21]",321
"[1, 64, 0]","[0, 60, 4]","[1, 52, 4]","[1, 1500, 5]","[1, 435, 5]","[0, 52, 6]","[0, 52, 6]","[0, 1500, 11]","[0, 1500, 11]","[0, 678, 11]","[1, 52, 12]","[1, 116, 18]","[1, 150, 18]","[1, 532, 18]","[0, 52, 19]",321
"[1, 64, 0]","[0, 60, 4]","[1, 52, 4]","[1, 1500, 5]","[1, 371, 5]","[0, 52, 6]","[0, 52, 6]","[0, 1500, 10]","[0, 1500, 11]","[0, 679, 11]","[1, 52, 11]","[1, 116, 19]","[1, 150, 19]","[0, 52, 19]","[1, 532, 20]",321
"[1, 64, 0]","[0, 60, 4]","[1, 52, 4]","[1, 1500, 5]","[1, 403, 5]","[0, 52, 5]","[0, 52, 6]","[0, 1500, 9]","[0, 1500, 9]","[1, 52, 9]","[1, 52, 10]","[0, 679, 10]","[1, 52, 10]","[1, 116, 16]","[1, 150, 17]",321
"[1, 64, 0]","[0, 60, 5]","[1, 52, 5]","[1, 1500, 6]","[1, 403, 6]","[0, 52, 6]","[0, 52, 6]","[0, 1500, 11]","[0, 1500, 11]","[0, 679, 11]","[1, 52, 11]","[1, 116, 31]","[1, 150, 31]","[1, 532, 32]","[0, 52, 32]",321
"[1, 64, 0]","[0, 60, 4]","[1, 52, 4]","[1, 1500, 5]","[1, 403, 5]","[0, 52, 6]","[0, 52, 6]","[0, 1500, 11]","[0, 1500, 11]","[0, 678, 11]","[1, 52, 11]","[1, 116, 17]","[1, 150, 17]","[1, 532, 17]","[0, 52, 18]",321
"[1, 64, 0]","[0, 60, 4]","[1, 52, 5]","[1, 1500, 6]","[1, 371, 6]","[0, 52, 7]","[0, 52, 7]","[0, 1500, 12]","[0, 1500, 12]","[0, 678, 12]","[1, 52, 13]","[1, 116, 23]","[1, 150, 24]","[1, 532, 25]","[0, 52, 25]",321
"[1, 64, 0]","[0, 60, 4]","[1, 52, 5]","[1, 1500, 6]","[1, 435, 6]","[0, 52, 7]","[0, 52, 7]","[0, 1500, 12]","[0, 1500, 12]","[0, 679, 12]","[1, 52, 12]","[1, 116, 18]","[1, 150, 19]","[0, 52, 19]","[1, 532, 19]",321
"[1, 64, 0]","[0, 60, 5]","[1, 52, 5]","[1, 1500, 6]","[1, 435, 6]","[0, 52, 7]","[0, 52, 7]","[0, 1500, 11]","[1, 52, 12]","[0, 1500, 12]","[0, 678, 12]","[1, 52, 12]","[1, 52, 12]","[1, 116, 17]","[0, 52, 18]",321
"[1, 64, 0]","[0, 60, 5]","[1, 52, 6]","[1, 1500, 10]","[1, 403, 10]","[0, 52, 12]","[0, 52, 12]","[0, 1500, 18]","[0, 1500, 18]","[0, 678, 18]","[1, 52, 19]","[1, 116, 67]","[1, 150, 67]","[0, 52, 67]","[1, 532, 68]",321
"[1, 64, 0]","[0, 60, 5]","[1, 52, 5]","[1, 1500, 6]","[1, 339, 6]","[0, 52, 7]","[0, 52, 7]","[0, 1500, 11]","[0, 1500, 11]","[0, 679, 11]","[1, 52, 11]","[1, 116, 17]","[1, 150, 17]","[1, 532, 18]","[0, 52, 18]",321
"[1, 64, 0]","[0, 60, 5]","[1, 52, 5]","[1, 1500, 7]","[1, 403, 7]","[0, 52, 8]","[0, 52, 8]","[0, 1500, 13]","[0, 1500, 13]","[0, 680, 13]","[1, 52, 14]","[1, 116, 18]","[1, 150, 19]","[0, 52, 19]","[1, 532, 19]",321
"[1, 64, 0]","[0, 60, 4]","[1, 52, 4]","[1, 1500, 4]","[1, 339, 4]","[0, 52, 5]","[0, 52, 6]","[0, 1500, 11]","[0, 1500, 11]","[0, 679, 11]","[1, 52, 11]","[1, 52, 12]","[1, 116, 21]","[1, 150, 21]","[1, 532, 21]",321
"[1, 64, 0]","[0, 60, 4]","[1, 52, 5]","[1, 1500, 6]","[1, 403, 6]","[0, 52, 6]","[0, 52, 7]","[0, 1500, 11]","[0, 1500, 11]","[0, 679, 11]","[1, 52, 12]","[1, 116, 31]","[1, 150, 32]","[0, 52, 32]","[0, 52, 33]",321
"[1, 64, 0]","[0, 60, 4]","[1, 52, 5]","[1, 1500, 6]","[1, 339, 6]","[0, 52, 7]","[0, 1500, 12]","[0, 1500, 12]","[0, 678, 12]","[1, 52, 12]","[1, 116, 34]","[1, 150, 35]","[1, 532, 35]","[0, 52, 35]","[0, 52, 35]",321
"[1, 64, 0]","[0, 60, 4]","[1, 52, 5]","[1, 1500, 6]","[1, 371, 6]","[0, 52, 7]","[0, 1500, 12]","[0, 1500, 12]","[0, 679, 12]","[1, 52, 13]","[1, 116, 32]","[0, 52, 33]","[0, 564, 35]","[1, 52, 35]","[1, 150, 47]",321
"[1, 64, 0]","[0, 60, 5]","[1, 52, 5]","[1, 1500, 6]","[1, 339, 6]","[0, 52, 7]","[0, 52, 7]","[0, 1500, 13]","[0, 1500, 13]","[0, 679, 13]","[1, 52, 13]","[1, 116, 20]","[0, 52, 21]","[0, 564, 24]","[1, 52, 25]",321
"[1, 64, 0]","[0, 60, 4]","[1, 52, 4]","[1, 1500, 5]","[1, 371, 5]","[0, 52, 6]","[0, 52, 6]","[0, 1500, 11]","[0, 1500, 11]","[0, 679, 11]","[1, 52, 11]","[1, 52, 11]","[1, 116, 28]","[0, 52, 29]","[0, 564, 31]",321
"[1, 64, 0]","[0, 60, 4]","[1, 52, 5]","[1, 1500, 6]","[1, 435, 6]","[0, 52, 7]","[0, 1500, 11]","[0, 1500, 11]","[0, 679, 11]","[1, 52, 11]","[1, 116, 46]","[1, 150, 47]","[0, 52, 47]","[1, 532, 48]","[0, 52, 48]",321
"[1, 64, 0]","[0, 60, 4]","[1, 52, 5]","[1, 1500, 5]","[1, 435, 5]","[0, 52, 6]","[0, 1500, 11]","[0, 1500, 11]","[0, 680, 11]","[1, 52, 11]","[1, 52, 12]","[1, 116, 27]","[1, 150, 27]","[1, 532, 28]","[0, 52, 28]",321
"[1, 64, 0]","[0, 60, 5]","[1, 52, 5]","[1, 1500, 6]","[1, 339, 6]","[0, 52, 7]","[0, 52, 7]","[0, 1500, 12]","[1, 52, 12]","[0, 1500, 12]","[0, 678, 12]","[1, 52, 12]","[1, 52, 12]","[1, 116, 41]","[0, 52, 42]",321
"[1, 64, 0]","[0, 60, 4]","[1, 52, 4]","[1, 1500, 5]","[1, 371, 5]","[0, 52, 6]","[0, 1500, 11]","[0, 1500, 11]","[0, 679, 11]","[1, 52, 12]","[1, 116, 19]","[1, 150, 19]","[1, 532, 19]","[0, 52, 20]","[0, 52, 20]",321
"[1, 64, 0]","[0, 60, 4]","[1, 52, 4]","[1, 1500, 5]","[1, 403, 5]","[0, 52, 6]","[0, 52, 6]","[0, 1500, 11]","[0, 1500, 11]","[0, 679, 11]","[1, 52, 12]","[1, 116, 15]","[1, 150, 15]","[1, 532, 16]","[0, 52, 16]",321
"[1, 64, 0]","[0, 60, 3]","[1, 52, 4]","[1, 1500, 5]","[1, 339, 5]","[0, 52, 5]","[0, 52, 6]","[0, 1500, 9]","[0, 1500, 9]","[0, 678, 9]","[1, 52, 9]","[1, 116, 15]","[0, 52, 16]","[0, 564, 17]","[1, 52, 18]",321
"[1, 64, 0]","[0, 60, 5]","[1, 52, 5]","[1, 1500, 8]","[1, 371, 8]","[0, 52, 8]","[0, 52, 8]","[0, 1500, 13]","[1, 52, 14]","[0, 1500, 14]","[1, 52, 15]","[0, 678, 15]","[1, 52, 15]","[1, 116, 18]","[0, 52, 18]",321
"[1, 64, 0]","[0, 60, 4]","[1, 52, 5]","[1, 1500, 5]","[1, 339, 5]","[0, 52, 6]","[0, 52, 6]","[0, 1500, 12]","[0, 1500, 12]","[0, 680, 12]","[1, 52, 12]","[1, 52, 12]","[1, 116, 17]","[1, 150, 17]","[1, 532, 18]",321
"[1, 64, 0]","[0, 60, 4]","[1, 52, 4]","[1, 1500, 5]","[1, 403, 5]","[0, 52, 7]","[0, 52, 7]","[0, 1500, 14]","[0, 1500, 14]","[0, 678, 14]","[1, 52, 14]","[1, 116, 27]","[1, 150, 27]","[0, 52, 28]","[1, 532, 28]",321
"[1, 64, 0]","[0, 60, 4]","[1, 52, 4]","[1, 1500, 5]","[1, 371, 5]","[0, 52, 6]","[0, 52, 6]","[0, 1500, 12]","[0, 1500, 12]","[0, 680, 12]","[1, 52, 12]","[1, 116, 17]","[0, 52, 19]","[0, 564, 21]","[1, 52, 21]",321
"[1, 64, 0]","[0, 60, 5]","[1, 52, 5]","[1, 1500, 6]","[1, 371, 6]","[0, 52, 6]","[0, 52, 7]","[0, 1500, 12]","[0, 1500, 12]","[0, 680, 12]","[1, 52, 12]","[1, 116, 28]","[0, 52, 28]","[1, 150, 29]","[0, 52, 29]",321
"[1, 64, 0]","[0, 60, 5]","[1, 52, 5]","[1, 1500, 7]","[1, 403, 7]","[0, 52, 8]","[0, 1500, 13]","[0, 1500, 13]","[0, 679, 13]","[1, 52, 14]","[1, 52, 15]","[1, 116, 34]","[1, 150, 36]","[0, 52, 36]","[1, 532, 36]",321
"[1, 64, 0]","[0, 60, 4]","[1, 52, 4]","[1, 1500, 5]","[1, 435, 5]","[0, 52, 6]","[0, 52, 6]","[0, 1500, 12]","[0, 1500, 12]","[0, 678, 12]","[1, 52, 12]","[1, 116, 30]","[1, 150, 30]","[1, 532, 30]","[0, 52, 31]",321
"[1, 64, 0]","[0, 60, 5]","[1, 52, 5]","[1, 1500, 6]","[1, 403, 6]","[0, 52, 7]","[0, 52, 7]","[0, 1500, 11]","[0, 1500, 11]","[0, 680, 11]","[1, 52, 11]","[1, 116, 33]","[1, 150, 34]","[0, 52, 35]","[0, 52, 35]",321
"[1, 64, 0]","[0, 60, 4]","[1, 52, 4]","[1, 1500, 5]","[1, 435, 5]","[0, 52, 6]","[0, 1500, 10]","[0, 1500, 10]","[0, 680, 10]","[1, 52, 11]","[1, 116, 21]","[1, 150, 21]","[1, 532, 22]","[0, 52, 23]","[0, 52, 23]",321
"[1, 64, 0]","[0, 60, 3]","[1, 52, 4]","[1, 1500, 4]","[1, 339, 4]","[0, 52, 5]","[0, 1500, 10]","[0, 1500, 10]","[0, 679, 10]","[1, 52, 10]","[1, 116, 42]","[1, 150, 43]","[1, 532, 43]","[0, 52, 44]","[0, 52, 44]",321
"[1, 64, 0]","[0, 60, 4]","[1, 52, 5]","[1, 1500, 6]","[1, 435, 6]","[0, 52, 6]","[0, 52, 6]","[0, 1500, 12]","[1, 52, 12]","[0, 1500, 12]","[0, 680, 12]","[1, 52, 12]","[1, 116, 23]","[1, 150, 23]","[1, 532, 24]",321
"[1, 64, 0]","[0, 60, 5]","[1, 52, 5]","[1, 1500, 12]","[1, 339, 12]","[0, 52, 13]","[0, 1500, 17]","[0, 1500, 17]","[0, 678, 17]","[1, 52, 18]","[1, 116, 27]","[0, 52, 27]","[1, 150, 28]","[0, 52, 28]","[1, 532, 29]",321
"[1, 64, 0]","[0, 60, 4]","[1, 52, 5]","[1, 1500, 5]","[1, 435, 5]","[0, 52, 6]","[0, 52, 7]","[0, 1500, 12]","[0, 1500, 12]","[0, 679, 12]","[1, 52, 12]","[1, 116, 52]","[0, 52, 53]","[0, 564, 55]","[1, 52, 55]",321
"[1, 64, 0]","[0, 60, 4]","[1, 52, 5]","[1, 1500, 5]","[1, 371, 5]","[0, 52, 6]","[0, 52, 6]","[0, 1500, 12]","[0, 1500, 13]","[0, 679, 13]","[1, 52, 13]","[1, 116, 17]","[0, 52, 19]","[0, 564, 22]","[1, 52, 22]",321
"[1, 64, 0]","[0, 60, 5]","[1, 52, 5]","[1, 1500, 6]","[1, 403, 6]","[0, 52, 6]","[0, 52, 6]","[0, 1500, 11]","[0, 1500, 11]","[0, 679, 11]","[1, 52, 11]","[1, 116, 16]","[0, 52, 17]","[0, 564, 19]","[1, 52, 19]",321
"[1, 64, 0]","[0, 60, 4]","[1, 52, 4]","[1, 1500, 6]","[1, 403, 6]","[0, 52, 7]","[0, 52, 7]","[0, 1500, 11]","[0, 1500, 11]","[0, 679, 11]","[1, 52, 11]","[1, 52, 11]","[1, 116, 15]","[0, 52, 16]","[1, 150, 16]",321
"[1, 64, 0]","[0, 60, 5]","[1, 52, 6]","[1, 1500, 6]","[1, 371, 6]","[0, 52, 7]","[0, 1500, 12]","[0, 1500, 12]","[0, 679, 12]","[1, 52, 12]","[1, 116, 44]","[0, 52, 45]","[0, 564, 47]","[1, 52, 47]","[1, 150, 93]",321
"[1, 64, 0]","[0, 60, 5]","[1, 52, 5]","[1, 1500, 6]","[1, 339, 6]","[0, 52, 7]","[0, 52, 7]","[0, 1500, 11]","[0, 1500, 11]","[0, 678, 11]","[1, 52, 12]","[1, 116, 20]","[0, 52, 21]","[0, 564, 23]","[1, 52, 24]",321
"[1, 64, 0]","[0, 60, 5]","[1, 52, 6]","[1, 1500, 7]","[1, 371, 7]","[0, 52, 8]","[0, 1500, 14]","[0, 1500, 14]","[0, 678, 14]","[1, 52, 14]","[1, 116, 25]","[0, 52, 26]","[0, 564, 29]","[1, 52, 30]","[1, 150, 35]",321
"[1, 64, 0]","[0, 60, 5]","[1, 52, 5]","[1, 1500, 6]","[1, 403, 6]","[0, 52, 7]","[0, 52, 7]","[0, 1500, 13]","[0, 1500, 13]","[0, 678, 13]","[1, 52, 13]","[1, 116, 51]","[1, 150, 51]","[1, 532, 51]","[0, 52, 52]",321
"[1, 64, 0]","[0, 60, 4]","[1, 52, 4]","[1, 1500, 6]","[1, 435, 6]","[0, 52, 7]","[0, 52, 7]","[0, 1500, 14]","[0, 1500, 14]","[0, 680, 14]","[1, 52, 14]","[1, 116, 24]","[0, 52, 38]","[0, 564, 41]","[1, 52, 42]",321
"[1, 64, 0]","[0, 60, 5]","[1, 52, 6]","[1, 1500, 7]","[1, 435, 7]","[0, 52, 8]","[0, 52, 8]","[0, 1500, 14]","[0, 1500, 14]","[0, 680, 14]","[1, 52, 15]","[1, 116, 24]","[0, 52, 25]","[0, 564, 27]","[1, 52, 27]",321
"[1, 64, 0]","[0, 60, 5]","[1, 52, 6]","[1, 1500, 6]","[1, 403, 6]","[0, 52, 7]","[0, 52, 7]","[0, 1500, 14]","[0, 1500, 14]","[0, 678, 14]","[1, 52, 14]","[1, 52, 14]","[1, 116, 22]","[0, 52, 23]","[0, 564, 25]",321
"[1, 64, 0]","[0, 60, 4]","[1, 52, 5]","[1, 1500, 5]","[1, 339, 5]","[0, 52, 6]","[0, 1500, 11]","[0, 1500, 11]","[0, 680, 11]","[1, 52, 12]","[1, 116, 21]","[1, 150, 22]","[0, 52, 22]","[0, 52, 22]","[1, 532, 22]",321
"[1, 64, 0]","[0, 60, 4]","[1, 52, 5]","[1, 1500, 5]","[1, 339, 5]","[0, 52, 6]","[0, 1500, 12]","[0, 1500, 12]","[0, 678, 12]","[1, 52, 12]","[1, 52, 13]","[1, 116, 21]","[0, 52, 21]","[0, 564, 23]","[1, 52, 24]",321
"[1, 64, 0]","[0, 60, 3]","[1, 52, 4]","[1, 1500, 5]","[1, 403, 5]","[0, 52, 5]","[0, 1500, 9]","[0, 1500, 9]","[0, 680, 10]","[1, 52, 10]","[1, 52, 10]","[1, 116, 20]","[0, 52, 21]","[0, 564, 23]","[1, 52, 23]",321
"[1, 64, 0]","[0, 60, 4]","[1, 52, 4]","[1, 1500, 5]","[1, 403, 5]","[0, 52, 6]","[0, 1500, 10]","[0, 1500, 10]","[0, 679, 10]","[1, 52, 11]","[1, 116, 25]","[0, 52, 26]","[1, 150, 26]","[0, 52, 27]","[1, 532, 27]",321
"[1, 64, 0]","[0, 60, 6]","[1, 52, 6]","[1, 1500, 7]","[1, 403, 7]","[0, 52, 8]","[0, 52, 9]","[0, 1500, 13]","[0, 1500, 13]","[0, 679, 13]","[1, 52, 14]","[1, 116, 23]","[0, 52, 24]","[0, 564, 26]","[1, 52, 27]",321
"[1, 64, 0]","[0, 60, 5]","[1, 52, 5]","[1, 1500, 6]","[1, 371, 6]","[0, 52, 7]","[0, 52, 7]","[0, 1500, 15]","[0, 1500, 15]","[0, 679, 15]","[1, 52, 15]","[1, 52, 15]","[1, 116, 23]","[1, 150, 23]","[0, 52, 24]",321
"[1, 64, 0]","[0, 60, 5]","[1, 52, 6]","[1, 1500, 6]","[1, 403, 6]","[0, 52, 7]","[0, 1500, 12]","[0, 1500, 13]","[0, 678, 13]","[1, 52, 13]","[1, 116, 42]","[1, 150, 42]","[0, 52, 43]","[1, 532, 43]","[0, 52, 43]",321
"[1, 64, 0]","[0, 60, 5]","[1, 52, 6]","[1, 1500, 16]","[1, 371, 16]","[0, 52, 17]","[0, 52, 17]","[0, 1500, 28]","[0, 1500, 29]","[0, 679, 29]","[1, 52, 29]","[1, 52, 29]","[1, 116, 41]","[1, 150, 42]","[0, 52, 42]",321
"[1, 64, 0]","[0, 60, 5]","[1, 52, 6]","[1, 1500, 7]","[1, 371, 7]","[0, 52, 7]","[0, 1500, 13]","[0, 1500, 13]","[0, 678, 13]","[1, 52, 13]","[1, 116, 56]","[1, 150, 57]","[0, 52, 57]","[1, 532, 58]","[0, 52, 58]",321
"[1, 64, 0]","[0, 60, 5]","[1, 52, 6]","[1, 1500, 6]","[1, 435, 6]","[0, 52, 7]","[0, 1500, 12]","[0, 1500, 12]","[0, 679, 12]","[1, 52, 12]","[1, 116, 24]","[0, 52, 26]","[0, 564, 27]","[1, 52, 28]","[1, 150, 209]",321
"[1, 64, 0]","[0, 60, 4]","[1, 52, 4]","[1, 1500, 5]","[1, 371, 5]","[0, 52, 5]","[0, 52, 5]","[0, 1500, 10]","[0, 1500, 10]","[1, 52, 11]","[0, 679, 11]","[1, 52, 11]","[1, 116, 35]","[1, 150, 35]","[1, 532, 36]",321
"[1, 64, 0]","[0, 60, 6]","[1, 52, 6]","[1, 1500, 7]","[1, 339, 7]","[0, 52, 9]","[0, 1500, 16]","[0, 1500, 16]","[0, 680, 16]","[1, 52, 17]","[1, 116, 44]","[0, 52, 45]","[1, 150, 45]","[0, 52, 46]","[1, 532, 47]",321
"[1, 64, 0]","[0, 60, 4]","[1, 52, 5]","[1, 1500, 5]","[1, 435, 5]","[0, 52, 6]","[0, 52, 6]","[0, 1500, 12]","[0, 1500, 12]","[1, 52, 13]","[0, 680, 13]","[1, 52, 13]","[1, 116, 17]","[1, 150, 17]","[1, 532, 17]",321
"[1, 64, 0]","[0, 60, 5]","[1, 52, 5]","[1, 1500, 6]","[1, 403, 6]","[0, 52, 7]","[0, 52, 7]","[0, 1500, 11]","[0, 1500, 12]","[0, 679, 12]","[1, 52, 12]","[1, 116, 32]","[0, 52, 33]","[0, 564, 34]","[1, 52, 35]",321
"[1, 64, 0]","[0, 60, 7]","[1, 52, 7]","[1, 1500, 8]","[1, 371, 8]","[0, 52, 9]","[0, 52, 9]","[0, 1500, 18]","[0, 1500, 18]","[0, 679, 18]","[1, 52, 18]","[1, 52, 18]","[1, 116, 23]","[0, 52, 24]","[0, 564, 26]",321
"[1, 64, 0]","[0, 60, 5]","[1, 52, 5]","[1, 1500, 6]","[1, 435, 6]","[0, 52, 7]","[0, 52, 7]","[0, 1500, 12]","[0, 1500, 12]","[0, 679, 12]","[1, 52, 12]","[1, 116, 14]","[0, 52, 15]","[0, 564, 17]","[1, 52, 17]",321
"[1, 64, 0]","[0, 60, 4]","[1, 52, 4]","[1, 1500, 6]","[1, 339, 6]","[0, 52, 7]","[0, 52, 7]","[0, 1500, 13]","[0, 1500, 13]","[0, 679, 13]","[1, 52, 14]","[1, 116, 44]","[0, 52, 45]","[1, 150, 45]","[1, 532, 45]",321
"[1, 64, 0]","[0, 60, 5]","[1, 52, 6]","[1, 1500, 7]","[1, 371, 7]","[0, 52, 8]","[0, 52, 8]","[0, 1500, 13]","[0, 1500, 13]","[0, 679, 13]","[1, 52, 13]","[1, 116, 34]","[1, 150, 35]","[1, 532, 35]","[0, 52, 36]",321
"[1, 64, 0]","[0, 60, 4]","[1, 52, 4]","[1, 1500, 5]","[1, 403, 5]","[0, 52, 6]","[0, 1500, 9]","[0, 1500, 10]","[0, 679, 10]","[1, 52, 10]","[1, 52, 10]","[1, 116, 24]","[0, 52, 25]","[1, 150, 25]","[0, 52, 26]",321
"[1, 64, 0]","[0, 60, 4]","[1, 52, 5]","[1, 1500, 6]","[1, 435, 6]","[0, 52, 7]","[0, 1500, 14]","[0, 1500, 14]","[0, 679, 14]","[1, 52, 14]","[1, 116, 17]","[1, 150, 17]","[1, 532, 17]","[0, 52, 18]","[0, 52, 18]",322
"[1, 64, 0]","[0, 60, 5]","[1, 52, 6]","[1, 1500, 15]","[1, 403, 15]","[0, 52, 16]","[0, 1500, 22]","[0, 1500, 22]","[0, 678, 22]","[1, 52, 22]","[1, 116, 29]","[0, 52, 30]","[0, 564, 32]","[1, 52, 33]","[1, 150, 33]",322
"[1, 64, 0]","[0, 60, 6]","[1, 52, 6]","[1, 1500, 8]","[1, 403, 8]","[0, 52, 9]","[0, 52, 9]","[0, 1500, 15]","[0, 1500, 15]","[0, 680, 15]","[1, 52, 15]","[1, 116, 17]","[1, 150, 17]","[0, 52, 18]","[1, 532, 18]",322
"[1, 64, 0]","[0, 60, 5]","[1, 52, 5]","[1, 1500, 8]","[1, 371, 8]","[0, 52, 8]","[0, 52, 9]","[0, 1500, 14]","[1, 52, 14]","[0, 1500, 14]","[1, 52, 14]","[0, 680, 14]","[1, 52, 15]","[1, 116, 17]","[1, 150, 18]",322
"[1, 64, 0]","[0, 60, 5]","[1, 52, 5]","[1, 1500, 7]","[1, 339, 7]","[0, 52, 8]","[0, 52, 8]","[0, 1500, 13]","[0, 1500, 13]","[0, 678, 13]","[1, 52, 14]","[1, 116, 16]","[1, 150, 17]","[1, 532, 17]","[0, 52, 17]",322
"[1, 64, 0]","[0, 60, 6]","[1, 52, 6]","[1, 1500, 7]","[1, 339, 7]","[0, 52, 8]","[0, 52, 8]","[0, 1500, 15]","[0, 1500, 15]","[0, 679, 15]","[1, 52, 15]","[1, 116, 18]","[1, 150, 18]","[1, 532, 19]","[0, 52, 20]",322
"[1, 64, 0]","[0, 60, 4]","[1, 52, 5]","[1, 1500, 7]","[1, 403, 7]","[0, 52, 7]","[0, 52, 7]","[0, 1500, 11]","[0, 1500, 11]","[0, 679, 11]","[1, 52, 12]","[1, 116, 14]","[1, 150, 14]","[1, 532, 15]","[0, 52, 15]",322
"[1, 64, 0]","[0, 60, 4]","[1, 52, 5]","[1, 1500, 7]","[1, 435, 7]","[0, 52, 7]","[0, 52, 8]","[0, 1500, 14]","[0, 1500, 15]","[0, 679, 15]","[1, 52, 15]","[1, 116, 18]","[1, 150, 19]","[1, 532, 19]","[0, 52, 19]",322
"[1, 64, 0]","[0, 60, 6]","[1, 52, 6]","[1, 1500, 10]","[1, 371, 10]","[0, 52, 11]","[0, 52, 12]","[0, 1500, 18]","[0, 1500, 18]","[0, 678, 18]","[1, 52, 19]","[1, 116, 21]","[1, 150, 22]","[1, 532, 22]","[0, 52, 22]",322
"[1, 64, 0]","[0, 60, 4]","[1, 52, 5]","[1, 1500, 7]","[1, 435, 7]","[0, 52, 8]","[0, 52, 8]","[0, 1500, 19]","[1, 52, 20]","[0, 1500, 20]","[0, 678, 20]","[1, 52, 20]","[1, 52, 21]","[1, 116, 23]","[1, 150, 23]",322
"[1, 64, 0]","[0, 60, 6]","[1, 52, 7]","[1, 1500, 7]","[1, 435, 7]","[0, 52, 8]","[0, 52, 8]","[0, 1500, 18]","[0, 1500, 18]","[0, 680, 18]","[1, 52, 18]","[1, 116, 21]","[1, 150, 21]","[0, 52, 22]","[1, 532, 22]",322
"[1, 64, 0]","[0, 60, 4]","[1, 52, 4]","[1, 1500, 5]","[1, 435, 5]","[0, 52, 6]","[0, 52, 6]","[0, 1500, 10]","[0, 1500, 10]","[0, 680, 10]","[1, 52, 10]","[1, 116, 13]","[1, 150, 13]","[0, 52, 13]","[0, 52, 13]",322
"[1, 64, 0]","[0, 60, 4]","[1, 52, 5]","[1, 1500, 13]","[1, 403, 13]","[0, 52, 14]","[0, 1500, 20]","[0, 1500, 20]","[0, 678, 20]","[1, 52, 20]","[1, 116, 33]","[1, 150, 33]","[1, 532, 34]","[0, 52, 35]","[0, 52, 35]",322
"[1, 64, 0]","[0, 60, 11]","[1, 52, 12]","[1, 1500, 13]","[1, 403, 13]","[0, 52, 13]","[0, 52, 13]","[0, 1500, 22]","[1, 52, 22]","[0, 1500, 22]","[1, 52, 23]","[0, 678, 23]","[1, 52, 23]","[1, 116, 26]","[1, 150, 26]",322
"[1, 64, 0]","[0, 60, 4]","[1, 52, 4]","[1, 1500, 6]","[1, 403, 6]","[0, 52, 6]","[0, 52, 7]","[0, 1500, 13]","[0, 1500, 13]","[1, 52, 13]","[0, 678, 13]","[1, 52, 14]","[1, 116, 16]","[1, 150, 16]","[1, 532, 16]",322
"[1, 64, 0]","[0, 60, 5]","[1, 52, 6]","[1, 1500, 7]","[1, 371, 7]","[0, 52, 8]","[0, 52, 8]","[0, 1500, 14]","[0, 1500, 14]","[0, 679, 14]","[1, 52, 14]","[1, 116, 17]","[1, 150, 17]","[0, 52, 18]","[1, 532, 18]",322
"[1, 64, 0]","[0, 60, 5]","[1, 52, 5]","[1, 1500, 6]","[1, 435, 6]","[0, 52, 7]","[0, 52, 7]","[0, 1500, 12]","[0, 1500, 12]","[0, 679, 12]","[1, 52, 12]","[1, 52, 12]","[1, 116, 15]","[1, 150, 16]","[0, 52, 16]",322
"[1, 64, 0]","[0, 60, 4]","[1, 52, 4]","[1, 1500, 5]","[1, 371, 5]","[0, 52, 6]","[0, 52, 6]","[0, 1500, 10]","[0, 1500, 10]","[1, 52, 10]","[0, 679, 10]","[1, 52, 11]","[1, 116, 30]","[0, 52, 31]","[1, 150, 31]",322
"[1, 64, 0]","[0, 60, 4]","[1, 52, 5]","[1, 1500, 6]","[1, 403, 6]","[0, 52, 7]","[0, 1500, 13]","[1, 52, 13]","[0, 1500, 13]","[0, 678, 13]","[1, 52, 14]","[1, 116, 18]","[1, 150, 18]","[0, 52, 19]","[0, 52, 19]",322
"[1, 64, 0]","[0, 60, 12]","[1, 52, 13]","[1, 1500, 13]","[1, 371, 13]","[0, 52, 14]","[0, 52, 14]","[0, 1500, 21]","[0, 1500, 21]","[0, 679, 21]","[1, 52, 22]","[1, 116, 24]","[1, 150, 24]","[1, 532, 25]","[0, 52, 25]",322
"[1, 64, 0]","[0, 60, 5]","[1, 52, 5]","[1, 1500, 7]","[1, 435, 7]","[0, 52, 8]","[0, 52, 8]","[0, 1500, 15]","[0, 1500, 15]","[0, 678, 15]","[1, 52, 15]","[1, 116, 19]","[1, 150, 20]","[1, 532, 20]","[0, 52, 20]",322
"[1, 64, 0]","[0, 60, 5]","[1, 52, 6]","[1, 1500, 7]","[1, 403, 7]","[0, 52, 8]","[0, 1500, 12]","[0, 1500, 12]","[0, 678, 12]","[1, 52, 12]","[1, 52, 12]","[1, 116, 15]","[1, 150, 15]","[1, 532, 16]","[0, 52, 16]",322
"[1, 64, 0]","[0, 60, 6]","[1, 52, 6]","[1, 1500, 7]","[1, 339, 7]","[0, 52, 11]","[0, 52, 12]","[0, 1500, 19]","[1, 52, 19]","[0, 1500, 20]","[1, 52, 20]","[0, 680, 20]","[1, 52, 21]","[1, 116, 23]","[1, 150, 23]",322
"[1, 64, 0]","[0, 60, 8]","[1, 52, 8]","[1, 1500, 9]","[1, 339, 9]","[0, 52, 9]","[0, 52, 10]","[0, 1500, 16]","[0, 1500, 16]","[0, 679, 16]","[1, 52, 16]","[1, 116, 18]","[1, 150, 19]","[1, 532, 19]","[0, 52, 19]",322
"[1, 64, 0]","[0, 60, 5]","[1, 52, 5]","[1, 1500, 7]","[1, 403, 7]","[0, 52, 8]","[0, 52, 8]","[0, 1500, 13]","[0, 1500, 13]","[0, 679, 13]","[1, 52, 13]","[1, 116, 16]","[1, 150, 16]","[0, 52, 16]","[1, 532, 16]",322
"[1, 64, 0]","[0, 60, 4]","[1, 52, 5]","[1, 1500, 5]","[1, 371, 5]","[0, 52, 6]","[0, 1500, 12]","[0, 1500, 12]","[1, 52, 12]","[0, 680, 12]","[1, 52, 13]","[1, 116, 16]","[0, 52, 17]","[1, 150, 17]","[1, 532, 18]",322
"[1, 64, 0]","[0, 60, 3]","[1, 52, 4]","[1, 1500, 5]","[1, 339, 5]","[0, 52, 5]","[0, 52, 5]","[0, 1500, 11]","[0, 1500, 11]","[1, 52, 11]","[0, 679, 11]","[1, 52, 11]","[1, 116, 14]","[1, 150, 14]","[0, 52, 14]",322
"[1, 64, 0]","[0, 60, 6]","[1, 52, 7]","[1, 1500, 8]","[1, 435, 8]","[0, 52, 9]","[0, 52, 9]","[0, 1500, 15]","[0, 1500, 15]","[0, 678, 15]","[1, 52, 15]","[1, 52, 16]","[1, 116, 18]","[1, 150, 18]","[0, 52, 19]",322
"[1, 64, 0]","[0, 60, 4]","[1, 52, 4]","[1, 1500, 5]","[1, 403, 5]","[0, 52, 6]","[0, 52, 6]","[0, 1500, 13]","[0, 1500, 13]","[0, 678, 13]","[1, 52, 13]","[1, 116, 21]","[1, 150, 21]","[0, 52, 22]","[1, 532, 22]",322
"[1, 64, 0]","[0, 60, 4]","[1, 52, 5]","[1, 1500, 6]","[1, 403, 6]","[0, 52, 6]","[0, 52, 6]","[0, 1500, 16]","[0, 1500, 16]","[0, 679, 16]","[1, 52, 17]","[1, 116, 19]","[1, 150, 19]","[1, 532, 20]","[0, 52, 20]",322
"[1, 64, 0]","[0, 60, 5]","[1, 52, 5]","[1, 1500, 9]","[1, 371, 9]","[0, 52, 10]","[0, 52, 10]","[0, 1500, 18]","[0, 1500, 18]","[0, 679, 18]","[1, 52, 18]","[1, 116, 22]","[1, 150, 22]","[0, 52, 22]","[0, 52, 23]",322
"[1, 64, 0]","[0, 60, 3]","[1, 52, 4]","[1, 1500, 6]","[1, 371, 6]","[0, 52, 8]","[0, 52, 8]","[0, 1500, 16]","[1, 52, 16]","[0, 1500, 16]","[1, 52, 16]","[0, 680, 17]","[1, 52, 17]","[1, 116, 20]","[1, 150, 20]",322
"[1, 64, 0]","[0, 60, 3]","[1, 52, 4]","[1, 1500, 5]","[1, 371, 5]","[0, 52, 6]","[0, 52, 6]","[0, 1500, 12]","[0, 1500, 12]","[0, 680, 12]","[1, 52, 12]","[1, 116, 16]","[0, 52, 18]","[1, 150, 18]","[0, 52, 19]",322
"[1, 64, 0]","[0, 60, 6]","[1, 52, 6]","[1, 1500, 8]","[1, 339, 8]","[0, 52, 9]","[0, 1500, 15]","[0, 1500, 15]","[0, 679, 15]","[1, 52, 15]","[1, 116, 18]","[1, 150, 19]","[0, 52, 19]","[1, 532, 19]","[0, 52, 20]",322
"[1, 64, 0]","[0, 60, 6]","[1, 52, 6]","[1, 1500, 7]","[1, 403, 7]","[0, 52, 8]","[0, 52, 8]","[0, 1500, 15]","[0, 1500, 15]","[0, 679, 15]","[1, 52, 15]","[1, 116, 20]","[1, 150, 21]","[1, 532, 21]","[0, 52, 21]",322
"[1, 64, 0]","[0, 60, 6]","[1, 52, 6]","[1, 1500, 7]","[1, 371, 7]","[0, 52, 8]","[0, 52, 8]","[0, 1500, 15]","[0, 1500, 15]","[0, 680, 15]","[1, 52, 15]","[1, 116, 17]","[1, 150, 18]","[1, 532, 18]","[0, 52, 18]",322
"[1, 64, 0]","[0, 60, 7]","[1, 52, 8]","[1, 1500, 9]","[1, 339, 9]","[0, 52, 10]","[0, 52, 10]","[0, 1500, 16]","[0, 1500, 17]","[0, 678, 17]","[1, 52, 17]","[1, 52, 17]","[1, 116, 21]","[1, 150, 21]","[1, 532, 22]",322
"[1, 64, 0]","[0, 60, 5]","[1, 52, 5]","[1, 1500, 10]","[1, 339, 10]","[0, 52, 11]","[0, 52, 11]","[0, 1500, 17]","[0, 1500, 17]","[0, 680, 17]","[1, 52, 17]","[1, 116, 20]","[1, 150, 20]","[1, 532, 21]","[0, 52, 21]",322
"[1, 64, 0]","[0, 60, 5]","[1, 52, 5]","[1, 1500, 7]","[1, 339, 7]","[0, 52, 8]","[0, 1500, 12]","[0, 1500, 12]","[0, 679, 12]","[1, 52, 12]","[1, 52, 12]","[1, 116, 30]","[1, 150, 31]","[1, 532, 31]","[0, 52, 31]",322
"[1, 64, 0]","[0, 60, 4]","[1, 52, 5]","[1, 1500, 6]","[1, 435, 6]","[0, 52, 7]","[0, 52, 7]","[0, 1500, 13]","[0, 1500, 14]","[1, 52, 14]","[0, 678, 14]","[1, 52, 14]","[1, 116, 18]","[1, 150, 18]","[1, 532, 19]",322
"[1, 64, 0]","[0, 60, 3]","[1, 52, 4]","[1, 1500, 4]","[1, 371, 4]","[0, 52, 5]","[0, 52, 5]","[0, 1500, 10]","[0, 1500, 10]","[0, 678, 10]","[1, 52, 11]","[1, 116, 17]","[1, 150, 18]","[0, 52, 18]","[0, 52, 18]",322
"[1, 64, 0]","[0, 60, 4]","[1, 52, 5]","[1, 1500, 5]","[1, 339, 5]","[0, 52, 6]","[0, 52, 6]","[0, 1500, 12]","[1, 52, 12]","[0, 1500, 12]","[0, 677, 12]","[1, 52, 13]","[1, 116, 19]","[1, 150, 20]","[1, 532, 20]",322
"[1, 64, 0]","[0, 60, 5]","[1, 52, 6]","[1, 1500, 6]","[1, 435, 6]","[0, 52, 7]","[0, 52, 8]","[0, 1500, 11]","[0, 1500, 12]","[0, 680, 12]","[1, 52, 12]","[1, 116, 15]","[1, 150, 15]","[0, 52, 15]","[1, 532, 16]",322
"[1, 64, 0]","[0, 60, 8]","[1, 52, 8]","[1, 1500, 9]","[1, 435, 9]","[0, 52, 9]","[0, 52, 9]","[0, 1500, 14]","[0, 1500, 14]","[0, 679, 14]","[1, 52, 15]","[1, 116, 18]","[1, 150, 19]","[0, 52, 19]","[0, 52, 20]",322
"[1, 64, 0]","[0, 60, 6]","[1, 52, 6]","[1, 1500, 7]","[1, 371, 7]","[0, 52, 8]","[0, 52, 9]","[0, 1500, 19]","[0, 1500, 19]","[0, 680, 19]","[1, 52, 20]","[1, 116, 22]","[1, 150, 22]","[0, 52, 23]","[0, 52, 23]",322
"[1, 64, 0]","[0, 60, 5]","[1, 52, 6]","[1, 1500, 7]","[1, 339, 7]","[0, 52, 7]","[0, 52, 7]","[0, 1500, 13]","[0, 1500, 13]","[0, 680, 13]","[1, 52, 14]","[1, 116, 19]","[1, 150, 19]","[0, 52, 19]","[1, 532, 19]",322
"[1, 64, 0]","[0, 60, 4]","[1, 52, 5]","[1, 1500, 6]","[1, 403, 6]","[0, 52, 7]","[0, 52, 7]","[0, 1500, 12]","[0, 1500, 12]","[0, 680, 12]","[1, 52, 13]","[1, 116, 16]","[1, 150, 17]","[1, 532, 17]","[0, 52, 17]",322
"[1, 64, 0]","[0, 60, 4]","[1, 52, 4]","[1, 1500, 25]","[1, 435, 25]","[0, 52, 25]","[0, 52, 26]","[0, 1500, 30]","[0, 1500, 30]","[0, 678, 31]","[1, 52, 31]","[1, 116, 33]","[1, 150, 34]","[0, 52, 34]","[1, 532, 34]",322
"[1, 64, 0]","[0, 60, 8]","[1, 52, 9]","[1, 1500, 16]","[1, 371, 16]","[0, 52, 17]","[0, 52, 17]","[0, 1500, 22]","[0, 1500, 22]","[0, 680, 22]","[1, 52, 22]","[1, 52, 22]","[1, 116, 34]","[1, 150, 34]","[1, 532, 34]",322
"[1, 64, 0]","[0, 60, 8]","[1, 52, 9]","[1, 1500, 15]","[1, 435, 15]","[0, 52, 16]","[0, 52, 16]","[0, 1500, 21]","[0, 1500, 21]","[0, 679, 21]","[1, 52, 21]","[1, 52, 22]","[1, 116, 27]","[1, 150, 28]","[1, 532, 28]",322
"[1, 64, 0]","[0, 60, 5]","[1, 52, 6]","[1, 1500, 8]","[1, 339, 8]","[0, 52, 8]","[0, 52, 8]","[0, 1500, 14]","[0, 1500, 14]","[1, 52, 15]","[0, 678, 15]","[1, 52, 15]","[1, 116, 20]","[1, 150, 20]","[0, 52, 20]",322
"[1, 64, 0]","[0, 60, 3]","[1, 52, 4]","[1, 1500, 5]","[1, 339, 5]","[0, 52, 6]","[0, 1500, 10]","[0, 1500, 10]","[0, 679, 10]","[1, 52, 11]","[1, 116, 14]","[1, 150, 14]","[1, 532, 15]","[0, 52, 15]","[0, 52, 15]",322
"[1, 64, 0]","[0, 60, 6]","[1, 52, 6]","[1, 1500, 10]","[1, 371, 10]","[0, 52, 12]","[0, 52, 12]","[0, 1500, 16]","[0, 1500, 17]","[0, 679, 17]","[1, 52, 17]","[1, 116, 19]","[1, 150, 19]","[1, 532, 20]","[0, 52, 20]",322
"[1, 64, 0]","[0, 60, 4]","[1, 52, 4]","[1, 1500, 10]","[1, 403, 10]","[0, 52, 11]","[0, 52, 11]","[0, 1500, 16]","[1, 52, 16]","[0, 1500, 17]","[1, 52, 17]","[0, 678, 17]","[1, 52, 17]","[1, 116, 20]","[1, 150, 20]",322
"[1, 64, 0]","[0, 60, 5]","[1, 52, 6]","[1, 1500, 6]","[1, 403, 6]","[0, 52, 7]","[0, 52, 7]","[0, 1500, 11]","[0, 1500, 11]","[0, 679, 11]","[1, 52, 12]","[1, 116, 17]","[1, 150, 17]","[1, 532, 18]","[0, 52, 18]",322
"[1, 64, 0]","[0, 60, 4]","[1, 52, 5]","[1, 1500, 9]","[1, 339, 9]","[0, 52, 10]","[0, 52, 10]","[0, 1500, 15]","[0, 1500, 15]","[0, 680, 15]","[1, 52, 16]","[1, 116, 19]","[1, 150, 20]","[1, 532, 20]","[0, 52, 20]",322
"[1, 64, 0]","[0, 60, 20]","[1, 52, 20]","[1, 1500, 27]","[1, 435, 27]","[0, 52, 28]","[0, 52, 28]","[0, 1500, 35]","[1, 52, 35]","[0, 1500, 36]","[1, 52, 36]","[0, 678, 36]","[1, 52, 36]","[1, 116, 39]","[1, 150, 39]",322
"[1, 64, 0]","[0, 60, 5]","[1, 52, 5]","[1, 1500, 10]","[1, 371, 10]","[0, 52, 11]","[0, 1500, 16]","[0, 1500, 16]","[0, 679, 16]","[1, 52, 16]","[1, 52, 16]","[1, 116, 19]","[1, 150, 19]","[1, 532, 20]","[0, 52, 20]",322
"[1, 64, 0]","[0, 60, 9]","[1, 52, 10]","[1, 1500, 12]","[1, 403, 12]","[0, 52, 14]","[0, 52, 14]","[0, 1500, 19]","[0, 1500, 19]","[0, 679, 19]","[1, 52, 19]","[1, 116, 22]","[1, 150, 23]","[0, 52, 23]","[0, 52, 23]",322
"[1, 64, 0]","[0, 60, 5]","[1, 52, 5]","[1, 1500, 6]","[1, 371, 6]","[0, 52, 7]","[0, 52, 8]","[0, 1500, 13]","[0, 1500, 13]","[0, 680, 13]","[1, 52, 14]","[1, 116, 17]","[1, 150, 17]","[1, 532, 18]","[0, 52, 18]",322
"[1, 64, 0]","[0, 60, 3]","[1, 52, 4]","[1, 1500, 6]","[1, 403, 6]","[0, 52, 8]","[0, 1500, 13]","[0, 1500, 13]","[0, 679, 13]","[1, 52, 14]","[1, 116, 18]","[1, 150, 19]","[0, 52, 19]","[0, 52, 19]","[1, 532, 20]",322
"[1, 64, 0]","[0, 60, 5]","[1, 52, 5]","[1, 1500, 6]","[1, 435, 6]","[0, 52, 7]","[0, 52, 7]","[0, 1500, 12]","[0, 1500, 13]","[0, 679, 13]","[1, 52, 13]","[1, 116, 21]","[1, 150, 21]","[1, 532, 21]","[0, 52, 22]",322
"[1, 64, 0]","[0, 60, 13]","[1, 52, 13]","[1, 1500, 17]","[1, 339, 17]","[0, 52, 18]","[0, 1500, 23]","[0, 1500, 23]","[0, 679, 23]","[1, 52, 23]","[1, 116, 26]","[1, 150, 26]","[1, 532, 27]","[0, 52, 27]","[0, 52, 27]",322
"[1, 64, 0]","[0, 60, 4]","[1, 52, 5]","[1, 1500, 7]","[1, 339, 7]","[0, 52, 8]","[0, 52, 8]","[0, 1500, 12]","[0, 1500, 12]","[0, 680, 12]","[1, 52, 12]","[1, 116, 14]","[1, 150, 15]","[0, 52, 15]","[1, 532, 15]",322
"[1, 64, 0]","[0, 60, 5]","[1, 52, 5]","[1, 1500, 7]","[1, 403, 7]","[0, 52, 8]","[0, 52, 8]","[0, 1500, 13]","[0, 1500, 13]","[0, 679, 13]","[1, 52, 14]","[1, 116, 16]","[1, 150, 16]","[1, 532, 17]","[0, 52, 18]",322
"[1, 64, 0]","[0, 60, 5]","[1, 52, 5]","[1, 1500, 9]","[1, 371, 9]","[0, 52, 10]","[0, 1500, 17]","[0, 1500, 17]","[0, 679, 17]","[1, 52, 17]","[1, 52, 17]","[1, 116, 20]","[1, 150, 20]","[1, 532, 21]","[0, 52, 21]",322
"[1, 64, 0]","[0, 60, 5]","[1, 52, 6]","[1, 1500, 8]","[1, 339, 8]","[0, 52, 8]","[0, 52, 8]","[0, 1500, 14]","[0, 1500, 14]","[0, 678, 15]","[1, 52, 15]","[1, 116, 17]","[1, 150, 18]","[1, 532, 18]","[0, 52, 19]",322
"[1, 64, 0]","[0, 60, 8]","[1, 52, 9]","[1, 1500, 9]","[1, 339, 9]","[0, 52, 10]","[0, 52, 10]","[0, 1500, 17]","[0, 1500, 17]","[0, 679, 17]","[1, 52, 17]","[1, 116, 20]","[1, 150, 20]","[1, 532, 21]","[0, 52, 21]",322
"[1, 64, 0]","[0, 60, 5]","[1, 52, 6]","[1, 1500, 33]","[1, 435, 33]","[0, 52, 34]","[0, 52, 34]","[0, 1500, 40]","[1, 52, 41]","[0, 1500, 41]","[1, 52, 41]","[0, 678, 42]","[1, 52, 42]","[1, 116, 44]","[1, 150, 45]",322
"[1, 64, 0]","[0, 60, 7]","[1, 52, 7]","[1, 1500, 9]","[1, 339, 9]","[0, 52, 10]","[0, 1500, 14]","[0, 1500, 14]","[0, 680, 14]","[1, 52, 15]","[1, 116, 17]","[1, 150, 18]","[1, 532, 18]","[0, 52, 19]","[0, 573, 20]",322
"[1, 64, 0]","[0, 60, 5]","[1, 52, 5]","[1, 1500, 7]","[1, 339, 7]","[0, 52, 8]","[0, 52, 8]","[0, 1500, 12]","[0, 1500, 12]","[0, 679, 12]","[1, 52, 13]","[1, 116, 15]","[1, 150, 16]","[1, 532, 16]","[0, 52, 16]",322
"[1, 64, 0]","[0, 60, 8]","[1, 52, 8]","[1, 1500, 10]","[1, 339, 10]","[0, 52, 11]","[0, 52, 11]","[0, 1500, 18]","[0, 1500, 18]","[1, 52, 18]","[0, 679, 19]","[1, 52, 19]","[1, 116, 28]","[1, 150, 29]","[0, 52, 29]",322
"[1, 64, 0]","[0, 60, 5]","[1, 52, 6]","[1, 1500, 8]","[1, 435, 8]","[0, 52, 8]","[0, 52, 8]","[0, 1500, 14]","[0, 1500, 14]","[1, 52, 14]","[0, 679, 14]","[1, 52, 14]","[1, 116, 17]","[1, 150, 17]","[0, 52, 18]",322
"[1, 64, 0]","[0, 60, 4]","[1, 52, 5]","[1, 1500, 7]","[1, 371, 7]","[0, 52, 8]","[0, 52, 8]","[0, 1500, 15]","[0, 1500, 15]","[0, 678, 15]","[1, 52, 15]","[1, 52, 16]","[1, 116, 21]","[1, 150, 21]","[0, 52, 22]",322
"[1, 64, 0]","[0, 60, 4]","[1, 52, 5]","[1, 1500, 5]","[1, 371, 5]","[0, 52, 6]","[0, 52, 6]","[0, 1500, 12]","[0, 1500, 12]","[0, 680, 12]","[1, 52, 12]","[1, 116, 15]","[1, 150, 16]","[1, 532, 16]","[0, 52, 16]",322
"[1, 64, 0]","[0, 60, 5]","[1, 52, 7]","[1, 1500, 13]","[1, 403, 13]","[0, 52, 14]","[0, 52, 14]","[0, 1500, 19]","[0, 1500, 19]","[1, 52, 19]","[0, 680, 20]","[1, 52, 20]","[1, 116, 25]","[1, 150, 26]","[1, 532, 26]",322
"[1, 64, 0]","[0, 60, 3]","[1, 52, 3]","[1, 1500, 4]","[1, 371, 4]","[0, 52, 5]","[0, 52, 5]","[0, 1500, 9]","[0, 1500, 9]","[1, 52, 10]","[0, 679, 10]","[1, 52, 10]","[1, 116, 13]","[1, 150, 13]","[0, 52, 13]",322
"[1, 64, 0]","[0, 60, 5]","[1, 52, 6]","[1, 1500, 6]","[1, 339, 6]","[0, 52, 9]","[0, 1500, 17]","[0, 1500, 17]","[0, 678, 17]","[1, 52, 17]","[1, 116, 19]","[1, 150, 20]","[1, 532, 20]","[0, 52, 20]","[0, 52, 21]",322
"[1, 64, 0]","[0, 60, 5]","[1, 52, 6]","[1, 1500, 8]","[1, 339, 8]","[0, 52, 9]","[0, 52, 9]","[0, 1500, 14]","[0, 1500, 14]","[0, 679, 14]","[1, 52, 16]","[1, 116, 190]","[1, 150, 190]","[1, 532, 191]","[0, 52, 191]",322
"[1, 64, 0]","[0, 60, 5]","[1, 52, 5]","[1, 1500, 6]","[1, 339, 6]","[0, 52, 7]","[0, 52, 7]","[0, 1500, 13]","[0, 1500, 13]","[0, 679, 13]","[1, 52, 14]","[1, 116, 16]","[1, 150, 16]","[1, 532, 17]","[0, 52, 17]",322
"[1, 64, 0]","[0, 60, 5]","[1, 52, 5]","[1, 1500, 8]","[1, 371, 8]","[0, 52, 9]","[0, 52, 9]","[0, 1500, 16]","[0, 1500, 16]","[0, 679, 16]","[1, 52, 16]","[1, 116, 32]","[1, 150, 33]","[0, 52, 33]","[0, 52, 33]",322
"[1, 64, 0]","[0, 60, 3]","[1, 52, 4]","[1, 1500, 6]","[1, 435, 6]","[0, 52, 7]","[0, 52, 7]","[0, 1500, 15]","[1, 52, 15]","[0, 1500, 15]","[0, 679, 15]","[1, 52, 15]","[1, 116, 18]","[1, 150, 18]","[1, 532, 18]",322
"[1, 64, 0]","[0, 60, 4]","[1, 52, 5]","[1, 1500, 6]","[1, 435, 6]","[0, 52, 7]","[0, 1500, 14]","[0, 1500, 14]","[0, 679, 14]","[1, 52, 14]","[1, 116, 19]","[1, 150, 20]","[0, 52, 20]","[1, 532, 20]","[0, 52, 20]",322
"[1, 64, 0]","[0, 60, 5]","[1, 52, 5]","[1, 1500, 6]","[1, 435, 6]","[0, 52, 7]","[0, 52, 7]","[0, 1500, 13]","[0, 1500, 13]","[0, 679, 13]","[1, 52, 13]","[1, 116, 17]","[1, 150, 17]","[1, 532, 17]","[0, 52, 18]",322
"[1, 64, 0]","[0, 60, 5]","[1, 52, 5]","[1, 1500, 5]","[1, 371, 5]","[0, 52, 6]","[0, 52, 6]","[0, 1500, 12]","[0, 1500, 12]","[0, 679, 12]","[1, 52, 13]","[1, 116, 16]","[1, 150, 16]","[0, 52, 17]","[1, 532, 17]",322
"[1, 64, 0]","[0, 60, 5]","[1, 52, 6]","[1, 1500, 27]","[1, 339, 27]","[0, 52, 28]","[0, 52, 28]","[0, 1500, 34]","[0, 1500, 34]","[0, 680, 34]","[1, 52, 35]","[1, 52, 35]","[1, 116, 37]","[1, 150, 37]","[0, 52, 38]",322
"[1, 64, 0]","[0, 60, 4]","[1, 52, 4]","[1, 1500, 9]","[1, 435, 9]","[0, 52, 11]","[0, 52, 12]","[0, 1500, 18]","[0, 1500, 18]","[0, 679, 18]","[1, 52, 18]","[1, 116, 21]","[1, 150, 21]","[1, 532, 21]","[0, 52, 22]",322
"[1, 64, 0]","[0, 60, 4]","[1, 52, 5]","[1, 1500, 7]","[1, 403, 7]","[0, 52, 8]","[0, 52, 8]","[0, 1500, 12]","[0, 1500, 12]","[0, 680, 12]","[1, 52, 13]","[1, 116, 16]","[1, 150, 16]","[1, 532, 17]","[0, 52, 17]",322
"[1, 64, 0]","[0, 60, 6]","[1, 52, 6]","[1, 1500, 7]","[1, 371, 7]","[0, 52, 7]","[0, 52, 7]","[0, 1500, 12]","[0, 1500, 13]","[0, 680, 13]","[1, 52, 13]","[1, 52, 13]","[1, 116, 18]","[1, 150, 19]","[0, 52, 19]",322
"[1, 64, 0]","[0, 60, 4]","[1, 52, 5]","[1, 1500, 7]","[1, 371, 7]","[0, 52, 8]","[0, 52, 8]","[0, 1500, 12]","[0, 1500, 12]","[1, 52, 12]","[1, 52, 12]","[0, 679, 12]","[1, 52, 13]","[1, 116, 18]","[1, 150, 18]",322
"[1, 64, 0]","[0, 60, 4]","[1, 52, 5]","[1, 1500, 7]","[1, 403, 7]","[0, 52, 8]","[0, 52, 8]","[0, 1500, 14]","[0, 1500, 14]","[0, 680, 14]","[1, 52, 15]","[1, 116, 18]","[1, 150, 18]","[1, 532, 19]","[0, 52, 20]",322
"[1, 64, 0]","[0, 60, 5]","[1, 52, 6]","[1, 1500, 9]","[1, 403, 9]","[0, 52, 10]","[0, 52, 10]","[0, 1500, 14]","[0, 1500, 14]","[0, 679, 14]","[1, 52, 14]","[1, 116, 17]","[1, 150, 17]","[1, 532, 18]","[0, 52, 18]",322
"[1, 64, 0]","[0, 60, 5]","[1, 52, 5]","[1, 1500, 8]","[1, 371, 8]","[0, 52, 9]","[0, 52, 9]","[0, 1500, 15]","[0, 1500, 16]","[0, 678, 16]","[1, 52, 16]","[1, 52, 16]","[1, 116, 20]","[1, 150, 20]","[1, 532, 21]",322
"[1, 64, 0]","[0, 60, 8]","[1, 52, 8]","[1, 1500, 12]","[1, 339, 12]","[0, 52, 13]","[0, 52, 13]","[0, 1500, 20]","[0, 1500, 20]","[0, 679, 20]","[1, 52, 20]","[1, 116, 26]","[1, 150, 26]","[1, 532, 26]","[0, 52, 27]",322
"[1, 64, 0]","[0, 60, 5]","[1, 52, 5]","[1, 1500, 8]","[1, 371, 8]","[0, 52, 9]","[0, 1500, 14]","[0, 1500, 14]","[0, 679, 14]","[1, 52, 14]","[1, 52, 14]","[1, 116, 17]","[1, 150, 17]","[1, 532, 18]","[0, 52, 18]",322
"[1, 64, 0]","[0, 60, 5]","[1, 52, 5]","[1, 1500, 6]","[1, 403, 6]","[0, 52, 6]","[0, 52, 7]","[0, 1500, 12]","[0, 1500, 12]","[0, 679, 12]","[1, 52, 12]","[1, 52, 12]","[1, 116, 15]","[1, 150, 16]","[1, 532, 16]",322
"[1, 64, 0]","[0, 60, 6]","[1, 52, 6]","[1, 1500, 8]","[1, 403, 8]","[0, 52, 9]","[0, 52, 9]","[0, 1500, 15]","[0, 1500, 15]","[0, 678, 15]","[1, 52, 16]","[1, 116, 19]","[1, 150, 19]","[1, 532, 19]","[0, 52, 22]",322
"[1, 64, 0]","[0, 60, 6]","[1, 52, 6]","[1, 1500, 9]","[1, 403, 9]","[0, 52, 10]","[0, 52, 10]","[0, 1500, 15]","[0, 1500, 15]","[0, 680, 15]","[1, 52, 16]","[1, 116, 18]","[1, 150, 19]","[1, 532, 19]","[0, 52, 20]",322
"[1, 64, 0]","[0, 60, 5]","[1, 52, 5]","[1, 1500, 8]","[1, 339, 8]","[0, 52, 9]","[0, 52, 9]","[0, 1500, 18]","[0, 1500, 18]","[0, 679, 18]","[1, 52, 18]","[1, 52, 18]","[1, 116, 20]","[1, 150, 21]","[1, 532, 21]",322
"[1, 64, 0]","[0, 60, 6]","[1, 52, 7]","[1, 1500, 9]","[1, 371, 9]","[0, 52, 10]","[0, 52, 10]","[0, 1500, 20]","[0, 1500, 20]","[1, 52, 20]","[0, 679, 21]","[1, 52, 21]","[1, 116, 23]","[1, 150, 24]","[1, 532, 24]",322
"[1, 64, 0]","[0, 60, 4]","[1, 52, 5]","[1, 570, 5]","[0, 52, 6]","[0, 1500, 12]","[0, 1039, 12]","[1, 52, 13]","[1, 116, 23]","[1, 150, 23]","[1, 532, 24]","[0, 52, 24]","[0, 52, 24]","[0, 573, 26]","[1, 52, 26]",320
"[1, 64, 0]","[0, 60, 4]","[1, 52, 4]","[1, 597, 5]","[0, 52, 5]","[0, 1500, 9]","[0, 1039, 9]","[1, 52, 10]","[1, 116, 26]","[1, 150, 27]","[0, 52, 27]","[0, 52, 28]","[1, 532, 29]","[0, 564, 29]","[0, 83, 30]",320
"[1, 64, 0]","[0, 60, 4]","[1, 52, 4]","[1, 661, 5]","[0, 52, 5]","[0, 1500, 11]","[0, 1039, 11]","[1, 52, 11]","[1, 116, 33]","[1, 150, 33]","[0, 52, 34]","[0, 52, 34]","[1, 532, 34]","[0, 52, 36]","[0, 595, 36]",320
"[1, 64, 0]","[0, 60, 5]","[1, 52, 5]","[1, 570, 6]","[0, 52, 6]","[0, 1500, 11]","[0, 1039, 11]","[1, 52, 11]","[1, 52, 11]","[1, 116, 20]","[0, 52, 21]","[0, 564, 22]","[1, 52, 23]","[1, 150, 64]","[0, 52, 65]",320
"[1, 64, 0]","[0, 60, 4]","[1, 52, 5]","[1, 629, 6]","[0, 52, 7]","[0, 1500, 10]","[0, 1039, 10]","[1, 52, 11]","[1, 116, 39]","[1, 150, 39]","[0, 52, 40]","[1, 532, 40]","[0, 52, 41]","[0, 52, 42]","[0, 564, 42]",320
"[1, 64, 0]","[0, 60, 4]","[1, 52, 4]","[1, 629, 5]","[0, 52, 5]","[0, 1500, 10]","[0, 1039, 10]","[1, 52, 10]","[1, 116, 17]","[1, 150, 17]","[1, 532, 18]","[0, 52, 18]","[0, 52, 19]","[0, 52, 19]","[0, 573, 21]",320
"[1, 64, 0]","[0, 60, 4]","[1, 52, 4]","[1, 570, 9]","[0, 52, 10]","[0, 1500, 15]","[0, 1040, 15]","[1, 52, 15]","[1, 116, 23]","[1, 150, 23]","[0, 52, 24]","[1, 532, 24]","[0, 52, 24]","[0, 52, 25]","[0, 573, 26]",320
"[1, 64, 0]","[0, 60, 4]","[1, 52, 4]","[1, 597, 5]","[0, 52, 5]","[0, 1500, 10]","[0, 1039, 10]","[1, 52, 11]","[1, 116, 13]","[1, 150, 14]","[1, 532, 14]","[0, 52, 14]","[0, 52, 15]","[0, 52, 15]","[0, 573, 16]",320
"[1, 64, 0]","[0, 60, 4]","[1, 52, 5]","[1, 597, 5]","[0, 52, 6]","[0, 1500, 9]","[0, 1039, 9]","[1, 52, 9]","[1, 116, 18]","[1, 150, 19]","[0, 52, 19]","[0, 52, 19]","[1, 532, 19]","[0, 52, 20]","[0, 564, 21]",320
"[1, 64, 0]","[0, 60, 4]","[1, 52, 4]","[1, 597, 5]","[0, 52, 5]","[0, 1500, 11]","[0, 1039, 11]","[1, 52, 11]","[1, 116, 23]","[1, 150, 23]","[1, 532, 24]","[0, 52, 24]","[0, 52, 24]","[0, 52, 25]","[0, 573, 26]",320
"[1, 64, 0]","[0, 60, 5]","[1, 52, 5]","[1, 661, 7]","[0, 52, 8]","[0, 1500, 12]","[0, 1039, 12]","[1, 52, 12]","[1, 116, 24]","[1, 150, 25]","[0, 52, 26]","[0, 52, 26]","[1, 532, 26]","[0, 52, 27]","[0, 564, 27]",320
"[1, 64, 0]","[0, 60, 5]","[1, 52, 5]","[1, 597, 6]","[0, 52, 7]","[0, 1500, 12]","[0, 1039, 12]","[1, 52, 12]","[1, 116, 16]","[1, 150, 16]","[0, 52, 17]","[0, 52, 17]","[1, 532, 17]","[0, 52, 18]","[0, 573, 19]",320
"[1, 64, 0]","[0, 60, 4]","[1, 52, 5]","[1, 661, 8]","[0, 52, 9]","[0, 1500, 15]","[0, 1040, 15]","[1, 52, 15]","[1, 116, 64]","[1, 150, 65]","[1, 532, 65]","[0, 52, 65]","[0, 52, 66]","[0, 573, 68]","[1, 52, 68]",320
"[1, 64, 0]","[0, 60, 11]","[1, 52, 11]","[1, 597, 12]","[0, 52, 16]","[0, 1500, 20]","[0, 1040, 20]","[1, 52, 21]","[1, 116, 24]","[1, 150, 25]","[1, 532, 25]","[0, 52, 29]","[0, 52, 29]","[0, 52, 29]","[0, 573, 32]",320
"[1, 64, 0]","[0, 60, 4]","[1, 52, 5]","[1, 661, 5]","[0, 52, 6]","[0, 1500, 12]","[0, 1040, 12]","[1, 52, 12]","[1, 52, 12]","[1, 116, 21]","[1, 150, 22]","[0, 52, 22]","[0, 52, 22]","[1, 532, 22]","[0, 52, 24]",320
"[1, 64, 0]","[0, 60, 4]","[1, 52, 5]","[1, 661, 6]","[0, 52, 7]","[0, 1500, 12]","[0, 1040, 12]","[1, 52, 13]","[1, 116, 43]","[1, 150, 43]","[1, 532, 43]","[0, 52, 44]","[0, 52, 44]","[0, 573, 46]","[1, 52, 47]",320
"[1, 64, 0]","[0, 60, 5]","[1, 52, 5]","[1, 661, 7]","[0, 52, 8]","[0, 1500, 14]","[0, 1039, 14]","[1, 52, 14]","[1, 116, 29]","[1, 150, 30]","[1, 532, 30]","[0, 52, 30]","[0, 52, 30]","[0, 52, 31]","[0, 564, 32]",320
"[1, 64, 0]","[0, 60, 5]","[1, 52, 6]","[1, 597, 10]","[0, 52, 11]","[0, 1500, 16]","[0, 1039, 16]","[1, 52, 17]","[1, 116, 25]","[0, 52, 26]","[0, 564, 27]","[1, 150, 28]","[1, 52, 28]","[0, 52, 29]","[1, 532, 31]",320
"[1, 64, 0]","[0, 60, 6]","[1, 52, 6]","[1, 570, 6]","[0, 52, 7]","[0, 1500, 13]","[0, 1038, 13]","[1, 52, 13]","[1, 116, 25]","[1, 150, 26]","[0, 52, 27]","[0, 52, 27]","[1, 532, 27]","[0, 52, 28]","[0, 573, 29]",320
"[1, 64, 0]","[0, 60, 4]","[1, 52, 4]","[1, 661, 5]","[0, 52, 6]","[0, 1500, 9]","[0, 1038, 9]","[1, 52, 10]","[1, 116, 20]","[1, 150, 20]","[1, 532, 21]","[0, 52, 21]","[0, 52, 21]","[0, 52, 22]","[0, 573, 23]",320
"[1, 64, 0]","[0, 60, 4]","[1, 52, 5]","[1, 629, 6]","[0, 52, 7]","[0, 1500, 11]","[0, 1039, 11]","[1, 52, 11]","[1, 116, 27]","[1, 150, 28]","[1, 532, 28]","[0, 52, 29]","[0, 52, 29]","[0, 52, 29]","[0, 573, 31]",320
"[1, 64, 0]","[0, 60, 4]","[1, 52, 5]","[1, 597, 5]","[0, 52, 6]","[0, 1500, 10]","[0, 1040, 10]","[1, 52, 11]","[1, 116, 15]","[1, 150, 15]","[1, 532, 15]","[0, 52, 15]","[0, 52, 16]","[0, 52, 16]","[0, 595, 17]",320
"[1, 64, 0]","[0, 60, 4]","[1, 52, 4]","[1, 661, 6]","[0, 52, 7]","[0, 1500, 13]","[0, 1039, 13]","[1, 52, 13]","[1, 116, 21]","[1, 150, 22]","[0, 52, 22]","[0, 52, 22]","[1, 532, 22]","[0, 52, 23]","[0, 564, 23]",320
"[1, 64, 0]","[0, 60, 10]","[1, 52, 11]","[1, 629, 12]","[0, 52, 13]","[0, 1500, 19]","[0, 1039, 19]","[1, 52, 19]","[1, 116, 32]","[0, 52, 33]","[0, 564, 35]","[1, 52, 35]","[1, 150, 47]","[1, 83, 47]","[1, 532, 47]",320
"[1, 64, 0]","[0, 60, 4]","[1, 52, 5]","[1, 570, 5]","[0, 52, 6]","[0, 1500, 11]","[0, 1039, 11]","[1, 52, 11]","[1, 116, 103]","[1, 150, 103]","[1, 532, 104]","[0, 52, 104]","[0, 52, 104]","[0, 573, 106]","[1, 52, 106]",320
"[1, 64, 0]","[0, 60, 3]","[1, 52, 4]","[1, 629, 4]","[0, 52, 5]","[0, 1500, 10]","[0, 1038, 10]","[1, 52, 11]","[1, 116, 18]","[1, 150, 19]","[0, 52, 19]","[1, 532, 20]","[0, 52, 21]","[0, 573, 21]","[1, 52, 21]",320
"[1, 64, 0]","[0, 60, 4]","[1, 52, 4]","[1, 629, 5]","[0, 52, 6]","[0, 1500, 11]","[0, 1038, 11]","[1, 52, 11]","[1, 52, 12]","[1, 116, 23]","[1, 150, 23]","[0, 52, 23]","[0, 52, 24]","[1, 532, 24]","[0, 52, 25]",320
"[1, 64, 0]","[0, 60, 4]","[1, 52, 4]","[1, 629, 5]","[0, 52, 6]","[0, 1500, 15]","[0, 1038, 15]","[1, 52, 15]","[1, 52, 15]","[1, 116, 25]","[0, 52, 26]","[1, 150, 27]","[0, 52, 27]","[1, 532, 28]","[0, 564, 28]",320
"[1, 64, 0]","[0, 60, 4]","[1, 52, 4]","[1, 570, 4]","[0, 52, 5]","[0, 1500, 10]","[0, 1040, 10]","[1, 52, 10]","[1, 116, 28]","[1, 150, 28]","[1, 532, 29]","[0, 52, 29]","[0, 52, 29]","[0, 52, 29]","[0, 573, 30]",320
"[1, 64, 0]","[0, 60, 4]","[1, 52, 4]","[1, 597, 4]","[0, 52, 5]","[0, 1500, 10]","[0, 1040, 10]","[1, 52, 11]","[1, 116, 26]","[0, 52, 27]","[1, 150, 27]","[0, 52, 27]","[1, 532, 27]","[0, 52, 28]","[0, 564, 28]",320
"[1, 64, 0]","[0, 60, 4]","[1, 52, 5]","[1, 629, 5]","[0, 52, 6]","[0, 1500, 13]","[0, 1040, 13]","[1, 52, 13]","[1, 116, 34]","[1, 150, 35]","[0, 52, 35]","[1, 532, 36]","[0, 52, 36]","[0, 52, 37]","[0, 564, 37]",320
"[1, 64, 0]","[0, 60, 4]","[1, 52, 5]","[1, 597, 5]","[0, 52, 6]","[0, 1500, 10]","[0, 1039, 10]","[1, 52, 10]","[1, 116, 23]","[1, 150, 24]","[1, 532, 24]","[0, 52, 25]","[0, 52, 25]","[0, 573, 27]","[1, 52, 27]",320
"[1, 64, 0]","[0, 60, 15]","[1, 52, 16]","[1, 661, 16]","[0, 52, 17]","[0, 1500, 49]","[0, 1038, 49]","[1, 52, 49]","[1, 116, 52]","[1, 150, 52]","[1, 532, 53]","[0, 52, 53]","[0, 52, 53]","[0, 52, 54]","[0, 573, 82]",320
"[1, 64, 0]","[0, 60, 4]","[1, 52, 5]","[1, 661, 9]","[0, 52, 10]","[0, 1500, 16]","[0, 1038, 16]","[1, 52, 16]","[1, 116, 40]","[1, 150, 41]","[0, 52, 42]","[1, 532, 42]","[0, 52, 42]","[0, 52, 43]","[0, 564, 43]",320
"[1, 64, 0]","[0, 60, 3]","[1, 52, 4]","[1, 597, 5]","[0, 52, 6]","[0, 1500, 11]","[0, 1038, 11]","[1, 52, 12]","[1, 116, 38]","[1, 150, 39]","[0, 52, 39]","[1, 532, 40]","[0, 52, 40]","[0, 52, 41]","[0, 564, 41]",320
"[1, 64, 0]","[0, 60, 5]","[1, 52, 6]","[1, 597, 7]","[0, 52, 8]","[0, 1500, 13]","[0, 1038, 13]","[1, 52, 13]","[1, 116, 34]","[1, 150, 35]","[0, 52, 35]","[0, 52, 35]","[1, 532, 35]","[0, 564, 36]","[0, 52, 36]",320
"[1, 64, 0]","[0, 60, 4]","[1, 52, 4]","[1, 629, 5]","[0, 52, 6]","[0, 1500, 10]","[1, 52, 11]","[0, 1039, 11]","[1, 52, 11]","[1, 116, 30]","[0, 52, 30]","[0, 564, 33]","[1, 52, 33]","[1, 150, 65]","[0, 52, 65]",320
"[1, 64, 0]","[0, 60, 4]","[1, 52, 4]","[1, 661, 8]","[0, 52, 9]","[0, 1500, 13]","[0, 1038, 13]","[1, 52, 13]","[1, 116, 29]","[0, 52, 31]","[0, 564, 32]","[1, 52, 33]","[1, 150, 63]","[1, 83, 63]","[1, 532, 64]",320
"[1, 64, 0]","[0, 60, 4]","[1, 52, 4]","[1, 570, 5]","[0, 52, 5]","[0, 1500, 11]","[0, 1040, 12]","[1, 52, 12]","[1, 116, 29]","[0, 52, 30]","[0, 564, 32]","[1, 52, 32]","[1, 150, 70]","[1, 83, 71]","[1, 532, 71]",320
"[1, 64, 0]","[0, 60, 5]","[1, 52, 6]","[1, 661, 7]","[0, 52, 7]","[0, 1500, 13]","[0, 1039, 13]","[1, 52, 13]","[1, 116, 24]","[0, 52, 25]","[0, 564, 27]","[1, 52, 28]","[1, 150, 116]","[1, 83, 117]","[1, 532, 117]",320
"[1, 64, 0]","[0, 60, 3]","[1, 52, 4]","[1, 597, 4]","[0, 52, 5]","[0, 1500, 9]","[0, 1039, 9]","[1, 52, 9]","[1, 116, 36]","[1, 150, 36]","[0, 52, 37]","[1, 532, 37]","[0, 52, 37]","[0, 52, 37]","[0, 595, 39]",320
"[1, 64, 0]","[0, 60, 4]","[1, 52, 4]","[1, 629, 8]","[0, 52, 9]","[0, 1500, 13]","[0, 1039, 13]","[1, 52, 13]","[1, 116, 38]","[1, 150, 39]","[1, 532, 39]","[0, 52, 39]","[0, 52, 39]","[0, 52, 40]","[0, 573, 42]",320
"[1, 64, 0]","[0, 60, 4]","[1, 52, 5]","[1, 570, 5]","[0, 52, 6]","[0, 1500, 10]","[0, 1039, 10]","[1, 52, 10]","[1, 116, 19]","[1, 150, 20]","[0, 52, 20]","[0, 52, 20]","[1, 532, 21]","[0, 52, 22]","[0, 573, 22]",320
"[1, 64, 0]","[0, 60, 4]","[1, 52, 4]","[1, 597, 5]","[0, 52, 6]","[0, 1500, 11]","[0, 1038, 11]","[1, 52, 11]","[1, 116, 15]","[1, 150, 15]","[0, 52, 16]","[0, 52, 16]","[1, 532, 16]","[0, 52, 17]","[0, 564, 17]",320
"[1, 64, 0]","[0, 60, 5]","[1, 52, 5]","[1, 570, 6]","[0, 52, 7]","[0, 1500, 10]","[0, 1040, 10]","[1, 52, 11]","[1, 116, 20]","[0, 52, 21]","[0, 564, 23]","[1, 52, 24]","[1, 150, 29]","[1, 83, 29]","[1, 532, 29]",320
"[1, 64, 0]","[0, 60, 5]","[1, 52, 6]","[1, 597, 6]","[0, 52, 7]","[0, 1500, 15]","[0, 1038, 15]","[1, 52, 16]","[1, 116, 51]","[1, 150, 51]","[1, 532, 51]","[0, 52, 52]","[0, 52, 52]","[0, 573, 53]","[1, 52, 54]",320
"[1, 64, 0]","[0, 60, 5]","[1, 52, 5]","[1, 570, 6]","[0, 52, 7]","[0, 1500, 11]","[0, 1038, 11]","[1, 52, 12]","[1, 116, 23]","[1, 150, 23]","[0, 52, 23]","[1, 532, 24]","[0, 52, 24]","[0, 52, 24]","[0, 595, 25]",320
"[1, 64, 0]","[0, 60, 5]","[1, 52, 6]","[1, 570, 6]","[0, 52, 7]","[0, 1500, 11]","[0, 1039, 11]","[1, 52, 11]","[1, 52, 11]","[1, 116, 38]","[1, 150, 39]","[1, 532, 39]","[0, 52, 40]","[0, 52, 40]","[0, 573, 42]",320
"[1, 64, 0]","[0, 60, 4]","[1, 52, 4]","[1, 597, 6]","[0, 52, 7]","[0, 1500, 11]","[0, 1039, 11]","[1, 52, 12]","[1, 52, 12]","[1, 116, 18]","[0, 52, 19]","[1, 150, 19]","[0, 52, 19]","[1, 532, 19]","[0, 564, 21]",320
"[1, 64, 0]","[0, 60, 3]","[1, 52, 4]","[1, 629, 5]","[0, 52, 5]","[0, 1500, 11]","[0, 1039, 11]","[1, 52, 11]","[1, 116, 45]","[1, 150, 46]","[1, 532, 46]","[0, 52, 46]","[0, 52, 46]","[0, 52, 47]","[0, 595, 60]",320
"[1, 64, 0]","[0, 60, 4]","[1, 52, 4]","[1, 661, 5]","[0, 52, 6]","[0, 1500, 11]","[0, 1038, 11]","[1, 52, 12]","[1, 116, 28]","[1, 150, 28]","[1, 532, 29]","[0, 52, 29]","[0, 52, 29]","[0, 52, 29]","[0, 564, 31]",320
"[1, 64, 0]","[0, 60, 4]","[1, 52, 4]","[1, 570, 5]","[0, 52, 6]","[0, 1500, 9]","[0, 1039, 9]","[1, 52, 10]","[1, 116, 37]","[1, 150, 37]","[1, 532, 38]","[0, 52, 38]","[0, 52, 38]","[0, 52, 38]","[0, 573, 40]",320
"[1, 64, 0]","[0, 60, 4]","[1, 52, 4]","[1, 570, 5]","[0, 52, 6]","[0, 1500, 12]","[0, 1040, 12]","[1, 52, 12]","[1, 116, 25]","[0, 52, 26]","[1, 150, 27]","[0, 52, 28]","[0, 564, 28]","[1, 532, 28]","[1, 52, 28]",320
"[1, 64, 0]","[0, 60, 4]","[1, 52, 4]","[1, 661, 5]","[0, 52, 6]","[0, 1500, 9]","[0, 1038, 9]","[1, 52, 9]","[1, 116, 23]","[1, 150, 24]","[1, 532, 24]","[0, 52, 25]","[0, 52, 25]","[0, 52, 25]","[0, 564, 26]",320
"[1, 64, 0]","[0, 60, 5]","[1, 52, 6]","[1, 570, 6]","[0, 52, 7]","[0, 1500, 12]","[0, 1040, 12]","[1, 52, 12]","[1, 116, 33]","[1, 150, 33]","[0, 52, 34]","[0, 52, 34]","[1, 532, 34]","[0, 52, 35]","[0, 573, 36]",320
"[1, 64, 0]","[0, 60, 4]","[1, 52, 5]","[1, 629, 5]","[0, 52, 6]","[0, 1500, 12]","[0, 1038, 12]","[1, 52, 12]","[1, 116, 18]","[1, 150, 19]","[1, 532, 19]","[0, 52, 19]","[0, 52, 20]","[0, 564, 21]","[0, 83, 22]",320
"[1, 64, 0]","[0, 60, 3]","[1, 52, 4]","[1, 597, 5]","[0, 52, 5]","[0, 1500, 11]","[0, 1040, 11]","[1, 52, 11]","[1, 116, 19]","[1, 150, 19]","[0, 52, 20]","[1, 532, 20]","[0, 52, 20]","[0, 52, 21]","[0, 564, 22]",320
"[1, 64, 0]","[0, 60, 4]","[1, 52, 4]","[1, 597, 8]","[0, 52, 8]","[0, 1500, 16]","[1, 52, 17]","[0, 1038, 17]","[1, 52, 17]","[1, 116, 20]","[1, 150, 21]","[1, 532, 21]","[0, 52, 23]","[0, 52, 23]","[0, 52, 24]",320
"[1, 64, 0]","[0, 60, 4]","[1, 52, 4]","[1, 570, 5]","[0, 52, 5]","[0, 1500, 11]","[0, 1038, 11]","[1, 52, 11]","[1, 116, 36]","[1, 150, 36]","[1, 532, 37]","[0, 52, 38]","[0, 573, 40]","[1, 52, 40]","[1, 83, 40]",320
"[1, 64, 0]","[0, 60, 4]","[1, 52, 4]","[1, 629, 5]","[0, 52, 6]","[0, 1500, 10]","[0, 1038, 10]","[1, 52, 11]","[1, 116, 51]","[0, 52, 52]","[0, 564, 54]","[1, 52, 54]","[1, 150, 69]","[1, 83, 70]","[0, 52, 70]",320
"[1, 64, 0]","[0, 60, 4]","[1, 52, 4]","[1, 629, 5]","[0, 52, 6]","[0, 1500, 12]","[0, 1038, 13]","[1, 52, 13]","[1, 116, 50]","[1, 150, 50]","[0, 52, 51]","[0, 52, 51]","[1, 532, 51]","[0, 52, 52]","[0, 564, 53]",320
"[1, 64, 0]","[0, 60, 3]","[1, 52, 4]","[1, 661, 4]","[0, 52, 5]","[0, 1500, 9]","[0, 1039, 9]","[1, 52, 10]","[1, 116, 28]","[1, 150, 28]","[1, 532, 29]","[0, 52, 29]","[0, 52, 29]","[0, 52, 30]","[0, 564, 31]",320
"[1, 64, 0]","[0, 60, 4]","[1, 52, 4]","[1, 661, 5]","[0, 52, 6]","[0, 1500, 11]","[0, 1038, 11]","[1, 52, 11]","[1, 52, 12]","[1, 116, 33]","[1, 150, 33]","[0, 52, 33]","[1, 532, 33]","[0, 52, 34]","[0, 52, 34]",320
"[1, 64, 0]","[0, 60, 5]","[1, 52, 5]","[1, 597, 8]","[0, 52, 8]","[0, 1500, 13]","[0, 1039, 13]","[1, 52, 14]","[1, 116, 39]","[1, 150, 39]","[0, 52, 39]","[1, 532, 40]","[0, 52, 40]","[0, 52, 40]","[0, 564, 41]",320
"[1, 64, 0]","[0, 60, 5]","[1, 52, 5]","[1, 570, 6]","[0, 52, 7]","[0, 1500, 11]","[0, 1038, 12]","[1, 52, 12]","[1, 52, 12]","[1, 116, 26]","[1, 150, 26]","[0, 52, 26]","[1, 532, 27]","[0, 52, 27]","[0, 52, 27]",320
"[1, 64, 0]","[0, 60, 5]","[1, 52, 5]","[1, 661, 9]","[0, 52, 11]","[0, 1500, 15]","[0, 1040, 15]","[1, 52, 16]","[1, 116, 29]","[1, 150, 30]","[0, 52, 30]","[1, 532, 31]","[0, 52, 31]","[0, 52, 32]","[0, 573, 32]",320
"[1, 64, 0]","[0, 60, 4]","[1, 52, 5]","[1, 629, 5]","[0, 52, 6]","[0, 1500, 12]","[0, 1040, 12]","[1, 52, 12]","[1, 116, 18]","[0, 52, 19]","[1, 150, 19]","[1, 532, 19]","[0, 52, 20]","[0, 52, 20]","[0, 564, 21]",320
"[1, 64, 0]","[0, 60, 4]","[1, 52, 5]","[1, 661, 5]","[0, 52, 7]","[0, 1500, 10]","[0, 1038, 11]","[1, 52, 11]","[1, 52, 11]","[1, 116, 26]","[0, 52, 27]","[0, 564, 29]","[1, 52, 29]","[1, 150, 58]","[1, 83, 58]",320
"[1, 64, 0]","[0, 60, 4]","[1, 52, 5]","[1, 570, 5]","[0, 52, 6]","[0, 1500, 17]","[0, 1039, 17]","[1, 52, 17]","[1, 116, 26]","[1, 150, 27]","[1, 532, 28]","[0, 52, 43]","[0, 52, 43]","[0, 52, 43]","[0, 564, 52]",320
"[1, 64, 0]","[0, 60, 4]","[1, 52, 5]","[1, 597, 6]","[0, 52, 7]","[0, 1500, 12]","[0, 1039, 12]","[1, 52, 12]","[1, 116, 21]","[1, 150, 21]","[1, 532, 22]","[0, 52, 22]","[0, 52, 22]","[0, 52, 23]","[0, 564, 24]",320
"[1, 64, 0]","[0, 60, 5]","[1, 52, 5]","[1, 661, 6]","[0, 52, 6]","[0, 1500, 11]","[0, 1039, 11]","[1, 52, 12]","[1, 116, 33]","[0, 52, 34]","[0, 564, 36]","[1, 52, 37]","[1, 150, 50]","[1, 83, 50]","[0, 52, 50]",320
"[1, 64, 0]","[0, 60, 4]","[1, 52, 4]","[1, 629, 6]","[0, 52, 7]","[0, 1500, 11]","[0, 1039, 11]","[1, 52, 11]","[1, 116, 16]","[1, 150, 16]","[1, 532, 17]","[0, 52, 17]","[0, 52, 17]","[0, 52, 17]","[0, 564, 18]",320
"[1, 64, 0]","[0, 60, 3]","[1, 52, 4]","[1, 661, 4]","[0, 52, 5]","[0, 1500, 10]","[0, 1038, 10]","[1, 52, 10]","[1, 116, 21]","[1, 150, 22]","[0, 52, 22]","[0, 52, 23]","[1, 532, 23]","[0, 52, 23]","[0, 595, 24]",320
"[1, 64, 0]","[0, 60, 5]","[1, 52, 5]","[1, 661, 6]","[0, 52, 6]","[0, 1500, 11]","[0, 1039, 11]","[1, 52, 12]","[1, 52, 12]","[1, 116, 15]","[1, 150, 15]","[0, 52, 16]","[0, 52, 16]","[1, 532, 16]","[0, 52, 17]",320
"[1, 64, 0]","[0, 60, 3]","[1, 52, 4]","[1, 597, 5]","[0, 52, 5]","[0, 1500, 12]","[0, 1040, 12]","[1, 52, 13]","[1, 116, 26]","[0, 52, 28]","[0, 564, 29]","[1, 52, 30]","[1, 150, 45]","[0, 52, 46]","[1, 83, 46]",320
"[1, 64, 0]","[0, 60, 4]","[1, 52, 4]","[1, 597, 5]","[0, 52, 6]","[0, 1500, 11]","[0, 1039, 11]","[1, 52, 11]","[1, 116, 35]","[1, 150, 36]","[0, 52, 36]","[1, 532, 36]","[0, 52, 36]","[0, 52, 37]","[0, 573, 42]",320
"[1, 64, 0]","[0, 60, 5]","[1, 52, 5]","[1, 597, 6]","[0, 52, 7]","[0, 1500, 12]","[0, 1040, 12]","[1, 52, 13]","[1, 116, 19]","[0, 52, 21]","[0, 564, 26]","[1, 52, 27]","[1, 150, 50]","[0, 52, 51]","[1, 83, 51]",320
"[1, 64, 0]","[0, 60, 3]","[1, 52, 4]","[1, 570, 5]","[0, 52, 5]","[0, 1500, 10]","[0, 1039, 10]","[1, 52, 10]","[1, 116, 37]","[0, 52, 38]","[1, 150, 38]","[0, 52, 38]","[1, 532, 39]","[0, 564, 39]","[1, 52, 39]",320
"[1, 64, 0]","[0, 60, 5]","[1, 52, 5]","[1, 597, 6]","[0, 52, 6]","[0, 1500, 11]","[0, 1038, 11]","[1, 52, 11]","[1, 116, 35]","[1, 150, 35]","[1, 532, 35]","[0, 52, 36]","[0, 52, 36]","[0, 573, 38]","[1, 52, 38]",320
"[1, 64, 0]","[0, 60, 3]","[1, 52, 3]","[1, 570, 4]","[0, 52, 5]","[0, 1500, 8]","[0, 1039, 8]","[1, 52, 9]","[1, 116, 14]","[0, 52, 15]","[0, 564, 16]","[1, 52, 17]","[1, 150, 135]","[0, 52, 136]","[1, 83, 137]",320
"[1, 64, 0]","[0, 60, 4]","[1, 52, 5]","[1, 629, 5]","[0, 52, 6]","[0, 1500, 12]","[0, 1038, 12]","[1, 52, 13]","[1, 116, 36]","[1, 150, 36]","[1, 532, 36]","[0, 52, 37]","[0, 52, 37]","[0, 573, 40]","[1, 52, 40]",320
"[1, 64, 0]","[0, 60, 4]","[1, 52, 5]","[1, 629, 13]","[0, 52, 14]","[0, 1500, 20]","[0, 1039, 20]","[1, 52, 20]","[1, 116, 50]","[1, 150, 50]","[1, 532, 50]","[0, 52, 51]","[0, 52, 51]","[0, 573, 53]","[1, 52, 53]",320
"[1, 64, 0]","[0, 60, 5]","[1, 52, 5]","[1, 570, 6]","[0, 52, 7]","[0, 1500, 11]","[0, 1039, 11]","[1, 52, 11]","[1, 116, 31]","[1, 150, 32]","[0, 52, 32]","[0, 52, 32]","[1, 532, 33]","[0, 52, 34]","[0, 595, 35]",320
"[1, 64, 0]","[0, 60, 4]","[1, 52, 4]","[1, 570, 5]","[0, 52, 6]","[0, 1500, 12]","[0, 1039, 12]","[1, 52, 12]","[1, 116, 18]","[0, 52, 19]","[0, 564, 20]","[1, 52, 21]","[1, 150, 26]","[1, 83, 26]","[1, 532, 26]",320
"[1, 64, 0]","[0, 60, 4]","[1, 52, 5]","[1, 597, 5]","[0, 52, 6]","[0, 1500, 14]","[0, 1039, 14]","[1, 52, 14]","[1, 116, 19]","[1, 150, 20]","[1, 532, 20]","[0, 52, 21]","[0, 52, 21]","[0, 52, 22]","[0, 564, 23]",320
"[1, 64, 0]","[0, 60, 4]","[1, 52, 4]","[1, 661, 5]","[0, 52, 5]","[0, 1500, 10]","[0, 1038, 10]","[1, 52, 11]","[1, 116, 20]","[0, 52, 21]","[1, 150, 21]","[1, 532, 21]","[0, 52, 21]","[0, 52, 22]","[0, 564, 22]",320
"[1, 64, 0]","[0, 60, 6]","[1, 52, 7]","[1, 661, 8]","[0, 52, 9]","[0, 1500, 13]","[0, 1038, 13]","[1, 52, 14]","[1, 116, 20]","[0, 52, 21]","[0, 564, 23]","[1, 150, 23]","[1, 52, 23]","[1, 83, 24]","[1, 532, 24]",320
"[1, 64, 0]","[0, 60, 4]","[1, 52, 4]","[1, 661, 5]","[0, 52, 6]","[0, 1500, 12]","[0, 1040, 12]","[1, 52, 12]","[1, 116, 19]","[0, 52, 20]","[0, 564, 22]","[1, 52, 22]","[1, 150, 79]","[1, 83, 80]","[0, 52, 80]",320
"[1, 64, 0]","[0, 60, 4]","[1, 52, 5]","[1, 597, 5]","[0, 52, 6]","[0, 1500, 11]","[0, 1039, 11]","[1, 52, 11]","[1, 116, 26]","[1, 150, 26]","[1, 532, 27]","[0, 52, 28]","[0, 52, 28]","[0, 52, 28]","[0, 573, 30]",320
"[1, 64, 0]","[0, 60, 4]","[1, 52, 4]","[1, 570, 9]","[0, 52, 10]","[0, 1500, 14]","[0, 1039, 14]","[1, 52, 15]","[1, 116, 35]","[1, 150, 36]","[0, 52, 36]","[1, 532, 37]","[0, 52, 37]","[0, 52, 37]","[0, 564, 38]",320
"[1, 64, 0]","[0, 60, 5]","[1, 52, 5]","[1, 570, 6]","[0, 52, 6]","[0, 1500, 11]","[0, 1040, 11]","[1, 52, 11]","[1, 116, 27]","[1, 150, 28]","[1, 532, 29]","[0, 52, 31]","[0, 52, 31]","[0, 52, 31]","[0, 573, 33]",320
"[1, 64, 0]","[0, 60, 16]","[1, 52, 17]","[1, 597, 18]","[0, 52, 19]","[0, 1500, 39]","[0, 1039, 39]","[1, 52, 40]","[1, 52, 40]","[1, 116, 42]","[1, 150, 43]","[1, 532, 43]","[0, 52, 43]","[0, 52, 44]","[0, 573, 50]",320
"[1, 64, 0]","[0, 60, 4]","[1, 52, 5]","[1, 661, 5]","[0, 52, 6]","[0, 1500, 9]","[0, 1039, 10]","[1, 52, 10]","[1, 116, 23]","[1, 150, 23]","[1, 532, 24]","[0, 52, 24]","[0, 52, 25]","[0, 573, 27]","[1, 52, 27]",320
"[1, 64, 0]","[0, 60, 9]","[1, 52, 9]","[1, 661, 10]","[0, 52, 12]","[0, 1500, 17]","[0, 1038, 17]","[1, 52, 17]","[1, 116, 23]","[0, 52, 24]","[0, 564, 26]","[1, 52, 26]","[1, 150, 132]","[0, 52, 132]","[1, 83, 132]",320
"[1, 64, 0]","[0, 60, 4]","[1, 52, 4]","[1, 629, 7]","[0, 52, 8]","[0, 1500, 12]","[0, 1040, 12]","[1, 52, 12]","[1, 116, 35]","[1, 150, 35]","[1, 532, 36]","[0, 52, 36]","[0, 52, 36]","[0, 52, 37]","[0, 573, 38]",320
"[1, 64, 0]","[0, 60, 5]","[1, 52, 5]","[1, 629, 6]","[0, 52, 7]","[0, 1500, 10]","[0, 1040, 10]","[1, 52, 11]","[1, 116, 17]","[1, 150, 18]","[1, 532, 18]","[0, 52, 18]","[0, 52, 18]","[0, 52, 19]","[0, 564, 20]",320
"[1, 64, 0]","[0, 60, 4]","[1, 52, 5]","[1, 661, 5]","[0, 52, 5]","[0, 1500, 10]","[0, 1039, 10]","[1, 52, 11]","[1, 116, 24]","[1, 150, 25]","[1, 532, 25]","[0, 52, 26]","[0, 52, 26]","[0, 52, 26]","[0, 573, 27]",320
"[1, 64, 0]","[0, 60, 4]","[1, 52, 5]","[1, 597, 5]","[0, 52, 5]","[0, 1500, 12]","[0, 1039, 12]","[1, 52, 12]","[1, 116, 16]","[1, 150, 16]","[0, 52, 17]","[1, 532, 17]","[0, 52, 17]","[0, 52, 18]","[0, 573, 19]",320
"[1, 64, 0]","[0, 60, 5]","[1, 52, 6]","[1, 570, 7]","[0, 52, 8]","[0, 1500, 13]","[0, 1040, 13]","[1, 52, 13]","[1, 116, 27]","[1, 150, 27]","[1, 532, 28]","[0, 52, 28]","[0, 52, 28]","[0, 573, 30]","[1, 52, 31]",320
"[1, 64, 0]","[0, 60, 5]","[1, 52, 5]","[1, 597, 6]","[0, 52, 7]","[0, 1500, 10]","[0, 1038, 11]","[1, 52, 11]","[1, 116, 17]","[1, 150, 18]","[0, 52, 18]","[1, 532, 18]","[0, 52, 18]","[0, 52, 19]","[0, 564, 20]",320
"[1, 64, 0]","[0, 60, 9]","[1, 52, 10]","[1, 1500, 15]","[1, 499, 15]","[0, 52, 19]","[0, 52, 19]","[0, 1500, 31]","[0, 1500, 32]","[0, 1467, 32]","[1, 52, 33]","[1, 52, 52]","[1, 116, 75]","[1, 222, 75]","[0, 52, 76]",311
"[1, 64, 0]","[0, 60, 6]","[1, 52, 7]","[1, 1500, 10]","[1, 499, 10]","[0, 52, 12]","[0, 1500, 17]","[0, 1500, 17]","[0, 1466, 17]","[1, 52, 18]","[1, 52, 19]","[1, 116, 29]","[1, 222, 29]","[1, 424, 29]","[0, 52, 31]",311
"[1, 64, 0]","[0, 60, 7]","[1, 52, 8]","[1, 1500, 25]","[1, 499, 25]","[0, 52, 28]","[0, 1500, 33]","[0, 1500, 33]","[0, 1467, 33]","[1, 52, 34]","[1, 52, 36]","[1, 116, 52]","[1, 222, 52]","[0, 52, 54]","[0, 573, 57]",311
"[1, 64, 0]","[0, 60, 5]","[1, 52, 5]","[1, 1500, 7]","[1, 499, 7]","[0, 52, 8]","[0, 1500, 19]","[0, 1500, 19]","[0, 1465, 19]","[1, 52, 20]","[1, 52, 21]","[1, 116, 34]","[1, 222, 35]","[0, 52, 35]","[0, 52, 36]",311
"[1, 64, 0]","[0, 60, 11]","[1, 52, 12]","[1, 1500, 13]","[1, 499, 13]","[0, 52, 15]","[0, 1500, 21]","[0, 1500, 21]","[0, 1465, 21]","[1, 52, 21]","[1, 52, 22]","[1, 52, 23]","[1, 116, 30]","[1, 222, 31]","[1, 424, 31]",311
"[1, 64, 0]","[0, 60, 4]","[1, 52, 5]","[1, 1500, 7]","[1, 499, 7]","[0, 52, 9]","[0, 1500, 13]","[0, 1500, 13]","[0, 1466, 13]","[1, 52, 13]","[1, 52, 14]","[1, 116, 21]","[1, 222, 22]","[0, 52, 22]","[0, 52, 23]",311
"[1, 64, 0]","[0, 60, 6]","[1, 52, 7]","[1, 1500, 9]","[1, 499, 9]","[0, 52, 10]","[0, 1500, 14]","[0, 1500, 14]","[0, 1467, 14]","[1, 52, 15]","[1, 52, 16]","[1, 116, 22]","[1, 222, 22]","[1, 424, 23]","[0, 52, 23]",311
"[1, 64, 0]","[0, 60, 6]","[1, 52, 7]","[1, 1500, 8]","[1, 499, 8]","[0, 52, 9]","[0, 1500, 15]","[0, 1500, 16]","[0, 1466, 16]","[1, 52, 16]","[1, 52, 17]","[1, 116, 25]","[1, 222, 25]","[1, 424, 25]","[0, 52, 26]",311
"[1, 64, 0]","[0, 60, 5]","[1, 52, 7]","[1, 1500, 8]","[1, 499, 8]","[0, 52, 9]","[0, 1500, 15]","[0, 1500, 15]","[0, 1466, 15]","[1, 52, 15]","[1, 52, 16]","[1, 116, 23]","[1, 222, 24]","[0, 52, 25]","[0, 573, 27]",311
"[1, 64, 0]","[0, 60, 5]","[1, 52, 6]","[1, 1500, 8]","[1, 499, 8]","[0, 52, 10]","[0, 1500, 14]","[0, 1500, 14]","[1, 52, 14]","[0, 1465, 14]","[1, 52, 15]","[1, 52, 16]","[1, 116, 25]","[1, 222, 26]","[0, 52, 27]",311
"[1, 64, 0]","[0, 60, 8]","[1, 52, 9]","[1, 1500, 11]","[1, 499, 11]","[0, 52, 12]","[0, 52, 12]","[0, 1500, 21]","[0, 1500, 21]","[0, 1466, 21]","[1, 52, 22]","[1, 52, 22]","[1, 116, 29]","[1, 222, 29]","[0, 52, 30]",311
"[1, 64, 0]","[0, 60, 4]","[1, 52, 5]","[1, 1500, 7]","[1, 499, 7]","[0, 52, 8]","[0, 52, 9]","[0, 1500, 13]","[0, 1500, 14]","[0, 1465, 14]","[1, 52, 14]","[1, 52, 17]","[1, 116, 24]","[1, 222, 24]","[1, 424, 24]",311
"[1, 64, 0]","[0, 60, 5]","[1, 52, 6]","[1, 1500, 7]","[1, 499, 7]","[0, 52, 8]","[0, 52, 9]","[0, 1500, 14]","[0, 1500, 14]","[0, 1466, 14]","[1, 52, 15]","[1, 52, 16]","[1, 116, 26]","[1, 222, 27]","[1, 424, 29]",311
"[1, 64, 0]","[0, 60, 7]","[1, 52, 7]","[1, 1500, 11]","[1, 499, 11]","[0, 52, 17]","[0, 52, 17]","[0, 1500, 23]","[0, 1500, 23]","[0, 1467, 23]","[1, 52, 24]","[1, 52, 29]","[1, 116, 49]","[1, 222, 49]","[0, 52, 50]",311
"[1, 64, 0]","[0, 60, 7]","[1, 52, 8]","[1, 1500, 9]","[1, 499, 9]","[0, 52, 10]","[0, 52, 10]","[0, 1500, 14]","[0, 1500, 14]","[0, 1466, 14]","[1, 52, 15]","[1, 52, 15]","[1, 116, 21]","[1, 222, 21]","[1, 424, 21]",311
"[1, 64, 0]","[0, 60, 9]","[1, 52, 10]","[1, 1500, 13]","[1, 499, 13]","[0, 52, 16]","[0, 1500, 22]","[0, 1500, 23]","[0, 1465, 23]","[1, 52, 23]","[1, 52, 24]","[1, 116, 31]","[1, 222, 31]","[1, 424, 31]","[0, 52, 32]",311
"[1, 64, 0]","[0, 60, 6]","[1, 52, 6]","[1, 1500, 9]","[1, 499, 9]","[0, 52, 10]","[0, 52, 10]","[0, 1500, 14]","[0, 1500, 15]","[0, 1467, 15]","[1, 52, 15]","[1, 52, 16]","[1, 116, 24]","[0, 52, 25]","[1, 222, 25]",311
"[1, 64, 0]","[0, 60, 8]","[1, 52, 9]","[1, 1500, 10]","[1, 499, 10]","[0, 52, 13]","[0, 1500, 18]","[0, 1500, 18]","[0, 1465, 18]","[1, 52, 19]","[1, 52, 20]","[1, 116, 40]","[1, 222, 41]","[1, 424, 41]","[0, 52, 42]",311
"[1, 64, 0]","[0, 60, 7]","[1, 52, 8]","[1, 1500, 22]","[1, 499, 22]","[0, 52, 23]","[0, 52, 23]","[0, 1500, 30]","[0, 1500, 30]","[0, 1465, 30]","[1, 52, 31]","[1, 52, 32]","[1, 116, 38]","[1, 222, 39]","[0, 52, 42]",311
"[1, 64, 0]","[0, 60, 8]","[1, 52, 8]","[1, 1500, 13]","[1, 499, 13]","[0, 52, 14]","[0, 52, 14]","[0, 1500, 20]","[0, 1500, 21]","[0, 1467, 21]","[1, 52, 21]","[1, 52, 25]","[1, 116, 35]","[1, 222, 36]","[0, 52, 36]",311
"[1, 64, 0]","[0, 60, 7]","[1, 52, 8]","[1, 1500, 21]","[1, 499, 21]","[0, 52, 23]","[0, 1500, 27]","[0, 1500, 27]","[0, 1466, 27]","[1, 52, 28]","[1, 52, 28]","[1, 116, 39]","[1, 222, 40]","[0, 52, 41]","[0, 52, 41]",311
"[1, 64, 0]","[0, 60, 5]","[1, 52, 6]","[1, 1500, 7]","[1, 499, 7]","[0, 52, 8]","[0, 1500, 15]","[0, 1500, 15]","[0, 1465, 15]","[1, 52, 15]","[1, 52, 18]","[1, 116, 26]","[1, 222, 26]","[1, 424, 26]","[0, 52, 27]",311
"[1, 64, 0]","[0, 60, 6]","[1, 52, 6]","[1, 1500, 8]","[1, 499, 8]","[0, 52, 9]","[0, 52, 9]","[0, 1500, 17]","[0, 1500, 17]","[0, 1467, 17]","[1, 52, 18]","[1, 52, 18]","[1, 116, 25]","[1, 222, 26]","[0, 52, 27]",311
"[1, 64, 0]","[0, 60, 15]","[1, 52, 16]","[1, 1500, 17]","[1, 499, 17]","[0, 52, 18]","[0, 52, 19]","[0, 1500, 24]","[0, 1500, 24]","[0, 1466, 24]","[1, 52, 24]","[1, 52, 25]","[1, 52, 26]","[1, 116, 33]","[1, 222, 33]",311
"[1, 64, 0]","[0, 60, 6]","[1, 52, 7]","[1, 1500, 9]","[1, 499, 9]","[0, 52, 11]","[0, 52, 11]","[0, 1500, 17]","[0, 1500, 18]","[0, 1465, 18]","[1, 52, 19]","[1, 52, 22]","[1, 116, 37]","[1, 222, 38]","[0, 52, 39]",311
"[1, 64, 0]","[0, 60, 11]","[1, 52, 11]","[1, 1500, 12]","[1, 499, 12]","[0, 52, 13]","[0, 52, 13]","[0, 1500, 18]","[0, 1500, 18]","[0, 1466, 18]","[1, 52, 18]","[1, 52, 19]","[1, 116, 26]","[1, 222, 26]","[0, 52, 27]",311
"[1, 64, 0]","[0, 60, 7]","[1, 52, 8]","[1, 1500, 9]","[1, 499, 9]","[0, 52, 11]","[0, 52, 11]","[0, 1500, 23]","[0, 1500, 24]","[0, 1466, 24]","[1, 52, 24]","[1, 52, 27]","[1, 116, 37]","[1, 222, 37]","[0, 52, 39]",311
"[1, 64, 0]","[0, 60, 6]","[1, 52, 6]","[1, 1500, 8]","[1, 499, 8]","[0, 52, 9]","[0, 52, 10]","[0, 1500, 20]","[0, 1500, 20]","[0, 1466, 20]","[1, 52, 21]","[1, 52, 22]","[1, 116, 37]","[1, 222, 37]","[1, 424, 37]",311
"[1, 64, 0]","[0, 60, 8]","[1, 52, 9]","[1, 1500, 12]","[1, 499, 12]","[0, 52, 13]","[0, 52, 13]","[0, 1500, 18]","[0, 1500, 18]","[0, 1466, 18]","[1, 52, 19]","[1, 52, 20]","[1, 116, 34]","[1, 222, 34]","[0, 52, 35]",311
"[1, 64, 0]","[0, 60, 4]","[1, 52, 5]","[1, 1500, 8]","[1, 499, 8]","[0, 52, 9]","[0, 1500, 13]","[0, 1500, 13]","[0, 1467, 13]","[1, 52, 15]","[1, 52, 16]","[1, 116, 27]","[0, 52, 28]","[1, 222, 28]","[0, 52, 29]",311
"[1, 64, 0]","[0, 60, 19]","[1, 52, 19]","[1, 1500, 21]","[1, 499, 21]","[0, 52, 25]","[0, 52, 25]","[0, 1500, 35]","[0, 1500, 35]","[0, 1466, 35]","[1, 52, 36]","[1, 52, 37]","[1, 116, 58]","[1, 222, 59]","[1, 424, 59]",311
"[1, 64, 0]","[0, 60, 5]","[1, 52, 6]","[1, 1500, 7]","[1, 499, 7]","[0, 52, 10]","[0, 52, 10]","[0, 1500, 14]","[0, 1500, 14]","[0, 1466, 14]","[1, 52, 14]","[1, 52, 14]","[1, 52, 15]","[1, 116, 23]","[1, 222, 23]",311
"[1, 64, 0]","[0, 60, 5]","[1, 52, 5]","[1, 1500, 7]","[1, 499, 7]","[0, 52, 8]","[0, 52, 8]","[0, 1500, 12]","[0, 1500, 12]","[0, 1466, 12]","[1, 52, 13]","[1, 52, 13]","[1, 116, 19]","[1, 222, 20]","[0, 52, 20]",311
"[1, 64, 0]","[0, 60, 8]","[1, 52, 8]","[1, 1500, 10]","[1, 499, 10]","[0, 52, 11]","[0, 1500, 20]","[0, 1500, 20]","[0, 1466, 20]","[1, 52, 21]","[1, 52, 23]","[1, 116, 31]","[1, 222, 32]","[0, 52, 32]","[0, 52, 33]",311
"[1, 64, 0]","[0, 60, 19]","[1, 52, 19]","[1, 1500, 21]","[1, 499, 21]","[0, 52, 23]","[0, 52, 23]","[0, 1500, 33]","[0, 1500, 33]","[0, 1467, 33]","[1, 52, 33]","[1, 52, 34]","[1, 116, 41]","[1, 222, 42]","[0, 52, 43]",311
"[1, 64, 0]","[0, 60, 7]","[1, 52, 8]","[1, 1500, 9]","[1, 499, 9]","[0, 52, 10]","[0, 1500, 17]","[0, 1500, 17]","[0, 1467, 17]","[1, 52, 17]","[1, 52, 18]","[1, 116, 26]","[1, 222, 26]","[0, 52, 27]","[0, 52, 28]",311
"[1, 64, 0]","[0, 60, 5]","[1, 52, 6]","[1, 1500, 8]","[1, 499, 8]","[0, 52, 9]","[0, 52, 9]","[0, 1500, 18]","[0, 1500, 19]","[0, 1466, 19]","[1, 52, 19]","[1, 52, 22]","[1, 116, 37]","[1, 222, 37]","[1, 424, 37]",311
"[1, 64, 0]","[0, 60, 17]","[1, 52, 18]","[1, 1500, 20]","[1, 499, 20]","[0, 52, 24]","[0, 52, 24]","[0, 1500, 33]","[0, 1500, 33]","[0, 1467, 33]","[1, 52, 34]","[1, 52, 35]","[1, 116, 53]","[1, 222, 54]","[0, 52, 59]",311
"[1, 64, 0]","[0, 60, 9]","[1, 52, 11]","[1, 1500, 16]","[1, 499, 16]","[0, 52, 19]","[0, 1500, 25]","[0, 1500, 25]","[0, 1466, 25]","[1, 52, 25]","[1, 52, 27]","[1, 116, 36]","[1, 222, 37]","[0, 52, 38]","[0, 52, 38]",311
"[1, 64, 0]","[0, 60, 7]","[1, 52, 7]","[1, 1500, 13]","[1, 499, 13]","[0, 52, 14]","[0, 1500, 23]","[0, 1500, 23]","[0, 1466, 23]","[1, 52, 23]","[1, 52, 24]","[1, 116, 29]","[0, 52, 30]","[1, 222, 31]","[0, 52, 32]",311
"[1, 64, 0]","[0, 60, 7]","[1, 52, 7]","[1, 1500, 11]","[1, 499, 11]","[0, 52, 12]","[0, 1500, 19]","[0, 1500, 19]","[0, 1467, 19]","[1, 52, 20]","[1, 52, 21]","[1, 116, 30]","[1, 222, 31]","[0, 52, 32]","[0, 52, 32]",311
"[1, 64, 0]","[0, 60, 6]","[1, 52, 6]","[1, 1500, 9]","[1, 499, 9]","[0, 52, 10]","[0, 1500, 21]","[0, 1500, 21]","[0, 1466, 21]","[1, 52, 21]","[1, 52, 22]","[1, 116, 32]","[1, 222, 32]","[0, 52, 33]","[0, 52, 33]",311
"[1, 64, 0]","[0, 60, 7]","[1, 52, 8]","[1, 1500, 9]","[1, 499, 9]","[0, 52, 10]","[0, 1500, 15]","[0, 1500, 15]","[0, 1465, 15]","[1, 52, 16]","[1, 52, 17]","[1, 116, 22]","[1, 222, 23]","[0, 52, 23]","[0, 52, 24]",311
"[1, 64, 0]","[0, 60, 8]","[1, 52, 9]","[1, 1500, 10]","[1, 499, 10]","[0, 52, 14]","[0, 52, 14]","[0, 1500, 20]","[0, 1500, 20]","[0, 1466, 20]","[1, 52, 21]","[1, 52, 22]","[1, 116, 31]","[1, 222, 32]","[1, 424, 32]",311
"[1, 64, 0]","[0, 60, 6]","[1, 52, 7]","[1, 1500, 12]","[1, 499, 12]","[0, 52, 13]","[0, 52, 13]","[0, 1500, 18]","[0, 1500, 19]","[0, 1466, 19]","[1, 52, 19]","[1, 52, 19]","[1, 52, 20]","[1, 116, 28]","[1, 222, 28]",311
"[1, 64, 0]","[0, 60, 7]","[1, 52, 8]","[1, 1500, 11]","[1, 499, 11]","[0, 52, 13]","[0, 52, 13]","[0, 1500, 18]","[0, 1500, 18]","[0, 1466, 18]","[1, 52, 18]","[1, 52, 19]","[1, 116, 29]","[1, 222, 30]","[0, 52, 31]",311
"[1, 64, 0]","[0, 60, 7]","[1, 52, 7]","[1, 1500, 9]","[1, 499, 9]","[0, 52, 10]","[0, 52, 10]","[0, 1500, 16]","[0, 1500, 16]","[0, 1466, 16]","[1, 52, 16]","[1, 52, 19]","[1, 116, 28]","[1, 222, 29]","[0, 52, 29]",311
"[1, 64, 0]","[0, 60, 7]","[1, 52, 8]","[1, 1500, 13]","[1, 499, 13]","[0, 52, 14]","[0, 1500, 26]","[0, 1500, 26]","[0, 1465, 26]","[1, 52, 28]","[1, 52, 32]","[1, 116, 46]","[1, 222, 48]","[0, 52, 49]","[0, 52, 50]",311
"[1, 64, 0]","[0, 60, 16]","[1, 52, 17]","[1, 1500, 18]","[1, 499, 18]","[0, 52, 19]","[0, 52, 19]","[0, 1500, 23]","[0, 1500, 23]","[0, 1467, 23]","[1, 52, 24]","[1, 52, 24]","[1, 116, 33]","[1, 222, 33]","[1, 424, 33]",311
"[1, 64, 0]","[0, 60, 5]","[1, 52, 6]","[1, 1500, 9]","[1, 499, 9]","[0, 52, 11]","[0, 1500, 17]","[0, 1500, 17]","[0, 1466, 17]","[1, 52, 18]","[1, 52, 19]","[1, 116, 30]","[1, 222, 30]","[0, 52, 31]","[0, 52, 31]",311
"[1, 64, 0]","[0, 60, 11]","[1, 52, 11]","[1, 1500, 13]","[1, 499, 13]","[0, 52, 14]","[0, 52, 14]","[0, 1500, 24]","[0, 1500, 25]","[0, 1467, 25]","[1, 52, 25]","[1, 52, 27]","[1, 116, 37]","[1, 222, 38]","[0, 52, 42]",311
"[1, 64, 0]","[0, 60, 7]","[1, 52, 8]","[1, 1500, 10]","[1, 499, 10]","[0, 52, 12]","[0, 52, 13]","[0, 1500, 20]","[0, 1500, 20]","[0, 1467, 20]","[1, 52, 20]","[1, 52, 21]","[1, 116, 30]","[1, 222, 30]","[1, 424, 30]",311
"[1, 64, 0]","[0, 60, 6]","[1, 52, 7]","[1, 1500, 8]","[1, 499, 8]","[0, 52, 9]","[0, 52, 9]","[0, 1500, 15]","[0, 1500, 15]","[0, 1466, 15]","[1, 52, 15]","[1, 52, 17]","[1, 116, 23]","[1, 222, 23]","[1, 424, 23]",311
"[1, 64, 0]","[0, 60, 4]","[1, 52, 5]","[1, 1500, 6]","[1, 499, 6]","[0, 52, 7]","[0, 1500, 12]","[0, 1500, 12]","[0, 1466, 12]","[1, 52, 13]","[1, 52, 14]","[1, 116, 23]","[1, 222, 24]","[0, 52, 25]","[0, 52, 25]",311
"[1, 64, 0]","[0, 60, 7]","[1, 52, 8]","[1, 1500, 9]","[1, 499, 9]","[0, 52, 10]","[0, 1500, 14]","[0, 1500, 15]","[0, 1466, 15]","[1, 52, 15]","[1, 52, 16]","[1, 116, 24]","[1, 222, 24]","[0, 52, 26]","[0, 52, 27]",311
"[1, 64, 0]","[0, 60, 7]","[1, 52, 7]","[1, 1500, 9]","[1, 499, 9]","[0, 52, 10]","[0, 52, 11]","[0, 1500, 19]","[0, 1500, 19]","[0, 1466, 19]","[1, 52, 20]","[1, 52, 21]","[1, 116, 28]","[1, 222, 29]","[1, 424, 29]",311
"[1, 64, 0]","[0, 60, 9]","[1, 52, 9]","[1, 1500, 10]","[1, 499, 10]","[0, 52, 12]","[0, 52, 12]","[0, 1500, 18]","[0, 1500, 18]","[0, 1467, 18]","[1, 52, 18]","[1, 52, 19]","[1, 116, 25]","[1, 222, 25]","[0, 52, 26]",311
"[1, 64, 0]","[0, 60, 6]","[1, 52, 7]","[1, 1500, 9]","[1, 499, 9]","[0, 52, 11]","[0, 52, 11]","[0, 1500, 16]","[0, 1500, 17]","[0, 1466, 17]","[1, 52, 18]","[1, 52, 18]","[1, 116, 28]","[1, 222, 28]","[1, 424, 29]",311
"[1, 64, 0]","[0, 60, 7]","[1, 52, 8]","[1, 1500, 11]","[1, 499, 11]","[0, 52, 13]","[0, 52, 13]","[0, 1500, 19]","[0, 1500, 19]","[0, 1465, 19]","[1, 52, 19]","[1, 52, 20]","[1, 116, 41]","[1, 222, 42]","[1, 424, 42]",311
"[1, 64, 0]","[0, 60, 10]","[1, 52, 11]","[1, 1500, 12]","[1, 499, 12]","[0, 52, 14]","[0, 52, 14]","[0, 1500, 19]","[0, 1500, 19]","[0, 1466, 19]","[1, 52, 20]","[1, 52, 21]","[1, 116, 27]","[1, 222, 28]","[0, 52, 29]",311
"[1, 64, 0]","[0, 60, 6]","[1, 52, 7]","[1, 1500, 8]","[1, 499, 8]","[0, 52, 10]","[0, 52, 10]","[0, 1500, 16]","[0, 1500, 16]","[0, 1466, 16]","[1, 52, 17]","[1, 52, 17]","[1, 116, 23]","[1, 222, 23]","[1, 424, 23]",311
"[1, 64, 0]","[0, 60, 9]","[1, 52, 10]","[1, 1500, 12]","[1, 499, 12]","[0, 52, 15]","[0, 52, 15]","[0, 1500, 20]","[0, 1500, 20]","[0, 1465, 20]","[1, 52, 21]","[1, 52, 22]","[1, 116, 33]","[1, 222, 33]","[0, 52, 34]",311
"[1, 64, 0]","[0, 60, 16]","[1, 52, 18]","[1, 1500, 27]","[1, 499, 27]","[0, 52, 33]","[0, 52, 33]","[0, 1500, 39]","[0, 1500, 39]","[0, 1466, 39]","[1, 52, 40]","[1, 52, 46]","[1, 116, 72]","[0, 52, 75]","[0, 564, 78]",311
"[1, 64, 0]","[0, 60, 8]","[1, 52, 8]","[1, 1500, 10]","[1, 499, 10]","[0, 52, 11]","[0, 1500, 16]","[0, 1500, 17]","[0, 1465, 17]","[1, 52, 17]","[1, 52, 20]","[1, 116, 27]","[1, 222, 27]","[1, 424, 27]","[0, 52, 28]",311
"[1, 64, 0]","[0, 60, 9]","[1, 52, 9]","[1, 1500, 12]","[1, 499, 12]","[0, 52, 13]","[0, 1500, 17]","[0, 1500, 17]","[0, 1467, 17]","[1, 52, 17]","[1, 52, 18]","[1, 116, 25]","[1, 222, 26]","[0, 52, 27]","[0, 52, 27]",311
"[1, 64, 0]","[0, 60, 5]","[1, 52, 6]","[1, 1500, 8]","[1, 499, 8]","[0, 52, 10]","[0, 1500, 16]","[0, 1500, 17]","[0, 1466, 17]","[1, 52, 17]","[1, 52, 18]","[1, 116, 28]","[1, 222, 28]","[0, 52, 29]","[0, 573, 32]",311
"[1, 64, 0]","[0, 60, 4]","[1, 52, 5]","[1, 1500, 6]","[1, 499, 6]","[0, 52, 7]","[0, 52, 8]","[0, 1500, 12]","[0, 1500, 12]","[0, 1465, 13]","[1, 52, 13]","[1, 52, 13]","[1, 52, 15]","[1, 116, 21]","[1, 222, 21]",311
"[1, 64, 0]","[0, 60, 5]","[1, 52, 6]","[1, 1500, 9]","[1, 499, 9]","[0, 52, 11]","[0, 52, 11]","[0, 1500, 16]","[0, 1500, 16]","[0, 1466, 17]","[1, 52, 18]","[1, 52, 20]","[1, 116, 28]","[1, 222, 28]","[0, 52, 29]",311
"[1, 64, 0]","[0, 60, 7]","[1, 52, 7]","[1, 1500, 12]","[1, 499, 12]","[0, 52, 13]","[0, 52, 13]","[0, 1500, 19]","[0, 1500, 20]","[0, 1466, 20]","[1, 52, 20]","[1, 52, 21]","[1, 116, 28]","[1, 222, 28]","[0, 52, 29]",311
"[1, 64, 0]","[0, 60, 8]","[1, 52, 8]","[1, 1500, 10]","[1, 499, 10]","[0, 52, 11]","[0, 52, 11]","[0, 1500, 18]","[0, 1500, 18]","[0, 1465, 18]","[1, 52, 19]","[1, 52, 20]","[1, 116, 26]","[1, 222, 26]","[1, 424, 26]",311
"[1, 64, 0]","[0, 60, 4]","[1, 52, 5]","[1, 1500, 18]","[1, 499, 18]","[0, 52, 19]","[0, 1500, 24]","[0, 1500, 24]","[0, 1465, 24]","[1, 52, 25]","[1, 52, 26]","[1, 116, 32]","[1, 222, 33]","[1, 424, 33]","[0, 52, 36]",311
"[1, 64, 0]","[0, 60, 8]","[1, 52, 12]","[1, 1500, 18]","[1, 499, 18]","[0, 52, 20]","[0, 52, 21]","[0, 1500, 26]","[0, 1500, 26]","[0, 1466, 26]","[1, 52, 27]","[1, 52, 29]","[1, 116, 47]","[1, 222, 47]","[0, 52, 49]",311
"[1, 64, 0]","[0, 60, 10]","[1, 52, 11]","[1, 1500, 14]","[1, 499, 14]","[0, 52, 16]","[0, 52, 16]","[0, 1500, 20]","[0, 1500, 20]","[0, 1465, 20]","[1, 52, 21]","[1, 52, 22]","[1, 116, 36]","[1, 222, 37]","[0, 52, 38]",311
"[1, 64, 0]","[0, 60, 5]","[1, 52, 6]","[1, 1500, 7]","[1, 499, 7]","[0, 52, 8]","[0, 52, 8]","[0, 1500, 22]","[0, 1500, 23]","[1, 52, 23]","[1, 52, 23]","[0, 1466, 23]","[1, 52, 24]","[1, 52, 26]","[1, 116, 35]",311
"[1, 64, 0]","[0, 60, 7]","[1, 52, 8]","[1, 1500, 11]","[1, 499, 11]","[0, 52, 12]","[0, 1500, 18]","[0, 1500, 18]","[0, 1465, 18]","[1, 52, 19]","[1, 52, 21]","[1, 116, 28]","[1, 222, 28]","[0, 52, 30]","[0, 573, 32]",311
"[1, 64, 0]","[0, 60, 6]","[1, 52, 6]","[1, 1500, 19]","[1, 499, 19]","[0, 52, 20]","[0, 1500, 26]","[0, 1500, 26]","[0, 1465, 26]","[1, 52, 26]","[1, 52, 27]","[1, 116, 34]","[1, 222, 34]","[1, 424, 34]","[0, 52, 35]",311
"[1, 64, 0]","[0, 60, 6]","[1, 52, 7]","[1, 1500, 8]","[1, 499, 8]","[0, 52, 9]","[0, 52, 9]","[0, 1500, 14]","[0, 1500, 15]","[0, 1466, 15]","[1, 52, 15]","[1, 52, 16]","[1, 116, 23]","[1, 222, 24]","[0, 52, 24]",311
"[1, 64, 0]","[0, 60, 4]","[1, 52, 5]","[1, 1500, 7]","[1, 499, 7]","[0, 52, 8]","[0, 52, 8]","[0, 1500, 14]","[0, 1500, 14]","[0, 1467, 14]","[1, 52, 15]","[1, 52, 16]","[1, 116, 25]","[1, 222, 25]","[1, 424, 25]",311
"[1, 64, 0]","[0, 60, 8]","[1, 52, 9]","[1, 1500, 11]","[1, 499, 11]","[0, 52, 12]","[0, 52, 12]","[0, 1500, 19]","[0, 1500, 19]","[0, 1465, 19]","[1, 52, 20]","[1, 52, 40]","[1, 116, 50]","[1, 222, 50]","[0, 52, 51]",311
"[1, 64, 0]","[0, 60, 33]","[1, 52, 34]","[1, 1500, 37]","[1, 499, 37]","[0, 52, 40]","[0, 52, 40]","[0, 1500, 45]","[0, 1500, 46]","[0, 1467, 46]","[1, 52, 47]","[1, 52, 48]","[1, 116, 78]","[1, 222, 79]","[0, 52, 82]",311
"[1, 64, 0]","[0, 60, 7]","[1, 52, 8]","[1, 1500, 9]","[1, 499, 9]","[0, 52, 10]","[0, 52, 11]","[0, 1500, 16]","[0, 1500, 16]","[0, 1467, 16]","[1, 52, 17]","[1, 52, 18]","[1, 116, 27]","[1, 222, 28]","[1, 424, 29]",311
"[1, 64, 0]","[0, 60, 5]","[1, 52, 6]","[1, 1500, 10]","[1, 499, 10]","[0, 52, 12]","[0, 52, 12]","[0, 1500, 17]","[0, 1500, 17]","[0, 1466, 17]","[1, 52, 18]","[1, 52, 20]","[1, 116, 32]","[1, 222, 33]","[0, 52, 34]",311
"[1, 64, 0]","[0, 60, 5]","[1, 52, 6]","[1, 1500, 8]","[1, 499, 8]","[0, 52, 9]","[0, 52, 10]","[0, 1500, 22]","[0, 1500, 22]","[0, 1465, 22]","[1, 52, 23]","[1, 52, 24]","[1, 116, 30]","[1, 222, 30]","[1, 424, 31]",311
"[1, 64, 0]","[0, 60, 9]","[1, 52, 10]","[1, 1500, 11]","[1, 499, 11]","[0, 52, 12]","[0, 52, 13]","[0, 1500, 18]","[0, 1500, 18]","[0, 1466, 18]","[1, 52, 18]","[1, 52, 19]","[1, 116, 26]","[1, 222, 26]","[0, 52, 27]",311
"[1, 64, 0]","[0, 60, 7]","[1, 52, 8]","[1, 1500, 9]","[1, 499, 9]","[0, 52, 11]","[0, 52, 11]","[0, 1500, 15]","[0, 1500, 15]","[0, 1465, 15]","[1, 52, 15]","[1, 52, 16]","[1, 116, 24]","[1, 222, 24]","[0, 52, 26]",311
"[1, 64, 0]","[0, 60, 7]","[1, 52, 7]","[1, 1500, 9]","[1, 499, 9]","[0, 52, 10]","[0, 1500, 16]","[0, 1500, 16]","[0, 1467, 16]","[1, 52, 16]","[1, 52, 17]","[1, 116, 26]","[1, 222, 26]","[0, 52, 27]","[0, 573, 29]",311
"[1, 64, 0]","[0, 60, 11]","[1, 52, 11]","[1, 1500, 13]","[1, 499, 13]","[0, 52, 14]","[0, 1500, 20]","[0, 1500, 20]","[0, 1465, 20]","[1, 52, 21]","[1, 52, 22]","[1, 116, 32]","[1, 222, 33]","[0, 52, 36]","[0, 573, 39]",311
"[1, 64, 0]","[0, 60, 5]","[1, 52, 5]","[1, 1500, 6]","[1, 499, 6]","[0, 52, 7]","[0, 52, 7]","[0, 1500, 13]","[0, 1500, 13]","[0, 1466, 13]","[1, 52, 14]","[1, 52, 14]","[1, 116, 20]","[1, 222, 21]","[0, 52, 22]",311
"[1, 64, 0]","[0, 60, 6]","[1, 52, 6]","[1, 1500, 8]","[1, 499, 8]","[0, 52, 10]","[0, 1500, 17]","[0, 1500, 17]","[0, 1467, 17]","[1, 52, 18]","[1, 52, 19]","[1, 116, 24]","[1, 222, 24]","[1, 424, 25]","[0, 52, 27]",311
"[1, 64, 0]","[0, 60, 6]","[1, 52, 7]","[1, 1500, 9]","[1, 499, 9]","[0, 52, 10]","[0, 52, 10]","[0, 1500, 15]","[0, 1500, 15]","[0, 1466, 15]","[1, 52, 16]","[1, 52, 17]","[1, 116, 23]","[1, 222, 24]","[0, 52, 25]",311
"[1, 64, 0]","[0, 60, 7]","[1, 52, 7]","[1, 1500, 9]","[1, 499, 9]","[0, 52, 10]","[0, 1500, 15]","[0, 1500, 15]","[0, 1466, 15]","[1, 52, 15]","[1, 52, 17]","[1, 116, 24]","[1, 222, 25]","[0, 52, 25]","[0, 52, 26]",311
"[1, 64, 0]","[0, 60, 5]","[1, 52, 5]","[1, 1500, 6]","[1, 499, 6]","[0, 52, 7]","[0, 1500, 12]","[0, 1500, 13]","[0, 1467, 13]","[1, 52, 13]","[1, 52, 14]","[1, 116, 21]","[1, 222, 21]","[0, 52, 22]","[0, 52, 23]",311
"[1, 64, 0]","[0, 60, 4]","[1, 52, 5]","[1, 1500, 7]","[1, 499, 7]","[0, 52, 8]","[0, 1500, 13]","[0, 1500, 13]","[0, 1466, 13]","[1, 52, 14]","[1, 52, 15]","[1, 116, 31]","[1, 222, 32]","[1, 424, 32]","[0, 52, 33]",311
"[1, 64, 0]","[0, 60, 5]","[1, 52, 6]","[1, 1500, 8]","[1, 499, 8]","[0, 52, 9]","[0, 1500, 17]","[0, 1500, 17]","[0, 1466, 17]","[1, 52, 17]","[1, 52, 18]","[1, 116, 29]","[1, 222, 30]","[0, 52, 31]","[0, 52, 31]",311
"[1, 64, 0]","[0, 60, 7]","[1, 52, 7]","[1, 1500, 9]","[1, 499, 9]","[0, 52, 10]","[0, 1500, 15]","[0, 1500, 15]","[0, 1466, 15]","[1, 52, 16]","[1, 52, 17]","[1, 116, 26]","[1, 222, 27]","[0, 52, 28]","[1, 424, 29]",311
"[1, 64, 0]","[0, 60, 14]","[1, 52, 15]","[1, 1500, 16]","[1, 499, 16]","[0, 52, 17]","[0, 52, 17]","[0, 1500, 24]","[0, 1500, 24]","[0, 1466, 24]","[1, 52, 25]","[1, 52, 26]","[1, 116, 34]","[1, 222, 35]","[1, 424, 35]",311
"[1, 64, 0]","[0, 60, 4]","[1, 52, 5]","[1, 1500, 6]","[1, 499, 6]","[0, 52, 7]","[0, 1500, 13]","[0, 1500, 14]","[0, 1466, 14]","[1, 52, 14]","[1, 52, 15]","[1, 116, 22]","[1, 222, 22]","[0, 52, 23]","[0, 573, 25]",311
"[1, 64, 0]","[0, 60, 7]","[1, 52, 8]","[1, 1500, 9]","[1, 499, 9]","[0, 52, 10]","[0, 1500, 15]","[0, 1500, 15]","[0, 1467, 15]","[1, 52, 16]","[1, 52, 16]","[1, 116, 22]","[1, 222, 22]","[1, 424, 23]","[0, 52, 24]",311
"[1, 64, 0]","[0, 60, 6]","[1, 52, 6]","[1, 1500, 18]","[1, 499, 18]","[0, 52, 19]","[0, 1500, 24]","[0, 1500, 24]","[0, 1467, 24]","[1, 52, 24]","[1, 52, 26]","[1, 116, 34]","[0, 52, 35]","[1, 222, 35]","[0, 52, 36]",311
"[1, 64, 0]","[0, 60, 5]","[1, 52, 5]","[1, 1500, 7]","[1, 499, 7]","[0, 52, 8]","[0, 1500, 17]","[0, 1500, 17]","[0, 1465, 17]","[1, 52, 17]","[1, 52, 19]","[1, 116, 28]","[1, 222, 28]","[0, 52, 29]","[1, 424, 31]",311
"[1, 64, 0]","[0, 60, 5]","[1, 52, 5]","[1, 1500, 13]","[1, 514, 13]","[0, 52, 15]","[0, 52, 15]","[0, 1500, 21]","[0, 1500, 21]","[0, 679, 21]","[1, 52, 21]","[1, 116, 32]","[0, 52, 33]","[0, 564, 35]","[1, 52, 35]",312
"[1, 64, 0]","[0, 60, 6]","[1, 52, 7]","[1, 1500, 7]","[1, 514, 7]","[0, 52, 14]","[0, 52, 14]","[0, 1500, 21]","[0, 1500, 21]","[0, 679, 21]","[1, 52, 21]","[1, 116, 30]","[1, 144, 31]","[1, 389, 31]","[0, 52, 31]",312
"[1, 64, 0]","[0, 60, 4]","[1, 52, 5]","[1, 1500, 6]","[1, 514, 6]","[0, 52, 7]","[0, 1500, 12]","[0, 1500, 12]","[0, 678, 12]","[1, 52, 12]","[1, 52, 12]","[1, 116, 16]","[1, 144, 16]","[1, 389, 16]","[0, 52, 16]",312
"[1, 64, 0]","[0, 60, 6]","[1, 52, 6]","[1, 1500, 7]","[1, 514, 7]","[0, 52, 7]","[0, 1500, 12]","[0, 1500, 12]","[0, 678, 12]","[1, 52, 12]","[1, 116, 15]","[1, 144, 15]","[1, 389, 16]","[0, 52, 16]","[0, 52, 16]",312
"[1, 64, 0]","[0, 60, 6]","[1, 52, 6]","[1, 1500, 7]","[1, 514, 7]","[0, 52, 8]","[0, 52, 8]","[0, 1500, 16]","[0, 1500, 16]","[0, 678, 16]","[1, 52, 17]","[1, 116, 20]","[1, 144, 20]","[1, 389, 20]","[0, 52, 21]",312
"[1, 64, 0]","[0, 60, 4]","[1, 52, 5]","[1, 1500, 6]","[1, 514, 6]","[0, 52, 7]","[0, 52, 7]","[0, 1500, 12]","[0, 1500, 12]","[0, 679, 12]","[1, 52, 13]","[1, 116, 17]","[1, 144, 17]","[1, 389, 17]","[0, 52, 18]",312
"[1, 64, 0]","[0, 60, 5]","[1, 52, 5]","[1, 1500, 6]","[1, 514, 6]","[0, 52, 7]","[0, 52, 7]","[0, 1500, 12]","[0, 1500, 12]","[0, 678, 12]","[1, 52, 12]","[1, 116, 15]","[1, 144, 15]","[1, 389, 15]","[0, 52, 16]",312
"[1, 64, 0]","[0, 60, 4]","[1, 52, 5]","[1, 1500, 5]","[1, 514, 5]","[0, 52, 6]","[0, 52, 6]","[0, 1500, 10]","[0, 1500, 11]","[0, 680, 11]","[1, 52, 11]","[1, 116, 14]","[1, 144, 15]","[1, 389, 15]","[0, 52, 15]",312
"[1, 64, 0]","[0, 60, 5]","[1, 52, 6]","[1, 1500, 7]","[1, 514, 7]","[0, 52, 7]","[0, 52, 7]","[0, 1500, 13]","[0, 1500, 13]","[0, 680, 13]","[1, 52, 14]","[1, 116, 17]","[1, 144, 17]","[1, 389, 17]","[0, 52, 18]",312
"[1, 64, 0]","[0, 60, 4]","[1, 52, 5]","[1, 1500, 5]","[1, 514, 5]","[0, 52, 6]","[0, 52, 6]","[0, 1500, 13]","[1, 52, 13]","[0, 1500, 13]","[1, 52, 13]","[0, 678, 13]","[1, 52, 13]","[1, 116, 16]","[1, 144, 16]",312
"[1, 64, 0]","[0, 60, 5]","[1, 52, 5]","[1, 1500, 8]","[1, 514, 8]","[0, 52, 8]","[0, 52, 8]","[0, 1500, 14]","[0, 1500, 14]","[0, 680, 14]","[1, 52, 14]","[1, 116, 37]","[1, 144, 37]","[1, 389, 37]","[0, 52, 38]",312
"[1, 64, 0]","[0, 60, 7]","[1, 52, 8]","[1, 1500, 12]","[1, 514, 12]","[0, 52, 13]","[0, 52, 13]","[0, 1500, 29]","[0, 1500, 29]","[0, 679, 29]","[1, 52, 29]","[1, 116, 34]","[1, 144, 34]","[1, 389, 34]","[0, 52, 35]",312
"[1, 64, 0]","[0, 60, 4]","[1, 52, 4]","[1, 1500, 5]","[1, 514, 5]","[0, 52, 6]","[0, 52, 6]","[0, 1500, 10]","[0, 1500, 10]","[0, 679, 10]","[1, 52, 11]","[1, 116, 13]","[1, 144, 14]","[1, 389, 14]","[0, 52, 14]",312
"[1, 64, 0]","[0, 60, 4]","[1, 52, 7]","[1, 1500, 7]","[1, 514, 7]","[0, 52, 12]","[0, 1500, 18]","[0, 1500, 18]","[1, 52, 18]","[1, 52, 18]","[0, 678, 19]","[1, 52, 19]","[1, 116, 25]","[1, 144, 25]","[1, 389, 25]",312
"[1, 64, 0]","[0, 60, 4]","[1, 52, 5]","[1, 1500, 8]","[1, 514, 8]","[0, 52, 9]","[0, 52, 9]","[0, 1500, 14]","[0, 1500, 14]","[0, 679, 14]","[1, 52, 15]","[1, 116, 31]","[1, 144, 31]","[1, 389, 31]","[0, 52, 32]",312
"[1, 64, 0]","[0, 60, 5]","[1, 52, 5]","[1, 1500, 7]","[1, 514, 7]","[0, 52, 8]","[0, 52, 9]","[0, 1500, 15]","[0, 1500, 15]","[0, 680, 15]","[1, 52, 15]","[1, 116, 21]","[1, 144, 21]","[1, 389, 21]","[0, 52, 22]",312
"[1, 64, 0]","[0, 60, 4]","[1, 52, 4]","[1, 1500, 5]","[1, 514, 5]","[0, 52, 5]","[0, 52, 5]","[0, 1500, 11]","[0, 1500, 11]","[0, 679, 11]","[1, 52, 11]","[1, 116, 14]","[1, 144, 14]","[1, 389, 15]","[0, 52, 15]",312
"[1, 64, 0]","[0, 60, 5]","[1, 52, 6]","[1, 1500, 6]","[1, 514, 6]","[0, 52, 7]","[0, 52, 7]","[0, 1500, 12]","[0, 1500, 12]","[0, 680, 12]","[1, 52, 13]","[1, 116, 16]","[1, 144, 16]","[1, 389, 16]","[0, 52, 17]",312
"[1, 64, 0]","[0, 60, 4]","[1, 52, 4]","[1, 1500, 5]","[1, 514, 5]","[0, 52, 5]","[0, 52, 5]","[0, 1500, 11]","[0, 1500, 12]","[0, 679, 12]","[1, 52, 12]","[1, 116, 15]","[1, 144, 15]","[1, 389, 15]","[0, 52, 24]",312
"[1, 64, 0]","[0, 60, 6]","[1, 52, 7]","[1, 1500, 7]","[1, 514, 7]","[0, 52, 8]","[0, 52, 8]","[0, 1500, 19]","[0, 1500, 19]","[1, 52, 19]","[0, 679, 19]","[1, 52, 20]","[1, 116, 25]","[0, 52, 25]","[1, 144, 28]",312
"[1, 64, 0]","[0, 60, 4]","[1, 52, 4]","[1, 1500, 6]","[1, 514, 6]","[0, 52, 6]","[0, 52, 6]","[0, 1500, 12]","[0, 1500, 12]","[0, 680, 12]","[1, 52, 13]","[1, 116, 18]","[1, 144, 18]","[0, 52, 19]","[0, 52, 19]",312
"[1, 64, 0]","[0, 60, 4]","[1, 52, 4]","[1, 1500, 5]","[1, 514, 5]","[0, 52, 6]","[0, 52, 6]","[0, 1500, 10]","[0, 1500, 10]","[0, 680, 10]","[1, 52, 10]","[1, 116, 13]","[1, 144, 14]","[1, 389, 14]","[0, 52, 15]",312
"[1, 64, 0]","[0, 60, 5]","[1, 52, 5]","[1, 1500, 6]","[1, 514, 6]","[0, 52, 12]","[0, 52, 12]","[0, 1500, 18]","[0, 1500, 18]","[0, 679, 18]","[1, 52, 19]","[1, 116, 22]","[1, 144, 22]","[1, 389, 22]","[0, 52, 23]",312
"[1, 64, 0]","[0, 60, 6]","[1, 52, 6]","[1, 1500, 7]","[1, 514, 7]","[0, 52, 9]","[0, 52, 9]","[0, 1500, 14]","[0, 1500, 14]","[0, 680, 14]","[1, 52, 14]","[1, 116, 17]","[1, 144, 17]","[1, 389, 17]","[0, 52, 18]",312
"[1, 64, 0]","[0, 60, 5]","[1, 52, 5]","[1, 1500, 6]","[1, 514, 6]","[0, 52, 7]","[0, 52, 7]","[0, 1500, 12]","[0, 1500, 13]","[1, 52, 13]","[0, 678, 13]","[1, 52, 13]","[1, 116, 16]","[1, 144, 17]","[0, 52, 18]",312
"[1, 64, 0]","[0, 60, 4]","[1, 52, 4]","[1, 1500, 5]","[1, 514, 5]","[0, 52, 5]","[0, 52, 6]","[0, 1500, 11]","[1, 52, 12]","[0, 1500, 12]","[1, 52, 12]","[0, 679, 13]","[1, 52, 13]","[1, 116, 16]","[1, 144, 16]",312
"[1, 64, 0]","[0, 60, 5]","[1, 52, 6]","[1, 1500, 6]","[1, 514, 6]","[0, 52, 7]","[0, 1500, 13]","[0, 1500, 13]","[0, 680, 13]","[1, 52, 13]","[1, 116, 16]","[1, 144, 16]","[1, 389, 16]","[0, 52, 17]","[0, 52, 17]",312
"[1, 64, 0]","[0, 60, 5]","[1, 52, 5]","[1, 1500, 6]","[1, 514, 6]","[0, 52, 6]","[0, 52, 7]","[0, 1500, 12]","[0, 1500, 12]","[0, 678, 12]","[1, 52, 12]","[1, 116, 16]","[1, 144, 16]","[1, 389, 16]","[0, 52, 17]",312
"[1, 64, 0]","[0, 60, 5]","[1, 52, 6]","[1, 1500, 7]","[1, 514, 7]","[0, 52, 19]","[0, 1500, 19]","[0, 1500, 19]","[1, 52, 19]","[0, 679, 22]","[1, 52, 23]","[1, 116, 25]","[1, 144, 26]","[1, 389, 26]","[0, 52, 27]",312
"[1, 64, 0]","[0, 60, 4]","[1, 52, 4]","[1, 1500, 7]","[1, 514, 7]","[0, 52, 7]","[0, 1500, 12]","[0, 1500, 12]","[0, 679, 12]","[1, 52, 13]","[1, 116, 18]","[1, 144, 18]","[1, 389, 18]","[0, 52, 18]","[0, 52, 19]",312
"[1, 64, 0]","[0, 60, 5]","[1, 52, 5]","[1, 1500, 6]","[1, 514, 6]","[0, 52, 7]","[0, 52, 7]","[0, 1500, 12]","[0, 1500, 12]","[0, 680, 12]","[1, 52, 12]","[1, 116, 15]","[1, 144, 16]","[1, 389, 16]","[0, 52, 17]",312
"[1, 64, 0]","[0, 60, 5]","[1, 52, 5]","[1, 1500, 6]","[1, 514, 6]","[0, 52, 6]","[0, 1500, 12]","[0, 1500, 12]","[0, 679, 12]","[1, 52, 12]","[1, 116, 16]","[1, 144, 16]","[0, 52, 17]","[0, 52, 17]","[0, 564, 18]",312
"[1, 64, 0]","[0, 60, 5]","[1, 52, 5]","[1, 1500, 6]","[1, 514, 6]","[0, 52, 7]","[0, 52, 7]","[0, 1500, 11]","[0, 1500, 11]","[0, 678, 11]","[1, 52, 11]","[1, 116, 14]","[1, 144, 15]","[1, 389, 15]","[0, 52, 15]",312
"[1, 64, 0]","[0, 60, 7]","[1, 52, 7]","[1, 1500, 8]","[1, 514, 8]","[0, 52, 10]","[0, 52, 10]","[0, 1500, 15]","[0, 1500, 15]","[0, 680, 15]","[1, 52, 15]","[1, 116, 19]","[1, 144, 19]","[0, 52, 20]","[0, 52, 20]",312
"[1, 64, 0]","[0, 60, 6]","[1, 52, 7]","[1, 1500, 8]","[1, 514, 8]","[0, 52, 9]","[0, 1500, 16]","[0, 1500, 16]","[0, 680, 16]","[1, 52, 16]","[1, 116, 20]","[1, 144, 20]","[1, 389, 20]","[0, 52, 21]","[0, 52, 21]",312
"[1, 64, 0]","[0, 60, 5]","[1, 52, 7]","[1, 1500, 7]","[1, 514, 7]","[0, 52, 8]","[0, 52, 8]","[0, 1500, 14]","[0, 1500, 14]","[0, 678, 14]","[1, 52, 14]","[1, 116, 18]","[1, 144, 18]","[1, 389, 18]","[0, 52, 19]",312
"[1, 64, 0]","[0, 60, 5]","[1, 52, 5]","[1, 1500, 5]","[1, 514, 5]","[0, 52, 6]","[0, 52, 6]","[0, 1500, 11]","[0, 1500, 11]","[0, 678, 11]","[1, 52, 12]","[1, 116, 15]","[1, 144, 15]","[1, 389, 15]","[0, 52, 16]",312
"[1, 64, 0]","[0, 60, 6]","[1, 52, 6]","[1, 1500, 7]","[1, 514, 7]","[0, 52, 7]","[0, 52, 7]","[0, 1500, 12]","[0, 1500, 13]","[0, 680, 13]","[1, 52, 13]","[1, 116, 16]","[1, 144, 16]","[1, 389, 16]","[0, 52, 17]",312
"[1, 64, 0]","[0, 60, 5]","[1, 52, 6]","[1, 1500, 6]","[1, 514, 6]","[0, 52, 7]","[0, 52, 7]","[0, 1500, 14]","[1, 52, 15]","[0, 1500, 15]","[1, 52, 16]","[0, 679, 17]","[1, 52, 17]","[1, 116, 20]","[1, 144, 20]",312
"[1, 64, 0]","[0, 60, 4]","[1, 52, 5]","[1, 1500, 6]","[1, 514, 6]","[0, 52, 7]","[0, 52, 7]","[0, 1500, 12]","[0, 1500, 12]","[0, 680, 12]","[1, 52, 13]","[1, 116, 16]","[1, 144, 16]","[1, 389, 16]","[0, 52, 16]",312
"[1, 64, 0]","[1, 64, 31]","[1, 64, 61]","[1, 64, 94]","[1, 64, 126]","[0, 60, 135]","[1, 52, 136]","[1, 1500, 136]","[1, 514, 136]","[0, 52, 137]","[0, 52, 137]","[0, 52, 137]","[0, 1500, 149]","[0, 1500, 149]","[0, 679, 149]",312
"[1, 64, 0]","[0, 60, 5]","[1, 52, 5]","[1, 1500, 6]","[1, 514, 6]","[0, 52, 7]","[0, 52, 7]","[0, 1500, 12]","[0, 1500, 12]","[0, 680, 12]","[1, 52, 12]","[1, 116, 20]","[1, 144, 21]","[1, 389, 21]","[0, 52, 21]",312
"[1, 64, 0]","[0, 60, 5]","[1, 52, 5]","[1, 1500, 6]","[1, 514, 6]","[0, 52, 7]","[0, 52, 7]","[0, 1500, 13]","[0, 1500, 14]","[0, 679, 14]","[1, 52, 14]","[1, 116, 17]","[1, 144, 18]","[0, 52, 18]","[1, 389, 18]",312
"[1, 64, 0]","[0, 60, 4]","[1, 52, 5]","[1, 1500, 6]","[1, 514, 6]","[0, 52, 6]","[0, 52, 7]","[0, 1500, 14]","[0, 1500, 14]","[0, 680, 14]","[1, 52, 14]","[1, 116, 17]","[1, 144, 17]","[1, 389, 17]","[0, 52, 18]",312
"[1, 64, 0]","[0, 60, 5]","[1, 52, 5]","[1, 1500, 5]","[1, 514, 5]","[0, 52, 6]","[0, 52, 6]","[0, 1500, 12]","[0, 1500, 12]","[0, 678, 12]","[1, 52, 12]","[1, 116, 21]","[1, 144, 21]","[1, 389, 21]","[0, 52, 22]",312
"[1, 64, 0]","[0, 60, 5]","[1, 52, 5]","[1, 1500, 6]","[1, 514, 6]","[0, 52, 7]","[0, 52, 7]","[0, 1500, 11]","[0, 1500, 11]","[0, 679, 11]","[1, 52, 11]","[1, 116, 15]","[1, 144, 15]","[1, 389, 15]","[0, 52, 15]",312
"[1, 64, 0]","[0, 60, 4]","[1, 52, 5]","[1, 1500, 5]","[1, 514, 5]","[0, 52, 6]","[0, 52, 6]","[0, 1500, 12]","[0, 1500, 12]","[0, 680, 12]","[1, 52, 12]","[1, 116, 16]","[1, 144, 16]","[1, 389, 16]","[0, 52, 16]",312
"[1, 64, 0]","[0, 60, 4]","[1, 52, 4]","[1, 1500, 5]","[1, 514, 5]","[0, 52, 6]","[0, 52, 6]","[0, 1500, 11]","[0, 1500, 11]","[0, 680, 11]","[1, 52, 11]","[1, 116, 15]","[1, 144, 15]","[1, 389, 16]","[0, 52, 16]",312
"[1, 64, 0]","[0, 60, 4]","[1, 52, 5]","[1, 1500, 6]","[1, 514, 6]","[0, 52, 6]","[0, 52, 7]","[0, 1500, 11]","[0, 1500, 11]","[0, 678, 11]","[1, 52, 12]","[1, 116, 15]","[1, 144, 15]","[1, 389, 15]","[0, 52, 16]",312
"[1, 64, 0]","[0, 60, 6]","[1, 52, 6]","[1, 1500, 7]","[1, 514, 7]","[0, 52, 7]","[0, 52, 7]","[0, 1500, 14]","[0, 1500, 14]","[0, 679, 14]","[1, 52, 14]","[1, 116, 21]","[1, 144, 21]","[1, 389, 21]","[0, 52, 22]",312
"[1, 64, 0]","[0, 60, 4]","[1, 52, 4]","[1, 1500, 5]","[1, 514, 5]","[0, 52, 5]","[0, 52, 5]","[0, 1500, 10]","[0, 1500, 11]","[0, 679, 11]","[1, 52, 11]","[1, 116, 14]","[0, 52, 14]","[1, 144, 15]","[0, 52, 15]",312
"[1, 64, 0]","[0, 60, 4]","[1, 52, 5]","[1, 1500, 8]","[1, 514, 8]","[0, 52, 9]","[0, 52, 9]","[0, 1500, 16]","[0, 1500, 16]","[0, 679, 16]","[1, 52, 16]","[1, 116, 31]","[1, 144, 31]","[1, 389, 31]","[0, 52, 32]",312
"[1, 64, 0]","[0, 60, 4]","[1, 52, 4]","[1, 1500, 5]","[1, 514, 5]","[0, 52, 6]","[0, 52, 6]","[0, 1500, 10]","[1, 52, 11]","[0, 1500, 11]","[1, 52, 11]","[0, 678, 12]","[1, 52, 12]","[1, 116, 14]","[1, 144, 14]",312
"[1, 64, 0]","[0, 60, 3]","[1, 52, 4]","[1, 1500, 4]","[1, 514, 4]","[0, 52, 5]","[0, 52, 5]","[0, 1500, 10]","[0, 1500, 10]","[0, 679, 10]","[1, 52, 10]","[1, 116, 14]","[1, 144, 14]","[1, 389, 14]","[0, 52, 18]",312
"[1, 64, 0]","[0, 60, 5]","[1, 52, 6]","[1, 1500, 8]","[1, 514, 8]","[0, 52, 9]","[0, 52, 10]","[0, 1500, 15]","[0, 1500, 15]","[0, 679, 15]","[1, 52, 17]","[1, 116, 20]","[1, 144, 21]","[1, 389, 21]","[0, 52, 21]",312
"[1, 64, 0]","[0, 60, 37]","[1, 52, 37]","[1, 1500, 38]","[1, 514, 38]","[0, 52, 39]","[0, 1500, 44]","[0, 1500, 44]","[0, 677, 44]","[1, 52, 44]","[1, 116, 48]","[1, 144, 49]","[1, 389, 49]","[0, 52, 49]","[0, 52, 49]",312
"[1, 64, 0]","[0, 60, 5]","[1, 52, 6]","[1, 1500, 6]","[1, 514, 7]","[0, 52, 8]","[0, 52, 8]","[0, 1500, 12]","[0, 1500, 12]","[1, 52, 13]","[0, 679, 13]","[1, 52, 13]","[1, 116, 26]","[1, 144, 26]","[1, 389, 26]",312
"[1, 64, 0]","[0, 60, 5]","[1, 52, 5]","[1, 1500, 6]","[1, 514, 6]","[0, 52, 6]","[0, 52, 6]","[0, 1500, 11]","[0, 1500, 11]","[0, 679, 11]","[1, 52, 12]","[1, 116, 16]","[1, 144, 16]","[1, 389, 16]","[0, 52, 17]",312
"[1, 64, 0]","[0, 60, 4]","[1, 52, 5]","[1, 1500, 6]","[1, 514, 6]","[0, 52, 7]","[0, 52, 8]","[0, 1500, 12]","[0, 1500, 12]","[0, 679, 12]","[1, 52, 12]","[1, 116, 15]","[1, 144, 16]","[1, 389, 16]","[0, 52, 16]",312
"[1, 64, 0]","[0, 60, 51]","[1, 52, 51]","[1, 1500, 52]","[1, 514, 52]","[0, 52, 53]","[0, 1500, 59]","[0, 1500, 59]","[0, 678, 59]","[1, 52, 59]","[1, 116, 62]","[1, 144, 62]","[1, 389, 63]","[0, 52, 63]","[0, 52, 63]",312
"[1, 64, 0]","[0, 60, 5]","[1, 52, 5]","[1, 1500, 6]","[1, 514, 6]","[0, 52, 7]","[0, 52, 7]","[0, 1500, 12]","[0, 1500, 12]","[0, 679, 12]","[1, 52, 13]","[1, 116, 16]","[1, 144, 16]","[1, 389, 16]","[0, 52, 17]",312
"[1, 64, 0]","[0, 60, 6]","[1, 52, 6]","[1, 1500, 7]","[1, 514, 7]","[0, 52, 7]","[0, 52, 8]","[0, 1500, 14]","[0, 1500, 14]","[0, 680, 14]","[1, 52, 14]","[1, 116, 18]","[1, 144, 18]","[1, 389, 18]","[0, 52, 19]",312
"[1, 64, 0]","[0, 60, 4]","[1, 52, 4]","[1, 1500, 5]","[1, 514, 5]","[0, 52, 6]","[0, 52, 6]","[0, 1500, 12]","[0, 1500, 12]","[0, 680, 12]","[1, 52, 12]","[1, 116, 18]","[1, 144, 18]","[1, 389, 18]","[0, 52, 19]",312
"[1, 64, 0]","[0, 60, 5]","[1, 52, 6]","[1, 1500, 6]","[1, 514, 6]","[0, 52, 7]","[0, 52, 7]","[0, 1500, 12]","[0, 1500, 12]","[0, 680, 12]","[1, 52, 12]","[1, 116, 15]","[1, 144, 15]","[1, 389, 15]","[0, 52, 16]",312
"[1, 64, 0]","[0, 60, 6]","[1, 52, 6]","[1, 1500, 7]","[1, 514, 7]","[0, 52, 8]","[0, 52, 8]","[0, 1500, 14]","[0, 1500, 14]","[0, 678, 14]","[1, 52, 14]","[1, 116, 18]","[1, 144, 18]","[1, 389, 18]","[0, 52, 19]",312
"[1, 64, 0]","[0, 60, 4]","[1, 52, 5]","[1, 1500, 5]","[1, 514, 5]","[0, 52, 6]","[0, 52, 6]","[0, 1500, 12]","[0, 1500, 12]","[0, 679, 12]","[1, 52, 13]","[1, 116, 16]","[1, 144, 16]","[1, 389, 17]","[0, 52, 17]",312
"[1, 64, 0]","[0, 60, 4]","[1, 52, 5]","[1, 1500, 6]","[1, 514, 6]","[0, 52, 6]","[0, 52, 7]","[0, 1500, 13]","[0, 1500, 13]","[0, 679, 13]","[1, 52, 14]","[1, 116, 18]","[1, 144, 18]","[1, 389, 19]","[0, 52, 19]",312
"[1, 64, 0]","[0, 60, 4]","[1, 52, 4]","[1, 1500, 5]","[1, 514, 5]","[0, 52, 6]","[0, 52, 6]","[0, 1500, 16]","[0, 1500, 16]","[0, 679, 16]","[1, 52, 16]","[1, 116, 20]","[1, 144, 20]","[1, 389, 20]","[0, 52, 21]",312
"[1, 64, 0]","[0, 60, 5]","[1, 52, 5]","[1, 1500, 6]","[1, 514, 6]","[0, 52, 7]","[0, 1500, 12]","[0, 1500, 12]","[0, 680, 12]","[1, 52, 12]","[1, 116, 15]","[1, 144, 16]","[1, 389, 16]","[0, 52, 16]","[0, 52, 17]",312
"[1, 64, 0]","[0, 60, 7]","[1, 52, 7]","[1, 1500, 8]","[1, 514, 8]","[0, 52, 9]","[0, 52, 9]","[0, 1500, 15]","[0, 1500, 15]","[0, 678, 15]","[1, 52, 15]","[1, 116, 25]","[0, 52, 25]","[1, 144, 26]","[1, 389, 26]",312
"[1, 64, 0]","[0, 60, 5]","[1, 52, 5]","[1, 1500, 7]","[1, 514, 7]","[0, 52, 8]","[0, 52, 8]","[0, 1500, 15]","[0, 1500, 15]","[1, 52, 15]","[1, 52, 15]","[0, 679, 15]","[1, 52, 15]","[1, 116, 22]","[1, 144, 23]",312
"[1, 64, 0]","[0, 60, 7]","[1, 52, 7]","[1, 1500, 8]","[1, 514, 8]","[0, 52, 9]","[0, 52, 9]","[0, 1500, 16]","[0, 1500, 16]","[0, 679, 16]","[1, 52, 17]","[1, 116, 19]","[1, 144, 20]","[1, 389, 20]","[0, 52, 20]",312
"[1, 64, 0]","[0, 60, 5]","[1, 52, 5]","[1, 1500, 6]","[1, 514, 6]","[0, 52, 6]","[0, 1500, 11]","[0, 1500, 11]","[0, 679, 11]","[1, 52, 11]","[1, 116, 14]","[1, 144, 14]","[1, 389, 15]","[0, 52, 15]","[0, 52, 15]",312
"[1, 64, 0]","[0, 60, 4]","[1, 52, 5]","[1, 1500, 7]","[1, 514, 7]","[0, 52, 8]","[0, 52, 8]","[0, 1500, 14]","[0, 1500, 14]","[0, 679, 14]","[1, 52, 15]","[1, 116, 17]","[1, 144, 17]","[0, 52, 18]","[1, 389, 18]",312
"[1, 64, 0]","[0, 60, 6]","[1, 52, 6]","[1, 1500, 7]","[1, 514, 7]","[0, 52, 9]","[0, 1500, 14]","[0, 1500, 14]","[0, 679, 14]","[1, 52, 15]","[1, 116, 19]","[1, 144, 19]","[1, 389, 19]","[0, 52, 20]","[0, 52, 20]",312
"[1, 64, 0]","[0, 60, 4]","[1, 52, 4]","[1, 1500, 8]","[1, 514, 8]","[0, 52, 8]","[0, 52, 8]","[0, 1500, 14]","[0, 1500, 14]","[0, 680, 14]","[1, 52, 14]","[1, 116, 17]","[1, 144, 17]","[0, 52, 18]","[0, 52, 18]",312
"[1, 64, 0]","[0, 60, 5]","[1, 52, 5]","[1, 1500, 6]","[1, 514, 6]","[0, 52, 7]","[0, 52, 7]","[0, 1500, 12]","[0, 1500, 12]","[1, 52, 12]","[0, 680, 13]","[1, 52, 13]","[1, 116, 15]","[1, 144, 16]","[0, 52, 16]",312
"[1, 64, 0]","[0, 60, 6]","[1, 52, 6]","[1, 1500, 7]","[1, 514, 7]","[0, 52, 7]","[0, 52, 7]","[0, 1500, 12]","[0, 1500, 12]","[0, 680, 12]","[1, 52, 12]","[1, 116, 28]","[1, 144, 29]","[1, 389, 29]","[0, 52, 29]",312
"[1, 64, 0]","[0, 60, 4]","[1, 52, 5]","[1, 1500, 6]","[1, 514, 6]","[0, 52, 7]","[0, 52, 7]","[0, 1500, 14]","[0, 1500, 14]","[0, 679, 14]","[1, 52, 14]","[1, 116, 20]","[1, 144, 20]","[1, 389, 20]","[0, 52, 23]",312
"[1, 64, 0]","[0, 60, 5]","[1, 52, 6]","[1, 1500, 7]","[1, 514, 7]","[0, 52, 8]","[0, 52, 8]","[0, 1500, 14]","[0, 1500, 14]","[0, 678, 14]","[1, 52, 14]","[1, 116, 17]","[1, 144, 17]","[1, 389, 17]","[0, 52, 18]",312
"[1, 64, 0]","[1, 64, 30]","[0, 60, 30]","[1, 52, 31]","[1, 1500, 31]","[1, 514, 31]","[0, 52, 32]","[0, 52, 33]","[0, 52, 33]","[0, 1500, 50]","[0, 1500, 50]","[0, 679, 50]","[1, 52, 50]","[1, 116, 54]","[1, 144, 54]",312
"[1, 64, 0]","[0, 60, 6]","[1, 52, 6]","[1, 1500, 7]","[1, 514, 7]","[0, 52, 8]","[0, 52, 8]","[0, 1500, 13]","[0, 1500, 13]","[1, 52, 13]","[0, 679, 13]","[1, 52, 13]","[1, 116, 19]","[1, 144, 20]","[1, 389, 20]",312
"[1, 64, 0]","[0, 60, 5]","[1, 52, 6]","[1, 1500, 7]","[1, 514, 7]","[0, 52, 8]","[0, 52, 8]","[0, 1500, 14]","[0, 1500, 14]","[1, 52, 14]","[0, 678, 15]","[1, 52, 15]","[1, 116, 22]","[1, 144, 23]","[1, 389, 23]",312
"[1, 64, 0]","[0, 60, 8]","[1, 52, 8]","[1, 1500, 9]","[1, 514, 9]","[0, 52, 10]","[0, 52, 10]","[0, 1500, 14]","[0, 1500, 14]","[0, 679, 15]","[1, 52, 15]","[1, 52, 15]","[1, 116, 21]","[1, 144, 22]","[1, 389, 22]",312
"[1, 64, 0]","[0, 60, 5]","[1, 52, 6]","[1, 1500, 7]","[1, 514, 7]","[0, 52, 8]","[0, 52, 8]","[0, 1500, 14]","[0, 1500, 14]","[0, 679, 14]","[1, 52, 14]","[1, 116, 18]","[1, 144, 18]","[0, 52, 19]","[0, 52, 19]",312
"[1, 64, 0]","[0, 60, 5]","[1, 52, 6]","[1, 1500, 6]","[1, 514, 6]","[0, 52, 7]","[0, 52, 8]","[0, 1500, 14]","[0, 1500, 14]","[0, 680, 14]","[1, 52, 14]","[1, 116, 17]","[1, 144, 18]","[1, 389, 18]","[0, 52, 18]",312
"[1, 64, 0]","[0, 60, 4]","[1, 52, 4]","[1, 1500, 5]","[1, 514, 5]","[0, 52, 6]","[0, 52, 6]","[0, 1500, 12]","[0, 1500, 12]","[0, 679, 12]","[1, 52, 13]","[1, 116, 16]","[1, 144, 16]","[1, 389, 16]","[0, 52, 17]",312
"[1, 64, 0]","[0, 60, 4]","[1, 52, 5]","[1, 1500, 5]","[1, 514, 5]","[0, 52, 6]","[0, 52, 6]","[0, 1500, 10]","[0, 1500, 10]","[0, 679, 10]","[1, 52, 11]","[1, 116, 14]","[1, 144, 14]","[1, 389, 14]","[0, 52, 15]",312
"[1, 64, 0]","[0, 60, 4]","[1, 52, 4]","[1, 1500, 5]","[1, 514, 5]","[0, 52, 6]","[0, 52, 6]","[0, 1500, 11]","[0, 1500, 11]","[0, 678, 11]","[1, 52, 12]","[1, 116, 15]","[1, 144, 16]","[0, 52, 16]","[0, 52, 16]",312
"[1, 64, 0]","[0, 60, 10]","[1, 52, 10]","[1, 1500, 10]","[1, 514, 10]","[0, 52, 15]","[0, 52, 15]","[0, 1500, 21]","[0, 1500, 22]","[0, 679, 22]","[1, 52, 22]","[1, 116, 25]","[1, 144, 25]","[1, 389, 25]","[0, 52, 26]",312
"[1, 64, 0]","[0, 60, 5]","[1, 52, 6]","[1, 1500, 9]","[1, 514, 9]","[0, 52, 10]","[0, 52, 11]","[0, 1500, 17]","[0, 1500, 17]","[1, 52, 17]","[0, 679, 17]","[1, 52, 17]","[1, 116, 25]","[1, 144, 26]","[1, 389, 26]",312
"[1, 64, 0]","[0, 60, 5]","[1, 52, 5]","[1, 1500, 7]","[1, 514, 7]","[0, 52, 7]","[0, 52, 7]","[0, 1500, 11]","[0, 1500, 12]","[0, 678, 12]","[1, 52, 12]","[1, 116, 16]","[1, 144, 16]","[0, 52, 17]","[0, 52, 17]",312
"[1, 64, 0]","[0, 60, 5]","[1, 52, 5]","[1, 1500, 6]","[1, 514, 6]","[0, 52, 6]","[0, 52, 6]","[0, 1500, 12]","[0, 1500, 12]","[0, 678, 12]","[1, 52, 12]","[1, 116, 15]","[1, 144, 16]","[1, 389, 16]","[0, 52, 16]",312
"[1, 64, 0]","[0, 60, 4]","[1, 52, 5]","[1, 1500, 6]","[1, 514, 6]","[0, 52, 6]","[0, 52, 7]","[0, 1500, 11]","[0, 1500, 11]","[0, 679, 11]","[1, 52, 11]","[1, 116, 14]","[1, 144, 15]","[0, 52, 15]","[0, 52, 15]",312
"[1, 64, 0]","[0, 60, 4]","[1, 52, 5]","[1, 1500, 7]","[1, 514, 7]","[0, 52, 13]","[0, 52, 13]","[0, 1500, 17]","[0, 1500, 17]","[0, 679, 17]","[1, 52, 18]","[1, 116, 24]","[1, 144, 25]","[1, 389, 25]","[0, 52, 26]",312
"[1, 64, 0]","[0, 60, 5]","[1, 52, 5]","[1, 1500, 6]","[1, 514, 6]","[0, 52, 6]","[0, 1500, 10]","[0, 1500, 10]","[0, 678, 11]","[1, 52, 11]","[1, 52, 11]","[1, 116, 14]","[1, 144, 14]","[0, 52, 14]","[0, 52, 14]",312
"[1, 64, 0]","[0, 60, 5]","[1, 52, 5]","[1, 1500, 6]","[1, 514, 6]","[0, 52, 7]","[0, 1500, 13]","[0, 1500, 13]","[1, 52, 13]","[0, 679, 13]","[1, 52, 14]","[1, 116, 17]","[1, 144, 17]","[1, 389, 17]","[0, 52, 18]",312
"[1, 64, 0]","[0, 60, 4]","[1, 52, 4]","[1, 1500, 5]","[1, 514, 5]","[0, 52, 6]","[0, 52, 6]","[0, 1500, 12]","[0, 1500, 12]","[0, 679, 12]","[1, 52, 12]","[1, 116, 15]","[1, 144, 16]","[1, 389, 16]","[0, 52, 16]",312
"[1, 64, 0]","[0, 60, 18]","[1, 52, 18]","[1, 1500, 19]","[1, 514, 19]","[0, 52, 20]","[0, 1500, 26]","[0, 1500, 26]","[0, 679, 26]","[1, 52, 26]","[1, 116, 29]","[1, 144, 30]","[1, 389, 30]","[0, 52, 30]","[0, 52, 30]",312
"[1, 64, 0]","[0, 60, 6]","[1, 52, 6]","[1, 1500, 7]","[1, 514, 7]","[0, 52, 7]","[0, 52, 8]","[0, 1500, 14]","[0, 1500, 14]","[0, 678, 14]","[1, 52, 14]","[1, 116, 17]","[1, 144, 17]","[1, 389, 17]","[0, 52, 18]",312
"[1, 64, 0]","[0, 60, 6]","[1, 52, 7]","[1, 725, 8]","[0, 52, 10]","[0, 1500, 16]","[0, 1500, 17]","[1, 52, 17]","[0, 377, 17]","[1, 52, 17]","[1, 116, 37]","[1, 222, 38]","[1, 424, 38]","[0, 52, 39]","[0, 52, 39]",310
"[1, 64, 0]","[0, 60, 39]","[1, 52, 40]","[1, 725, 44]","[0, 52, 45]","[0, 1500, 52]","[0, 1500, 52]","[0, 379, 52]","[1, 52, 53]","[1, 116, 63]","[1, 222, 63]","[0, 52, 64]","[0, 52, 65]","[0, 573, 68]","[1, 52, 69]",310
"[1, 64, 0]","[0, 60, 5]","[1, 52, 6]","[1, 725, 7]","[0, 52, 8]","[0, 1500, 14]","[0, 1500, 14]","[0, 378, 14]","[1, 52, 14]","[1, 116, 21]","[1, 222, 21]","[0, 52, 22]","[0, 52, 22]","[0, 595, 24]","[1, 52, 25]",310
"[1, 64, 0]","[0, 60, 8]","[1, 52, 9]","[1, 725, 11]","[0, 52, 12]","[0, 1500, 23]","[0, 1500, 23]","[0, 379, 23]","[1, 52, 24]","[1, 116, 30]","[1, 222, 30]","[0, 52, 31]","[0, 52, 31]","[0, 573, 35]","[1, 52, 36]",310
"[1, 64, 0]","[0, 60, 31]","[1, 52, 32]","[1, 725, 34]","[0, 52, 35]","[0, 1500, 42]","[0, 1500, 42]","[0, 379, 42]","[1, 52, 42]","[1, 116, 58]","[1, 222, 58]","[0, 52, 60]","[0, 573, 62]","[1, 52, 63]","[1, 83, 64]",310
"[1, 64, 0]","[0, 60, 10]","[1, 52, 11]","[1, 725, 12]","[0, 52, 13]","[0, 1500, 45]","[0, 1500, 45]","[0, 377, 45]","[1, 52, 46]","[1, 116, 52]","[1, 222, 52]","[1, 424, 52]","[0, 52, 53]","[0, 52, 53]","[0, 52, 53]",310
"[1, 64, 0]","[0, 60, 20]","[1, 52, 21]","[1, 725, 25]","[0, 52, 33]","[0, 1500, 41]","[0, 1500, 41]","[0, 379, 41]","[1, 52, 42]","[1, 116, 66]","[1, 222, 68]","[0, 52, 75]","[0, 52, 75]","[0, 573, 81]","[1, 52, 82]",310
"[1, 64, 0]","[0, 60, 12]","[1, 52, 14]","[1, 725, 18]","[0, 52, 24]","[0, 1500, 30]","[0, 1500, 30]","[0, 378, 30]","[1, 52, 32]","[1, 116, 71]","[0, 52, 78]","[0, 564, 83]","[1, 52, 84]","[1, 222, 87]","[0, 52, 96]",310
"[1, 64, 0]","[0, 60, 6]","[1, 52, 7]","[1, 725, 17]","[0, 52, 18]","[0, 1500, 23]","[0, 1500, 23]","[0, 378, 23]","[1, 52, 24]","[1, 116, 31]","[1, 222, 32]","[0, 52, 33]","[0, 52, 33]","[0, 573, 35]","[1, 52, 36]",310
"[1, 64, 0]","[0, 60, 5]","[1, 52, 6]","[1, 725, 7]","[0, 52, 8]","[0, 1500, 14]","[0, 1500, 14]","[0, 377, 14]","[1, 52, 15]","[1, 116, 26]","[1, 222, 27]","[0, 52, 28]","[0, 52, 28]","[0, 573, 30]","[1, 52, 31]",310
"[1, 64, 0]","[0, 60, 5]","[1, 52, 5]","[1, 725, 8]","[0, 52, 8]","[0, 1500, 14]","[0, 1500, 14]","[0, 379, 14]","[1, 52, 14]","[1, 116, 22]","[1, 222, 22]","[0, 52, 23]","[0, 52, 23]","[0, 595, 25]","[1, 52, 26]",310
"[1, 64, 0]","[0, 60, 6]","[1, 52, 6]","[1, 725, 8]","[0, 52, 9]","[0, 1500, 14]","[0, 1500, 14]","[0, 377, 14]","[1, 52, 15]","[1, 116, 23]","[1, 222, 23]","[0, 52, 24]","[0, 52, 25]","[0, 564, 28]","[1, 52, 28]",310
"[1, 64, 0]","[0, 60, 10]","[1, 52, 11]","[1, 725, 16]","[0, 52, 17]","[0, 1500, 25]","[0, 1500, 25]","[0, 378, 26]","[1, 52, 26]","[1, 52, 26]","[1, 116, 35]","[1, 222, 35]","[1, 424, 35]","[0, 52, 38]","[0, 573, 41]",310
"[1, 64, 0]","[0, 60, 17]","[1, 52, 18]","[1, 725, 22]","[0, 52, 23]","[0, 1500, 31]","[0, 1500, 31]","[0, 379, 31]","[1, 52, 32]","[1, 116, 40]","[1, 222, 41]","[1, 424, 41]","[0, 52, 41]","[0, 52, 42]","[0, 52, 42]",310
"[1, 64, 0]","[0, 60, 9]","[1, 52, 10]","[1, 725, 13]","[0, 52, 14]","[0, 1500, 19]","[0, 1500, 19]","[0, 378, 19]","[1, 52, 20]","[1, 116, 30]","[1, 222, 31]","[1, 424, 31]","[0, 52, 31]","[0, 52, 32]","[0, 52, 32]",310
"[1, 64, 0]","[0, 60, 6]","[1, 52, 7]","[1, 725, 8]","[0, 52, 10]","[0, 1500, 14]","[0, 1500, 14]","[0, 379, 14]","[1, 52, 15]","[1, 116, 25]","[1, 222, 26]","[0, 52, 27]","[0, 52, 27]","[0, 595, 31]","[1, 52, 31]",310
"[1, 64, 0]","[0, 60, 11]","[1, 52, 14]","[1, 725, 16]","[0, 52, 19]","[0, 1500, 25]","[0, 1500, 26]","[0, 377, 26]","[1, 52, 28]","[1, 116, 55]","[1, 222, 55]","[0, 52, 58]","[0, 573, 65]","[1, 52, 68]","[1, 83, 75]",310
"[1, 64, 0]","[0, 60, 9]","[1, 52, 10]","[1, 725, 14]","[0, 52, 18]","[0, 1500, 22]","[0, 1500, 23]","[0, 379, 23]","[1, 52, 24]","[1, 116, 48]","[1, 222, 50]","[1, 424, 50]","[0, 52, 51]","[0, 52, 52]","[0, 564, 54]",310
"[1, 64, 0]","[0, 60, 10]","[1, 52, 12]","[1, 725, 15]","[0, 52, 18]","[0, 1500, 23]","[0, 1500, 23]","[0, 378, 23]","[1, 52, 25]","[1, 116, 43]","[1, 222, 43]","[0, 52, 46]","[0, 52, 46]","[0, 564, 50]","[0, 83, 50]",310
"[1, 64, 0]","[0, 60, 6]","[1, 52, 7]","[1, 725, 23]","[0, 52, 24]","[0, 1500, 29]","[0, 1500, 29]","[0, 377, 29]","[1, 52, 30]","[1, 116, 45]","[1, 222, 46]","[0, 52, 48]","[0, 52, 48]","[0, 595, 51]","[1, 52, 52]",310
"[1, 64, 0]","[0, 60, 5]","[1, 52, 5]","[1, 725, 6]","[0, 52, 7]","[0, 1500, 12]","[0, 1500, 12]","[0, 377, 12]","[1, 52, 13]","[1, 116, 20]","[1, 222, 21]","[0, 52, 21]","[0, 52, 22]","[0, 595, 24]","[1, 52, 25]",310
"[1, 64, 0]","[0, 60, 10]","[1, 52, 10]","[1, 725, 13]","[0, 52, 16]","[0, 1500, 20]","[0, 1500, 20]","[0, 377, 20]","[1, 52, 20]","[1, 116, 30]","[1, 222, 31]","[1, 424, 31]","[0, 52, 37]","[0, 52, 37]","[0, 52, 37]",310
"[1, 64, 0]","[0, 60, 6]","[1, 52, 6]","[1, 725, 8]","[0, 52, 9]","[0, 1500, 14]","[0, 1500, 14]","[0, 379, 14]","[1, 52, 14]","[1, 116, 23]","[1, 222, 23]","[1, 424, 23]","[0, 52, 24]","[0, 52, 24]","[0, 573, 27]",310
"[1, 64, 0]","[0, 60, 4]","[1, 52, 5]","[1, 725, 6]","[0, 52, 6]","[0, 1500, 10]","[0, 1500, 11]","[0, 379, 11]","[1, 52, 11]","[1, 116, 18]","[1, 222, 19]","[0, 52, 19]","[0, 52, 20]","[0, 595, 22]","[1, 52, 22]",310
"[1, 64, 0]","[0, 60, 5]","[1, 52, 6]","[1, 725, 9]","[0, 52, 10]","[0, 1500, 16]","[0, 1500, 16]","[0, 379, 16]","[1, 52, 16]","[1, 116, 25]","[1, 222, 26]","[0, 52, 26]","[0, 52, 26]","[0, 595, 29]","[1, 52, 30]",310
"[1, 64, 0]","[0, 60, 6]","[1, 52, 6]","[1, 725, 7]","[0, 52, 8]","[0, 1500, 14]","[0, 1500, 14]","[0, 377, 14]","[1, 52, 14]","[1, 116, 22]","[1, 222, 22]","[1, 424, 22]","[0, 52, 23]","[0, 52, 24]","[0, 573, 27]",310
"[1, 64, 0]","[0, 60, 8]","[1, 52, 9]","[1, 725, 12]","[0, 52, 15]","[0, 1500, 21]","[1, 52, 21]","[0, 1500, 21]","[0, 378, 21]","[1, 52, 22]","[1, 116, 48]","[0, 52, 51]","[0, 564, 54]","[1, 52, 55]","[1, 222, 73]",310
"[1, 64, 0]","[0, 60, 5]","[1, 52, 6]","[1, 725, 8]","[0, 52, 10]","[0, 1500, 13]","[0, 1500, 14]","[0, 377, 14]","[1, 52, 14]","[1, 116, 24]","[1, 222, 25]","[0, 52, 26]","[0, 52, 26]","[0, 595, 28]","[1, 52, 29]",310
"[1, 64, 0]","[0, 60, 6]","[1, 52, 8]","[1, 725, 11]","[0, 52, 13]","[0, 1500, 22]","[0, 1500, 22]","[0, 378, 22]","[1, 52, 23]","[1, 116, 35]","[1, 222, 35]","[0, 52, 36]","[0, 52, 36]","[0, 595, 40]","[1, 52, 41]",310
"[1, 64, 0]","[0, 60, 6]","[1, 52, 7]","[1, 725, 8]","[0, 52, 9]","[0, 1500, 13]","[0, 1500, 14]","[0, 378, 14]","[1, 52, 14]","[1, 116, 22]","[1, 222, 22]","[0, 52, 23]","[0, 52, 23]","[0, 595, 26]","[1, 52, 27]",310
"[1, 64, 0]","[0, 60, 12]","[1, 52, 13]","[1, 725, 15]","[0, 52, 17]","[0, 1500, 22]","[0, 1500, 22]","[0, 378, 22]","[1, 52, 23]","[1, 116, 48]","[1, 222, 48]","[0, 52, 50]","[0, 573, 52]","[1, 52, 53]","[1, 83, 55]",310
"[1, 64, 0]","[0, 60, 6]","[1, 52, 6]","[1, 725, 10]","[0, 52, 11]","[0, 1500, 16]","[0, 1500, 17]","[0, 379, 17]","[1, 52, 17]","[1, 116, 25]","[1, 222, 26]","[0, 52, 27]","[0, 52, 27]","[0, 564, 29]","[1, 52, 30]",310
"[1, 64, 0]","[0, 60, 5]","[1, 52, 6]","[1, 725, 7]","[0, 52, 9]","[0, 1500, 17]","[0, 1500, 17]","[0, 379, 17]","[1, 52, 18]","[1, 116, 25]","[0, 52, 27]","[1, 222, 28]","[1, 424, 29]","[0, 564, 30]","[0, 52, 31]",310
"[1, 64, 0]","[0, 60, 24]","[1, 52, 25]","[1, 725, 27]","[0, 52, 30]","[0, 1500, 46]","[0, 1500, 46]","[0, 378, 46]","[1, 52, 47]","[1, 116, 56]","[1, 222, 56]","[0, 52, 58]","[1, 424, 68]","[0, 52, 69]","[0, 573, 70]",310
"[1, 64, 0]","[0, 60, 31]","[1, 52, 32]","[1, 725, 34]","[0, 52, 35]","[0, 1500, 39]","[0, 1500, 40]","[0, 378, 40]","[1, 52, 40]","[1, 116, 61]","[1, 222, 61]","[1, 424, 61]","[0, 52, 62]","[0, 52, 62]","[0, 52, 62]",310
"[1, 64, 0]","[0, 60, 9]","[1, 52, 11]","[1, 725, 13]","[0, 52, 16]","[0, 1500, 21]","[0, 1500, 22]","[0, 377, 22]","[1, 52, 23]","[1, 116, 38]","[1, 222, 38]","[0, 52, 41]","[0, 573, 44]","[1, 52, 45]","[1, 83, 48]",310
"[1, 64, 0]","[0, 60, 6]","[1, 52, 7]","[1, 725, 8]","[0, 52, 9]","[0, 1500, 13]","[0, 1500, 13]","[0, 378, 13]","[1, 52, 14]","[1, 52, 14]","[1, 116, 21]","[1, 222, 22]","[0, 52, 23]","[0, 52, 24]","[0, 564, 25]",310
"[1, 64, 0]","[0, 60, 5]","[1, 52, 6]","[1, 725, 7]","[0, 52, 8]","[0, 1500, 14]","[0, 1500, 15]","[0, 378, 15]","[1, 52, 15]","[1, 116, 22]","[1, 222, 22]","[0, 52, 23]","[0, 52, 23]","[0, 573, 26]","[1, 52, 26]",310
"[1, 64, 0]","[0, 60, 5]","[1, 52, 6]","[1, 725, 7]","[0, 52, 8]","[0, 1500, 13]","[0, 1500, 13]","[0, 379, 13]","[1, 52, 14]","[1, 116, 21]","[1, 222, 21]","[1, 424, 21]","[0, 52, 23]","[0, 573, 25]","[1, 52, 26]",310
"[1, 64, 0]","[0, 60, 40]","[1, 52, 41]","[1, 725, 46]","[0, 52, 47]","[0, 1500, 52]","[0, 1500, 52]","[0, 379, 52]","[1, 52, 53]","[1, 116, 64]","[1, 222, 65]","[1, 424, 65]","[0, 52, 66]","[0, 52, 68]","[0, 564, 69]",310
"[1, 64, 0]","[0, 60, 20]","[1, 52, 21]","[1, 725, 22]","[0, 52, 24]","[0, 1500, 28]","[0, 1500, 28]","[0, 378, 28]","[1, 52, 29]","[1, 116, 36]","[1, 222, 36]","[1, 424, 37]","[0, 52, 38]","[0, 52, 38]","[0, 52, 38]",310
"[1, 64, 0]","[0, 60, 5]","[1, 52, 6]","[1, 725, 8]","[0, 52, 10]","[0, 1500, 17]","[0, 1500, 17]","[0, 377, 17]","[1, 52, 18]","[1, 116, 24]","[1, 222, 24]","[1, 424, 24]","[0, 52, 26]","[0, 573, 28]","[1, 52, 29]",310
"[1, 64, 0]","[0, 60, 8]","[1, 52, 9]","[1, 725, 11]","[0, 52, 20]","[0, 1500, 35]","[0, 1500, 36]","[0, 378, 36]","[1, 52, 37]","[1, 116, 56]","[1, 222, 57]","[1, 424, 58]","[0, 52, 65]","[0, 52, 65]","[0, 52, 65]",310
"[1, 64, 0]","[0, 60, 5]","[1, 52, 5]","[1, 725, 7]","[0, 52, 8]","[0, 1500, 14]","[0, 1500, 14]","[0, 379, 14]","[1, 52, 15]","[1, 116, 24]","[1, 222, 25]","[1, 424, 25]","[0, 52, 25]","[0, 52, 26]","[0, 52, 26]",310
"[1, 64, 0]","[0, 60, 5]","[1, 52, 6]","[1, 725, 7]","[0, 52, 8]","[0, 1500, 14]","[0, 1500, 15]","[0, 379, 15]","[1, 52, 15]","[1, 116, 34]","[1, 222, 34]","[0, 52, 37]","[0, 573, 42]","[1, 52, 44]","[1, 83, 46]",310
"[1, 64, 0]","[0, 60, 5]","[1, 52, 6]","[1, 725, 8]","[0, 52, 9]","[0, 1500, 13]","[0, 1500, 13]","[0, 378, 13]","[1, 52, 14]","[1, 116, 21]","[1, 222, 21]","[0, 52, 23]","[0, 52, 23]","[0, 573, 25]","[1, 52, 26]",310
"[1, 64, 0]","[0, 60, 8]","[1, 52, 9]","[1, 725, 11]","[0, 52, 13]","[0, 1500, 21]","[0, 1500, 21]","[0, 377, 21]","[1, 52, 22]","[1, 116, 32]","[1, 222, 32]","[0, 52, 34]","[0, 573, 36]","[1, 52, 37]","[1, 83, 38]",310
"[1, 64, 0]","[0, 60, 6]","[1, 52, 7]","[1, 725, 9]","[0, 52, 12]","[0, 1500, 19]","[0, 1500, 19]","[0, 378, 19]","[1, 52, 20]","[1, 116, 34]","[1, 222, 35]","[0, 52, 36]","[0, 52, 37]","[0, 564, 39]","[1, 52, 40]",310
"[1, 64, 0]","[0, 60, 10]","[1, 52, 11]","[1, 725, 13]","[0, 52, 15]","[0, 1500, 41]","[0, 1500, 41]","[0, 377, 41]","[1, 52, 42]","[1, 116, 52]","[1, 222, 53]","[1, 424, 53]","[0, 52, 54]","[0, 52, 54]","[0, 52, 54]",310
"[1, 64, 0]","[0, 60, 7]","[1, 52, 9]","[1, 725, 13]","[0, 52, 16]","[0, 1500, 28]","[0, 1500, 29]","[0, 379, 29]","[1, 52, 30]","[1, 116, 37]","[1, 222, 37]","[1, 424, 37]","[0, 52, 38]","[0, 573, 42]","[1, 52, 43]",310
"[1, 64, 0]","[0, 60, 9]","[1, 52, 11]","[1, 725, 15]","[0, 52, 17]","[0, 1500, 31]","[0, 1500, 31]","[0, 378, 31]","[1, 52, 32]","[1, 116, 55]","[1, 222, 57]","[0, 52, 57]","[1, 424, 59]","[0, 52, 59]","[0, 564, 60]",310
"[1, 64, 0]","[0, 60, 10]","[1, 52, 11]","[1, 725, 14]","[0, 52, 17]","[0, 1500, 27]","[0, 1500, 27]","[0, 379, 27]","[1, 52, 27]","[1, 116, 42]","[1, 222, 42]","[0, 52, 44]","[0, 573, 47]","[1, 52, 48]","[1, 83, 51]",310
"[1, 64, 0]","[0, 60, 9]","[1, 52, 12]","[1, 725, 17]","[0, 52, 22]","[0, 1500, 24]","[0, 1500, 24]","[0, 378, 24]","[1, 52, 25]","[1, 116, 45]","[1, 222, 45]","[0, 52, 48]","[0, 52, 48]","[0, 573, 51]","[1, 52, 52]",310
"[1, 64, 0]","[0, 60, 11]","[1, 52, 13]","[1, 725, 22]","[0, 52, 26]","[0, 1500, 30]","[0, 1500, 30]","[0, 377, 30]","[1, 52, 32]","[1, 116, 52]","[0, 52, 54]","[1, 222, 54]","[0, 564, 57]","[0, 52, 57]","[1, 52, 59]",310
"[1, 64, 0]","[0, 60, 6]","[1, 52, 8]","[1, 725, 11]","[0, 52, 15]","[0, 1500, 20]","[0, 1500, 21]","[0, 378, 21]","[1, 52, 23]","[1, 116, 33]","[1, 222, 33]","[0, 52, 36]","[0, 52, 36]","[0, 573, 38]","[1, 52, 40]",310
"[1, 64, 0]","[0, 60, 4]","[1, 52, 5]","[1, 725, 6]","[0, 52, 8]","[0, 1500, 14]","[0, 1500, 14]","[0, 378, 14]","[1, 52, 14]","[1, 116, 21]","[1, 222, 22]","[0, 52, 23]","[0, 52, 23]","[0, 573, 26]","[1, 52, 26]",310
"[1, 64, 0]","[0, 60, 6]","[1, 52, 6]","[1, 725, 8]","[0, 52, 9]","[0, 1500, 15]","[0, 1500, 15]","[0, 378, 15]","[1, 52, 15]","[1, 116, 24]","[1, 222, 24]","[1, 424, 25]","[0, 52, 26]","[0, 52, 26]","[0, 573, 28]",310
"[1, 64, 0]","[0, 60, 7]","[1, 52, 8]","[1, 725, 10]","[0, 52, 11]","[0, 1500, 15]","[0, 1500, 15]","[0, 378, 15]","[1, 52, 16]","[1, 116, 25]","[1, 222, 26]","[0, 52, 27]","[0, 52, 27]","[0, 595, 30]","[1, 52, 31]",310
"[1, 64, 0]","[0, 60, 10]","[1, 52, 11]","[1, 725, 12]","[0, 52, 13]","[0, 1500, 18]","[0, 1500, 18]","[0, 377, 18]","[1, 52, 19]","[1, 116, 26]","[1, 222, 26]","[0, 52, 27]","[0, 52, 28]","[0, 573, 36]","[1, 52, 37]",310
"[1, 64, 0]","[0, 60, 12]","[1, 52, 13]","[1, 725, 14]","[0, 52, 16]","[0, 1500, 22]","[0, 1500, 22]","[0, 378, 22]","[1, 52, 23]","[1, 116, 32]","[1, 222, 33]","[1, 424, 33]","[0, 52, 34]","[0, 52, 34]","[0, 573, 40]",310
"[1, 64, 0]","[0, 60, 6]","[1, 52, 7]","[1, 725, 8]","[0, 52, 9]","[0, 1500, 19]","[0, 1500, 19]","[0, 379, 19]","[1, 52, 20]","[1, 116, 26]","[1, 222, 26]","[0, 52, 27]","[0, 52, 27]","[0, 573, 33]","[1, 52, 33]",310
"[1, 64, 0]","[0, 60, 7]","[1, 52, 7]","[1, 725, 10]","[0, 52, 12]","[0, 1500, 20]","[0, 1500, 20]","[0, 378, 20]","[1, 52, 21]","[1, 116, 35]","[1, 222, 36]","[0, 52, 38]","[0, 52, 39]","[0, 564, 43]","[0, 83, 44]",310
"[1, 64, 0]","[0, 60, 7]","[1, 52, 8]","[1, 725, 10]","[0, 52, 11]","[0, 1500, 22]","[0, 1500, 22]","[0, 378, 22]","[1, 52, 22]","[1, 116, 29]","[1, 222, 30]","[0, 52, 30]","[0, 52, 31]","[0, 595, 33]","[1, 424, 33]",310
"[1, 64, 0]","[0, 60, 6]","[1, 52, 6]","[1, 725, 11]","[0, 52, 13]","[0, 1500, 20]","[0, 1500, 20]","[0, 379, 20]","[1, 52, 21]","[1, 116, 31]","[1, 222, 32]","[0, 52, 33]","[0, 52, 34]","[0, 595, 36]","[1, 52, 36]",310
"[1, 64, 0]","[0, 60, 5]","[1, 52, 5]","[1, 725, 8]","[0, 52, 9]","[0, 1500, 19]","[0, 1500, 19]","[0, 378, 19]","[1, 52, 20]","[1, 116, 28]","[1, 222, 29]","[0, 52, 29]","[0, 52, 30]","[0, 564, 32]","[1, 52, 32]",310
"[1, 64, 0]","[0, 60, 7]","[1, 52, 8]","[1, 725, 9]","[0, 52, 11]","[0, 1500, 17]","[0, 1500, 17]","[0, 378, 17]","[1, 52, 17]","[1, 116, 24]","[1, 222, 24]","[1, 424, 24]","[0, 52, 26]","[0, 573, 28]","[1, 52, 29]",310
"[1, 64, 0]","[0, 60, 7]","[1, 52, 8]","[1, 725, 10]","[0, 52, 12]","[0, 1500, 17]","[0, 1500, 18]","[1, 52, 18]","[0, 378, 18]","[1, 52, 18]","[1, 52, 18]","[1, 116, 25]","[1, 222, 26]","[0, 52, 27]","[0, 52, 27]",310
"[1, 64, 0]","[0, 60, 5]","[1, 52, 6]","[1, 725, 8]","[0, 52, 10]","[0, 1500, 14]","[0, 1500, 14]","[0, 379, 14]","[1, 52, 15]","[1, 116, 22]","[1, 222, 23]","[1, 424, 23]","[0, 52, 24]","[0, 52, 24]","[0, 573, 26]",310
"[1, 64, 0]","[0, 60, 5]","[1, 52, 5]","[1, 725, 7]","[0, 52, 7]","[0, 1500, 14]","[0, 1500, 14]","[0, 377, 14]","[1, 52, 14]","[1, 116, 24]","[1, 222, 25]","[0, 52, 25]","[0, 52, 26]","[0, 595, 28]","[1, 52, 28]",310
"[1, 64, 0]","[0, 60, 8]","[1, 52, 9]","[1, 725, 10]","[0, 52, 11]","[0, 1500, 16]","[0, 1500, 16]","[0, 379, 16]","[1, 52, 17]","[1, 116, 24]","[1, 222, 24]","[0, 52, 25]","[0, 52, 25]","[0, 573, 28]","[1, 52, 28]",310
"[1, 64, 0]","[0, 60, 5]","[1, 52, 5]","[1, 725, 6]","[0, 52, 7]","[0, 1500, 12]","[0, 1500, 13]","[0, 378, 13]","[1, 52, 13]","[1, 116, 20]","[1, 222, 20]","[0, 52, 21]","[0, 52, 21]","[0, 573, 24]","[1, 52, 24]",310
"[1, 64, 0]","[0, 60, 6]","[1, 52, 7]","[1, 725, 8]","[0, 52, 11]","[0, 1500, 15]","[0, 1500, 15]","[0, 378, 15]","[1, 52, 16]","[1, 116, 23]","[1, 222, 24]","[0, 52, 25]","[0, 52, 25]","[0, 573, 27]","[1, 52, 28]",310
"[1, 64, 0]","[0, 60, 5]","[1, 52, 6]","[1, 725, 7]","[0, 52, 9]","[0, 1500, 15]","[0, 1500, 15]","[0, 379, 15]","[1, 52, 15]","[1, 116, 22]","[1, 222, 22]","[0, 52, 24]","[0, 573, 27]","[1, 52, 28]","[1, 83, 29]",310
"[1, 64, 0]","[0, 60, 9]","[1, 52, 11]","[1, 725, 14]","[0, 52, 17]","[0, 1500, 22]","[0, 1500, 22]","[0, 377, 22]","[1, 52, 23]","[1, 116, 59]","[1, 222, 60]","[0, 52, 62]","[0, 573, 66]","[1, 52, 67]","[1, 83, 73]",310
"[1, 64, 0]","[0, 60, 7]","[1, 52, 8]","[1, 725, 9]","[0, 52, 11]","[0, 1500, 17]","[0, 1500, 17]","[0, 377, 17]","[1, 52, 18]","[1, 116, 27]","[1, 222, 28]","[0, 52, 29]","[0, 52, 29]","[0, 595, 32]","[1, 424, 34]",310
"[1, 64, 0]","[0, 60, 7]","[1, 52, 8]","[1, 725, 10]","[0, 52, 11]","[0, 1500, 19]","[0, 1500, 19]","[0, 379, 19]","[1, 52, 19]","[1, 116, 29]","[1, 222, 29]","[1, 424, 30]","[0, 52, 30]","[0, 52, 30]","[0, 52, 31]",310
"[1, 64, 0]","[0, 60, 5]","[1, 52, 6]","[1, 725, 7]","[0, 52, 8]","[0, 1500, 12]","[0, 1500, 12]","[0, 377, 12]","[1, 52, 12]","[1, 116, 19]","[1, 222, 19]","[0, 52, 20]","[0, 52, 21]","[0, 573, 23]","[1, 52, 24]",310
"[1, 64, 0]","[0, 60, 5]","[1, 52, 6]","[1, 725, 7]","[0, 52, 8]","[0, 1500, 12]","[0, 1500, 12]","[0, 377, 12]","[1, 52, 13]","[1, 116, 20]","[1, 222, 20]","[1, 424, 20]","[0, 52, 21]","[0, 52, 21]","[0, 52, 21]",310
"[1, 64, 0]","[0, 60, 5]","[1, 52, 5]","[1, 725, 8]","[0, 52, 10]","[0, 1500, 15]","[0, 1500, 15]","[0, 378, 15]","[1, 52, 16]","[1, 116, 26]","[1, 222, 26]","[0, 52, 28]","[0, 573, 30]","[1, 52, 31]","[1, 83, 33]",310
"[1, 64, 0]","[0, 60, 7]","[1, 52, 8]","[1, 725, 10]","[0, 52, 11]","[0, 1500, 15]","[0, 1500, 15]","[0, 379, 15]","[1, 52, 16]","[1, 52, 16]","[1, 116, 26]","[0, 52, 27]","[1, 222, 29]","[0, 564, 30]","[0, 52, 30]",310
"[1, 64, 0]","[0, 60, 8]","[1, 52, 9]","[1, 725, 10]","[0, 52, 11]","[0, 1500, 17]","[0, 1500, 18]","[0, 377, 18]","[1, 52, 18]","[1, 116, 28]","[1, 222, 28]","[0, 52, 30]","[0, 52, 30]","[0, 573, 35]","[1, 52, 35]",310
"[1, 64, 0]","[0, 60, 5]","[1, 52, 6]","[1, 725, 7]","[0, 52, 8]","[0, 1500, 17]","[0, 1500, 17]","[0, 378, 17]","[1, 52, 18]","[1, 116, 29]","[1, 222, 29]","[0, 52, 31]","[0, 52, 31]","[0, 573, 34]","[1, 52, 34]",310
"[1, 64, 0]","[0, 60, 5]","[1, 52, 6]","[1, 725, 9]","[0, 52, 11]","[0, 1500, 18]","[0, 1500, 18]","[0, 377, 18]","[1, 52, 19]","[1, 116, 31]","[1, 222, 32]","[0, 52, 34]","[0, 52, 34]","[0, 595, 37]","[1, 52, 39]",310
"[1, 64, 0]","[0, 60, 7]","[1, 52, 7]","[1, 725, 9]","[0, 52, 10]","[0, 1500, 15]","[0, 1500, 15]","[0, 379, 15]","[1, 52, 16]","[1, 116, 33]","[1, 222, 33]","[0, 52, 35]","[0, 573, 42]","[1, 52, 43]","[1, 83, 47]",310
"[1, 64, 0]","[0, 60, 4]","[1, 52, 5]","[1, 725, 6]","[0, 52, 8]","[0, 1500, 12]","[0, 1500, 12]","[0, 378, 12]","[1, 52, 13]","[1, 116, 22]","[1, 222, 23]","[1, 424, 24]","[0, 52, 24]","[0, 52, 24]","[0, 52, 25]",310
"[1, 64, 0]","[0, 60, 6]","[1, 52, 6]","[1, 725, 8]","[0, 52, 9]","[0, 1500, 14]","[0, 1500, 14]","[0, 378, 14]","[1, 52, 15]","[1, 116, 22]","[1, 222, 23]","[0, 52, 24]","[0, 52, 24]","[0, 573, 26]","[1, 52, 27]",310
"[1, 64, 0]","[0, 60, 6]","[1, 52, 6]","[1, 725, 8]","[0, 52, 9]","[0, 1500, 13]","[0, 1500, 13]","[0, 378, 13]","[1, 52, 13]","[1, 116, 23]","[1, 222, 24]","[0, 52, 25]","[0, 52, 25]","[0, 573, 27]","[1, 52, 28]",310
"[1, 64, 0]","[0, 60, 32]","[1, 52, 32]","[1, 725, 35]","[0, 52, 36]","[0, 1500, 43]","[0, 1500, 43]","[0, 377, 43]","[1, 52, 43]","[1, 116, 51]","[1, 222, 51]","[1, 424, 51]","[0, 52, 53]","[0, 52, 53]","[0, 573, 55]",310
"[1, 64, 0]","[0, 60, 5]","[1, 52, 6]","[1, 725, 8]","[0, 52, 9]","[0, 1500, 13]","[0, 1500, 13]","[0, 376, 13]","[1, 52, 14]","[1, 116, 23]","[1, 222, 23]","[1, 424, 23]","[0, 52, 24]","[0, 52, 25]","[0, 52, 25]",310
"[1, 64, 0]","[0, 60, 6]","[1, 52, 6]","[1, 725, 8]","[0, 52, 9]","[0, 1500, 14]","[0, 1500, 14]","[0, 378, 14]","[1, 52, 15]","[1, 116, 21]","[1, 222, 21]","[0, 52, 23]","[0, 573, 25]","[1, 424, 26]","[1, 52, 26]",310
"[1, 64, 0]","[0, 60, 5]","[1, 52, 6]","[1, 725, 8]","[0, 52, 9]","[0, 1500, 14]","[0, 1500, 14]","[0, 379, 14]","[1, 52, 15]","[1, 116, 31]","[0, 52, 32]","[1, 222, 32]","[1, 424, 33]","[0, 52, 34]","[0, 52, 34]",310
"[1, 64, 0]","[0, 60, 5]","[1, 52, 6]","[1, 725, 7]","[0, 52, 8]","[0, 1500, 14]","[0, 1500, 14]","[0, 377, 14]","[1, 52, 15]","[1, 116, 49]","[1, 222, 50]","[0, 52, 50]","[0, 52, 51]","[0, 595, 56]","[1, 52, 56]",310
"[1, 64, 0]","[0, 60, 7]","[1, 52, 9]","[1, 725, 11]","[0, 52, 14]","[0, 1500, 22]","[0, 1500, 22]","[0, 377, 22]","[1, 52, 23]","[1, 116, 34]","[1, 222, 34]","[0, 52, 37]","[0, 52, 37]","[0, 573, 44]","[1, 52, 45]",310
"[1, 64, 0]","[0, 60, 10]","[1, 52, 10]","[1, 725, 12]","[0, 52, 13]","[0, 1500, 18]","[0, 1500, 18]","[0, 379, 18]","[1, 52, 18]","[1, 116, 26]","[1, 222, 26]","[1, 424, 26]","[0, 52, 27]","[0, 52, 27]","[0, 573, 31]",310
"[1, 64, 0]","[0, 60, 6]","[1, 52, 7]","[1, 725, 9]","[0, 52, 11]","[0, 1500, 16]","[0, 1500, 16]","[0, 379, 16]","[1, 52, 16]","[1, 116, 24]","[1, 222, 24]","[0, 52, 26]","[0, 573, 29]","[1, 52, 30]","[1, 83, 31]",310
"[1, 64, 0]","[0, 60, 5]","[1, 52, 6]","[1, 725, 8]","[0, 52, 9]","[0, 1500, 14]","[0, 1500, 14]","[0, 379, 14]","[1, 52, 14]","[1, 116, 23]","[1, 222, 24]","[0, 52, 25]","[0, 52, 25]","[0, 573, 28]","[1, 52, 29]",310
"[1, 64, 0]","[0, 60, 7]","[1, 52, 7]","[1, 725, 8]","[0, 52, 10]","[0, 1500, 14]","[0, 1500, 14]","[0, 378, 14]","[1, 52, 15]","[1, 116, 21]","[1, 222, 22]","[0, 52, 23]","[0, 52, 23]","[0, 595, 25]","[1, 52, 25]",310
"[1, 64, 0]","[0, 60, 8]","[1, 52, 9]","[1, 725, 11]","[0, 52, 13]","[0, 1500, 18]","[0, 1500, 19]","[0, 379, 19]","[1, 52, 19]","[1, 116, 28]","[1, 222, 29]","[0, 52, 30]","[0, 52, 30]","[0, 573, 33]","[1, 52, 33]",310
"[1, 64, 0]","[0, 60, 9]","[1, 52, 11]","[1, 725, 15]","[0, 52, 16]","[0, 1500, 21]","[0, 1500, 21]","[0, 377, 21]","[1, 52, 21]","[1, 52, 22]","[1, 116, 32]","[1, 222, 32]","[0, 52, 34]","[0, 52, 34]","[0, 573, 36]",310
"[1, 64, 0]","[0, 60, 9]","[1, 52, 9]","[1, 725, 10]","[0, 52, 12]","[0, 1500, 17]","[0, 1500, 17]","[0, 379, 17]","[1, 52, 18]","[1, 116, 25]","[1, 222, 25]","[0, 52, 27]","[0, 573, 29]","[1, 52, 30]","[1, 83, 31]",310
"[1, 52, 0]","[0, 48, 5]","[1, 40, 6]","[1, 1807, 12]","[0, 40, 13]","[0, 1500, 18]","[0, 1500, 19]","[0, 641, 19]","[1, 40, 20]","[1, 104, 78]","[0, 40, 79]","[0, 552, 81]","[1, 40, 93]","[1, 132, 293]","[0, 40, 295]",221
"[1, 52, 0]","[0, 48, 4]","[1, 40, 5]","[1, 1775, 8]","[0, 40, 8]","[0, 40, 9]","[0, 1500, 15]","[0, 1500, 15]","[0, 642, 15]","[1, 40, 15]","[1, 104, 22]","[0, 40, 23]","[0, 552, 25]","[1, 40, 36]","[1, 132, 92]",221
"[1, 52, 0]","[0, 48, 4]","[1, 40, 5]","[1, 1807, 7]","[0, 40, 8]","[0, 40, 8]","[0, 1500, 15]","[0, 1500, 15]","[0, 641, 15]","[1, 40, 15]","[1, 104, 21]","[0, 40, 22]","[0, 552, 24]","[1, 40, 34]","[1, 132, 234]",221
"[1, 52, 0]","[0, 48, 4]","[1, 40, 5]","[1, 1839, 12]","[0, 40, 14]","[0, 40, 14]","[0, 1500, 20]","[0, 1500, 21]","[0, 643, 21]","[1, 40, 23]","[1, 104, 37]","[0, 40, 38]","[0, 552, 41]","[1, 40, 51]","[1, 132, 233]",221
"[1, 52, 0]","[0, 48, 4]","[1, 40, 5]","[1, 1807, 11]","[0, 40, 12]","[0, 40, 12]","[0, 1500, 17]","[0, 1500, 17]","[0, 643, 17]","[1, 40, 17]","[1, 104, 25]","[0, 40, 26]","[0, 552, 28]","[1, 40, 39]","[1, 132, 208]",221
"[1, 52, 0]","[0, 48, 5]","[1, 40, 7]","[1, 1807, 17]","[0, 40, 18]","[0, 40, 18]","[0, 1500, 24]","[0, 1500, 24]","[0, 643, 24]","[1, 40, 24]","[1, 104, 32]","[0, 40, 33]","[0, 552, 35]","[1, 40, 46]","[1, 132, 249]",221
"[1, 52, 0]","[0, 48, 4]","[1, 40, 5]","[1, 1839, 8]","[0, 40, 9]","[0, 40, 9]","[0, 1500, 13]","[0, 1500, 13]","[0, 643, 13]","[1, 40, 14]","[1, 104, 21]","[0, 40, 22]","[0, 552, 24]","[1, 40, 35]","[1, 132, 175]",221
"[1, 52, 0]","[0, 48, 6]","[1, 40, 7]","[1, 1807, 15]","[0, 40, 16]","[0, 40, 16]","[0, 1500, 21]","[0, 1500, 21]","[0, 642, 21]","[1, 40, 22]","[1, 104, 34]","[0, 40, 36]","[0, 552, 37]","[1, 40, 48]","[1, 132, 142]",221
"[1, 52, 0]","[0, 48, 4]","[1, 40, 5]","[1, 1775, 18]","[0, 40, 19]","[0, 1500, 24]","[0, 1500, 24]","[0, 642, 24]","[1, 40, 25]","[1, 104, 35]","[0, 40, 36]","[0, 552, 38]","[1, 40, 48]","[1, 132, 100]","[0, 40, 101]",221
"[1, 52, 0]","[0, 48, 4]","[1, 40, 5]","[1, 1839, 12]","[0, 40, 13]","[0, 40, 13]","[0, 1500, 18]","[0, 1500, 19]","[0, 641, 19]","[1, 40, 19]","[1, 104, 27]","[0, 40, 28]","[0, 552, 30]","[1, 40, 40]","[1, 132, 133]",221
"[1, 52, 0]","[0, 48, 4]","[1, 40, 5]","[1, 1839, 34]","[0, 40, 35]","[0, 40, 35]","[0, 1500, 41]","[0, 1500, 41]","[0, 642, 41]","[1, 40, 42]","[1, 104, 79]","[0, 40, 80]","[0, 552, 82]","[1, 40, 94]","[1, 132, 232]",221
"[1, 52, 0]","[0, 48, 4]","[1, 40, 5]","[1, 1775, 10]","[0, 40, 11]","[0, 40, 11]","[0, 1500, 16]","[0, 1500, 16]","[0, 641, 16]","[1, 40, 17]","[1, 104, 24]","[0, 40, 25]","[0, 552, 27]","[1, 40, 39]","[1, 132, 348]",221
"[1, 52, 0]","[0, 48, 4]","[1, 40, 4]","[1, 1775, 6]","[0, 40, 7]","[0, 40, 7]","[0, 1500, 13]","[0, 1500, 13]","[0, 641, 13]","[1, 40, 14]","[1, 104, 19]","[0, 40, 20]","[0, 552, 22]","[1, 40, 33]","[1, 132, 102]",221
"[1, 52, 0]","[0, 48, 5]","[1, 40, 5]","[1, 1839, 8]","[0, 40, 9]","[0, 40, 9]","[0, 1500, 15]","[0, 1500, 15]","[0, 642, 15]","[1, 40, 16]","[1, 104, 21]","[0, 40, 22]","[0, 552, 24]","[1, 40, 34]","[1, 132, 114]",221
"[1, 52, 0]","[0, 48, 5]","[1, 40, 6]","[1, 1775, 7]","[0, 40, 8]","[0, 40, 8]","[0, 1500, 13]","[0, 1500, 13]","[0, 641, 13]","[1, 40, 13]","[1, 104, 20]","[0, 40, 21]","[0, 552, 23]","[1, 40, 35]","[1, 132, 76]",221
"[1, 52, 0]","[0, 48, 4]","[1, 40, 5]","[1, 1807, 54]","[0, 40, 55]","[0, 1500, 61]","[0, 1500, 61]","[0, 642, 61]","[1, 40, 61]","[1, 104, 75]","[0, 40, 76]","[0, 552, 77]","[1, 40, 88]","[1, 132, 299]","[0, 40, 300]",221
"[1, 52, 0]","[0, 48, 3]","[1, 40, 5]","[1, 1871, 14]","[0, 40, 15]","[0, 40, 15]","[0, 1500, 19]","[0, 1500, 19]","[0, 642, 20]","[1, 40, 20]","[1, 104, 27]","[0, 40, 28]","[0, 552, 31]","[1, 40, 41]","[1, 132, 93]",221
"[1, 52, 0]","[0, 48, 4]","[1, 40, 5]","[1, 1871, 9]","[0, 40, 10]","[0, 1500, 15]","[0, 1500, 15]","[0, 643, 15]","[1, 40, 16]","[1, 104, 24]","[0, 40, 25]","[0, 552, 27]","[1, 40, 38]","[1, 132, 181]","[0, 40, 181]",221
"[1, 52, 0]","[0, 48, 5]","[1, 40, 7]","[1, 1775, 11]","[0, 40, 12]","[0, 40, 12]","[0, 1500, 17]","[0, 1500, 17]","[0, 642, 17]","[1, 40, 17]","[1, 104, 23]","[0, 40, 25]","[0, 552, 26]","[1, 40, 36]","[1, 132, 160]",221
"[1, 52, 0]","[0, 48, 4]","[1, 40, 4]","[1, 1775, 6]","[0, 40, 7]","[0, 1500, 12]","[0, 1500, 13]","[0, 642, 13]","[1, 40, 13]","[1, 104, 19]","[0, 40, 20]","[0, 552, 22]","[1, 40, 33]","[1, 132, 153]","[0, 40, 154]",221
"[1, 52, 0]","[0, 48, 5]","[1, 40, 6]","[1, 1871, 8]","[0, 40, 9]","[0, 1500, 14]","[0, 1500, 14]","[0, 641, 14]","[1, 40, 15]","[1, 104, 22]","[0, 40, 23]","[0, 552, 25]","[1, 40, 35]","[1, 132, 97]","[1, 71, 98]",221
"[1, 52, 0]","[0, 48, 3]","[1, 40, 4]","[1, 1807, 6]","[0, 40, 7]","[0, 1500, 11]","[0, 1500, 11]","[0, 642, 11]","[1, 40, 12]","[1, 104, 18]","[0, 40, 19]","[0, 552, 21]","[1, 40, 32]","[1, 132, 171]","[0, 40, 171]",221
"[1, 52, 0]","[0, 48, 3]","[1, 40, 4]","[1, 1871, 6]","[0, 40, 7]","[0, 40, 7]","[0, 1500, 12]","[0, 1500, 12]","[0, 643, 13]","[1, 40, 13]","[1, 104, 19]","[0, 40, 20]","[0, 552, 22]","[1, 40, 32]","[1, 132, 233]",221
"[1, 52, 0]","[0, 48, 6]","[1, 40, 6]","[1, 1871, 8]","[0, 40, 9]","[0, 1500, 24]","[0, 1500, 24]","[0, 643, 24]","[1, 40, 25]","[1, 104, 36]","[0, 40, 37]","[0, 552, 39]","[1, 40, 49]","[1, 132, 160]","[0, 40, 161]",221
"[1, 52, 0]","[0, 48, 5]","[1, 40, 6]","[1, 1807, 9]","[0, 40, 10]","[0, 40, 10]","[0, 1500, 16]","[0, 1500, 16]","[0, 643, 16]","[1, 40, 18]","[1, 104, 31]","[0, 40, 33]","[0, 552, 34]","[1, 40, 46]","[1, 132, 132]",221
"[1, 52, 0]","[0, 48, 3]","[1, 40, 4]","[1, 1871, 8]","[0, 40, 9]","[0, 40, 9]","[0, 1500, 18]","[0, 1500, 18]","[0, 641, 18]","[1, 40, 21]","[1, 104, 43]","[0, 40, 45]","[0, 552, 47]","[1, 40, 57]","[1, 132, 194]",221
"[1, 52, 0]","[0, 48, 4]","[1, 40, 5]","[1, 1839, 8]","[0, 40, 9]","[0, 1500, 14]","[0, 1500, 15]","[0, 642, 15]","[1, 40, 15]","[1, 104, 21]","[0, 40, 22]","[0, 552, 24]","[1, 40, 35]","[1, 132, 160]","[0, 40, 161]",221
"[1, 52, 0]","[0, 48, 5]","[1, 40, 5]","[1, 1807, 12]","[0, 40, 13]","[0, 40, 14]","[0, 1500, 19]","[0, 1500, 19]","[0, 642, 19]","[1, 40, 20]","[1, 104, 34]","[0, 40, 35]","[0, 552, 37]","[1, 40, 47]","[1, 132, 168]",221
"[1, 52, 0]","[0, 48, 4]","[1, 40, 5]","[1, 1839, 6]","[0, 40, 7]","[0, 40, 7]","[0, 1500, 13]","[0, 1500, 13]","[0, 641, 13]","[1, 40, 13]","[1, 104, 19]","[0, 40, 20]","[0, 552, 22]","[1, 40, 33]","[1, 132, 162]",221
"[1, 52, 0]","[0, 48, 3]","[1, 40, 4]","[1, 1839, 6]","[0, 40, 6]","[0, 40, 6]","[0, 1500, 10]","[0, 1500, 10]","[0, 642, 10]","[1, 40, 11]","[1, 104, 17]","[0, 40, 18]","[0, 552, 20]","[1, 40, 31]","[1, 132, 202]",221
"[1, 52, 0]","[0, 48, 4]","[1, 40, 5]","[1, 1839, 7]","[0, 40, 8]","[0, 40, 8]","[0, 1500, 13]","[0, 1500, 13]","[0, 642, 13]","[1, 40, 13]","[1, 104, 19]","[0, 40, 20]","[0, 552, 22]","[1, 40, 33]","[1, 132, 110]",221
"[1, 52, 0]","[0, 48, 4]","[1, 40, 4]","[1, 1871, 7]","[0, 40, 8]","[0, 40, 8]","[0, 1500, 14]","[0, 1500, 14]","[0, 642, 14]","[1, 40, 15]","[1, 104, 24]","[0, 40, 25]","[0, 552, 27]","[1, 40, 39]","[1, 132, 107]",221
"[1, 52, 0]","[0, 48, 4]","[1, 40, 5]","[1, 1807, 11]","[0, 40, 12]","[0, 1500, 17]","[0, 1500, 18]","[0, 643, 18]","[1, 40, 18]","[1, 104, 23]","[0, 40, 24]","[0, 552, 26]","[1, 40, 37]","[1, 132, 247]","[1, 71, 247]",221
"[1, 52, 0]","[0, 48, 6]","[1, 40, 6]","[1, 1807, 8]","[0, 40, 9]","[0, 40, 9]","[0, 1500, 14]","[0, 1500, 15]","[0, 642, 15]","[1, 40, 15]","[1, 104, 22]","[0, 40, 23]","[0, 552, 25]","[1, 40, 36]","[1, 132, 191]",221
"[1, 52, 0]","[0, 48, 4]","[1, 40, 4]","[1, 1871, 7]","[0, 40, 8]","[0, 40, 8]","[0, 1500, 13]","[0, 1500, 13]","[0, 642, 13]","[1, 40, 13]","[1, 104, 23]","[0, 40, 24]","[0, 552, 27]","[1, 40, 38]","[1, 132, 186]",221
"[1, 52, 0]","[0, 48, 4]","[1, 40, 4]","[1, 1871, 7]","[0, 40, 8]","[0, 40, 8]","[0, 1500, 13]","[0, 1500, 13]","[0, 643, 13]","[1, 40, 13]","[1, 104, 18]","[0, 40, 19]","[0, 552, 21]","[1, 40, 32]","[1, 132, 223]",221
"[1, 52, 0]","[0, 48, 4]","[1, 40, 5]","[1, 1871, 8]","[0, 40, 9]","[0, 1500, 12]","[0, 1500, 12]","[0, 642, 12]","[1, 40, 14]","[1, 104, 20]","[0, 40, 22]","[0, 552, 23]","[1, 40, 35]","[1, 132, 131]","[0, 40, 132]",221
"[1, 52, 0]","[0, 48, 4]","[1, 40, 6]","[1, 1775, 18]","[0, 40, 19]","[0, 1500, 24]","[0, 1500, 24]","[0, 641, 24]","[1, 40, 25]","[1, 104, 104]","[0, 40, 106]","[0, 552, 108]","[1, 40, 118]","[1, 132, 237]","[0, 40, 238]",221
"[1, 52, 0]","[0, 48, 4]","[1, 40, 6]","[1, 1807, 11]","[0, 40, 12]","[0, 40, 12]","[0, 1500, 17]","[0, 1500, 17]","[0, 642, 17]","[1, 40, 18]","[1, 104, 30]","[0, 40, 31]","[0, 552, 33]","[1, 40, 44]","[1, 132, 138]",221
"[1, 52, 0]","[0, 48, 4]","[1, 40, 4]","[1, 1839, 7]","[0, 40, 8]","[0, 40, 8]","[0, 1500, 14]","[0, 1500, 14]","[0, 642, 14]","[1, 40, 15]","[1, 104, 20]","[0, 40, 21]","[0, 552, 23]","[1, 40, 35]","[1, 132, 225]",221
"[1, 52, 0]","[0, 48, 4]","[1, 40, 5]","[1, 1807, 21]","[0, 40, 22]","[0, 1500, 27]","[0, 1500, 27]","[0, 642, 27]","[1, 40, 28]","[1, 104, 35]","[0, 40, 36]","[0, 552, 38]","[1, 40, 50]","[1, 132, 260]","[0, 40, 261]",221
"[1, 52, 0]","[0, 48, 4]","[1, 40, 5]","[1, 1775, 10]","[0, 40, 11]","[0, 40, 11]","[0, 1500, 15]","[0, 1500, 16]","[0, 642, 16]","[1, 40, 16]","[1, 104, 26]","[0, 40, 27]","[0, 552, 29]","[1, 40, 39]","[1, 132, 130]",221
"[1, 52, 0]","[0, 48, 4]","[1, 40, 5]","[1, 1775, 8]","[0, 40, 9]","[0, 1500, 13]","[0, 1500, 13]","[0, 642, 14]","[1, 40, 17]","[1, 104, 23]","[0, 40, 24]","[0, 552, 26]","[1, 40, 36]","[1, 132, 119]","[0, 40, 120]",221
"[1, 52, 0]","[0, 48, 3]","[1, 40, 4]","[1, 1839, 18]","[0, 40, 19]","[0, 1500, 24]","[0, 1500, 24]","[0, 641, 24]","[1, 40, 24]","[1, 104, 33]","[0, 40, 34]","[0, 552, 36]","[1, 40, 47]","[1, 132, 152]","[0, 40, 153]",221
"[1, 52, 0]","[0, 48, 4]","[1, 40, 5]","[1, 1839, 12]","[0, 40, 13]","[0, 40, 14]","[0, 1500, 19]","[0, 1500, 19]","[0, 641, 19]","[1, 40, 20]","[1, 104, 71]","[0, 40, 72]","[0, 552, 74]","[1, 132, 80]","[0, 40, 81]",221
"[1, 52, 0]","[0, 48, 4]","[1, 40, 5]","[1, 1807, 49]","[0, 40, 50]","[0, 1500, 56]","[0, 1500, 56]","[0, 641, 56]","[1, 40, 57]","[1, 104, 75]","[0, 40, 76]","[0, 552, 78]","[1, 40, 88]","[1, 132, 284]","[0, 40, 285]",221
"[1, 52, 0]","[0, 48, 4]","[1, 40, 5]","[1, 1839, 6]","[0, 40, 7]","[0, 40, 7]","[0, 1500, 12]","[0, 1500, 12]","[0, 642, 12]","[1, 40, 12]","[1, 104, 19]","[0, 40, 20]","[0, 552, 21]","[1, 40, 33]","[1, 132, 148]",221
"[1, 52, 0]","[0, 48, 4]","[1, 40, 7]","[1, 1839, 13]","[0, 40, 13]","[0, 40, 13]","[0, 1500, 19]","[0, 1500, 19]","[0, 643, 19]","[1, 40, 20]","[1, 104, 31]","[0, 40, 32]","[0, 552, 34]","[1, 40, 44]","[1, 132, 157]",221
"[1, 52, 0]","[0, 48, 4]","[1, 40, 5]","[1, 1871, 7]","[0, 40, 8]","[0, 1500, 12]","[0, 1500, 13]","[0, 641, 13]","[1, 40, 13]","[1, 104, 19]","[0, 40, 20]","[0, 552, 21]","[1, 40, 31]","[1, 132, 214]","[0, 40, 215]",221
"[1, 52, 0]","[0, 48, 4]","[1, 40, 6]","[1, 1839, 54]","[0, 40, 55]","[0, 1500, 61]","[0, 1500, 61]","[0, 642, 62]","[1, 40, 62]","[1, 104, 82]","[0, 40, 83]","[0, 552, 84]","[1, 40, 95]","[1, 132, 338]","[0, 40, 338]",221
"[1, 52, 0]","[0, 48, 3]","[1, 40, 4]","[1, 1839, 7]","[0, 40, 8]","[0, 1500, 13]","[0, 1500, 13]","[0, 643, 14]","[1, 40, 14]","[1, 104, 25]","[0, 40, 26]","[0, 552, 28]","[1, 40, 39]","[1, 132, 241]","[0, 40, 242]",221
"[1, 52, 0]","[0, 48, 5]","[1, 40, 6]","[1, 1775, 16]","[0, 40, 17]","[0, 40, 17]","[0, 1500, 22]","[0, 1500, 22]","[0, 642, 22]","[1, 40, 23]","[1, 104, 68]","[0, 40, 69]","[0, 552, 71]","[1, 40, 81]","[1, 132, 314]",221
"[1, 52, 0]","[0, 48, 4]","[1, 40, 6]","[1, 1871, 14]","[0, 40, 15]","[0, 1500, 20]","[0, 1500, 20]","[0, 642, 20]","[1, 40, 21]","[1, 104, 32]","[0, 40, 33]","[0, 552, 34]","[1, 40, 48]","[1, 132, 115]","[0, 40, 116]",221
"[1, 52, 0]","[0, 48, 4]","[1, 40, 9]","[1, 1871, 13]","[0, 40, 14]","[0, 1500, 19]","[0, 1500, 20]","[0, 643, 20]","[1, 40, 20]","[1, 104, 30]","[0, 40, 30]","[0, 552, 33]","[1, 40, 44]","[1, 132, 102]","[0, 40, 103]",221
"[1, 52, 0]","[0, 48, 4]","[1, 40, 5]","[1, 1807, 11]","[0, 40, 12]","[0, 40, 12]","[0, 1500, 17]","[0, 1500, 17]","[0, 641, 17]","[1, 40, 18]","[1, 104, 26]","[0, 40, 27]","[0, 552, 29]","[1, 40, 41]","[1, 132, 173]",221
"[1, 52, 0]","[0, 48, 4]","[1, 40, 5]","[1, 1807, 14]","[0, 40, 15]","[0, 1500, 21]","[0, 1500, 21]","[0, 643, 21]","[1, 40, 21]","[1, 104, 30]","[0, 40, 31]","[0, 552, 33]","[1, 40, 44]","[1, 132, 223]","[0, 40, 224]",221
"[1, 52, 0]","[0, 48, 4]","[1, 40, 4]","[1, 1775, 16]","[0, 40, 18]","[0, 40, 18]","[0, 1500, 23]","[0, 1500, 23]","[0, 642, 23]","[1, 40, 25]","[1, 104, 36]","[0, 40, 37]","[0, 552, 39]","[1, 40, 49]","[1, 132, 305]",221
"[1, 52, 0]","[0, 48, 5]","[1, 40, 6]","[1, 1807, 24]","[0, 40, 25]","[0, 1500, 31]","[0, 1500, 31]","[0, 643, 31]","[1, 40, 32]","[1, 104, 48]","[0, 40, 49]","[0, 552, 50]","[1, 40, 61]","[1, 132, 359]","[0, 40, 361]",221
"[1, 52, 0]","[0, 48, 4]","[1, 40, 5]","[1, 1871, 27]","[0, 40, 28]","[0, 40, 28]","[0, 1500, 36]","[0, 1500, 36]","[0, 642, 36]","[1, 40, 36]","[1, 104, 42]","[0, 40, 43]","[0, 552, 44]","[1, 40, 55]","[1, 132, 123]",221
"[1, 52, 0]","[0, 48, 5]","[1, 40, 6]","[1, 1839, 14]","[0, 40, 15]","[0, 40, 15]","[0, 1500, 20]","[0, 1500, 20]","[0, 642, 20]","[1, 40, 21]","[1, 104, 29]","[0, 40, 29]","[0, 552, 32]","[1, 40, 42]","[1, 132, 149]",221
"[1, 52, 0]","[0, 48, 4]","[1, 40, 4]","[1, 1775, 7]","[0, 40, 8]","[0, 40, 8]","[0, 1500, 14]","[0, 1500, 14]","[0, 642, 14]","[1, 40, 15]","[1, 104, 23]","[0, 40, 24]","[0, 552, 26]","[1, 40, 37]","[1, 132, 79]",221
"[1, 52, 0]","[0, 48, 5]","[1, 40, 6]","[1, 1807, 25]","[0, 40, 26]","[0, 40, 26]","[0, 1500, 32]","[0, 1500, 32]","[0, 643, 32]","[1, 40, 33]","[1, 104, 47]","[0, 40, 48]","[0, 552, 50]","[1, 40, 61]","[1, 132, 154]",221
"[1, 52, 0]","[0, 48, 6]","[1, 40, 7]","[1, 1871, 13]","[0, 40, 14]","[0, 40, 14]","[0, 1500, 20]","[0, 1500, 20]","[0, 641, 20]","[1, 40, 21]","[1, 104, 32]","[0, 40, 33]","[0, 552, 35]","[1, 40, 46]","[1, 132, 233]",221
"[1, 52, 0]","[0, 48, 5]","[1, 40, 6]","[1, 1871, 11]","[0, 40, 12]","[0, 40, 12]","[0, 1500, 17]","[0, 1500, 17]","[0, 643, 17]","[1, 40, 18]","[1, 104, 28]","[0, 40, 29]","[0, 552, 32]","[1, 40, 42]","[1, 132, 78]",221
"[1, 52, 0]","[0, 48, 5]","[1, 40, 6]","[1, 1775, 10]","[0, 40, 11]","[0, 40, 11]","[0, 1500, 18]","[0, 1500, 18]","[0, 643, 18]","[1, 40, 18]","[1, 104, 24]","[0, 40, 25]","[0, 552, 27]","[1, 40, 37]","[1, 132, 169]",221
"[1, 52, 0]","[0, 48, 4]","[1, 40, 5]","[1, 1775, 6]","[0, 40, 7]","[0, 40, 7]","[0, 1500, 14]","[0, 1500, 14]","[0, 642, 14]","[1, 40, 14]","[1, 104, 19]","[0, 40, 20]","[0, 552, 23]","[1, 40, 33]","[1, 132, 116]",221
"[1, 52, 0]","[0, 48, 5]","[1, 40, 5]","[1, 1871, 11]","[0, 40, 12]","[0, 40, 12]","[0, 1500, 19]","[0, 1500, 20]","[0, 642, 20]","[1, 40, 20]","[1, 104, 28]","[0, 40, 29]","[0, 552, 30]","[1, 40, 41]","[1, 132, 126]",221
"[1, 52, 0]","[0, 48, 4]","[1, 40, 5]","[1, 1839, 7]","[0, 40, 8]","[0, 40, 8]","[0, 1500, 13]","[0, 1500, 13]","[0, 641, 13]","[1, 40, 14]","[1, 104, 19]","[0, 40, 20]","[0, 552, 21]","[1, 40, 32]","[1, 132, 106]",221
"[1, 52, 0]","[0, 48, 3]","[1, 40, 4]","[1, 1775, 6]","[0, 40, 7]","[0, 1500, 12]","[0, 1500, 12]","[0, 642, 12]","[1, 40, 13]","[1, 104, 17]","[0, 40, 18]","[0, 552, 20]","[1, 40, 31]","[1, 132, 128]","[0, 40, 129]",221
"[1, 52, 0]","[0, 48, 5]","[1, 40, 6]","[1, 1839, 14]","[0, 40, 14]","[0, 40, 15]","[0, 1500, 20]","[0, 1500, 20]","[0, 641, 20]","[1, 40, 21]","[1, 104, 41]","[0, 40, 42]","[0, 552, 43]","[1, 40, 54]","[1, 132, 184]",221
"[1, 52, 0]","[0, 48, 3]","[1, 40, 4]","[1, 1775, 5]","[0, 40, 6]","[0, 40, 6]","[0, 1500, 11]","[0, 1500, 11]","[0, 643, 11]","[1, 40, 12]","[1, 104, 24]","[0, 40, 25]","[0, 552, 27]","[1, 40, 38]","[1, 132, 96]",221
"[1, 52, 0]","[0, 48, 5]","[1, 40, 6]","[1, 1839, 9]","[0, 40, 10]","[0, 1500, 15]","[0, 1500, 15]","[0, 641, 15]","[1, 40, 16]","[1, 104, 22]","[0, 40, 23]","[0, 552, 25]","[1, 40, 35]","[1, 132, 119]","[0, 40, 119]",221
"[1, 52, 0]","[0, 48, 4]","[1, 40, 5]","[1, 1871, 6]","[0, 40, 7]","[0, 40, 7]","[0, 1500, 13]","[0, 1500, 13]","[0, 643, 13]","[1, 40, 14]","[1, 104, 19]","[0, 40, 19]","[0, 552, 21]","[1, 40, 32]","[1, 132, 165]",221
"[1, 52, 0]","[0, 48, 3]","[1, 40, 4]","[1, 1871, 7]","[0, 40, 7]","[0, 40, 7]","[0, 1500, 14]","[0, 1500, 14]","[0, 642, 14]","[1, 40, 14]","[1, 104, 18]","[0, 40, 19]","[0, 552, 21]","[1, 40, 31]","[1, 132, 243]",221
"[1, 52, 0]","[0, 48, 5]","[1, 40, 5]","[1, 1871, 8]","[0, 40, 9]","[0, 1500, 15]","[0, 1500, 15]","[0, 642, 15]","[1, 40, 17]","[1, 104, 29]","[0, 40, 30]","[0, 552, 32]","[1, 40, 42]","[1, 132, 111]","[1, 71, 112]",221
"[1, 52, 0]","[0, 48, 7]","[1, 40, 8]","[1, 1871, 15]","[0, 40, 16]","[0, 40, 16]","[0, 1500, 22]","[0, 1500, 22]","[0, 643, 22]","[1, 40, 23]","[1, 104, 29]","[0, 40, 30]","[0, 552, 32]","[1, 40, 44]","[1, 132, 199]",221
"[1, 52, 0]","[0, 48, 4]","[1, 40, 5]","[1, 1839, 11]","[0, 40, 12]","[0, 1500, 16]","[0, 1500, 16]","[0, 642, 16]","[1, 40, 17]","[1, 104, 22]","[0, 40, 23]","[0, 552, 24]","[1, 40, 35]","[1, 132, 164]","[0, 40, 165]",221
"[1, 52, 0]","[0, 48, 6]","[1, 40, 6]","[1, 1807, 15]","[0, 40, 16]","[0, 40, 17]","[0, 1500, 23]","[0, 1500, 23]","[0, 642, 23]","[1, 40, 24]","[1, 104, 37]","[0, 40, 38]","[0, 552, 41]","[1, 40, 52]","[1, 132, 227]",221
"[1, 52, 0]","[0, 48, 4]","[1, 40, 5]","[1, 1839, 7]","[0, 40, 8]","[0, 40, 8]","[0, 1500, 13]","[0, 1500, 13]","[0, 642, 13]","[1, 40, 13]","[1, 104, 18]","[0, 40, 20]","[0, 552, 22]","[1, 40, 33]","[1, 132, 105]",221
"[1, 52, 0]","[0, 48, 4]","[1, 40, 5]","[1, 1775, 7]","[0, 40, 8]","[0, 1500, 14]","[0, 1500, 14]","[0, 642, 14]","[1, 40, 15]","[1, 104, 21]","[0, 40, 22]","[0, 552, 24]","[1, 40, 34]","[1, 132, 356]","[0, 40, 356]",221
"[1, 52, 0]","[0, 48, 4]","[1, 40, 5]","[1, 1839, 8]","[0, 40, 9]","[0, 40, 9]","[0, 1500, 14]","[0, 1500, 14]","[0, 642, 14]","[1, 40, 15]","[1, 104, 20]","[0, 40, 21]","[0, 552, 23]","[1, 40, 34]","[1, 132, 216]",221
"[1, 52, 0]","[0, 48, 4]","[1, 40, 5]","[1, 1839, 8]","[0, 40, 9]","[0, 1500, 15]","[0, 1500, 15]","[0, 641, 15]","[1, 40, 15]","[1, 104, 22]","[0, 40, 23]","[0, 552, 25]","[1, 40, 35]","[1, 132, 210]","[0, 40, 211]",221
"[1, 52, 0]","[0, 48, 5]","[1, 40, 6]","[1, 1871, 20]","[0, 40, 21]","[0, 40, 22]","[0, 1500, 28]","[0, 1500, 28]","[0, 642, 28]","[1, 40, 29]","[1, 104, 37]","[0, 40, 38]","[0, 552, 40]","[1, 40, 51]","[1, 132, 140]",221
"[1, 52, 0]","[0, 48, 5]","[1, 40, 6]","[1, 1839, 9]","[0, 40, 9]","[0, 1500, 14]","[0, 1500, 14]","[0, 642, 14]","[1, 40, 15]","[1, 104, 24]","[0, 40, 25]","[0, 552, 27]","[1, 40, 38]","[1, 132, 273]","[0, 40, 274]",221
"[1, 52, 0]","[0, 48, 4]","[1, 40, 5]","[1, 1775, 20]","[0, 40, 21]","[0, 40, 21]","[0, 1500, 27]","[0, 1500, 27]","[0, 643, 27]","[1, 40, 28]","[1, 104, 48]","[0, 40, 49]","[0, 552, 51]","[1, 40, 61]","[1, 132, 92]",221
"[1, 52, 0]","[0, 48, 3]","[1, 40, 5]","[1, 1871, 14]","[0, 40, 14]","[0, 1500, 19]","[0, 1500, 20]","[0, 642, 20]","[1, 40, 20]","[1, 104, 27]","[0, 40, 28]","[0, 552, 30]","[1, 40, 40]","[1, 132, 124]","[1, 71, 124]",221
"[1, 52, 0]","[0, 48, 4]","[1, 40, 5]","[1, 1775, 10]","[0, 40, 10]","[0, 40, 10]","[0, 1500, 16]","[0, 1500, 16]","[0, 641, 16]","[1, 40, 17]","[1, 104, 25]","[0, 40, 26]","[0, 552, 28]","[1, 40, 39]","[1, 132, 115]",221
"[1, 52, 0]","[0, 48, 4]","[1, 40, 4]","[1, 1839, 12]","[0, 40, 13]","[0, 40, 13]","[0, 1500, 19]","[0, 1500, 19]","[0, 642, 19]","[1, 40, 20]","[1, 104, 25]","[0, 40, 25]","[0, 552, 27]","[1, 40, 38]","[1, 132, 251]",221
"[1, 52, 0]","[0, 48, 5]","[1, 40, 6]","[1, 1807, 10]","[0, 40, 11]","[0, 40, 11]","[0, 1500, 17]","[0, 1500, 18]","[0, 643, 18]","[1, 40, 18]","[1, 104, 27]","[0, 40, 28]","[0, 552, 29]","[1, 40, 41]","[1, 132, 96]",221
"[1, 52, 0]","[0, 48, 4]","[1, 40, 6]","[1, 1871, 17]","[0, 40, 18]","[0, 1500, 23]","[0, 1500, 23]","[0, 642, 23]","[1, 40, 23]","[1, 104, 32]","[0, 40, 33]","[0, 552, 35]","[1, 40, 46]","[1, 132, 244]","[0, 40, 245]",221
"[1, 52, 0]","[0, 48, 4]","[1, 40, 5]","[1, 1839, 8]","[0, 40, 8]","[0, 1500, 14]","[0, 1500, 14]","[0, 641, 14]","[1, 40, 15]","[1, 104, 23]","[0, 40, 24]","[0, 552, 26]","[1, 40, 36]","[1, 132, 361]","[0, 40, 361]",221
"[1, 52, 0]","[0, 48, 4]","[1, 40, 4]","[1, 1839, 7]","[0, 40, 8]","[0, 40, 8]","[0, 1500, 13]","[0, 1500, 13]","[0, 642, 13]","[1, 40, 14]","[1, 104, 20]","[0, 40, 21]","[0, 552, 23]","[1, 40, 36]","[1, 132, 145]",221
"[1, 52, 0]","[0, 48, 4]","[1, 40, 5]","[1, 1871, 8]","[0, 40, 9]","[0, 40, 9]","[0, 1500, 14]","[0, 1500, 15]","[0, 642, 15]","[1, 40, 15]","[1, 104, 20]","[0, 40, 21]","[0, 552, 23]","[1, 40, 33]","[1, 132, 71]",221
"[1, 52, 0]","[0, 48, 4]","[1, 40, 5]","[1, 1775, 7]","[0, 40, 8]","[0, 1500, 13]","[0, 1500, 13]","[0, 642, 13]","[1, 40, 14]","[1, 40, 24]","[1, 104, 30]","[0, 40, 31]","[0, 552, 32]","[1, 40, 44]","[1, 132, 243]",221
"[1, 52, 0]","[0, 48, 3]","[1, 40, 4]","[1, 1871, 8]","[0, 40, 9]","[0, 40, 9]","[0, 1500, 15]","[0, 1500, 15]","[0, 642, 15]","[1, 40, 15]","[1, 104, 22]","[0, 40, 23]","[0, 552, 25]","[1, 40, 37]","[1, 132, 104]",221
"[1, 52, 0]","[0, 48, 3]","[1, 40, 4]","[1, 1775, 7]","[0, 40, 8]","[0, 1500, 14]","[0, 1500, 14]","[0, 641, 14]","[1, 40, 14]","[1, 104, 23]","[0, 40, 25]","[0, 552, 26]","[1, 40, 37]","[1, 132, 132]","[0, 40, 133]",221
"[1, 52, 0]","[0, 48, 5]","[1, 40, 6]","[1, 1775, 9]","[0, 40, 10]","[0, 40, 10]","[0, 1500, 15]","[0, 1500, 15]","[0, 642, 15]","[1, 40, 16]","[1, 104, 33]","[0, 40, 34]","[0, 552, 36]","[1, 40, 47]","[1, 132, 121]",221
"[1, 52, 0]","[0, 48, 3]","[1, 40, 6]","[1, 1871, 13]","[0, 40, 14]","[0, 40, 14]","[0, 1500, 20]","[0, 1500, 20]","[0, 642, 20]","[1, 40, 21]","[1, 104, 29]","[0, 40, 30]","[0, 552, 32]","[1, 40, 44]","[1, 132, 131]",221
"[1, 52, 0]","[0, 48, 3]","[1, 40, 4]","[1, 1807, 9]","[0, 40, 10]","[0, 40, 10]","[0, 1500, 15]","[0, 1500, 16]","[0, 643, 16]","[1, 40, 16]","[1, 104, 25]","[0, 40, 26]","[0, 552, 27]","[1, 40, 39]","[1, 132, 141]",221
"[1, 52, 0]","[0, 48, 4]","[1, 40, 5]","[1, 1775, 11]","[0, 40, 12]","[0, 40, 12]","[0, 1500, 18]","[0, 1500, 18]","[0, 641, 18]","[1, 40, 19]","[1, 40, 28]","[1, 104, 30]","[0, 40, 31]","[0, 552, 33]","[1, 40, 44]",221
"[1, 52, 0]","[0, 48, 6]","[1, 40, 6]","[1, 1807, 11]","[0, 40, 12]","[0, 40, 13]","[0, 1500, 18]","[0, 1500, 18]","[0, 641, 18]","[1, 40, 19]","[1, 104, 490]","[0, 40, 491]","[0, 552, 493]","[1, 40, 505]","[1, 132, 704]",222
"[1, 52, 0]","[0, 48, 3]","[1, 40, 4]","[1, 2078, 5]","[0, 40, 6]","[0, 1415, 11]","[1, 104, 14]","[1, 132, 15]","[0, 40, 15]","[0, 40, 15]","[1, 518, 16]","[0, 40, 16]","[0, 552, 17]","[0, 71, 17]","[1, 40, 17]",222
"[1, 52, 0]","[0, 48, 5]","[1, 40, 6]","[1, 1775, 11]","[0, 40, 12]","[0, 40, 13]","[0, 1500, 17]","[0, 1500, 17]","[0, 643, 17]","[1, 40, 18]","[1, 104, 25]","[1, 132, 26]","[0, 40, 26]","[0, 40, 27]","[0, 552, 28]",222
"[1, 52, 0]","[0, 48, 5]","[1, 40, 5]","[1, 1775, 7]","[0, 40, 8]","[0, 1500, 13]","[0, 1500, 13]","[0, 642, 14]","[1, 40, 14]","[1, 104, 22]","[1, 132, 23]","[0, 40, 23]","[1, 518, 24]","[0, 40, 24]","[0, 40, 24]",222
"[1, 52, 0]","[0, 48, 6]","[1, 40, 7]","[1, 2078, 12]","[0, 40, 13]","[0, 1415, 18]","[1, 40, 29]","[1, 104, 81]","[1, 132, 82]","[0, 40, 82]","[0, 40, 83]","[1, 465, 84]","[0, 561, 84]","[0, 40, 84]","[1, 40, 85]",222
"[1, 52, 0]","[0, 48, 4]","[1, 40, 4]","[1, 2078, 11]","[0, 40, 12]","[0, 40, 12]","[0, 1415, 17]","[1, 104, 21]","[0, 40, 22]","[1, 132, 23]","[0, 40, 23]","[1, 518, 24]","[0, 552, 24]","[0, 40, 25]","[1, 40, 25]",222
"[1, 52, 0]","[0, 48, 5]","[1, 40, 5]","[1, 2078, 8]","[0, 40, 8]","[0, 1415, 12]","[1, 40, 22]","[1, 104, 31]","[0, 40, 32]","[1, 132, 32]","[0, 40, 33]","[0, 552, 34]","[1, 518, 34]","[0, 71, 35]","[1, 40, 35]",222
"[1, 52, 0]","[0, 48, 4]","[1, 40, 5]","[1, 1807, 9]","[0, 40, 11]","[0, 1500, 15]","[0, 1500, 15]","[0, 642, 15]","[1, 40, 16]","[1, 104, 23]","[0, 40, 25]","[0, 552, 26]","[1, 40, 37]","[1, 132, 221]","[0, 40, 222]",222
"[1, 52, 0]","[0, 48, 5]","[1, 40, 6]","[1, 2014, 9]","[0, 40, 10]","[0, 40, 10]","[0, 1415, 14]","[1, 104, 18]","[1, 132, 18]","[1, 518, 19]","[0, 40, 19]","[0, 40, 19]","[0, 40, 19]","[0, 583, 21]","[1, 71, 22]",222
"[1, 52, 0]","[0, 48, 4]","[1, 40, 5]","[1, 2014, 10]","[0, 40, 11]","[0, 40, 11]","[0, 1415, 15]","[1, 104, 20]","[1, 132, 20]","[1, 518, 20]","[0, 40, 21]","[0, 40, 21]","[0, 561, 23]","[1, 71, 24]","[0, 40, 25]",222
"[1, 52, 0]","[0, 48, 4]","[1, 40, 5]","[1, 1871, 9]","[0, 40, 10]","[0, 1500, 15]","[0, 1500, 15]","[0, 643, 15]","[1, 40, 16]","[1, 40, 26]","[1, 104, 96]","[0, 40, 97]","[0, 552, 98]","[1, 40, 109]","[1, 132, 219]",222
"[1, 52, 0]","[0, 48, 3]","[1, 40, 4]","[1, 1871, 5]","[0, 40, 6]","[0, 40, 6]","[0, 1500, 11]","[0, 1500, 11]","[0, 641, 11]","[1, 40, 12]","[1, 104, 16]","[0, 40, 16]","[0, 552, 18]","[1, 40, 29]","[1, 132, 40]",222
"[1, 52, 0]","[0, 48, 4]","[1, 40, 5]","[1, 1775, 8]","[0, 40, 9]","[0, 40, 9]","[0, 1500, 14]","[0, 1500, 14]","[0, 642, 15]","[1, 40, 15]","[1, 104, 19]","[1, 132, 19]","[0, 40, 20]","[0, 40, 20]","[0, 552, 22]",222
"[1, 52, 0]","[0, 48, 4]","[1, 40, 5]","[1, 1839, 21]","[0, 40, 22]","[0, 1500, 27]","[0, 1500, 27]","[0, 642, 27]","[1, 40, 28]","[1, 104, 88]","[0, 40, 89]","[0, 552, 91]","[1, 40, 101]","[1, 132, 105]","[1, 71, 106]",222
"[1, 52, 0]","[0, 48, 5]","[1, 40, 6]","[1, 1807, 8]","[0, 40, 9]","[0, 1500, 15]","[0, 1500, 15]","[0, 641, 15]","[1, 40, 15]","[1, 104, 123]","[0, 40, 123]","[0, 552, 125]","[1, 40, 137]","[1, 132, 348]","[0, 40, 348]",222
"[1, 52, 0]","[0, 48, 4]","[1, 40, 5]","[1, 2046, 6]","[0, 40, 7]","[0, 40, 7]","[0, 1415, 13]","[1, 104, 19]","[1, 132, 19]","[0, 40, 20]","[0, 40, 20]","[1, 518, 21]","[0, 561, 22]","[0, 40, 22]","[1, 40, 22]",222
"[1, 52, 0]","[0, 48, 5]","[1, 40, 6]","[1, 2014, 8]","[0, 40, 9]","[0, 1415, 14]","[1, 104, 20]","[0, 40, 21]","[1, 132, 22]","[0, 552, 23]","[1, 518, 23]","[0, 40, 23]","[0, 40, 24]","[1, 40, 24]","[0, 71, 25]",222
"[1, 52, 0]","[0, 48, 4]","[1, 40, 5]","[1, 2110, 6]","[0, 40, 7]","[0, 40, 7]","[0, 1415, 11]","[1, 104, 17]","[1, 132, 17]","[0, 40, 17]","[0, 40, 18]","[1, 518, 18]","[0, 40, 19]","[0, 552, 19]","[0, 71, 19]",222
"[1, 52, 0]","[0, 48, 4]","[1, 40, 6]","[1, 1871, 31]","[0, 40, 32]","[0, 40, 32]","[0, 1500, 37]","[0, 1500, 37]","[0, 643, 37]","[1, 40, 37]","[1, 104, 41]","[1, 132, 42]","[0, 40, 43]","[0, 40, 43]","[0, 552, 44]",222
"[1, 52, 0]","[0, 48, 4]","[1, 40, 5]","[1, 2078, 8]","[0, 40, 9]","[0, 40, 10]","[0, 1415, 14]","[1, 40, 25]","[1, 104, 48]","[1, 132, 49]","[1, 518, 49]","[0, 40, 50]","[0, 40, 50]","[0, 40, 50]","[0, 552, 51]",222
"[1, 52, 0]","[0, 48, 4]","[1, 40, 5]","[1, 1839, 9]","[0, 40, 10]","[0, 40, 10]","[0, 1500, 17]","[0, 1500, 17]","[0, 642, 17]","[1, 40, 19]","[1, 104, 55]","[0, 40, 57]","[0, 552, 58]","[1, 40, 69]","[1, 132, 91]",222
"[1, 52, 0]","[0, 48, 5]","[1, 40, 6]","[1, 2014, 12]","[0, 40, 13]","[0, 1415, 17]","[1, 40, 29]","[1, 104, 55]","[0, 40, 56]","[1, 132, 57]","[0, 552, 58]","[0, 40, 58]","[1, 40, 59]","[1, 518, 59]","[0, 71, 60]",222
"[1, 52, 0]","[0, 48, 4]","[1, 40, 5]","[1, 1871, 6]","[0, 40, 8]","[0, 1500, 11]","[0, 1500, 11]","[0, 641, 11]","[1, 40, 12]","[1, 104, 17]","[1, 132, 18]","[0, 40, 19]","[1, 518, 19]","[0, 40, 19]","[0, 40, 20]",222
"[1, 52, 0]","[0, 48, 4]","[1, 40, 5]","[1, 1807, 7]","[0, 40, 8]","[0, 40, 8]","[0, 1500, 13]","[0, 1500, 13]","[0, 642, 13]","[1, 40, 14]","[1, 104, 39]","[0, 40, 40]","[0, 552, 42]","[1, 132, 49]","[0, 40, 50]",222
"[1, 52, 0]","[0, 48, 4]","[1, 40, 4]","[1, 1871, 13]","[0, 40, 14]","[0, 40, 14]","[0, 1500, 19]","[0, 1500, 19]","[0, 641, 19]","[1, 40, 20]","[1, 104, 92]","[0, 40, 93]","[0, 552, 95]","[1, 132, 103]","[1, 71, 104]",222
"[1, 52, 0]","[0, 48, 3]","[1, 40, 4]","[1, 2078, 6]","[0, 40, 7]","[0, 40, 7]","[0, 1415, 11]","[1, 104, 14]","[1, 132, 14]","[0, 40, 15]","[0, 40, 15]","[1, 518, 15]","[0, 40, 15]","[0, 552, 16]","[0, 71, 16]",222
"[1, 52, 0]","[0, 48, 5]","[1, 40, 5]","[1, 2014, 7]","[0, 40, 8]","[0, 40, 8]","[0, 1415, 13]","[1, 104, 17]","[1, 132, 18]","[0, 40, 18]","[1, 518, 19]","[0, 40, 19]","[0, 40, 19]","[0, 552, 20]","[0, 71, 20]",222
"[1, 52, 0]","[0, 48, 4]","[1, 40, 4]","[1, 2046, 6]","[0, 40, 7]","[0, 40, 7]","[0, 1415, 12]","[1, 104, 17]","[1, 132, 18]","[0, 40, 18]","[1, 518, 18]","[0, 40, 19]","[0, 40, 19]","[0, 552, 20]","[0, 71, 20]",222
"[1, 52, 0]","[0, 48, 4]","[1, 40, 5]","[1, 1839, 8]","[0, 40, 9]","[0, 40, 9]","[0, 1500, 14]","[0, 1500, 14]","[0, 642, 14]","[1, 40, 15]","[1, 104, 36]","[0, 40, 38]","[0, 552, 39]","[1, 40, 50]","[1, 132, 167]",222
"[1, 52, 0]","[0, 48, 4]","[1, 40, 4]","[1, 1871, 42]","[0, 40, 43]","[0, 40, 43]","[0, 1500, 48]","[0, 1500, 48]","[0, 643, 48]","[1, 40, 49]","[1, 104, 63]","[0, 40, 65]","[0, 552, 66]","[1, 40, 78]","[1, 132, 106]",222
"[1, 52, 0]","[0, 48, 4]","[1, 40, 5]","[1, 2014, 8]","[0, 40, 8]","[0, 1415, 13]","[1, 104, 17]","[0, 40, 18]","[0, 552, 20]","[1, 132, 20]","[1, 40, 21]","[0, 40, 21]","[1, 518, 22]","[0, 71, 23]","[0, 40, 23]",222
"[1, 52, 0]","[0, 48, 4]","[1, 40, 5]","[1, 2110, 7]","[0, 40, 8]","[0, 1415, 12]","[1, 104, 17]","[1, 132, 18]","[0, 40, 18]","[1, 518, 18]","[0, 40, 19]","[0, 40, 19]","[0, 552, 20]","[0, 71, 20]","[1, 40, 21]",222
"[1, 52, 0]","[0, 48, 5]","[1, 40, 6]","[1, 1775, 46]","[0, 40, 48]","[0, 1500, 53]","[0, 1500, 53]","[0, 643, 53]","[1, 40, 54]","[1, 104, 163]","[0, 40, 165]","[0, 552, 166]","[1, 40, 178]","[1, 132, 224]","[1, 71, 225]",222
"[1, 52, 0]","[0, 48, 4]","[1, 40, 5]","[1, 1871, 8]","[0, 40, 9]","[0, 40, 9]","[0, 1500, 14]","[0, 1500, 14]","[0, 642, 14]","[1, 40, 15]","[1, 104, 21]","[0, 40, 22]","[0, 552, 24]","[1, 40, 35]","[1, 132, 86]",222
"[1, 52, 0]","[0, 48, 4]","[1, 40, 5]","[1, 1839, 6]","[0, 40, 7]","[0, 40, 7]","[0, 1500, 13]","[0, 1500, 13]","[0, 643, 13]","[1, 40, 14]","[1, 104, 39]","[0, 40, 40]","[0, 552, 42]","[1, 40, 52]","[1, 132, 74]",222
"[1, 52, 0]","[0, 48, 3]","[1, 40, 4]","[1, 2110, 5]","[0, 40, 6]","[0, 40, 6]","[0, 1415, 13]","[1, 104, 16]","[1, 132, 17]","[1, 518, 17]","[0, 40, 18]","[0, 40, 18]","[0, 40, 18]","[0, 583, 20]","[1, 71, 21]",222
"[1, 52, 0]","[0, 48, 3]","[1, 40, 4]","[1, 2110, 6]","[0, 40, 7]","[0, 40, 7]","[0, 1415, 12]","[1, 104, 16]","[1, 132, 16]","[1, 518, 16]","[0, 40, 17]","[0, 40, 17]","[0, 561, 19]","[1, 71, 29]","[0, 40, 30]",222
"[1, 52, 0]","[0, 48, 4]","[1, 40, 5]","[1, 2046, 14]","[0, 40, 15]","[0, 1415, 19]","[1, 40, 29]","[1, 104, 31]","[0, 40, 32]","[1, 132, 32]","[1, 518, 33]","[0, 40, 33]","[0, 40, 34]","[0, 552, 34]","[0, 71, 35]",222
"[1, 52, 0]","[0, 48, 5]","[1, 40, 6]","[1, 2078, 10]","[0, 40, 11]","[0, 40, 11]","[0, 1415, 15]","[1, 104, 19]","[0, 40, 20]","[1, 132, 20]","[1, 518, 21]","[0, 40, 21]","[0, 40, 22]","[0, 552, 22]","[0, 71, 23]",222
"[1, 52, 0]","[0, 48, 4]","[1, 40, 5]","[1, 1775, 8]","[0, 40, 9]","[0, 40, 9]","[0, 1500, 15]","[0, 1500, 15]","[0, 643, 15]","[1, 40, 16]","[1, 104, 62]","[0, 40, 64]","[0, 552, 66]","[1, 132, 66]","[0, 40, 66]",222
"[1, 52, 0]","[0, 48, 4]","[1, 40, 4]","[1, 2014, 6]","[0, 40, 7]","[0, 40, 7]","[0, 1415, 11]","[1, 104, 16]","[1, 132, 17]","[0, 40, 17]","[0, 40, 18]","[0, 552, 19]","[0, 71, 19]","[1, 518, 20]","[1, 40, 20]",222
"[1, 52, 0]","[0, 48, 3]","[1, 40, 4]","[1, 1839, 7]","[0, 40, 8]","[0, 40, 8]","[0, 1500, 13]","[0, 1500, 13]","[0, 642, 13]","[1, 40, 14]","[1, 104, 39]","[0, 40, 40]","[0, 552, 42]","[1, 40, 53]","[1, 132, 162]",222
"[1, 52, 0]","[0, 48, 5]","[1, 40, 5]","[1, 1807, 12]","[0, 40, 13]","[0, 1500, 19]","[0, 1500, 19]","[0, 642, 19]","[1, 40, 20]","[1, 104, 26]","[0, 40, 27]","[0, 552, 29]","[1, 40, 40]","[1, 132, 74]","[1, 71, 75]",222
"[1, 52, 0]","[0, 48, 5]","[1, 40, 6]","[1, 1807, 9]","[0, 40, 10]","[0, 1500, 15]","[0, 1500, 15]","[0, 642, 15]","[1, 40, 16]","[1, 104, 196]","[1, 132, 197]","[0, 40, 197]","[1, 518, 197]","[0, 40, 198]","[0, 40, 198]",222
"[1, 52, 0]","[0, 48, 5]","[1, 40, 6]","[1, 2078, 7]","[0, 40, 8]","[0, 40, 8]","[0, 1415, 13]","[1, 104, 16]","[0, 40, 17]","[1, 132, 17]","[1, 518, 17]","[0, 40, 18]","[0, 40, 18]","[0, 552, 19]","[0, 71, 19]",222
"[1, 52, 0]","[0, 48, 5]","[1, 40, 6]","[1, 1807, 10]","[0, 40, 11]","[0, 40, 11]","[0, 1500, 20]","[0, 1500, 20]","[0, 642, 20]","[1, 40, 21]","[1, 104, 138]","[0, 40, 139]","[0, 552, 142]","[1, 40, 151]","[1, 132, 170]",222
"[1, 52, 0]","[0, 48, 3]","[1, 40, 4]","[1, 2110, 8]","[0, 40, 9]","[0, 1415, 14]","[1, 104, 19]","[1, 132, 20]","[0, 40, 20]","[0, 40, 21]","[1, 518, 21]","[0, 583, 22]","[0, 40, 22]","[1, 40, 23]","[1, 71, 24]",222
"[1, 52, 0]","[0, 48, 4]","[1, 40, 5]","[1, 2078, 9]","[0, 40, 9]","[0, 40, 10]","[0, 1415, 14]","[1, 104, 18]","[1, 132, 19]","[0, 40, 19]","[0, 40, 20]","[1, 518, 20]","[0, 40, 21]","[0, 561, 21]","[1, 71, 23]",222
"[1, 52, 0]","[0, 48, 4]","[1, 40, 4]","[1, 1871, 7]","[0, 40, 7]","[0, 40, 8]","[0, 1500, 12]","[0, 1500, 12]","[0, 642, 12]","[1, 40, 12]","[1, 104, 21]","[0, 40, 22]","[0, 552, 23]","[1, 40, 34]","[1, 132, 158]",222
"[1, 52, 0]","[0, 48, 5]","[1, 40, 6]","[1, 2078, 8]","[0, 40, 9]","[0, 40, 9]","[0, 1415, 15]","[1, 104, 20]","[1, 132, 21]","[0, 40, 22]","[0, 40, 22]","[1, 518, 23]","[0, 552, 23]","[0, 71, 23]","[0, 40, 24]",222
"[1, 52, 0]","[0, 48, 6]","[1, 40, 7]","[1, 2110, 8]","[0, 40, 9]","[0, 40, 9]","[0, 1415, 15]","[1, 104, 18]","[1, 132, 19]","[0, 40, 19]","[1, 518, 19]","[0, 40, 19]","[0, 40, 20]","[0, 552, 21]","[0, 71, 21]",222
"[1, 52, 0]","[0, 48, 5]","[1, 40, 5]","[1, 2110, 7]","[0, 40, 8]","[0, 40, 8]","[0, 1415, 12]","[1, 104, 15]","[1, 132, 16]","[0, 40, 16]","[1, 518, 17]","[0, 40, 17]","[0, 40, 17]","[0, 583, 18]","[1, 71, 19]",222
"[1, 52, 0]","[0, 48, 5]","[1, 40, 6]","[1, 2110, 8]","[0, 40, 9]","[0, 1415, 15]","[1, 104, 23]","[0, 40, 24]","[0, 552, 26]","[1, 132, 27]","[0, 40, 28]","[1, 518, 29]","[1, 71, 29]","[0, 71, 30]","[0, 40, 30]",222
"[1, 52, 0]","[0, 48, 5]","[1, 40, 5]","[1, 2110, 9]","[0, 40, 10]","[0, 40, 10]","[0, 1415, 13]","[1, 104, 17]","[1, 132, 18]","[0, 40, 18]","[0, 40, 19]","[1, 518, 19]","[0, 40, 20]","[0, 561, 20]","[1, 71, 22]",222
"[1, 52, 0]","[0, 48, 4]","[1, 40, 5]","[1, 1839, 10]","[0, 40, 11]","[0, 40, 11]","[0, 1500, 16]","[0, 1500, 16]","[0, 643, 16]","[1, 40, 17]","[1, 104, 73]","[0, 40, 75]","[0, 552, 76]","[1, 40, 86]","[1, 132, 192]",222
"[1, 52, 0]","[0, 48, 4]","[1, 40, 5]","[1, 1871, 101]","[0, 40, 103]","[0, 40, 103]","[0, 1500, 109]","[0, 1500, 109]","[0, 643, 109]","[1, 40, 110]","[1, 104, 126]","[1, 132, 126]","[0, 40, 127]","[0, 40, 127]","[1, 518, 127]",222
"[1, 52, 0]","[0, 48, 5]","[1, 40, 6]","[1, 2110, 15]","[0, 40, 16]","[0, 40, 16]","[0, 1415, 20]","[1, 104, 24]","[0, 40, 25]","[1, 132, 26]","[1, 470, 27]","[0, 40, 27]","[1, 1463, 27]","[0, 552, 27]","[0, 40, 28]",222
"[1, 52, 0]","[0, 48, 4]","[1, 40, 4]","[1, 1775, 7]","[0, 40, 8]","[0, 40, 8]","[0, 1500, 14]","[0, 1500, 14]","[0, 642, 14]","[1, 40, 15]","[1, 104, 20]","[0, 40, 21]","[1, 132, 22]","[0, 552, 23]","[0, 40, 23]",222
"[1, 52, 0]","[0, 48, 4]","[1, 40, 5]","[1, 1839, 11]","[0, 40, 13]","[0, 40, 13]","[0, 1500, 18]","[0, 1500, 18]","[0, 643, 18]","[1, 40, 18]","[1, 104, 53]","[0, 40, 54]","[0, 552, 56]","[1, 40, 67]","[1, 132, 67]",222
"[1, 52, 0]","[0, 48, 4]","[1, 40, 5]","[1, 1807, 7]","[0, 40, 8]","[0, 40, 8]","[0, 1500, 14]","[0, 1500, 14]","[0, 641, 14]","[1, 40, 15]","[1, 104, 18]","[0, 40, 19]","[0, 552, 20]","[1, 132, 23]","[0, 40, 24]",222
"[1, 52, 0]","[0, 48, 4]","[1, 40, 5]","[1, 2110, 6]","[0, 40, 7]","[0, 40, 7]","[0, 1415, 12]","[1, 104, 16]","[1, 132, 17]","[0, 40, 17]","[0, 40, 18]","[1, 518, 18]","[0, 40, 19]","[0, 583, 19]","[1, 71, 20]",222
"[1, 52, 0]","[0, 48, 5]","[1, 40, 6]","[1, 2110, 9]","[0, 40, 11]","[0, 40, 11]","[0, 1415, 14]","[1, 40, 25]","[1, 104, 32]","[0, 40, 33]","[1, 132, 33]","[0, 40, 34]","[1, 518, 35]","[0, 552, 35]","[1, 40, 36]",222
"[1, 52, 0]","[0, 48, 4]","[1, 40, 5]","[1, 1839, 8]","[0, 40, 9]","[0, 40, 9]","[0, 1500, 15]","[0, 1500, 15]","[0, 643, 15]","[1, 40, 16]","[1, 104, 24]","[0, 40, 25]","[1, 132, 26]","[0, 40, 27]","[0, 552, 27]",222
"[1, 52, 0]","[0, 48, 5]","[1, 40, 5]","[1, 1775, 8]","[0, 40, 9]","[0, 40, 9]","[0, 1500, 14]","[0, 1500, 14]","[0, 641, 14]","[1, 40, 15]","[1, 104, 20]","[0, 40, 21]","[0, 552, 23]","[1, 40, 34]","[1, 132, 117]",222
"[1, 52, 0]","[0, 48, 4]","[1, 40, 5]","[1, 2014, 6]","[0, 40, 7]","[0, 40, 7]","[0, 1415, 10]","[1, 40, 22]","[1, 104, 58]","[1, 132, 58]","[0, 40, 59]","[0, 40, 60]","[1, 420, 60]","[1, 170, 60]","[0, 40, 60]",222
"[1, 52, 0]","[0, 48, 4]","[1, 40, 4]","[1, 2110, 5]","[0, 40, 6]","[0, 40, 6]","[0, 1415, 11]","[1, 104, 15]","[1, 132, 15]","[1, 518, 16]","[0, 40, 16]","[0, 40, 16]","[0, 40, 17]","[0, 583, 18]","[1, 71, 19]",222
"[1, 52, 0]","[0, 48, 5]","[1, 40, 5]","[1, 2078, 7]","[0, 40, 8]","[0, 40, 8]","[0, 1415, 12]","[1, 40, 23]","[1, 104, 46]","[0, 40, 48]","[1, 132, 49]","[0, 552, 49]","[0, 40, 50]","[1, 40, 50]","[1, 518, 51]",222
"[1, 52, 0]","[0, 48, 3]","[1, 40, 4]","[1, 1871, 5]","[0, 40, 6]","[0, 1500, 11]","[0, 1500, 11]","[0, 641, 11]","[1, 40, 12]","[1, 104, 24]","[0, 40, 25]","[0, 552, 27]","[1, 40, 38]","[1, 132, 150]","[0, 40, 151]",222
"[1, 52, 0]","[0, 48, 3]","[1, 40, 4]","[1, 1871, 6]","[0, 40, 7]","[0, 40, 7]","[0, 1500, 12]","[0, 1500, 12]","[0, 643, 12]","[1, 40, 13]","[1, 104, 24]","[0, 40, 25]","[1, 132, 25]","[0, 40, 26]","[1, 518, 26]",222
"[1, 52, 0]","[0, 48, 4]","[1, 40, 5]","[1, 2014, 7]","[0, 40, 8]","[0, 40, 8]","[0, 1415, 12]","[1, 104, 16]","[0, 40, 17]","[0, 552, 19]","[1, 132, 22]","[0, 40, 23]","[0, 71, 25]","[1, 71, 27]","[1, 518, 27]",222
"[1, 52, 0]","[0, 48, 4]","[1, 40, 4]","[1, 2046, 7]","[0, 40, 9]","[0, 40, 9]","[0, 1415, 13]","[1, 104, 16]","[1, 132, 16]","[0, 40, 17]","[0, 40, 17]","[1, 518, 17]","[0, 40, 18]","[0, 552, 18]","[0, 71, 18]",222
"[1, 52, 0]","[0, 48, 4]","[1, 40, 5]","[1, 1775, 17]","[0, 40, 18]","[0, 40, 18]","[0, 1500, 24]","[0, 1500, 24]","[0, 642, 24]","[1, 40, 25]","[1, 104, 28]","[0, 40, 29]","[1, 132, 30]","[0, 40, 31]","[0, 552, 31]",222
"[1, 52, 0]","[0, 48, 4]","[1, 40, 5]","[1, 2046, 19]","[0, 40, 20]","[0, 40, 20]","[0, 1415, 25]","[1, 104, 33]","[1, 132, 34]","[0, 40, 35]","[0, 40, 35]","[1, 518, 36]","[0, 40, 36]","[0, 552, 36]","[0, 71, 36]",222
"[1, 52, 0]","[0, 48, 5]","[1, 40, 5]","[1, 1775, 7]","[0, 40, 8]","[0, 40, 8]","[0, 1500, 12]","[0, 1500, 12]","[0, 641, 12]","[1, 40, 13]","[1, 104, 22]","[0, 40, 23]","[0, 552, 25]","[1, 40, 36]","[1, 132, 91]",222
"[1, 52, 0]","[0, 48, 5]","[1, 40, 6]","[1, 2014, 9]","[0, 40, 10]","[0, 40, 10]","[0, 1415, 14]","[1, 40, 26]","[1, 104, 62]","[1, 132, 63]","[0, 40, 63]","[0, 40, 63]","[0, 561, 65]","[1, 40, 76]","[1, 465, 77]",222
"[1, 52, 0]","[0, 48, 5]","[1, 40, 6]","[1, 1775, 9]","[0, 40, 10]","[0, 1500, 14]","[0, 1500, 14]","[1, 40, 14]","[0, 642, 14]","[1, 40, 25]","[1, 104, 178]","[0, 40, 179]","[0, 552, 181]","[1, 40, 192]","[1, 132, 214]",222
"[1, 52, 0]","[0, 48, 4]","[1, 40, 5]","[1, 2014, 7]","[0, 40, 8]","[0, 1415, 13]","[1, 104, 17]","[1, 132, 17]","[0, 40, 17]","[0, 40, 18]","[1, 518, 18]","[0, 40, 19]","[0, 552, 19]","[0, 71, 19]","[1, 40, 20]",222
"[1, 52, 0]","[0, 48, 5]","[1, 40, 5]","[1, 2046, 9]","[0, 40, 11]","[0, 1415, 15]","[1, 104, 18]","[1, 132, 19]","[0, 40, 19]","[1, 518, 20]","[0, 40, 20]","[0, 40, 20]","[0, 552, 21]","[0, 71, 22]","[1, 40, 22]",222
"[1, 52, 0]","[0, 48, 3]","[1, 40, 4]","[1, 2110, 8]","[0, 40, 9]","[0, 1415, 14]","[1, 104, 17]","[1, 132, 18]","[0, 40, 18]","[0, 40, 19]","[1, 518, 19]","[0, 40, 20]","[0, 552, 20]","[0, 71, 20]","[1, 40, 20]",222
"[1, 52, 0]","[0, 48, 3]","[1, 40, 4]","[1, 1807, 5]","[0, 40, 6]","[0, 40, 6]","[0, 1500, 12]","[0, 1500, 12]","[0, 643, 12]","[1, 40, 13]","[1, 104, 26]","[0, 40, 27]","[0, 552, 29]","[1, 40, 39]","[1, 132, 53]",222
"[1, 52, 0]","[0, 48, 5]","[1, 40, 6]","[1, 2046, 10]","[0, 40, 12]","[0, 40, 12]","[0, 1415, 17]","[1, 104, 22]","[1, 132, 22]","[0, 40, 23]","[0, 40, 23]","[1, 518, 23]","[0, 552, 25]","[0, 71, 25]","[0, 40, 25]",222
"[1, 52, 0]","[0, 48, 4]","[1, 40, 5]","[1, 1775, 10]","[0, 40, 11]","[0, 40, 11]","[0, 1500, 16]","[0, 1500, 16]","[0, 642, 16]","[1, 40, 17]","[1, 104, 24]","[0, 40, 25]","[0, 552, 27]","[1, 40, 38]","[1, 132, 85]",222
"[1, 52, 0]","[0, 48, 5]","[1, 40, 8]","[1, 1871, 128]","[0, 40, 129]","[0, 1500, 136]","[0, 1500, 136]","[0, 642, 136]","[1, 40, 137]","[1, 104, 256]","[0, 40, 258]","[0, 552, 260]","[1, 132, 271]","[1, 71, 272]","[1, 518, 272]",222
"[1, 52, 0]","[0, 48, 4]","[1, 40, 6]","[1, 2046, 17]","[0, 40, 18]","[0, 1415, 23]","[1, 40, 33]","[1, 104, 120]","[1, 132, 121]","[0, 40, 121]","[0, 40, 122]","[1, 465, 122]","[0, 40, 123]","[1, 118, 123]","[1, 107, 123]",222
"[1, 52, 0]","[0, 48, 3]","[1, 40, 4]","[1, 2110, 6]","[0, 40, 7]","[0, 1415, 10]","[1, 104, 14]","[1, 132, 14]","[0, 40, 15]","[1, 518, 15]","[0, 40, 15]","[0, 561, 20]","[1, 71, 22]","[0, 40, 24]","[0, 292, 25]",222
"[1, 52, 0]","[0, 48, 9]","[1, 40, 10]","[1, 2110, 13]","[0, 40, 14]","[0, 40, 15]","[0, 1415, 18]","[1, 104, 21]","[1, 132, 22]","[0, 40, 22]","[1, 518, 23]","[0, 40, 23]","[0, 40, 23]","[0, 583, 24]","[1, 71, 25]",222
"[1, 52, 0]","[0, 48, 4]","[1, 40, 4]","[1, 2078, 6]","[0, 40, 7]","[0, 1415, 12]","[1, 104, 16]","[0, 40, 17]","[0, 552, 18]","[1, 132, 18]","[0, 40, 19]","[1, 40, 19]","[0, 71, 21]","[1, 40, 21]","[1, 518, 24]",222
"[1, 52, 0]","[0, 48, 3]","[1, 40, 4]","[1, 2014, 6]","[0, 40, 7]","[0, 40, 7]","[0, 1415, 11]","[1, 104, 15]","[0, 40, 15]","[1, 132, 17]","[0, 552, 17]","[1, 40, 18]","[0, 40, 18]","[1, 518, 18]","[0, 40, 19]",222
"[1, 52, 0]","[0, 48, 3]","[1, 40, 4]","[1, 2046, 7]","[0, 40, 8]","[0, 1415, 12]","[1, 104, 17]","[1, 132, 17]","[0, 40, 18]","[1, 518, 18]","[0, 40, 18]","[0, 40, 19]","[0, 561, 20]","[1, 71, 21]","[0, 40, 22]",222
"[1, 52, 0]","[0, 48, 4]","[1, 40, 6]","[1, 1807, 8]","[0, 40, 10]","[0, 1500, 14]","[0, 1500, 14]","[0, 643, 14]","[1, 40, 15]","[1, 104, 114]","[0, 40, 115]","[0, 552, 117]","[1, 40, 127]","[1, 132, 138]","[0, 40, 139]",222
"[1, 52, 0]","[0, 48, 5]","[1, 40, 6]","[1, 1775, 28]","[0, 40, 30]","[0, 1500, 35]","[0, 1500, 35]","[0, 642, 36]","[1, 40, 36]","[1, 40, 47]","[1, 104, 174]","[0, 40, 175]","[0, 552, 176]","[1, 40, 188]","[1, 132, 247]",222
"[1, 52, 0]","[0, 48, 5]","[1, 40, 7]","[1, 2078, 12]","[0, 40, 13]","[0, 1415, 17]","[1, 104, 23]","[0, 40, 24]","[1, 132, 25]","[0, 552, 26]","[0, 40, 26]","[1, 40, 26]","[0, 71, 28]","[1, 40, 28]","[1, 470, 30]",222
"[1, 52, 0]","[0, 48, 5]","[1, 40, 5]","[1, 1775, 10]","[0, 40, 11]","[0, 40, 11]","[0, 1500, 15]","[0, 1500, 15]","[0, 642, 15]","[1, 40, 16]","[1, 104, 22]","[1, 132, 23]","[1, 518, 23]","[0, 40, 24]","[0, 40, 24]",222
"[1, 52, 0]","[0, 48, 4]","[1, 40, 6]","[1, 1839, 9]","[0, 40, 10]","[0, 40, 10]","[0, 1500, 16]","[0, 1500, 16]","[0, 642, 16]","[1, 40, 16]","[1, 104, 59]","[1, 132, 59]","[0, 40, 60]","[0, 40, 60]","[1, 518, 61]",222
"[1, 52, 0]","[0, 48, 4]","[1, 40, 5]","[1, 1871, 7]","[0, 40, 8]","[0, 40, 8]","[0, 1500, 13]","[0, 1500, 14]","[0, 642, 14]","[1, 40, 14]","[1, 104, 19]","[1, 132, 20]","[0, 40, 20]","[1, 518, 21]","[0, 40, 21]",222
"[1, 52, 0]","[0, 48, 5]","[1, 40, 6]","[1, 1839, 7]","[0, 40, 9]","[0, 40, 9]","[0, 1500, 13]","[0, 1500, 13]","[0, 642, 13]","[1, 40, 14]","[1, 104, 101]","[0, 40, 103]","[0, 552, 104]","[1, 132, 111]","[0, 40, 112]",222
"[1, 52, 0]","[0, 48, 4]","[1, 40, 5]","[1, 1839, 9]","[0, 40, 11]","[0, 40, 11]","[0, 1500, 17]","[0, 1500, 17]","[0, 641, 17]","[1, 40, 18]","[1, 104, 28]","[0, 40, 30]","[0, 552, 31]","[1, 40, 43]","[1, 132, 72]",222
"[1, 52, 0]","[0, 48, 5]","[1, 40, 6]","[1, 2078, 15]","[0, 40, 16]","[0, 40, 16]","[0, 1415, 20]","[1, 104, 29]","[0, 40, 30]","[0, 552, 31]","[1, 132, 33]","[0, 40, 34]","[0, 71, 36]","[1, 518, 36]","[1, 71, 37]",222
"[1, 52, 0]","[0, 48, 5]","[1, 40, 6]","[1, 2046, 7]","[0, 40, 8]","[0, 40, 8]","[0, 1415, 12]","[1, 104, 18]","[1, 132, 18]","[0, 40, 19]","[1, 518, 20]","[0, 40, 21]","[0, 561, 21]","[1, 71, 22]","[0, 40, 23]",222
"[1, 52, 0]","[0, 48, 4]","[1, 40, 5]","[1, 2078, 7]","[0, 40, 8]","[0, 40, 8]","[0, 1415, 12]","[1, 104, 16]","[1, 132, 17]","[1, 518, 17]","[0, 40, 18]","[0, 40, 18]","[0, 40, 19]","[0, 561, 19]","[1, 71, 20]",222
"[1, 52, 0]","[0, 48, 4]","[1, 40, 5]","[1, 649, 8]","[0, 40, 9]","[0, 1500, 16]","[0, 1014, 16]","[1, 40, 17]","[1, 104, 26]","[0, 40, 27]","[0, 552, 29]","[1, 40, 40]","[1, 132, 267]","[0, 40, 269]","[0, 71, 270]",220
"[1, 52, 0]","[0, 48, 5]","[1, 40, 6]","[1, 585, 29]","[0, 40, 30]","[0, 1500, 34]","[0, 1013, 34]","[1, 40, 35]","[1, 104, 54]","[0, 40, 55]","[0, 552, 57]","[1, 40, 67]","[1, 132, 128]","[0, 40, 128]","[1, 71, 129]",220
"[1, 52, 0]","[0, 48, 5]","[1, 40, 6]","[1, 585, 15]","[0, 40, 17]","[0, 1500, 22]","[0, 1014, 22]","[1, 40, 22]","[1, 104, 83]","[0, 40, 85]","[0, 552, 87]","[1, 40, 99]","[1, 132, 265]","[0, 40, 266]","[0, 71, 268]",220
"[1, 52, 0]","[0, 48, 4]","[1, 40, 5]","[1, 649, 7]","[0, 40, 8]","[0, 1500, 14]","[0, 1015, 14]","[1, 40, 14]","[1, 104, 24]","[0, 40, 25]","[0, 552, 27]","[1, 40, 39]","[1, 132, 144]","[1, 71, 145]","[0, 40, 145]",220
"[1, 52, 0]","[0, 48, 4]","[1, 40, 5]","[1, 585, 8]","[0, 40, 9]","[0, 1500, 14]","[0, 1014, 14]","[1, 40, 15]","[1, 104, 21]","[0, 40, 22]","[0, 552, 24]","[1, 40, 36]","[1, 132, 152]","[0, 40, 153]","[0, 71, 154]",220
"[1, 52, 0]","[0, 48, 4]","[1, 40, 4]","[1, 617, 9]","[0, 40, 11]","[0, 1500, 15]","[0, 1014, 15]","[1, 40, 16]","[1, 104, 25]","[0, 40, 26]","[0, 552, 28]","[1, 40, 38]","[1, 132, 191]","[0, 40, 192]","[0, 71, 194]",220
"[1, 52, 0]","[0, 48, 4]","[1, 40, 5]","[1, 558, 16]","[0, 40, 17]","[0, 1500, 25]","[0, 1013, 25]","[1, 40, 26]","[1, 104, 32]","[0, 40, 33]","[0, 552, 35]","[1, 40, 45]","[1, 132, 297]","[0, 40, 298]","[0, 71, 300]",220
"[1, 52, 0]","[0, 48, 4]","[1, 40, 5]","[1, 617, 7]","[0, 40, 7]","[0, 1500, 11]","[0, 1015, 11]","[1, 40, 12]","[1, 104, 16]","[0, 40, 17]","[0, 552, 18]","[1, 40, 29]","[1, 132, 157]","[0, 40, 159]","[0, 71, 160]",220
"[1, 52, 0]","[0, 48, 5]","[1, 40, 5]","[1, 558, 7]","[0, 40, 8]","[0, 1500, 15]","[0, 1013, 15]","[1, 40, 16]","[1, 104, 79]","[0, 40, 80]","[0, 552, 82]","[1, 40, 91]","[1, 132, 187]","[0, 40, 188]","[0, 71, 190]",220
"[1, 52, 0]","[0, 48, 4]","[1, 40, 4]","[1, 558, 12]","[0, 40, 13]","[0, 1500, 18]","[0, 1014, 18]","[1, 40, 19]","[1, 104, 26]","[0, 40, 27]","[0, 552, 29]","[1, 40, 40]","[1, 132, 176]","[0, 40, 176]","[1, 71, 178]",220
"[1, 52, 0]","[0, 48, 4]","[1, 40, 5]","[1, 558, 19]","[0, 40, 21]","[0, 1500, 26]","[0, 1014, 26]","[1, 40, 27]","[1, 104, 38]","[0, 40, 39]","[0, 552, 42]","[1, 40, 53]","[1, 132, 279]","[0, 40, 280]","[0, 71, 281]",220
"[1, 52, 0]","[0, 48, 5]","[1, 40, 5]","[1, 617, 10]","[0, 40, 11]","[0, 1500, 16]","[0, 1013, 16]","[1, 40, 17]","[1, 104, 22]","[0, 40, 23]","[0, 552, 25]","[1, 40, 36]","[1, 132, 128]","[0, 40, 129]","[0, 71, 130]",220
"[1, 52, 0]","[0, 48, 4]","[1, 40, 5]","[1, 558, 26]","[0, 40, 27]","[0, 1500, 32]","[0, 1014, 32]","[1, 40, 33]","[1, 104, 106]","[0, 40, 106]","[0, 552, 109]","[1, 40, 120]","[1, 132, 327]","[1, 71, 327]","[0, 40, 327]",220
"[1, 52, 0]","[0, 48, 4]","[1, 40, 6]","[1, 558, 9]","[0, 40, 11]","[0, 1500, 15]","[0, 1014, 16]","[1, 40, 17]","[1, 104, 36]","[0, 40, 37]","[0, 552, 39]","[1, 40, 50]","[1, 132, 249]","[1, 71, 249]","[1, 518, 249]",220
"[1, 52, 0]","[0, 48, 4]","[1, 40, 5]","[1, 558, 69]","[0, 40, 70]","[0, 1500, 75]","[0, 1015, 75]","[1, 40, 75]","[1, 104, 110]","[0, 40, 112]","[0, 552, 113]","[1, 40, 124]","[1, 132, 422]","[0, 40, 423]","[0, 71, 425]",220
"[1, 52, 0]","[0, 48, 5]","[1, 40, 5]","[1, 585, 26]","[0, 40, 28]","[0, 1500, 33]","[0, 1014, 33]","[1, 40, 35]","[1, 104, 88]","[0, 40, 89]","[0, 552, 91]","[1, 40, 103]","[1, 132, 327]","[0, 40, 328]","[1, 71, 329]",220
"[1, 52, 0]","[0, 48, 5]","[1, 40, 5]","[1, 558, 7]","[0, 40, 8]","[0, 1500, 13]","[0, 1013, 13]","[1, 40, 14]","[1, 104, 18]","[0, 40, 19]","[0, 552, 21]","[1, 40, 32]","[1, 132, 93]","[0, 40, 94]","[0, 71, 96]",220
"[1, 52, 0]","[0, 48, 5]","[1, 40, 6]","[1, 558, 9]","[0, 40, 10]","[0, 1500, 15]","[0, 1014, 15]","[1, 40, 15]","[1, 104, 20]","[0, 40, 21]","[0, 552, 23]","[1, 40, 34]","[1, 132, 143]","[0, 40, 144]","[0, 71, 145]",220
"[1, 52, 0]","[0, 48, 5]","[1, 40, 6]","[1, 617, 12]","[0, 40, 13]","[0, 1500, 17]","[0, 1014, 17]","[1, 40, 17]","[1, 104, 29]","[0, 40, 30]","[0, 552, 32]","[1, 40, 43]","[1, 132, 364]","[0, 40, 365]","[0, 71, 367]",220
"[1, 52, 0]","[0, 48, 4]","[1, 40, 5]","[1, 558, 15]","[0, 40, 16]","[0, 1500, 22]","[0, 1014, 22]","[1, 40, 23]","[1, 104, 30]","[0, 40, 32]","[0, 552, 34]","[1, 40, 46]","[1, 132, 167]","[0, 40, 168]","[1, 71, 168]",220
"[1, 52, 0]","[0, 48, 5]","[1, 40, 5]","[1, 649, 8]","[0, 40, 9]","[0, 1500, 14]","[0, 1014, 14]","[1, 40, 15]","[1, 104, 22]","[0, 40, 23]","[0, 552, 24]","[1, 40, 35]","[1, 132, 169]","[0, 40, 170]","[1, 71, 171]",220
"[1, 52, 0]","[0, 48, 4]","[1, 40, 6]","[1, 585, 12]","[0, 40, 13]","[0, 1500, 18]","[0, 1014, 18]","[1, 40, 19]","[1, 104, 90]","[0, 40, 91]","[0, 552, 93]","[1, 132, 100]","[1, 71, 100]","[0, 40, 100]","[0, 40, 100]",220
"[1, 52, 0]","[0, 48, 5]","[1, 40, 6]","[1, 585, 10]","[0, 40, 11]","[0, 1500, 16]","[0, 1015, 16]","[1, 40, 17]","[1, 104, 32]","[0, 40, 33]","[0, 552, 35]","[1, 40, 46]","[1, 132, 143]","[0, 40, 144]","[0, 71, 147]",220
"[1, 52, 0]","[0, 48, 4]","[1, 40, 4]","[1, 649, 15]","[0, 40, 15]","[0, 1500, 20]","[0, 1014, 20]","[1, 40, 21]","[1, 104, 32]","[0, 40, 34]","[0, 552, 35]","[1, 40, 47]","[1, 132, 278]","[1, 71, 278]","[0, 40, 279]",220
"[1, 52, 0]","[0, 48, 5]","[1, 40, 6]","[1, 585, 13]","[0, 40, 13]","[0, 1500, 18]","[0, 1015, 18]","[1, 40, 19]","[1, 104, 27]","[0, 40, 29]","[0, 552, 31]","[1, 40, 42]","[1, 132, 297]","[0, 40, 298]","[0, 71, 300]",220
"[1, 52, 0]","[0, 48, 5]","[1, 40, 7]","[1, 558, 23]","[0, 40, 25]","[0, 1500, 30]","[0, 1013, 30]","[1, 40, 32]","[1, 104, 48]","[0, 40, 50]","[0, 552, 51]","[1, 40, 64]","[1, 132, 331]","[0, 40, 332]","[0, 71, 334]",220
"[1, 52, 0]","[0, 48, 4]","[1, 40, 4]","[1, 558, 6]","[0, 40, 7]","[0, 1500, 12]","[0, 1014, 13]","[1, 40, 13]","[1, 104, 18]","[0, 40, 19]","[0, 552, 21]","[1, 40, 32]","[1, 132, 325]","[1, 71, 326]","[0, 40, 326]",220
"[1, 52, 0]","[0, 48, 4]","[1, 40, 5]","[1, 585, 20]","[0, 40, 21]","[0, 1500, 26]","[0, 1014, 26]","[1, 40, 27]","[1, 104, 36]","[0, 40, 36]","[0, 552, 38]","[1, 40, 49]","[1, 132, 246]","[0, 40, 247]","[1, 71, 248]",220
"[1, 52, 0]","[0, 48, 5]","[1, 40, 6]","[1, 649, 11]","[0, 40, 12]","[0, 1500, 16]","[0, 1014, 17]","[1, 40, 17]","[1, 104, 30]","[0, 40, 31]","[0, 552, 33]","[1, 40, 44]","[1, 132, 257]","[0, 40, 258]","[1, 71, 259]",220
"[1, 52, 0]","[0, 48, 3]","[1, 40, 4]","[1, 649, 11]","[0, 40, 12]","[0, 1500, 16]","[0, 1015, 16]","[1, 40, 16]","[1, 104, 28]","[0, 40, 28]","[0, 552, 30]","[1, 40, 42]","[1, 132, 375]","[0, 40, 376]","[1, 71, 378]",220
"[1, 52, 0]","[0, 48, 4]","[1, 40, 5]","[1, 585, 10]","[0, 40, 11]","[0, 1500, 15]","[0, 1014, 15]","[1, 40, 16]","[1, 104, 25]","[0, 40, 26]","[0, 552, 27]","[1, 40, 38]","[1, 132, 232]","[0, 40, 234]","[0, 71, 235]",220
"[1, 52, 0]","[0, 48, 3]","[1, 40, 4]","[1, 649, 7]","[0, 40, 8]","[0, 1500, 13]","[0, 1014, 13]","[1, 40, 14]","[1, 104, 21]","[0, 40, 22]","[0, 552, 24]","[1, 40, 35]","[1, 132, 129]","[0, 40, 130]","[1, 71, 130]",220
"[1, 52, 0]","[0, 48, 4]","[1, 40, 6]","[1, 617, 9]","[0, 40, 10]","[0, 1500, 15]","[0, 1014, 15]","[1, 40, 17]","[1, 104, 59]","[0, 40, 60]","[0, 552, 62]","[1, 40, 74]","[1, 132, 289]","[0, 40, 290]","[0, 71, 292]",220
"[1, 52, 0]","[0, 48, 4]","[1, 40, 5]","[1, 617, 7]","[0, 40, 7]","[0, 1500, 12]","[0, 1013, 12]","[1, 40, 13]","[1, 104, 18]","[0, 40, 19]","[0, 552, 21]","[1, 40, 32]","[1, 132, 217]","[0, 40, 218]","[1, 71, 219]",220
"[1, 52, 0]","[0, 48, 4]","[1, 40, 5]","[1, 585, 10]","[0, 40, 11]","[0, 1500, 15]","[0, 1015, 15]","[1, 40, 16]","[1, 104, 28]","[0, 40, 29]","[0, 552, 31]","[1, 40, 41]","[1, 132, 108]","[0, 40, 108]","[1, 71, 109]",220
"[1, 52, 0]","[0, 48, 5]","[1, 40, 5]","[1, 558, 8]","[0, 40, 9]","[0, 1500, 16]","[0, 1015, 16]","[1, 40, 16]","[1, 104, 27]","[0, 40, 29]","[0, 552, 30]","[1, 40, 42]","[1, 132, 202]","[0, 40, 202]","[0, 71, 204]",220
"[1, 52, 0]","[0, 48, 4]","[1, 40, 5]","[1, 617, 9]","[0, 40, 10]","[0, 1500, 15]","[0, 1013, 15]","[1, 40, 16]","[1, 104, 24]","[0, 40, 25]","[0, 552, 27]","[1, 40, 38]","[1, 132, 239]","[0, 40, 240]","[0, 71, 242]",220
"[1, 52, 0]","[0, 48, 4]","[1, 40, 5]","[1, 649, 6]","[0, 40, 7]","[0, 1500, 12]","[0, 1014, 12]","[1, 40, 13]","[1, 104, 23]","[0, 40, 24]","[0, 552, 26]","[1, 40, 38]","[1, 132, 431]","[0, 40, 432]","[1, 71, 433]",220
"[1, 52, 0]","[0, 48, 4]","[1, 40, 5]","[1, 558, 14]","[0, 40, 15]","[0, 1500, 19]","[0, 1014, 19]","[1, 40, 20]","[1, 104, 28]","[0, 40, 28]","[0, 552, 30]","[1, 40, 40]","[1, 132, 306]","[0, 40, 306]","[0, 71, 308]",220
"[1, 52, 0]","[0, 48, 5]","[1, 40, 6]","[1, 558, 20]","[0, 40, 22]","[0, 1500, 28]","[0, 1013, 28]","[1, 40, 29]","[1, 104, 57]","[0, 40, 58]","[0, 552, 60]","[1, 40, 72]","[1, 132, 308]","[0, 40, 309]","[0, 71, 310]",220
"[1, 52, 0]","[0, 48, 4]","[1, 40, 6]","[1, 649, 9]","[0, 40, 10]","[0, 1500, 15]","[0, 1015, 15]","[1, 40, 15]","[1, 104, 24]","[0, 40, 25]","[0, 552, 27]","[1, 40, 37]","[1, 132, 174]","[0, 40, 175]","[0, 71, 177]",220
"[1, 52, 0]","[0, 48, 5]","[1, 40, 5]","[1, 617, 9]","[0, 40, 10]","[0, 1500, 15]","[0, 1015, 15]","[1, 40, 16]","[1, 104, 28]","[0, 40, 29]","[0, 552, 31]","[1, 40, 41]","[1, 132, 124]","[0, 40, 125]","[1, 71, 126]",220
"[1, 52, 0]","[0, 48, 4]","[1, 40, 5]","[1, 585, 7]","[0, 40, 8]","[0, 1500, 12]","[0, 1014, 13]","[1, 40, 13]","[1, 104, 22]","[0, 40, 23]","[0, 552, 25]","[1, 40, 37]","[1, 132, 126]","[0, 40, 127]","[0, 71, 129]",220
"[1, 52, 0]","[0, 48, 4]","[1, 40, 5]","[1, 558, 13]","[0, 40, 13]","[0, 1500, 20]","[0, 1014, 20]","[1, 40, 21]","[1, 104, 29]","[0, 40, 30]","[0, 552, 32]","[1, 40, 43]","[1, 132, 177]","[1, 71, 177]","[0, 40, 178]",220
"[1, 52, 0]","[0, 48, 5]","[1, 40, 8]","[1, 585, 13]","[0, 40, 14]","[0, 1500, 18]","[0, 1014, 18]","[1, 40, 19]","[1, 104, 25]","[0, 40, 26]","[0, 552, 28]","[1, 40, 39]","[1, 132, 112]","[0, 40, 113]","[1, 71, 113]",220
"[1, 52, 0]","[0, 48, 4]","[1, 40, 5]","[1, 649, 8]","[0, 40, 8]","[0, 1500, 13]","[0, 1013, 14]","[1, 40, 14]","[1, 104, 19]","[0, 40, 20]","[0, 552, 22]","[1, 40, 33]","[1, 132, 257]","[0, 40, 258]","[1, 71, 258]",220
"[1, 52, 0]","[0, 48, 5]","[1, 40, 5]","[1, 585, 50]","[0, 40, 51]","[0, 1500, 57]","[0, 1014, 57]","[1, 40, 58]","[1, 104, 65]","[0, 40, 66]","[0, 552, 68]","[1, 40, 79]","[1, 132, 259]","[0, 40, 260]","[1, 71, 261]",220
"[1, 52, 0]","[0, 48, 8]","[1, 40, 9]","[1, 558, 14]","[0, 40, 15]","[0, 1500, 20]","[0, 1015, 20]","[1, 40, 21]","[1, 104, 33]","[0, 40, 34]","[0, 552, 36]","[1, 40, 46]","[1, 132, 1304]","[0, 40, 1305]","[0, 71, 1307]",220
"[1, 52, 0]","[0, 48, 4]","[1, 40, 5]","[1, 649, 11]","[0, 40, 12]","[0, 1500, 16]","[0, 1015, 16]","[1, 40, 17]","[1, 104, 24]","[0, 40, 25]","[0, 552, 27]","[1, 40, 38]","[1, 132, 201]","[0, 40, 202]","[1, 71, 203]",220
"[1, 52, 0]","[0, 48, 6]","[1, 40, 8]","[1, 585, 16]","[0, 40, 17]","[0, 1500, 23]","[0, 1013, 23]","[1, 40, 25]","[1, 104, 39]","[0, 40, 40]","[0, 552, 41]","[1, 40, 52]","[1, 132, 205]","[0, 40, 207]","[0, 71, 210]",220
"[1, 52, 0]","[0, 48, 5]","[1, 40, 6]","[1, 617, 7]","[0, 40, 8]","[0, 1500, 14]","[0, 1014, 14]","[1, 40, 15]","[1, 104, 52]","[0, 40, 53]","[0, 552, 55]","[1, 40, 66]","[1, 132, 175]","[0, 40, 176]","[1, 71, 176]",220
"[1, 52, 0]","[0, 48, 4]","[1, 40, 5]","[1, 617, 7]","[0, 40, 8]","[0, 1500, 13]","[0, 1014, 13]","[1, 40, 14]","[1, 104, 20]","[0, 40, 22]","[0, 552, 24]","[1, 40, 35]","[1, 132, 263]","[1, 71, 265]","[1, 518, 266]",220
"[1, 52, 0]","[0, 48, 4]","[1, 40, 5]","[1, 585, 8]","[0, 40, 9]","[0, 1500, 18]","[0, 1014, 18]","[1, 40, 19]","[1, 104, 27]","[0, 40, 28]","[0, 552, 30]","[1, 40, 40]","[1, 132, 212]","[0, 40, 213]","[0, 71, 215]",220
"[1, 52, 0]","[0, 48, 5]","[1, 40, 5]","[1, 585, 8]","[0, 40, 8]","[0, 1500, 14]","[0, 1014, 14]","[1, 40, 15]","[1, 104, 22]","[0, 40, 24]","[0, 552, 25]","[1, 40, 37]","[1, 132, 150]","[0, 40, 151]","[0, 71, 153]",220
"[1, 52, 0]","[0, 48, 4]","[1, 40, 5]","[1, 585, 17]","[0, 40, 18]","[0, 1500, 23]","[0, 1013, 23]","[1, 40, 24]","[1, 104, 32]","[0, 40, 33]","[0, 552, 34]","[1, 40, 45]","[1, 132, 269]","[0, 40, 270]","[0, 71, 271]",220
"[1, 52, 0]","[0, 48, 3]","[1, 40, 5]","[1, 649, 41]","[0, 40, 42]","[0, 1500, 47]","[0, 1014, 47]","[1, 40, 48]","[1, 104, 58]","[0, 40, 59]","[0, 552, 61]","[1, 40, 72]","[1, 132, 247]","[0, 40, 248]","[1, 71, 250]",220
"[1, 52, 0]","[0, 48, 5]","[1, 40, 6]","[1, 617, 9]","[0, 40, 10]","[0, 1500, 15]","[0, 1014, 16]","[1, 40, 17]","[1, 104, 23]","[0, 40, 24]","[0, 552, 26]","[1, 40, 38]","[1, 132, 217]","[0, 40, 218]","[0, 71, 220]",220
"[1, 52, 0]","[0, 48, 5]","[1, 40, 6]","[1, 558, 7]","[0, 40, 8]","[0, 1500, 14]","[0, 1014, 14]","[1, 40, 15]","[1, 104, 23]","[0, 40, 24]","[0, 552, 25]","[1, 40, 36]","[1, 132, 124]","[0, 40, 125]","[0, 71, 127]",220
"[1, 52, 0]","[0, 48, 4]","[1, 40, 5]","[1, 585, 19]","[0, 40, 20]","[0, 1500, 24]","[0, 1015, 24]","[1, 40, 24]","[1, 104, 101]","[0, 40, 102]","[0, 552, 104]","[1, 40, 115]","[1, 132, 178]","[0, 40, 179]","[0, 71, 181]",220
"[1, 52, 0]","[0, 48, 5]","[1, 40, 6]","[1, 585, 11]","[0, 40, 12]","[0, 1500, 18]","[0, 1013, 18]","[1, 40, 19]","[1, 104, 27]","[0, 40, 28]","[0, 552, 30]","[1, 40, 40]","[1, 132, 253]","[0, 40, 254]","[0, 71, 255]",220
"[1, 52, 0]","[0, 48, 4]","[1, 40, 6]","[1, 649, 16]","[0, 40, 16]","[0, 1500, 21]","[0, 1014, 21]","[1, 40, 22]","[1, 104, 31]","[0, 40, 32]","[0, 552, 34]","[1, 40, 45]","[1, 132, 263]","[0, 40, 264]","[0, 71, 265]",220
"[1, 52, 0]","[0, 48, 5]","[1, 40, 5]","[1, 585, 7]","[0, 40, 7]","[0, 1500, 13]","[0, 1015, 13]","[1, 40, 14]","[1, 104, 20]","[0, 40, 21]","[0, 552, 23]","[1, 40, 34]","[1, 132, 101]","[0, 40, 102]","[1, 71, 102]",220
"[1, 52, 0]","[0, 48, 3]","[1, 40, 4]","[1, 649, 10]","[0, 40, 11]","[0, 1500, 16]","[0, 1013, 16]","[1, 40, 17]","[1, 104, 29]","[0, 40, 30]","[0, 552, 32]","[1, 40, 44]","[1, 132, 145]","[0, 40, 146]","[1, 71, 147]",220
"[1, 52, 0]","[0, 48, 4]","[1, 40, 10]","[1, 558, 13]","[0, 40, 14]","[0, 1500, 18]","[0, 1014, 18]","[1, 40, 18]","[1, 104, 25]","[0, 40, 26]","[0, 552, 28]","[1, 40, 39]","[1, 132, 258]","[0, 40, 258]","[1, 71, 259]",220
"[1, 52, 0]","[0, 48, 5]","[1, 40, 5]","[1, 649, 9]","[0, 40, 10]","[0, 1500, 15]","[0, 1013, 15]","[1, 40, 15]","[1, 104, 22]","[0, 40, 23]","[0, 552, 25]","[1, 40, 35]","[1, 132, 91]","[0, 40, 92]","[1, 71, 93]",220
"[1, 52, 0]","[0, 48, 3]","[1, 40, 4]","[1, 558, 7]","[0, 40, 7]","[0, 1500, 14]","[0, 1014, 14]","[1, 40, 15]","[1, 104, 23]","[0, 40, 24]","[0, 552, 26]","[1, 40, 37]","[1, 132, 172]","[0, 40, 172]","[1, 71, 173]",220
"[1, 52, 0]","[0, 48, 6]","[1, 40, 7]","[1, 649, 14]","[0, 40, 16]","[0, 1500, 21]","[0, 1014, 21]","[1, 40, 22]","[1, 104, 39]","[0, 40, 41]","[0, 552, 42]","[1, 40, 53]","[1, 132, 161]","[0, 40, 162]","[1, 71, 163]",220
"[1, 52, 0]","[0, 48, 3]","[1, 40, 4]","[1, 617, 7]","[0, 40, 7]","[0, 1500, 14]","[0, 1013, 14]","[1, 40, 15]","[1, 104, 25]","[0, 40, 27]","[0, 552, 29]","[1, 40, 41]","[1, 132, 300]","[0, 40, 301]","[0, 71, 303]",220
"[1, 52, 0]","[0, 48, 4]","[1, 40, 6]","[1, 617, 12]","[0, 40, 12]","[0, 1500, 18]","[0, 1014, 18]","[1, 40, 18]","[1, 104, 26]","[0, 40, 28]","[0, 552, 29]","[1, 40, 41]","[1, 132, 245]","[0, 40, 246]","[0, 71, 248]",220
"[1, 52, 0]","[0, 48, 4]","[1, 40, 5]","[1, 585, 8]","[0, 40, 8]","[0, 1500, 14]","[0, 1015, 14]","[1, 40, 16]","[1, 104, 20]","[0, 40, 21]","[0, 552, 23]","[1, 40, 34]","[1, 132, 249]","[0, 40, 250]","[1, 71, 251]",220
"[1, 52, 0]","[0, 48, 4]","[1, 40, 5]","[1, 617, 8]","[0, 40, 8]","[0, 1500, 13]","[0, 1013, 13]","[1, 40, 13]","[1, 104, 20]","[0, 40, 21]","[0, 552, 23]","[1, 40, 33]","[1, 132, 116]","[0, 40, 117]","[0, 71, 118]",220
"[1, 52, 0]","[0, 48, 3]","[1, 40, 4]","[1, 585, 10]","[0, 40, 11]","[0, 1500, 14]","[0, 1014, 15]","[1, 40, 15]","[1, 104, 22]","[0, 40, 23]","[0, 552, 24]","[1, 40, 36]","[1, 132, 266]","[0, 40, 267]","[0, 71, 269]",220
"[1, 52, 0]","[0, 48, 5]","[1, 40, 5]","[1, 585, 40]","[0, 40, 42]","[0, 1500, 46]","[0, 1014, 46]","[1, 40, 46]","[1, 104, 148]","[0, 40, 150]","[0, 552, 152]","[1, 40, 162]","[1, 132, 180]","[0, 40, 180]","[0, 71, 182]",220
"[1, 52, 0]","[0, 48, 9]","[1, 40, 10]","[1, 617, 13]","[0, 40, 14]","[0, 1500, 20]","[0, 1014, 20]","[1, 40, 22]","[1, 104, 48]","[0, 40, 48]","[0, 552, 52]","[1, 40, 93]","[1, 132, 180]","[0, 40, 181]","[0, 71, 183]",220
"[1, 52, 0]","[0, 48, 4]","[1, 40, 5]","[1, 617, 15]","[0, 40, 16]","[0, 1500, 22]","[0, 1014, 22]","[1, 40, 23]","[1, 104, 36]","[0, 40, 37]","[0, 552, 39]","[1, 40, 50]","[1, 132, 243]","[1, 71, 244]","[0, 40, 244]",220
"[1, 52, 0]","[0, 48, 5]","[1, 40, 6]","[1, 558, 14]","[0, 40, 15]","[0, 1500, 20]","[0, 1014, 20]","[1, 40, 21]","[1, 104, 30]","[0, 40, 31]","[0, 552, 33]","[1, 40, 46]","[1, 132, 325]","[0, 40, 326]","[1, 71, 327]",220
"[1, 52, 0]","[0, 48, 5]","[1, 40, 7]","[1, 617, 119]","[0, 40, 120]","[0, 1500, 125]","[0, 1013, 125]","[1, 40, 129]","[1, 104, 155]","[0, 40, 156]","[0, 552, 158]","[1, 40, 169]","[1, 132, 301]","[0, 40, 302]","[0, 71, 307]",220
"[1, 52, 0]","[0, 48, 6]","[1, 40, 6]","[1, 558, 8]","[0, 40, 9]","[0, 1500, 15]","[0, 1015, 15]","[1, 40, 16]","[1, 104, 21]","[0, 40, 22]","[0, 552, 24]","[1, 40, 36]","[1, 132, 196]","[1, 71, 196]","[0, 40, 196]",220
"[1, 52, 0]","[0, 48, 4]","[1, 40, 5]","[1, 617, 15]","[0, 40, 16]","[0, 1500, 21]","[0, 1015, 21]","[1, 40, 23]","[1, 104, 34]","[0, 40, 35]","[0, 552, 37]","[1, 40, 49]","[1, 132, 276]","[0, 40, 277]","[0, 71, 279]",220
"[1, 52, 0]","[0, 48, 5]","[1, 40, 7]","[1, 558, 10]","[0, 40, 12]","[0, 1500, 19]","[0, 1014, 19]","[1, 40, 20]","[1, 104, 110]","[0, 40, 111]","[0, 552, 113]","[1, 40, 123]","[1, 132, 152]","[0, 40, 153]","[1, 71, 154]",220
"[1, 52, 0]","[0, 48, 4]","[1, 40, 5]","[1, 649, 13]","[0, 40, 16]","[0, 1500, 20]","[0, 1014, 21]","[1, 40, 22]","[1, 104, 44]","[0, 40, 46]","[0, 552, 48]","[1, 40, 59]","[1, 132, 242]","[0, 40, 243]","[1, 71, 244]",220
"[1, 52, 0]","[0, 48, 4]","[1, 40, 5]","[1, 649, 7]","[0, 40, 8]","[0, 1500, 14]","[0, 1014, 14]","[1, 40, 15]","[1, 104, 31]","[0, 40, 32]","[0, 552, 38]","[1, 40, 48]","[1, 132, 174]","[0, 40, 175]","[0, 71, 176]",220
"[1, 52, 0]","[0, 48, 4]","[1, 40, 5]","[1, 649, 6]","[0, 40, 7]","[0, 1500, 12]","[0, 1013, 12]","[1, 40, 13]","[1, 104, 102]","[0, 40, 103]","[0, 552, 105]","[1, 40, 115]","[1, 132, 254]","[0, 40, 254]","[1, 71, 256]",220
"[1, 52, 0]","[0, 48, 4]","[1, 40, 5]","[1, 617, 13]","[0, 40, 14]","[0, 1500, 17]","[0, 1013, 17]","[1, 40, 18]","[1, 104, 26]","[0, 40, 27]","[0, 552, 29]","[1, 40, 39]","[1, 132, 226]","[0, 40, 226]","[1, 71, 227]",220
"[1, 52, 0]","[0, 48, 3]","[1, 40, 3]","[1, 585, 7]","[0, 40, 7]","[0, 1500, 12]","[0, 1015, 12]","[1, 40, 13]","[1, 104, 19]","[0, 40, 20]","[0, 552, 22]","[1, 40, 32]","[1, 132, 82]","[0, 40, 82]","[0, 71, 84]",220
"[1, 52, 0]","[0, 48, 5]","[1, 40, 6]","[1, 585, 10]","[0, 40, 11]","[0, 1500, 16]","[0, 1014, 16]","[1, 40, 16]","[1, 104, 33]","[0, 40, 34]","[0, 552, 35]","[1, 40, 47]","[1, 132, 123]","[0, 40, 125]","[1, 71, 126]",220
"[1, 52, 0]","[0, 48, 5]","[1, 40, 5]","[1, 585, 7]","[0, 40, 8]","[0, 1500, 11]","[0, 1015, 12]","[1, 40, 12]","[1, 104, 18]","[0, 40, 19]","[0, 552, 21]","[1, 40, 34]","[1, 132, 124]","[1, 71, 124]","[0, 40, 124]",220
"[1, 52, 0]","[0, 48, 89]","[1, 40, 90]","[1, 649, 92]","[0, 40, 98]","[0, 1500, 103]","[0, 1014, 103]","[1, 40, 104]","[1, 104, 108]","[0, 40, 110]","[0, 552, 111]","[1, 40, 152]","[1, 132, 300]","[0, 40, 301]","[1, 71, 301]",220
"[1, 52, 0]","[0, 48, 4]","[1, 40, 5]","[1, 558, 6]","[0, 40, 7]","[0, 1500, 13]","[0, 1014, 13]","[1, 40, 14]","[1, 104, 19]","[0, 40, 20]","[0, 552, 22]","[1, 40, 33]","[1, 132, 143]","[0, 40, 144]","[1, 71, 145]",220
"[1, 52, 0]","[0, 48, 3]","[1, 40, 4]","[1, 617, 8]","[0, 40, 9]","[0, 1500, 14]","[0, 1014, 14]","[1, 40, 14]","[1, 104, 20]","[0, 40, 21]","[0, 552, 22]","[1, 40, 34]","[1, 132, 132]","[0, 40, 133]","[0, 71, 134]",220
"[1, 52, 0]","[0, 48, 4]","[1, 40, 5]","[1, 617, 21]","[0, 40, 22]","[0, 1500, 27]","[0, 1014, 27]","[1, 40, 28]","[1, 104, 35]","[0, 40, 37]","[0, 552, 38]","[1, 40, 49]","[1, 132, 75]","[0, 40, 76]","[0, 71, 78]",220
"[1, 52, 0]","[0, 48, 3]","[1, 40, 4]","[1, 649, 12]","[0, 40, 13]","[0, 1500, 17]","[0, 1014, 17]","[1, 40, 18]","[1, 104, 29]","[0, 40, 30]","[0, 552, 31]","[1, 40, 42]","[1, 132, 298]","[1, 71, 299]","[0, 40, 299]",220
"[1, 52, 0]","[0, 48, 3]","[1, 40, 4]","[1, 617, 7]","[0, 40, 8]","[0, 1500, 16]","[0, 1014, 16]","[1, 40, 17]","[1, 104, 22]","[0, 40, 23]","[0, 552, 25]","[1, 40, 36]","[1, 132, 195]","[0, 40, 195]","[0, 71, 197]",220
"[1, 52, 0]","[0, 48, 4]","[1, 40, 5]","[1, 617, 30]","[0, 40, 31]","[0, 1500, 36]","[0, 1014, 36]","[1, 40, 37]","[1, 104, 56]","[0, 40, 57]","[0, 552, 59]","[1, 40, 70]","[1, 132, 226]","[0, 40, 227]","[0, 71, 228]",220
"[1, 52, 0]","[0, 48, 4]","[1, 40, 5]","[1, 649, 6]","[0, 40, 7]","[0, 1500, 11]","[0, 1015, 11]","[1, 40, 12]","[1, 104, 17]","[0, 40, 18]","[0, 552, 20]","[1, 40, 32]","[1, 132, 302]","[0, 40, 303]","[0, 71, 305]",220
"[1, 52, 0]","[0, 48, 4]","[1, 40, 4]","[1, 617, 6]","[0, 40, 7]","[0, 1500, 12]","[0, 1015, 12]","[1, 40, 12]","[1, 104, 17]","[0, 40, 18]","[0, 552, 20]","[1, 40, 31]","[1, 132, 207]","[0, 40, 207]","[1, 71, 208]",220
"[1, 52, 0]","[0, 48, 5]","[1, 40, 6]","[1, 558, 8]","[0, 40, 9]","[0, 1500, 15]","[0, 1013, 15]","[1, 40, 17]","[1, 104, 25]","[0, 40, 26]","[0, 552, 29]","[1, 40, 40]","[1, 132, 287]","[1, 71, 288]","[0, 40, 289]",220
"[1, 52, 0]","[0, 48, 4]","[1, 40, 6]","[1, 585, 12]","[0, 40, 14]","[0, 1500, 18]","[0, 1014, 18]","[1, 40, 19]","[1, 104, 26]","[0, 40, 27]","[0, 552, 28]","[1, 40, 39]","[1, 132, 174]","[0, 40, 175]","[0, 71, 177]",220
"[1, 52, 0]","[0, 48, 5]","[1, 40, 6]","[1, 558, 13]","[0, 40, 14]","[0, 1500, 19]","[0, 1015, 19]","[1, 40, 20]","[1, 104, 86]","[0, 40, 87]","[0, 552, 88]","[1, 40, 100]","[1, 132, 107]","[0, 40, 108]","[1, 71, 108]",220
"[1, 52, 0]","[0, 48, 4]","[1, 40, 4]","[1, 649, 7]","[0, 40, 8]","[0, 1500, 14]","[0, 1013, 14]","[1, 40, 15]","[1, 104, 80]","[0, 40, 81]","[0, 552, 83]","[1, 40, 94]","[1, 132, 189]","[0, 40, 190]","[1, 71, 190]",220
"[1, 52, 0]","[0, 48, 5]","[1, 40, 6]","[1, 1935, 8]","[0, 40, 9]","[0, 40, 9]","[0, 1500, 14]","[0, 1500, 14]","[0, 1430, 14]","[1, 40, 15]","[1, 104, 27]","[0, 40, 28]","[0, 552, 29]","[1, 210, 29]","[1, 410, 30]",211
"[1, 52, 0]","[0, 48, 4]","[1, 40, 5]","[1, 1935, 7]","[0, 40, 7]","[0, 40, 7]","[0, 1500, 12]","[0, 1500, 13]","[0, 1432, 13]","[1, 40, 13]","[1, 104, 22]","[0, 40, 22]","[1, 210, 23]","[1, 410, 24]","[0, 552, 24]",211
"[1, 52, 0]","[0, 48, 4]","[1, 40, 5]","[1, 1935, 11]","[0, 40, 12]","[0, 1500, 17]","[0, 1500, 17]","[0, 1432, 17]","[1, 40, 17]","[1, 104, 56]","[0, 40, 56]","[0, 552, 59]","[1, 210, 66]","[1, 410, 66]","[0, 40, 66]",211
"[1, 52, 0]","[0, 48, 4]","[1, 40, 5]","[1, 1935, 6]","[0, 40, 7]","[0, 40, 7]","[0, 1500, 13]","[0, 1500, 13]","[0, 1430, 13]","[1, 40, 13]","[1, 40, 23]","[1, 104, 32]","[0, 40, 33]","[1, 210, 33]","[1, 410, 34]",211
"[1, 52, 0]","[0, 48, 4]","[1, 40, 5]","[1, 1935, 7]","[0, 40, 8]","[0, 40, 8]","[0, 1500, 13]","[0, 1500, 13]","[0, 1431, 13]","[1, 40, 14]","[1, 104, 29]","[1, 210, 30]","[0, 40, 30]","[1, 410, 30]","[0, 40, 30]",211
"[1, 52, 0]","[0, 48, 4]","[1, 40, 5]","[1, 1935, 9]","[0, 40, 10]","[0, 40, 10]","[0, 1500, 16]","[0, 1500, 16]","[0, 1431, 16]","[1, 40, 16]","[1, 104, 28]","[0, 40, 29]","[1, 210, 29]","[1, 410, 29]","[0, 40, 30]",211
"[1, 52, 0]","[0, 48, 4]","[1, 40, 5]","[1, 1935, 7]","[0, 40, 7]","[0, 40, 8]","[0, 1500, 14]","[0, 1500, 14]","[0, 1430, 14]","[1, 40, 15]","[1, 104, 32]","[0, 40, 32]","[1, 210, 33]","[1, 410, 33]","[0, 40, 34]",211
"[1, 52, 0]","[0, 48, 6]","[1, 40, 7]","[1, 1935, 9]","[0, 40, 10]","[0, 40, 10]","[0, 1500, 15]","[0, 1500, 15]","[0, 1431, 15]","[1, 40, 16]","[1, 104, 27]","[0, 40, 28]","[0, 552, 30]","[1, 210, 31]","[1, 410, 31]",211
"[1, 52, 0]","[0, 48, 4]","[1, 40, 5]","[1, 1935, 8]","[0, 40, 9]","[0, 1500, 15]","[0, 1500, 16]","[1, 40, 16]","[0, 1432, 16]","[1, 104, 28]","[0, 40, 29]","[0, 552, 31]","[1, 210, 36]","[1, 410, 36]","[1, 71, 36]",211
"[1, 52, 0]","[0, 48, 4]","[1, 40, 4]","[1, 1935, 6]","[0, 40, 7]","[0, 40, 7]","[0, 1500, 12]","[0, 1500, 12]","[1, 40, 12]","[0, 1430, 12]","[1, 104, 26]","[0, 40, 27]","[1, 210, 28]","[1, 410, 28]","[0, 552, 29]",211
"[1, 52, 0]","[0, 48, 4]","[1, 40, 4]","[1, 1935, 6]","[0, 40, 7]","[0, 1500, 13]","[0, 1500, 13]","[0, 1431, 13]","[1, 40, 13]","[1, 104, 30]","[0, 40, 31]","[0, 552, 32]","[1, 210, 33]","[1, 410, 33]","[0, 40, 34]",211
"[1, 52, 0]","[0, 48, 4]","[1, 40, 5]","[1, 1935, 7]","[0, 40, 8]","[0, 40, 8]","[0, 1500, 13]","[0, 1500, 13]","[0, 1432, 13]","[1, 40, 14]","[1, 104, 30]","[0, 40, 31]","[0, 552, 32]","[1, 210, 33]","[1, 410, 33]",211
"[1, 52, 0]","[0, 48, 4]","[1, 40, 5]","[1, 1935, 9]","[0, 40, 10]","[0, 40, 10]","[0, 1500, 16]","[0, 1500, 16]","[0, 1431, 16]","[1, 40, 17]","[1, 104, 25]","[0, 40, 26]","[1, 210, 26]","[1, 410, 27]","[0, 40, 27]",211
"[1, 52, 0]","[0, 48, 5]","[1, 40, 5]","[1, 1935, 6]","[0, 40, 7]","[0, 40, 7]","[0, 1500, 15]","[0, 1500, 15]","[0, 1432, 15]","[1, 40, 16]","[1, 104, 29]","[0, 40, 30]","[0, 552, 33]","[1, 210, 34]","[1, 410, 34]",211
"[1, 52, 0]","[0, 48, 4]","[1, 40, 5]","[1, 1935, 6]","[0, 40, 7]","[0, 40, 7]","[0, 1500, 12]","[0, 1500, 12]","[0, 1432, 12]","[1, 40, 13]","[1, 104, 24]","[0, 40, 25]","[1, 210, 26]","[1, 410, 26]","[0, 40, 27]",211
"[1, 52, 0]","[0, 48, 5]","[1, 40, 6]","[1, 1935, 9]","[0, 40, 10]","[0, 40, 10]","[0, 1500, 15]","[0, 1500, 15]","[0, 1432, 15]","[1, 40, 16]","[1, 104, 33]","[1, 210, 34]","[1, 410, 34]","[0, 40, 34]","[0, 40, 35]",211
"[1, 52, 0]","[0, 48, 3]","[1, 40, 4]","[1, 1935, 6]","[0, 40, 7]","[0, 1500, 12]","[0, 1500, 12]","[0, 1431, 12]","[1, 40, 13]","[1, 104, 25]","[1, 210, 27]","[0, 40, 27]","[1, 410, 27]","[0, 40, 27]","[0, 40, 28]",211
"[1, 52, 0]","[0, 48, 6]","[1, 40, 7]","[1, 1935, 8]","[0, 40, 8]","[0, 40, 9]","[0, 1500, 15]","[0, 1500, 16]","[0, 1431, 16]","[1, 40, 16]","[1, 104, 27]","[0, 40, 28]","[1, 210, 28]","[1, 410, 28]","[0, 40, 29]",211
"[1, 52, 0]","[0, 48, 3]","[1, 40, 4]","[1, 1935, 6]","[0, 40, 7]","[0, 40, 7]","[0, 1500, 13]","[0, 1500, 13]","[0, 1432, 13]","[1, 40, 13]","[1, 104, 32]","[0, 40, 33]","[1, 210, 34]","[1, 410, 35]","[0, 552, 35]",211
"[1, 52, 0]","[0, 48, 3]","[1, 40, 4]","[1, 1935, 6]","[0, 40, 7]","[0, 1500, 12]","[0, 1500, 12]","[0, 1431, 12]","[1, 40, 13]","[1, 104, 45]","[0, 40, 46]","[0, 552, 48]","[1, 210, 49]","[1, 410, 49]","[0, 40, 50]",211
"[1, 52, 0]","[0, 48, 5]","[1, 40, 6]","[1, 1935, 9]","[0, 40, 10]","[0, 1500, 15]","[0, 1500, 15]","[0, 1431, 15]","[1, 40, 16]","[1, 104, 30]","[0, 40, 31]","[1, 210, 33]","[0, 552, 33]","[0, 40, 33]","[1, 410, 33]",211
"[1, 52, 0]","[0, 48, 5]","[1, 40, 6]","[1, 1935, 7]","[0, 40, 8]","[0, 40, 8]","[0, 1500, 14]","[0, 1500, 14]","[0, 1431, 14]","[1, 40, 14]","[1, 104, 25]","[1, 210, 26]","[0, 40, 26]","[1, 410, 26]","[0, 40, 27]",211
"[1, 52, 0]","[0, 48, 5]","[1, 40, 5]","[1, 1935, 7]","[0, 40, 8]","[0, 40, 8]","[0, 1500, 13]","[0, 1500, 13]","[0, 1432, 13]","[1, 40, 14]","[1, 104, 22]","[1, 210, 23]","[0, 40, 23]","[1, 410, 23]","[0, 40, 24]",211
"[1, 52, 0]","[0, 48, 4]","[1, 40, 5]","[1, 1935, 6]","[0, 40, 7]","[0, 40, 7]","[0, 1500, 13]","[0, 1500, 13]","[0, 1429, 13]","[1, 40, 14]","[1, 104, 25]","[0, 40, 26]","[0, 552, 27]","[1, 210, 28]","[1, 410, 29]",211
"[1, 52, 0]","[0, 48, 4]","[1, 40, 5]","[1, 1935, 7]","[0, 40, 8]","[0, 40, 8]","[0, 1500, 13]","[0, 1500, 13]","[0, 1431, 13]","[1, 40, 14]","[1, 104, 24]","[0, 40, 25]","[1, 210, 25]","[1, 410, 25]","[0, 40, 26]",211
"[1, 52, 0]","[0, 48, 4]","[1, 40, 5]","[1, 1935, 7]","[0, 40, 8]","[0, 1500, 14]","[0, 1500, 15]","[0, 1431, 15]","[1, 40, 15]","[1, 104, 39]","[0, 40, 39]","[1, 210, 40]","[1, 410, 40]","[0, 40, 41]","[0, 552, 41]",211
"[1, 52, 0]","[0, 48, 5]","[1, 40, 5]","[1, 1935, 8]","[0, 40, 8]","[0, 40, 9]","[0, 1500, 13]","[0, 1500, 13]","[0, 1430, 13]","[1, 40, 14]","[1, 104, 54]","[0, 40, 55]","[0, 552, 57]","[1, 210, 60]","[1, 410, 60]",211
"[1, 52, 0]","[0, 48, 5]","[1, 40, 5]","[1, 1935, 8]","[0, 40, 9]","[0, 40, 9]","[0, 1500, 13]","[0, 1500, 13]","[0, 1431, 13]","[1, 40, 14]","[1, 104, 27]","[0, 40, 28]","[0, 552, 30]","[1, 210, 32]","[1, 410, 33]",211
"[1, 52, 0]","[0, 48, 3]","[1, 40, 4]","[1, 1935, 5]","[0, 40, 6]","[0, 1500, 11]","[0, 1500, 12]","[0, 1431, 12]","[1, 40, 12]","[1, 104, 25]","[0, 40, 26]","[1, 210, 26]","[1, 410, 26]","[0, 40, 27]","[0, 40, 27]",211
"[1, 52, 0]","[0, 48, 4]","[1, 40, 5]","[1, 1935, 8]","[0, 40, 9]","[0, 1500, 13]","[0, 1500, 14]","[0, 1431, 14]","[1, 40, 14]","[1, 104, 31]","[0, 40, 32]","[1, 210, 34]","[0, 552, 34]","[1, 410, 34]","[0, 40, 35]",211
"[1, 52, 0]","[0, 48, 3]","[1, 40, 4]","[1, 1935, 6]","[0, 40, 7]","[0, 1500, 12]","[0, 1500, 13]","[0, 1432, 13]","[1, 40, 13]","[1, 104, 36]","[0, 40, 37]","[1, 210, 39]","[1, 410, 39]","[0, 552, 39]","[0, 40, 39]",211
"[1, 52, 0]","[0, 48, 4]","[1, 40, 5]","[1, 1935, 7]","[0, 40, 8]","[0, 40, 8]","[0, 1500, 13]","[0, 1500, 13]","[0, 1432, 13]","[1, 40, 14]","[1, 104, 28]","[0, 40, 29]","[1, 210, 30]","[0, 552, 31]","[0, 40, 31]",211
"[1, 52, 0]","[0, 48, 3]","[1, 40, 4]","[1, 1935, 5]","[0, 40, 6]","[0, 40, 6]","[0, 1500, 12]","[0, 1500, 12]","[0, 1431, 12]","[1, 40, 12]","[1, 40, 26]","[1, 104, 30]","[0, 40, 30]","[0, 552, 33]","[1, 210, 36]",211
"[1, 52, 0]","[0, 48, 5]","[1, 40, 5]","[1, 1935, 8]","[0, 40, 8]","[0, 40, 8]","[0, 1500, 14]","[0, 1500, 14]","[0, 1431, 14]","[1, 40, 15]","[1, 104, 37]","[0, 40, 38]","[1, 210, 39]","[1, 410, 39]","[0, 40, 40]",211
"[1, 52, 0]","[0, 48, 4]","[1, 40, 5]","[1, 1935, 6]","[0, 40, 7]","[0, 1500, 12]","[0, 1500, 12]","[0, 1431, 12]","[1, 40, 12]","[1, 104, 42]","[0, 40, 43]","[0, 552, 45]","[1, 210, 45]","[1, 410, 45]","[0, 40, 46]",211
"[1, 52, 0]","[0, 48, 5]","[1, 40, 6]","[1, 1935, 7]","[0, 40, 8]","[0, 40, 9]","[0, 1500, 14]","[0, 1500, 15]","[0, 1431, 15]","[1, 40, 15]","[1, 104, 25]","[0, 40, 26]","[1, 210, 27]","[1, 410, 27]","[0, 552, 28]",211
"[1, 52, 0]","[0, 48, 5]","[1, 40, 5]","[1, 1935, 6]","[0, 40, 7]","[0, 40, 7]","[0, 1500, 12]","[0, 1500, 12]","[0, 1432, 12]","[1, 40, 12]","[1, 104, 23]","[0, 40, 24]","[1, 210, 24]","[1, 410, 25]","[0, 40, 25]",211
"[1, 52, 0]","[0, 48, 5]","[1, 40, 5]","[1, 1935, 7]","[0, 40, 8]","[0, 1500, 14]","[0, 1500, 14]","[1, 40, 14]","[0, 1432, 14]","[1, 40, 27]","[1, 104, 34]","[0, 40, 35]","[1, 210, 36]","[1, 410, 36]","[0, 552, 37]",211
"[1, 52, 0]","[0, 48, 6]","[1, 40, 6]","[1, 1935, 8]","[0, 40, 8]","[0, 40, 9]","[0, 1500, 16]","[0, 1500, 16]","[0, 1432, 16]","[1, 40, 16]","[1, 104, 31]","[0, 40, 32]","[1, 210, 32]","[1, 410, 32]","[0, 40, 32]",211
"[1, 52, 0]","[0, 48, 5]","[1, 40, 5]","[1, 1935, 7]","[0, 40, 9]","[0, 40, 9]","[0, 1500, 13]","[0, 1500, 13]","[0, 1431, 14]","[1, 40, 14]","[1, 104, 22]","[0, 40, 23]","[1, 210, 23]","[1, 410, 23]","[0, 40, 24]",211
"[1, 52, 0]","[0, 48, 5]","[1, 40, 6]","[1, 1935, 8]","[0, 40, 9]","[0, 1500, 14]","[0, 1500, 14]","[1, 40, 14]","[0, 1431, 14]","[1, 104, 24]","[1, 210, 25]","[0, 40, 25]","[1, 410, 25]","[0, 40, 26]","[0, 40, 26]",211
"[1, 52, 0]","[0, 48, 3]","[1, 40, 4]","[1, 1935, 29]","[0, 40, 30]","[0, 40, 31]","[0, 1500, 36]","[0, 1500, 36]","[0, 1431, 36]","[1, 40, 37]","[1, 104, 56]","[0, 40, 57]","[0, 552, 58]","[1, 210, 59]","[1, 410, 59]",211
"[1, 52, 0]","[0, 48, 5]","[1, 40, 5]","[1, 1935, 6]","[0, 40, 7]","[0, 40, 7]","[0, 1500, 12]","[0, 1500, 13]","[0, 1430, 13]","[1, 40, 13]","[1, 104, 23]","[0, 40, 24]","[1, 210, 24]","[1, 410, 24]","[0, 40, 25]",211
"[1, 52, 0]","[0, 48, 4]","[1, 40, 4]","[1, 1935, 6]","[0, 40, 7]","[0, 40, 7]","[0, 1500, 12]","[0, 1500, 12]","[0, 1431, 12]","[1, 40, 12]","[1, 104, 22]","[0, 40, 23]","[1, 210, 24]","[1, 410, 25]","[0, 40, 25]",211
"[1, 52, 0]","[0, 48, 5]","[1, 40, 6]","[1, 1935, 8]","[0, 40, 10]","[0, 40, 10]","[0, 1500, 17]","[0, 1500, 17]","[0, 1431, 17]","[1, 40, 18]","[1, 104, 29]","[0, 40, 30]","[1, 210, 32]","[1, 410, 32]","[0, 40, 33]",211
"[1, 52, 0]","[0, 48, 4]","[1, 40, 5]","[1, 1935, 6]","[0, 40, 7]","[0, 40, 7]","[0, 1500, 13]","[0, 1500, 13]","[0, 1430, 13]","[1, 40, 13]","[1, 104, 32]","[1, 210, 33]","[1, 410, 33]","[0, 40, 33]","[0, 40, 34]",211
"[1, 52, 0]","[0, 48, 6]","[1, 40, 7]","[1, 1935, 10]","[0, 40, 11]","[0, 1500, 19]","[0, 1500, 19]","[0, 1431, 19]","[1, 40, 20]","[1, 104, 37]","[0, 40, 39]","[1, 210, 39]","[1, 410, 39]","[0, 40, 39]","[0, 40, 40]",211
"[1, 52, 0]","[0, 48, 4]","[1, 40, 5]","[1, 1935, 10]","[0, 40, 12]","[0, 1500, 15]","[0, 1500, 15]","[0, 1431, 16]","[1, 40, 16]","[1, 104, 27]","[1, 210, 28]","[1, 410, 28]","[0, 40, 28]","[0, 40, 29]","[0, 40, 29]",211
"[1, 52, 0]","[0, 48, 6]","[1, 40, 6]","[1, 1935, 8]","[0, 40, 9]","[0, 1500, 15]","[0, 1500, 15]","[0, 1430, 15]","[1, 40, 15]","[1, 104, 36]","[1, 210, 37]","[0, 40, 37]","[1, 410, 38]","[0, 40, 38]","[0, 552, 41]",211
"[1, 52, 0]","[0, 48, 4]","[1, 40, 5]","[1, 1935, 6]","[0, 40, 6]","[0, 1500, 13]","[0, 1500, 14]","[0, 1432, 14]","[1, 40, 14]","[1, 104, 28]","[0, 40, 29]","[1, 210, 29]","[0, 40, 30]","[0, 552, 30]","[0, 71, 32]",211
"[1, 52, 0]","[0, 48, 4]","[1, 40, 4]","[1, 1935, 6]","[0, 40, 7]","[0, 40, 7]","[0, 1500, 12]","[0, 1500, 12]","[1, 40, 13]","[0, 1432, 13]","[1, 40, 29]","[1, 104, 73]","[0, 40, 74]","[0, 552, 76]","[1, 210, 77]",211
"[1, 52, 0]","[0, 48, 4]","[1, 40, 5]","[1, 1935, 8]","[0, 40, 9]","[0, 40, 9]","[0, 1500, 14]","[0, 1500, 14]","[0, 1432, 14]","[1, 40, 15]","[1, 104, 31]","[0, 40, 32]","[0, 552, 34]","[1, 210, 35]","[1, 410, 35]",211
"[1, 52, 0]","[0, 48, 4]","[1, 40, 5]","[1, 1935, 8]","[0, 40, 9]","[0, 40, 9]","[0, 1500, 15]","[0, 1500, 15]","[0, 1430, 15]","[1, 40, 16]","[1, 40, 33]","[1, 104, 39]","[0, 40, 40]","[1, 210, 40]","[1, 410, 40]",211
"[1, 52, 0]","[0, 48, 4]","[1, 40, 4]","[1, 1935, 8]","[0, 40, 9]","[0, 1500, 13]","[0, 1500, 13]","[0, 1432, 13]","[1, 40, 13]","[1, 104, 22]","[0, 40, 24]","[1, 210, 24]","[1, 410, 24]","[0, 40, 25]","[0, 40, 25]",211
"[1, 52, 0]","[0, 48, 4]","[1, 40, 4]","[1, 1935, 6]","[0, 40, 7]","[0, 1500, 13]","[0, 1500, 13]","[0, 1431, 13]","[1, 40, 13]","[1, 104, 25]","[1, 210, 26]","[1, 410, 26]","[0, 40, 27]","[0, 40, 27]","[0, 40, 27]",211
"[1, 52, 0]","[0, 48, 12]","[1, 40, 13]","[1, 1935, 16]","[0, 40, 17]","[0, 40, 17]","[0, 1500, 22]","[0, 1500, 22]","[1, 40, 22]","[0, 1431, 23]","[1, 104, 70]","[0, 40, 71]","[1, 210, 72]","[1, 410, 72]","[0, 40, 73]",211
"[1, 52, 0]","[0, 48, 6]","[1, 40, 7]","[1, 1935, 10]","[0, 40, 11]","[0, 40, 11]","[0, 1500, 18]","[0, 1500, 18]","[0, 1431, 18]","[1, 40, 19]","[1, 104, 35]","[0, 40, 36]","[0, 552, 37]","[1, 210, 40]","[1, 410, 41]",211
"[1, 52, 0]","[0, 48, 5]","[1, 40, 5]","[1, 1935, 7]","[0, 40, 7]","[0, 40, 7]","[0, 1500, 14]","[0, 1500, 14]","[0, 1432, 14]","[1, 40, 14]","[1, 104, 33]","[0, 40, 34]","[0, 552, 35]","[1, 210, 35]","[1, 410, 35]",211
"[1, 52, 0]","[0, 48, 3]","[1, 40, 4]","[1, 1935, 5]","[0, 40, 6]","[0, 40, 6]","[0, 1500, 12]","[0, 1500, 12]","[0, 1430, 12]","[1, 40, 12]","[1, 104, 30]","[0, 40, 31]","[1, 210, 31]","[1, 410, 31]","[0, 40, 32]",211
"[1, 52, 0]","[0, 48, 5]","[1, 40, 5]","[1, 1935, 6]","[0, 40, 7]","[0, 40, 7]","[0, 1500, 11]","[0, 1500, 11]","[0, 1430, 11]","[1, 40, 11]","[1, 104, 23]","[0, 40, 25]","[1, 210, 25]","[1, 410, 25]","[0, 40, 26]",211
"[1, 52, 0]","[0, 48, 5]","[1, 40, 6]","[1, 1935, 9]","[0, 40, 10]","[0, 40, 10]","[0, 1500, 16]","[0, 1500, 16]","[0, 1431, 16]","[1, 40, 16]","[1, 104, 27]","[0, 40, 28]","[1, 210, 29]","[0, 40, 30]","[1, 410, 30]",211
"[1, 52, 0]","[0, 48, 4]","[1, 40, 4]","[1, 1935, 6]","[0, 40, 6]","[0, 40, 6]","[0, 1500, 11]","[0, 1500, 11]","[0, 1431, 11]","[1, 40, 11]","[1, 104, 20]","[1, 210, 21]","[0, 40, 21]","[0, 40, 21]","[1, 410, 21]",211
"[1, 52, 0]","[0, 48, 5]","[1, 40, 5]","[1, 1935, 6]","[0, 40, 7]","[0, 40, 7]","[0, 1500, 11]","[0, 1500, 11]","[0, 1431, 11]","[1, 40, 12]","[1, 104, 22]","[0, 40, 23]","[0, 552, 25]","[1, 210, 25]","[1, 410, 25]",211
"[1, 52, 0]","[0, 48, 5]","[1, 40, 6]","[1, 1935, 9]","[0, 40, 9]","[0, 40, 9]","[0, 1500, 17]","[0, 1500, 17]","[0, 1431, 17]","[1, 40, 18]","[1, 104, 66]","[0, 40, 67]","[0, 552, 69]","[1, 210, 69]","[1, 410, 69]",211
"[1, 52, 0]","[0, 48, 5]","[1, 40, 6]","[1, 1935, 8]","[0, 40, 8]","[0, 40, 8]","[0, 1500, 14]","[0, 1500, 14]","[0, 1432, 14]","[1, 40, 14]","[1, 104, 26]","[1, 210, 27]","[1, 410, 28]","[0, 40, 28]","[0, 40, 28]",211
"[1, 52, 0]","[0, 48, 4]","[1, 40, 5]","[1, 1935, 6]","[0, 40, 7]","[0, 40, 7]","[0, 1500, 11]","[0, 1500, 11]","[0, 1431, 11]","[1, 40, 12]","[1, 104, 22]","[0, 40, 22]","[1, 210, 24]","[1, 410, 24]","[0, 552, 24]",211
"[1, 52, 0]","[0, 48, 4]","[1, 40, 4]","[1, 1935, 6]","[0, 40, 7]","[0, 40, 7]","[0, 1500, 12]","[0, 1500, 12]","[0, 1432, 12]","[1, 40, 13]","[1, 104, 31]","[0, 40, 32]","[1, 210, 33]","[1, 410, 33]","[0, 552, 33]",211
"[1, 52, 0]","[0, 48, 4]","[1, 40, 4]","[1, 1935, 6]","[0, 40, 6]","[0, 1500, 12]","[0, 1500, 12]","[0, 1432, 12]","[1, 40, 13]","[1, 104, 29]","[0, 40, 30]","[1, 210, 31]","[1, 410, 31]","[0, 552, 31]","[0, 40, 31]",211
"[1, 52, 0]","[0, 48, 4]","[1, 40, 5]","[1, 1935, 7]","[0, 40, 8]","[0, 1500, 14]","[0, 1500, 14]","[0, 1432, 14]","[1, 40, 15]","[1, 104, 35]","[0, 40, 37]","[0, 552, 38]","[1, 210, 43]","[1, 410, 44]","[0, 40, 44]",211
"[1, 52, 0]","[0, 48, 4]","[1, 40, 4]","[1, 1935, 7]","[0, 40, 8]","[0, 40, 8]","[0, 1500, 16]","[0, 1500, 16]","[0, 1430, 16]","[1, 40, 17]","[1, 104, 37]","[0, 40, 38]","[1, 210, 38]","[1, 410, 38]","[0, 40, 39]",211
"[1, 52, 0]","[0, 48, 4]","[1, 40, 5]","[1, 1935, 8]","[0, 40, 9]","[0, 1500, 17]","[0, 1500, 17]","[0, 1430, 17]","[1, 40, 17]","[1, 104, 44]","[0, 40, 45]","[1, 210, 45]","[1, 410, 46]","[0, 552, 47]","[0, 40, 47]",211
"[1, 52, 0]","[0, 48, 4]","[1, 40, 5]","[1, 1935, 8]","[0, 40, 9]","[0, 40, 10]","[0, 1500, 14]","[0, 1500, 14]","[0, 1431, 14]","[1, 40, 15]","[1, 104, 23]","[1, 210, 24]","[0, 40, 24]","[1, 410, 24]","[0, 40, 24]",211
"[1, 52, 0]","[0, 48, 5]","[1, 40, 6]","[1, 1935, 7]","[0, 40, 8]","[0, 1500, 13]","[0, 1500, 13]","[0, 1431, 13]","[1, 40, 13]","[1, 104, 34]","[0, 40, 36]","[1, 210, 37]","[1, 410, 37]","[0, 552, 37]","[0, 40, 38]",211
"[1, 52, 0]","[0, 48, 4]","[1, 40, 5]","[1, 1935, 7]","[0, 40, 8]","[0, 40, 8]","[0, 1500, 13]","[0, 1500, 13]","[0, 1431, 13]","[1, 40, 13]","[1, 104, 26]","[1, 210, 27]","[1, 410, 27]","[0, 40, 27]","[0, 40, 28]",211
"[1, 52, 0]","[0, 48, 5]","[1, 40, 6]","[1, 1935, 13]","[0, 40, 14]","[0, 40, 14]","[0, 1500, 18]","[0, 1500, 18]","[0, 1430, 18]","[1, 40, 20]","[1, 104, 42]","[0, 40, 43]","[1, 210, 44]","[1, 410, 44]","[0, 40, 45]",211
"[1, 52, 0]","[0, 48, 4]","[1, 40, 5]","[1, 1935, 11]","[0, 40, 12]","[0, 40, 12]","[0, 1500, 18]","[0, 1500, 18]","[0, 1432, 18]","[1, 40, 18]","[1, 104, 32]","[1, 210, 33]","[1, 410, 33]","[0, 40, 33]","[0, 40, 34]",211
"[1, 52, 0]","[0, 48, 4]","[1, 40, 4]","[1, 1935, 6]","[0, 40, 7]","[0, 40, 7]","[0, 1500, 13]","[0, 1500, 13]","[0, 1431, 13]","[1, 40, 13]","[1, 104, 37]","[0, 40, 38]","[0, 552, 39]","[1, 210, 47]","[1, 410, 47]",211
"[1, 52, 0]","[0, 48, 4]","[1, 40, 4]","[1, 1935, 6]","[0, 40, 7]","[0, 40, 7]","[0, 1500, 11]","[0, 1500, 11]","[0, 1431, 12]","[1, 40, 12]","[1, 104, 21]","[0, 40, 23]","[1, 210, 24]","[1, 410, 24]","[0, 552, 24]",211
"[1, 52, 0]","[0, 48, 5]","[1, 40, 6]","[1, 1935, 9]","[0, 40, 10]","[0, 1500, 16]","[0, 1500, 16]","[0, 1431, 16]","[1, 40, 16]","[1, 104, 24]","[0, 40, 25]","[1, 210, 26]","[1, 410, 26]","[0, 40, 27]","[0, 552, 27]",211
"[1, 52, 0]","[0, 48, 6]","[1, 40, 6]","[1, 1935, 8]","[0, 40, 9]","[0, 40, 9]","[0, 1500, 15]","[0, 1500, 16]","[0, 1432, 16]","[1, 40, 16]","[1, 104, 34]","[0, 40, 35]","[1, 210, 36]","[1, 410, 36]","[0, 40, 37]",211
"[1, 52, 0]","[0, 48, 3]","[1, 40, 4]","[1, 1935, 6]","[0, 40, 6]","[0, 40, 6]","[0, 1500, 13]","[0, 1500, 13]","[0, 1431, 13]","[1, 40, 13]","[1, 104, 55]","[0, 40, 57]","[0, 552, 59]","[1, 210, 70]","[1, 410, 70]",211
"[1, 52, 0]","[0, 48, 5]","[1, 40, 5]","[1, 1935, 7]","[0, 40, 8]","[0, 40, 8]","[0, 1500, 14]","[0, 1500, 14]","[0, 1430, 14]","[1, 40, 15]","[1, 104, 23]","[1, 210, 24]","[1, 410, 24]","[0, 40, 24]","[0, 40, 25]",211
"[1, 52, 0]","[0, 48, 4]","[1, 40, 4]","[1, 1935, 6]","[0, 40, 7]","[0, 1500, 12]","[0, 1500, 12]","[0, 1432, 12]","[1, 40, 13]","[1, 104, 25]","[1, 210, 26]","[0, 40, 26]","[1, 410, 27]","[0, 40, 27]","[0, 40, 27]",211
"[1, 52, 0]","[0, 48, 4]","[1, 40, 4]","[1, 1935, 6]","[0, 40, 7]","[0, 40, 7]","[0, 1500, 12]","[0, 1500, 12]","[0, 1430, 12]","[1, 40, 12]","[1, 104, 29]","[1, 210, 30]","[1, 410, 30]","[0, 40, 30]","[0, 40, 31]",211
"[1, 52, 0]","[0, 48, 4]","[1, 40, 5]","[1, 1935, 8]","[0, 40, 9]","[0, 40, 9]","[0, 1500, 15]","[0, 1500, 15]","[0, 1430, 15]","[1, 40, 16]","[1, 104, 25]","[0, 40, 26]","[1, 210, 27]","[1, 410, 27]","[0, 40, 28]",211
"[1, 52, 0]","[0, 48, 4]","[1, 40, 5]","[1, 1935, 9]","[0, 40, 10]","[0, 1500, 14]","[0, 1500, 14]","[0, 1430, 14]","[1, 40, 15]","[1, 104, 33]","[0, 40, 34]","[1, 210, 35]","[1, 410, 35]","[0, 552, 36]","[0, 40, 36]",211
"[1, 52, 0]","[0, 48, 4]","[1, 40, 5]","[1, 1935, 7]","[0, 40, 8]","[0, 40, 8]","[0, 1500, 13]","[0, 1500, 13]","[0, 1432, 13]","[1, 40, 14]","[1, 104, 23]","[1, 210, 24]","[1, 410, 24]","[0, 40, 24]","[0, 40, 25]",211
"[1, 52, 0]","[0, 48, 4]","[1, 40, 4]","[1, 1935, 5]","[0, 40, 6]","[0, 40, 6]","[0, 1500, 12]","[0, 1500, 12]","[0, 1431, 12]","[1, 40, 12]","[1, 104, 31]","[0, 40, 32]","[0, 552, 33]","[1, 210, 35]","[1, 410, 35]",211
"[1, 52, 0]","[0, 48, 4]","[1, 40, 5]","[1, 1935, 7]","[0, 40, 7]","[0, 40, 8]","[0, 1500, 13]","[0, 1500, 13]","[0, 1431, 13]","[1, 40, 14]","[1, 104, 28]","[0, 40, 28]","[1, 210, 29]","[1, 410, 29]","[0, 40, 30]",211
"[1, 52, 0]","[0, 48, 5]","[1, 40, 5]","[1, 1935, 6]","[0, 40, 7]","[0, 40, 8]","[0, 1500, 15]","[0, 1500, 15]","[0, 1432, 15]","[1, 40, 15]","[1, 104, 31]","[0, 40, 32]","[0, 552, 34]","[1, 210, 35]","[1, 410, 35]",211
"[1, 52, 0]","[0, 48, 4]","[1, 40, 5]","[1, 1935, 8]","[0, 40, 9]","[0, 1500, 15]","[0, 1500, 15]","[0, 1432, 15]","[1, 40, 15]","[1, 104, 32]","[1, 210, 33]","[1, 410, 33]","[0, 40, 34]","[0, 40, 34]","[0, 40, 34]",211
"[1, 52, 0]","[0, 48, 5]","[1, 40, 6]","[1, 1935, 8]","[0, 40, 9]","[0, 40, 9]","[0, 1500, 15]","[0, 1500, 15]","[0, 1431, 15]","[1, 40, 16]","[1, 104, 26]","[0, 40, 27]","[1, 210, 28]","[1, 410, 28]","[0, 552, 29]",211
"[1, 52, 0]","[0, 48, 4]","[1, 40, 4]","[1, 1935, 5]","[0, 40, 6]","[0, 40, 6]","[0, 1500, 11]","[0, 1500, 11]","[0, 1431, 11]","[1, 40, 11]","[1, 104, 27]","[0, 40, 28]","[0, 552, 30]","[1, 210, 31]","[1, 410, 31]",211
"[1, 52, 0]","[0, 48, 4]","[1, 40, 4]","[1, 1935, 6]","[0, 40, 7]","[0, 40, 7]","[0, 1500, 14]","[0, 1500, 14]","[0, 1432, 14]","[1, 40, 15]","[1, 104, 36]","[1, 210, 37]","[1, 410, 37]","[0, 40, 37]","[0, 40, 38]",211
"[1, 52, 0]","[0, 48, 4]","[1, 40, 5]","[1, 1935, 6]","[0, 40, 7]","[0, 1500, 12]","[0, 1500, 13]","[0, 1431, 13]","[1, 40, 14]","[1, 104, 29]","[0, 40, 30]","[0, 552, 32]","[1, 210, 32]","[1, 410, 33]","[0, 40, 33]",211
"[1, 52, 0]","[0, 48, 3]","[1, 40, 5]","[1, 1935, 12]","[0, 40, 13]","[0, 40, 13]","[0, 1500, 17]","[0, 1500, 17]","[0, 1431, 17]","[1, 40, 17]","[1, 104, 72]","[0, 40, 74]","[0, 552, 75]","[1, 210, 76]","[1, 410, 77]",211
"[1, 52, 0]","[0, 48, 5]","[1, 40, 5]","[1, 1935, 7]","[0, 40, 8]","[0, 1500, 14]","[0, 1500, 14]","[0, 1430, 14]","[1, 40, 14]","[1, 104, 26]","[0, 40, 27]","[1, 210, 27]","[1, 410, 27]","[0, 40, 28]","[0, 40, 28]",211
"[1, 52, 0]","[0, 48, 4]","[1, 40, 4]","[1, 1935, 6]","[0, 40, 6]","[0, 1500, 12]","[0, 1500, 12]","[0, 1432, 12]","[1, 40, 13]","[1, 104, 28]","[0, 40, 29]","[1, 210, 29]","[1, 410, 30]","[0, 40, 30]","[0, 40, 30]",211
"[1, 52, 0]","[0, 48, 5]","[1, 40, 6]","[1, 1935, 9]","[0, 40, 10]","[0, 1500, 15]","[0, 1500, 15]","[0, 1432, 16]","[1, 40, 16]","[1, 104, 29]","[0, 40, 30]","[0, 552, 32]","[1, 210, 32]","[1, 410, 33]","[0, 40, 33]",211
"[1, 52, 0]","[0, 48, 5]","[1, 40, 5]","[1, 1935, 8]","[0, 40, 9]","[0, 1500, 13]","[0, 1500, 13]","[1, 40, 14]","[0, 1430, 14]","[1, 104, 26]","[0, 40, 27]","[1, 210, 28]","[1, 410, 28]","[0, 40, 28]","[0, 40, 28]",211
"[1, 52, 0]","[0, 48, 4]","[1, 40, 5]","[1, 1950, 22]","[0, 40, 24]","[0, 1500, 30]","[0, 1500, 30]","[0, 628, 30]","[1, 40, 31]","[1, 104, 53]","[0, 40, 54]","[1, 132, 54]","[1, 375, 55]","[0, 552, 55]","[0, 40, 55]",212
"[1, 52, 0]","[0, 48, 4]","[1, 40, 5]","[1, 1950, 6]","[0, 40, 7]","[0, 40, 7]","[0, 1500, 12]","[0, 1500, 12]","[0, 627, 12]","[1, 40, 12]","[1, 104, 22]","[1, 132, 23]","[0, 40, 23]","[1, 375, 23]","[0, 40, 24]",212
"[1, 52, 0]","[0, 48, 5]","[1, 40, 6]","[1, 1950, 9]","[0, 40, 10]","[0, 40, 10]","[0, 1500, 15]","[0, 1500, 15]","[0, 629, 16]","[1, 40, 16]","[1, 104, 23]","[0, 40, 24]","[1, 132, 26]","[1, 375, 26]","[0, 552, 26]",212
"[1, 52, 0]","[0, 48, 5]","[1, 40, 6]","[1, 1950, 7]","[0, 40, 8]","[0, 40, 8]","[0, 1500, 15]","[0, 1500, 15]","[0, 629, 15]","[1, 40, 16]","[1, 104, 22]","[1, 132, 23]","[0, 40, 23]","[1, 375, 23]","[0, 40, 24]",212
"[1, 52, 0]","[0, 48, 7]","[1, 40, 7]","[1, 1950, 8]","[0, 40, 9]","[0, 40, 9]","[0, 1500, 18]","[0, 1500, 18]","[0, 627, 18]","[1, 40, 19]","[1, 104, 25]","[0, 40, 27]","[1, 132, 27]","[1, 375, 28]","[0, 40, 29]",212
"[1, 52, 0]","[0, 48, 5]","[1, 40, 6]","[1, 1950, 24]","[0, 40, 25]","[0, 1500, 31]","[0, 1500, 31]","[1, 40, 31]","[0, 628, 31]","[1, 104, 37]","[1, 132, 38]","[0, 40, 38]","[1, 375, 39]","[0, 40, 39]","[0, 40, 39]",212
"[1, 52, 0]","[0, 48, 4]","[1, 40, 5]","[1, 1950, 6]","[0, 40, 7]","[0, 40, 8]","[0, 1500, 14]","[0, 1500, 14]","[0, 629, 14]","[1, 40, 14]","[1, 104, 21]","[1, 132, 22]","[1, 375, 22]","[0, 40, 22]","[0, 40, 22]",212
"[1, 52, 0]","[0, 48, 5]","[1, 40, 6]","[1, 1950, 10]","[0, 40, 11]","[0, 1500, 16]","[0, 1500, 16]","[0, 627, 16]","[1, 40, 17]","[1, 104, 26]","[0, 40, 27]","[1, 132, 28]","[1, 375, 28]","[0, 552, 29]","[0, 40, 29]",212
"[1, 52, 0]","[0, 48, 4]","[1, 40, 5]","[1, 1950, 9]","[0, 40, 10]","[0, 40, 10]","[0, 1500, 16]","[0, 1500, 16]","[0, 629, 16]","[1, 40, 17]","[1, 104, 36]","[0, 40, 37]","[1, 132, 37]","[1, 375, 38]","[0, 40, 38]",212
"[1, 52, 0]","[0, 48, 4]","[1, 40, 5]","[1, 1950, 7]","[0, 40, 8]","[0, 1500, 13]","[0, 1500, 13]","[0, 629, 13]","[1, 40, 13]","[1, 104, 22]","[0, 40, 23]","[1, 132, 24]","[1, 375, 24]","[0, 40, 24]","[0, 40, 24]",212
"[1, 52, 0]","[0, 48, 5]","[1, 40, 5]","[1, 1950, 7]","[0, 40, 8]","[0, 40, 8]","[0, 1500, 15]","[0, 1500, 15]","[0, 628, 15]","[1, 40, 16]","[1, 104, 24]","[1, 132, 25]","[0, 40, 25]","[1, 375, 25]","[0, 40, 27]",212
"[1, 52, 0]","[0, 48, 4]","[1, 40, 5]","[1, 1950, 7]","[0, 40, 7]","[0, 40, 8]","[0, 1500, 14]","[0, 1500, 15]","[0, 627, 15]","[1, 40, 15]","[1, 104, 24]","[0, 40, 24]","[1, 132, 25]","[1, 375, 25]","[0, 40, 26]",212
"[1, 52, 0]","[0, 48, 4]","[1, 40, 5]","[1, 1950, 7]","[0, 40, 8]","[0, 40, 8]","[0, 1500, 13]","[0, 1500, 13]","[1, 40, 14]","[0, 628, 14]","[1, 40, 25]","[1, 104, 29]","[0, 40, 29]","[0, 552, 31]","[1, 132, 32]",212
"[1, 52, 0]","[0, 48, 5]","[1, 40, 6]","[1, 1950, 11]","[0, 40, 12]","[0, 1500, 18]","[0, 1500, 18]","[0, 627, 18]","[1, 40, 18]","[1, 104, 26]","[0, 40, 27]","[1, 132, 28]","[1, 375, 28]","[0, 552, 29]","[0, 40, 29]",212
"[1, 52, 0]","[0, 48, 4]","[1, 40, 5]","[1, 1950, 6]","[0, 40, 7]","[0, 40, 7]","[0, 1500, 14]","[0, 1500, 14]","[0, 629, 14]","[1, 40, 14]","[1, 104, 33]","[0, 40, 34]","[1, 132, 34]","[1, 375, 35]","[0, 40, 35]",212
"[1, 52, 0]","[0, 48, 4]","[1, 40, 5]","[1, 1950, 6]","[0, 40, 7]","[0, 40, 7]","[0, 1500, 13]","[0, 1500, 14]","[0, 628, 14]","[1, 40, 14]","[1, 104, 63]","[0, 40, 64]","[1, 132, 65]","[0, 552, 66]","[1, 375, 66]",212
"[1, 52, 0]","[0, 48, 3]","[1, 40, 4]","[1, 1950, 5]","[0, 40, 6]","[0, 1500, 10]","[0, 1500, 10]","[0, 628, 10]","[1, 40, 11]","[1, 104, 17]","[0, 40, 18]","[1, 132, 18]","[1, 375, 18]","[0, 40, 19]","[0, 552, 19]",212
"[1, 52, 0]","[0, 48, 3]","[1, 40, 4]","[1, 1950, 9]","[0, 40, 11]","[0, 1500, 17]","[0, 1500, 17]","[0, 628, 17]","[1, 40, 18]","[1, 104, 29]","[0, 40, 30]","[0, 552, 31]","[1, 132, 35]","[1, 375, 36]","[1, 71, 36]",212
"[1, 52, 0]","[0, 48, 4]","[1, 40, 5]","[1, 1950, 8]","[0, 40, 9]","[0, 40, 9]","[0, 1500, 15]","[0, 1500, 15]","[0, 627, 15]","[1, 40, 16]","[1, 104, 37]","[1, 132, 38]","[0, 40, 38]","[1, 375, 38]","[0, 40, 39]",212
"[1, 52, 0]","[0, 48, 5]","[1, 40, 6]","[1, 1950, 7]","[0, 40, 8]","[0, 40, 8]","[0, 1500, 14]","[0, 1500, 14]","[0, 628, 14]","[1, 40, 15]","[1, 104, 28]","[0, 40, 29]","[1, 132, 30]","[1, 375, 31]","[0, 552, 31]",212
"[1, 52, 0]","[0, 48, 8]","[1, 40, 8]","[1, 1950, 10]","[0, 40, 11]","[0, 1500, 18]","[0, 1500, 18]","[0, 629, 18]","[1, 40, 19]","[1, 104, 27]","[0, 40, 28]","[1, 132, 28]","[1, 375, 29]","[0, 40, 29]","[0, 40, 30]",212
"[1, 52, 0]","[0, 48, 4]","[1, 40, 4]","[1, 1950, 6]","[0, 40, 7]","[0, 40, 7]","[0, 1500, 12]","[0, 1500, 12]","[0, 629, 12]","[1, 40, 13]","[1, 104, 22]","[0, 40, 23]","[0, 552, 25]","[1, 132, 28]","[1, 375, 28]",212
"[1, 52, 0]","[0, 48, 4]","[1, 40, 5]","[1, 1950, 6]","[0, 40, 7]","[0, 1500, 12]","[0, 1500, 12]","[0, 628, 12]","[1, 40, 13]","[1, 104, 28]","[0, 40, 29]","[1, 132, 30]","[1, 375, 30]","[0, 40, 31]","[0, 40, 31]",212
"[1, 52, 0]","[0, 48, 4]","[1, 40, 5]","[1, 1950, 8]","[0, 40, 8]","[0, 40, 8]","[0, 1500, 15]","[0, 1500, 15]","[0, 627, 15]","[1, 40, 16]","[1, 104, 26]","[0, 40, 26]","[0, 552, 29]","[1, 132, 29]","[1, 375, 29]",212
"[1, 52, 0]","[0, 48, 7]","[1, 40, 9]","[1, 1950, 12]","[0, 40, 13]","[0, 40, 13]","[0, 1500, 20]","[0, 1500, 20]","[0, 629, 20]","[1, 40, 21]","[1, 104, 29]","[0, 40, 30]","[0, 552, 32]","[1, 132, 35]","[1, 375, 36]",212
"[1, 52, 0]","[0, 48, 5]","[1, 40, 5]","[1, 1950, 8]","[0, 40, 9]","[0, 40, 9]","[0, 1500, 14]","[0, 1500, 14]","[0, 628, 14]","[1, 40, 15]","[1, 104, 24]","[0, 40, 25]","[1, 132, 25]","[1, 375, 25]","[0, 40, 26]",212
"[1, 52, 0]","[0, 48, 5]","[1, 40, 6]","[1, 1950, 10]","[0, 40, 11]","[0, 40, 11]","[0, 1500, 16]","[0, 1500, 16]","[0, 629, 16]","[1, 40, 17]","[1, 104, 23]","[0, 40, 24]","[1, 132, 25]","[1, 375, 25]","[0, 552, 25]",212
"[1, 52, 0]","[0, 48, 3]","[1, 40, 4]","[1, 1950, 6]","[0, 40, 7]","[0, 40, 7]","[0, 1500, 12]","[0, 1500, 12]","[0, 627, 12]","[1, 40, 13]","[1, 104, 40]","[0, 40, 41]","[1, 132, 42]","[1, 375, 42]","[0, 552, 42]",212
"[1, 52, 0]","[0, 48, 4]","[1, 40, 5]","[1, 1950, 6]","[0, 40, 7]","[0, 1500, 13]","[0, 1500, 13]","[0, 628, 13]","[1, 40, 14]","[1, 104, 20]","[0, 40, 20]","[1, 132, 21]","[1, 375, 21]","[0, 40, 22]","[0, 40, 22]",212
"[1, 52, 0]","[0, 48, 4]","[1, 40, 6]","[1, 1950, 7]","[0, 40, 8]","[0, 40, 8]","[0, 1500, 14]","[0, 1500, 14]","[0, 628, 14]","[1, 40, 14]","[1, 104, 21]","[0, 40, 23]","[1, 132, 23]","[1, 375, 23]","[0, 552, 24]",212
"[1, 52, 0]","[0, 48, 6]","[1, 40, 7]","[1, 1950, 12]","[0, 40, 13]","[0, 1500, 21]","[0, 1500, 21]","[0, 627, 21]","[1, 40, 22]","[1, 104, 66]","[0, 40, 67]","[0, 552, 69]","[1, 132, 70]","[1, 375, 70]","[0, 40, 71]",212
"[1, 52, 0]","[0, 48, 4]","[1, 40, 5]","[1, 1950, 7]","[0, 40, 8]","[0, 1500, 14]","[0, 1500, 14]","[0, 627, 14]","[1, 40, 15]","[1, 104, 20]","[0, 40, 20]","[0, 552, 23]","[1, 132, 23]","[1, 375, 23]","[0, 40, 24]",212
"[1, 52, 0]","[0, 48, 5]","[1, 40, 6]","[1, 1950, 7]","[0, 40, 8]","[0, 40, 8]","[0, 1500, 14]","[0, 1500, 15]","[0, 627, 15]","[1, 40, 15]","[1, 104, 22]","[0, 40, 24]","[1, 132, 24]","[1, 375, 25]","[0, 40, 25]",212
"[1, 52, 0]","[0, 48, 7]","[1, 40, 7]","[1, 1950, 9]","[0, 40, 10]","[0, 40, 10]","[0, 1500, 16]","[0, 1500, 16]","[0, 628, 16]","[1, 40, 16]","[1, 104, 24]","[0, 40, 25]","[1, 132, 26]","[0, 552, 27]","[1, 375, 27]",212
"[1, 52, 0]","[0, 48, 4]","[1, 40, 5]","[1, 1950, 9]","[0, 40, 10]","[0, 1500, 16]","[0, 1500, 16]","[0, 628, 16]","[1, 40, 16]","[1, 104, 46]","[0, 40, 48]","[1, 132, 48]","[1, 375, 49]","[0, 40, 49]","[0, 552, 49]",212
"[1, 52, 0]","[0, 48, 4]","[1, 40, 5]","[1, 1950, 7]","[0, 40, 8]","[0, 40, 8]","[0, 1500, 14]","[0, 1500, 14]","[0, 627, 14]","[1, 40, 15]","[1, 104, 25]","[0, 40, 25]","[1, 132, 27]","[1, 375, 27]","[0, 552, 27]",212
"[1, 52, 0]","[0, 48, 7]","[1, 40, 8]","[1, 1950, 12]","[0, 40, 12]","[0, 40, 13]","[0, 1500, 18]","[0, 1500, 19]","[0, 628, 19]","[1, 40, 19]","[1, 104, 26]","[0, 40, 27]","[1, 132, 27]","[1, 375, 27]","[0, 40, 28]",212
"[1, 52, 0]","[0, 48, 4]","[1, 40, 5]","[1, 1950, 6]","[0, 40, 7]","[0, 40, 7]","[0, 1500, 13]","[0, 1500, 13]","[0, 628, 13]","[1, 40, 13]","[1, 104, 22]","[0, 40, 22]","[1, 132, 23]","[1, 375, 23]","[0, 40, 24]",212
"[1, 52, 0]","[0, 48, 4]","[1, 40, 5]","[1, 1950, 7]","[0, 40, 7]","[0, 40, 8]","[0, 1500, 13]","[0, 1500, 13]","[0, 628, 13]","[1, 40, 14]","[1, 104, 20]","[1, 132, 21]","[0, 40, 21]","[1, 375, 21]","[0, 40, 22]",212
"[1, 52, 0]","[0, 48, 4]","[1, 40, 5]","[1, 1950, 10]","[0, 40, 10]","[0, 40, 10]","[0, 1500, 16]","[0, 1500, 16]","[0, 629, 16]","[1, 40, 16]","[1, 104, 25]","[0, 40, 26]","[1, 132, 26]","[1, 375, 27]","[0, 40, 27]",212
"[1, 52, 0]","[0, 48, 5]","[1, 40, 5]","[1, 1950, 8]","[0, 40, 9]","[0, 40, 9]","[0, 1500, 15]","[0, 1500, 15]","[0, 627, 15]","[1, 40, 16]","[1, 104, 24]","[1, 132, 25]","[1, 375, 25]","[0, 40, 25]","[0, 40, 26]",212
"[1, 52, 0]","[0, 48, 4]","[1, 40, 5]","[1, 1950, 7]","[0, 40, 8]","[0, 40, 8]","[0, 1500, 13]","[0, 1500, 13]","[0, 627, 13]","[1, 40, 13]","[1, 104, 22]","[0, 40, 23]","[1, 132, 24]","[1, 375, 24]","[0, 40, 25]",212
"[1, 52, 0]","[0, 48, 4]","[1, 40, 5]","[1, 1950, 10]","[0, 40, 11]","[0, 40, 11]","[0, 1500, 18]","[0, 1500, 18]","[0, 628, 18]","[1, 40, 19]","[1, 104, 28]","[0, 40, 29]","[1, 132, 31]","[1, 375, 31]","[0, 552, 31]",212
"[1, 52, 0]","[0, 48, 5]","[1, 40, 6]","[1, 1950, 8]","[0, 40, 8]","[0, 1500, 14]","[0, 1500, 14]","[0, 628, 14]","[1, 40, 14]","[1, 104, 29]","[1, 132, 30]","[0, 40, 30]","[1, 375, 30]","[0, 40, 31]","[0, 40, 31]",212
"[1, 52, 0]","[0, 48, 4]","[1, 40, 5]","[1, 1950, 6]","[0, 40, 6]","[0, 40, 6]","[0, 1500, 12]","[0, 1500, 12]","[0, 627, 12]","[1, 40, 13]","[1, 104, 39]","[0, 40, 40]","[1, 132, 40]","[1, 375, 40]","[0, 40, 41]",212
"[1, 52, 0]","[0, 48, 4]","[1, 40, 5]","[1, 1950, 8]","[0, 40, 9]","[0, 40, 9]","[0, 1500, 15]","[0, 1500, 15]","[0, 628, 15]","[1, 40, 15]","[1, 104, 23]","[0, 40, 24]","[1, 132, 25]","[1, 375, 25]","[0, 40, 26]",212
"[1, 52, 0]","[0, 48, 3]","[1, 40, 3]","[1, 1950, 5]","[0, 40, 6]","[0, 1500, 12]","[0, 1500, 12]","[0, 628, 12]","[1, 40, 12]","[1, 104, 20]","[0, 40, 20]","[1, 132, 21]","[1, 375, 21]","[0, 40, 22]","[0, 40, 22]",212
"[1, 52, 0]","[0, 48, 4]","[1, 40, 5]","[1, 1950, 7]","[0, 40, 7]","[0, 40, 8]","[0, 1500, 13]","[0, 1500, 13]","[0, 628, 14]","[1, 40, 14]","[1, 40, 29]","[1, 104, 32]","[1, 132, 33]","[0, 40, 33]","[1, 375, 33]",212
"[1, 52, 0]","[0, 48, 5]","[1, 40, 6]","[1, 1950, 9]","[0, 40, 9]","[0, 1500, 15]","[0, 1500, 15]","[0, 628, 15]","[1, 40, 16]","[1, 104, 23]","[0, 40, 24]","[1, 132, 25]","[1, 375, 25]","[0, 40, 25]","[0, 40, 25]",212
"[1, 52, 0]","[0, 48, 4]","[1, 40, 4]","[1, 1950, 6]","[0, 40, 6]","[0, 1500, 12]","[0, 1500, 12]","[0, 627, 12]","[1, 40, 13]","[1, 104, 23]","[0, 40, 25]","[1, 132, 25]","[0, 40, 26]","[0, 552, 27]","[1, 375, 27]",212
"[1, 52, 0]","[0, 48, 4]","[1, 40, 5]","[1, 1950, 6]","[0, 40, 7]","[0, 40, 8]","[0, 1500, 12]","[0, 1500, 12]","[0, 628, 12]","[1, 40, 12]","[1, 104, 18]","[0, 40, 18]","[1, 132, 19]","[1, 375, 19]","[0, 40, 19]",212
"[1, 52, 0]","[0, 48, 5]","[1, 40, 6]","[1, 1950, 9]","[0, 40, 10]","[0, 40, 10]","[0, 1500, 18]","[0, 1500, 18]","[0, 629, 18]","[1, 40, 19]","[1, 104, 26]","[0, 40, 27]","[1, 132, 27]","[1, 375, 28]","[0, 40, 28]",212
"[1, 52, 0]","[0, 48, 4]","[1, 40, 5]","[1, 1950, 6]","[0, 40, 7]","[0, 40, 7]","[0, 1500, 12]","[0, 1500, 13]","[0, 629, 13]","[1, 40, 13]","[1, 104, 31]","[0, 40, 32]","[1, 132, 32]","[1, 375, 32]","[0, 40, 33]",212
"[1, 52, 0]","[0, 48, 4]","[1, 40, 5]","[1, 1950, 7]","[0, 40, 8]","[0, 40, 8]","[0, 1500, 14]","[0, 1500, 14]","[0, 627, 14]","[1, 40, 15]","[1, 104, 21]","[0, 40, 22]","[1, 132, 23]","[0, 552, 23]","[1, 375, 23]",212
"[1, 52, 0]","[0, 48, 4]","[1, 40, 5]","[1, 1950, 6]","[0, 40, 7]","[0, 40, 7]","[0, 1500, 13]","[0, 1500, 13]","[0, 628, 13]","[1, 40, 13]","[1, 104, 21]","[0, 40, 22]","[1, 132, 23]","[1, 375, 23]","[0, 552, 23]",212
"[1, 52, 0]","[0, 48, 5]","[1, 40, 5]","[1, 1950, 10]","[0, 40, 11]","[0, 40, 11]","[0, 1500, 16]","[0, 1500, 16]","[0, 628, 16]","[1, 40, 17]","[1, 104, 23]","[1, 132, 24]","[1, 375, 24]","[0, 40, 24]","[0, 40, 25]",212
"[1, 52, 0]","[0, 48, 5]","[1, 40, 6]","[1, 1950, 8]","[0, 40, 9]","[0, 40, 9]","[0, 1500, 14]","[0, 1500, 14]","[0, 629, 15]","[1, 40, 15]","[1, 104, 22]","[1, 132, 24]","[0, 40, 24]","[1, 375, 24]","[0, 40, 25]",212
"[1, 52, 0]","[0, 48, 10]","[1, 40, 13]","[1, 1950, 17]","[0, 40, 18]","[0, 40, 19]","[0, 1500, 25]","[0, 1500, 25]","[0, 628, 25]","[1, 40, 26]","[1, 104, 43]","[0, 40, 44]","[0, 552, 49]","[1, 40, 92]","[1, 132, 120]",212
"[1, 52, 0]","[0, 48, 4]","[1, 40, 5]","[1, 1950, 9]","[0, 40, 10]","[0, 40, 10]","[0, 1500, 15]","[0, 1500, 15]","[0, 628, 15]","[1, 40, 16]","[1, 104, 26]","[1, 132, 28]","[0, 40, 28]","[1, 375, 28]","[0, 40, 29]",212
"[1, 52, 0]","[0, 48, 5]","[1, 40, 5]","[1, 1950, 6]","[0, 40, 8]","[0, 40, 8]","[0, 1500, 13]","[0, 1500, 14]","[0, 628, 14]","[1, 40, 14]","[1, 104, 26]","[0, 40, 27]","[0, 552, 28]","[1, 132, 29]","[1, 375, 29]",212
"[1, 52, 0]","[0, 48, 4]","[1, 40, 4]","[1, 1950, 5]","[0, 40, 6]","[0, 40, 6]","[0, 1500, 12]","[0, 1500, 12]","[0, 628, 12]","[1, 40, 13]","[1, 104, 20]","[0, 40, 21]","[1, 132, 23]","[1, 375, 23]","[0, 552, 23]",212
"[1, 52, 0]","[0, 48, 4]","[1, 40, 5]","[1, 1950, 9]","[0, 40, 9]","[0, 40, 10]","[0, 1500, 14]","[0, 1500, 14]","[0, 629, 14]","[1, 40, 17]","[1, 104, 26]","[0, 40, 27]","[1, 132, 29]","[0, 552, 29]","[0, 40, 29]",212
"[1, 52, 0]","[0, 48, 5]","[1, 40, 6]","[1, 1950, 7]","[0, 40, 9]","[0, 1500, 14]","[0, 1500, 14]","[0, 628, 14]","[1, 40, 14]","[1, 40, 26]","[1, 104, 33]","[1, 132, 34]","[1, 375, 34]","[0, 40, 34]","[0, 40, 34]",212
"[1, 52, 0]","[0, 48, 5]","[1, 40, 6]","[1, 1950, 7]","[0, 40, 8]","[0, 40, 8]","[0, 1500, 14]","[0, 1500, 14]","[0, 629, 14]","[1, 40, 14]","[1, 104, 26]","[0, 40, 27]","[1, 132, 28]","[0, 552, 28]","[1, 375, 28]",212
"[1, 52, 0]","[0, 48, 4]","[1, 40, 4]","[1, 1950, 5]","[0, 40, 7]","[0, 1500, 11]","[0, 1500, 11]","[0, 627, 11]","[1, 40, 12]","[1, 104, 25]","[1, 132, 26]","[0, 40, 26]","[1, 375, 26]","[0, 40, 26]","[0, 40, 27]",212
"[1, 52, 0]","[0, 48, 5]","[1, 40, 6]","[1, 1950, 8]","[0, 40, 9]","[0, 40, 9]","[0, 1500, 14]","[0, 1500, 14]","[0, 628, 14]","[1, 40, 15]","[1, 104, 24]","[0, 40, 26]","[1, 132, 27]","[1, 375, 27]","[0, 552, 27]",212
"[1, 52, 0]","[0, 48, 5]","[1, 40, 5]","[1, 1950, 7]","[0, 40, 8]","[0, 40, 8]","[0, 1500, 14]","[0, 1500, 14]","[0, 628, 14]","[1, 40, 14]","[1, 104, 28]","[0, 40, 29]","[0, 552, 31]","[1, 132, 31]","[1, 375, 31]",212
"[1, 52, 0]","[0, 48, 4]","[1, 40, 5]","[1, 1950, 6]","[0, 40, 7]","[0, 40, 7]","[0, 1500, 12]","[0, 1500, 12]","[0, 628, 12]","[1, 40, 13]","[1, 104, 21]","[0, 40, 22]","[1, 132, 23]","[1, 375, 23]","[0, 40, 23]",212
"[1, 52, 0]","[0, 48, 5]","[1, 40, 6]","[1, 1950, 7]","[0, 40, 8]","[0, 1500, 13]","[0, 1500, 14]","[0, 627, 14]","[1, 40, 14]","[1, 104, 29]","[0, 40, 30]","[1, 132, 31]","[1, 375, 31]","[0, 40, 32]","[0, 40, 32]",212
"[1, 52, 0]","[0, 48, 4]","[1, 40, 5]","[1, 1950, 7]","[0, 40, 8]","[0, 40, 8]","[0, 1500, 14]","[0, 1500, 14]","[0, 628, 14]","[1, 40, 15]","[1, 104, 22]","[0, 40, 23]","[1, 132, 24]","[1, 375, 24]","[0, 40, 25]",212
"[1, 52, 0]","[0, 48, 4]","[1, 40, 5]","[1, 1950, 7]","[0, 40, 8]","[0, 40, 8]","[0, 1500, 13]","[0, 1500, 13]","[0, 627, 13]","[1, 40, 14]","[1, 104, 27]","[0, 40, 27]","[0, 552, 30]","[1, 132, 32]","[1, 375, 32]",212
"[1, 52, 0]","[0, 48, 6]","[1, 40, 6]","[1, 1950, 8]","[0, 40, 9]","[0, 1500, 15]","[0, 1500, 15]","[0, 628, 15]","[1, 40, 15]","[1, 104, 22]","[0, 40, 23]","[0, 552, 25]","[1, 40, 36]","[1, 132, 36]","[1, 375, 36]",212
"[1, 52, 0]","[0, 48, 3]","[1, 40, 4]","[1, 1950, 6]","[0, 40, 7]","[0, 1500, 11]","[0, 1500, 11]","[0, 628, 11]","[1, 40, 12]","[1, 104, 23]","[0, 40, 25]","[0, 552, 26]","[1, 132, 27]","[1, 375, 28]","[0, 40, 28]",212
"[1, 52, 0]","[0, 48, 5]","[1, 40, 6]","[1, 1950, 9]","[0, 40, 10]","[0, 1500, 15]","[0, 1500, 15]","[0, 628, 15]","[1, 40, 16]","[1, 104, 35]","[0, 40, 37]","[1, 132, 37]","[1, 375, 37]","[0, 40, 38]","[0, 552, 38]",212
"[1, 52, 0]","[0, 48, 3]","[1, 40, 4]","[1, 1950, 5]","[0, 40, 5]","[0, 40, 5]","[0, 1500, 11]","[0, 1500, 11]","[0, 629, 11]","[1, 40, 12]","[1, 104, 20]","[0, 40, 21]","[1, 132, 22]","[1, 375, 22]","[0, 552, 22]",212
"[1, 52, 0]","[0, 48, 4]","[1, 40, 5]","[1, 1950, 7]","[0, 40, 8]","[0, 1500, 14]","[0, 1500, 14]","[0, 628, 14]","[1, 40, 14]","[1, 104, 22]","[0, 40, 23]","[0, 552, 25]","[1, 132, 25]","[1, 375, 26]","[0, 40, 27]",212
"[1, 52, 0]","[0, 48, 5]","[1, 40, 6]","[1, 1950, 7]","[0, 40, 8]","[0, 40, 8]","[0, 1500, 13]","[0, 1500, 14]","[0, 626, 14]","[1, 40, 14]","[1, 104, 24]","[0, 40, 25]","[0, 552, 27]","[1, 132, 27]","[1, 375, 27]",212
"[1, 52, 0]","[0, 48, 5]","[1, 40, 5]","[1, 1950, 6]","[0, 40, 7]","[0, 40, 8]","[0, 1500, 13]","[0, 1500, 13]","[0, 628, 13]","[1, 40, 13]","[1, 104, 24]","[1, 132, 25]","[1, 375, 25]","[0, 40, 25]","[0, 40, 26]",212
"[1, 52, 0]","[0, 48, 4]","[1, 40, 5]","[1, 1950, 6]","[0, 40, 6]","[0, 1500, 12]","[0, 1500, 12]","[0, 628, 12]","[1, 40, 13]","[1, 104, 17]","[0, 40, 18]","[1, 132, 19]","[1, 375, 19]","[0, 552, 20]","[0, 40, 20]",212
"[1, 52, 0]","[0, 48, 5]","[1, 40, 5]","[1, 1950, 8]","[0, 40, 9]","[0, 40, 9]","[0, 1500, 14]","[0, 1500, 14]","[0, 629, 14]","[1, 40, 14]","[1, 104, 24]","[0, 40, 25]","[1, 132, 26]","[1, 375, 26]","[0, 40, 27]",212
"[1, 52, 0]","[0, 48, 4]","[1, 40, 5]","[1, 1950, 6]","[0, 40, 7]","[0, 40, 7]","[0, 1500, 12]","[0, 1500, 12]","[0, 629, 12]","[1, 40, 13]","[1, 104, 26]","[0, 40, 28]","[1, 132, 28]","[1, 375, 28]","[0, 40, 29]",212
"[1, 52, 0]","[0, 48, 3]","[1, 40, 4]","[1, 1950, 6]","[0, 40, 7]","[0, 1500, 11]","[0, 1500, 11]","[0, 628, 11]","[1, 40, 12]","[1, 104, 37]","[0, 40, 38]","[1, 132, 39]","[1, 375, 39]","[0, 40, 40]","[0, 40, 40]",212
"[1, 52, 0]","[0, 48, 4]","[1, 40, 5]","[1, 1950, 8]","[0, 40, 9]","[0, 40, 9]","[0, 1500, 15]","[0, 1500, 15]","[0, 629, 15]","[1, 40, 16]","[1, 104, 26]","[0, 40, 27]","[1, 132, 27]","[1, 375, 28]","[0, 40, 28]",212
"[1, 52, 0]","[0, 48, 5]","[1, 40, 5]","[1, 1950, 8]","[0, 40, 9]","[0, 1500, 14]","[0, 1500, 14]","[0, 627, 14]","[1, 40, 15]","[1, 104, 27]","[0, 40, 28]","[0, 552, 30]","[1, 132, 30]","[1, 375, 31]","[0, 40, 32]",212
"[1, 52, 0]","[0, 48, 5]","[1, 40, 6]","[1, 1950, 7]","[0, 40, 8]","[0, 40, 8]","[0, 1500, 13]","[0, 1500, 14]","[0, 628, 14]","[1, 40, 14]","[1, 104, 22]","[0, 40, 23]","[0, 552, 25]","[1, 132, 26]","[1, 375, 26]",212
"[1, 52, 0]","[0, 48, 4]","[1, 40, 5]","[1, 1950, 8]","[0, 40, 10]","[0, 1500, 15]","[0, 1500, 15]","[0, 628, 15]","[1, 40, 16]","[1, 104, 41]","[0, 40, 42]","[1, 132, 42]","[1, 375, 42]","[0, 40, 43]","[0, 552, 44]",212
"[1, 52, 0]","[0, 48, 4]","[1, 40, 5]","[1, 1950, 6]","[0, 40, 7]","[0, 40, 7]","[0, 1500, 12]","[0, 1500, 12]","[0, 628, 12]","[1, 40, 12]","[1, 104, 18]","[1, 132, 19]","[0, 40, 19]","[0, 40, 20]","[0, 552, 21]",212
"[1, 52, 0]","[0, 48, 4]","[1, 40, 5]","[1, 1950, 7]","[0, 40, 7]","[0, 40, 7]","[0, 1500, 13]","[0, 1500, 13]","[0, 628, 13]","[1, 40, 13]","[1, 104, 21]","[0, 40, 21]","[1, 132, 22]","[1, 375, 22]","[0, 552, 23]",212
"[1, 52, 0]","[0, 48, 4]","[1, 40, 5]","[1, 1950, 9]","[0, 40, 10]","[0, 40, 10]","[0, 1500, 16]","[0, 1500, 16]","[0, 628, 16]","[1, 40, 17]","[1, 104, 30]","[0, 40, 31]","[1, 132, 31]","[1, 375, 32]","[0, 40, 32]",212
"[1, 52, 0]","[0, 48, 5]","[1, 40, 5]","[1, 1950, 8]","[0, 40, 8]","[0, 40, 9]","[0, 1500, 13]","[0, 1500, 13]","[0, 628, 13]","[1, 40, 13]","[1, 104, 30]","[0, 40, 31]","[0, 552, 33]","[1, 132, 34]","[1, 375, 34]",212
"[1, 52, 0]","[0, 48, 6]","[1, 40, 7]","[1, 1950, 10]","[0, 40, 10]","[0, 40, 10]","[0, 1500, 16]","[0, 1500, 16]","[0, 627, 16]","[1, 40, 17]","[1, 104, 32]","[0, 40, 33]","[1, 132, 34]","[1, 375, 34]","[0, 552, 34]",212
"[1, 52, 0]","[0, 48, 4]","[1, 40, 5]","[1, 1950, 9]","[0, 40, 10]","[0, 40, 10]","[0, 1500, 14]","[0, 1500, 14]","[0, 628, 15]","[1, 40, 15]","[1, 104, 21]","[0, 40, 22]","[1, 132, 22]","[1, 375, 23]","[0, 40, 23]",212
"[1, 52, 0]","[0, 48, 5]","[1, 40, 6]","[1, 1950, 7]","[0, 40, 8]","[0, 1500, 13]","[0, 1500, 13]","[0, 628, 13]","[1, 40, 14]","[1, 104, 20]","[1, 132, 21]","[0, 40, 21]","[0, 40, 21]","[0, 552, 23]","[0, 71, 23]",212
"[1, 52, 0]","[0, 48, 4]","[1, 40, 5]","[1, 1950, 11]","[0, 40, 11]","[0, 40, 11]","[0, 1500, 17]","[0, 1500, 17]","[0, 628, 17]","[1, 40, 18]","[1, 104, 34]","[0, 40, 35]","[0, 552, 37]","[1, 132, 38]","[1, 375, 38]",212
"[1, 52, 0]","[0, 48, 5]","[1, 40, 5]","[1, 1950, 8]","[0, 40, 8]","[0, 40, 8]","[0, 1500, 13]","[0, 1500, 13]","[0, 627, 13]","[1, 40, 13]","[1, 104, 20]","[0, 40, 21]","[1, 132, 22]","[1, 375, 22]","[0, 40, 23]",212
"[1, 52, 0]","[0, 48, 4]","[1, 40, 5]","[1, 1950, 8]","[0, 40, 8]","[0, 40, 9]","[0, 1500, 14]","[0, 1500, 14]","[1, 40, 14]","[0, 629, 14]","[1, 104, 23]","[0, 40, 24]","[1, 132, 24]","[1, 375, 24]","[0, 40, 25]",212
"[1, 52, 0]","[0, 48, 5]","[1, 40, 6]","[1, 1950, 8]","[0, 40, 8]","[0, 40, 9]","[0, 1500, 15]","[0, 1500, 15]","[0, 629, 15]","[1, 40, 16]","[1, 104, 22]","[0, 40, 23]","[1, 132, 24]","[1, 375, 24]","[0, 40, 25]",212
"[1, 52, 0]","[0, 48, 3]","[1, 40, 3]","[1, 1950, 7]","[0, 40, 8]","[0, 40, 8]","[0, 1500, 14]","[0, 1500, 14]","[0, 628, 14]","[1, 40, 15]","[1, 104, 24]","[1, 132, 25]","[1, 375, 25]","[0, 40, 25]","[0, 40, 26]",212
"[1, 52, 0]","[0, 48, 4]","[1, 40, 5]","[1, 1950, 8]","[0, 40, 9]","[0, 40, 9]","[0, 1500, 15]","[0, 1500, 15]","[0, 628, 15]","[1, 40, 16]","[1, 104, 28]","[0, 40, 29]","[0, 552, 31]","[1, 132, 31]","[0, 40, 32]",212
"[1, 52, 0]","[0, 48, 5]","[1, 40, 5]","[1, 1950, 7]","[0, 40, 8]","[0, 40, 9]","[0, 1500, 12]","[0, 1500, 12]","[0, 627, 12]","[1, 40, 13]","[1, 104, 27]","[1, 132, 28]","[0, 40, 28]","[1, 375, 28]","[0, 40, 29]",212
"[1, 52, 0]","[0, 48, 7]","[1, 40, 8]","[1, 713, 15]","[0, 40, 18]","[0, 1500, 26]","[0, 1500, 26]","[0, 343, 26]","[1, 40, 29]","[1, 104, 50]","[0, 40, 51]","[1, 210, 53]","[1, 410, 54]","[0, 552, 54]","[0, 40, 54]",210
"[1, 52, 0]","[0, 48, 8]","[1, 40, 8]","[1, 713, 10]","[0, 40, 12]","[0, 1500, 18]","[0, 1500, 18]","[0, 343, 18]","[1, 40, 18]","[1, 104, 35]","[0, 40, 37]","[0, 552, 39]","[1, 210, 40]","[1, 410, 40]","[0, 40, 41]",210
"[1, 52, 0]","[0, 48, 4]","[1, 40, 6]","[1, 713, 8]","[0, 40, 9]","[0, 1500, 16]","[0, 1500, 16]","[1, 40, 16]","[0, 344, 16]","[1, 40, 32]","[1, 104, 34]","[0, 40, 35]","[1, 210, 35]","[1, 410, 35]","[0, 40, 36]",210
"[1, 52, 0]","[0, 48, 5]","[1, 40, 5]","[1, 713, 7]","[0, 40, 10]","[0, 1500, 16]","[0, 1500, 16]","[0, 343, 16]","[1, 40, 17]","[1, 104, 28]","[0, 40, 29]","[1, 210, 30]","[1, 410, 30]","[0, 40, 30]","[0, 40, 30]",210
"[1, 52, 0]","[0, 48, 4]","[1, 40, 5]","[1, 713, 7]","[0, 40, 8]","[0, 1500, 12]","[0, 1500, 12]","[0, 343, 12]","[1, 40, 12]","[1, 104, 27]","[0, 40, 28]","[1, 210, 28]","[0, 40, 29]","[1, 410, 29]","[0, 40, 30]",210
"[1, 52, 0]","[0, 48, 5]","[1, 40, 5]","[1, 713, 6]","[0, 40, 10]","[0, 1500, 14]","[0, 1500, 14]","[0, 343, 14]","[1, 40, 15]","[1, 104, 38]","[1, 210, 39]","[1, 410, 39]","[0, 40, 39]","[0, 40, 40]","[0, 40, 40]",210
"[1, 52, 0]","[0, 48, 12]","[1, 40, 13]","[1, 713, 16]","[0, 40, 17]","[0, 1500, 22]","[0, 1500, 22]","[0, 344, 22]","[1, 40, 22]","[1, 104, 32]","[0, 40, 32]","[1, 210, 34]","[1, 410, 34]","[0, 40, 34]","[0, 552, 35]",210
"[1, 52, 0]","[0, 48, 5]","[1, 40, 5]","[1, 713, 6]","[0, 40, 7]","[0, 1500, 12]","[0, 1500, 12]","[1, 40, 12]","[0, 344, 13]","[1, 104, 22]","[0, 40, 22]","[1, 210, 23]","[1, 410, 23]","[0, 40, 23]","[0, 40, 24]",210
"[1, 52, 0]","[0, 48, 7]","[1, 40, 7]","[1, 713, 9]","[0, 40, 10]","[0, 1500, 16]","[0, 1500, 16]","[0, 342, 17]","[1, 40, 17]","[1, 104, 31]","[0, 40, 32]","[1, 210, 33]","[1, 410, 33]","[0, 552, 34]","[0, 40, 34]",210
"[1, 52, 0]","[0, 48, 3]","[1, 40, 4]","[1, 713, 6]","[0, 40, 6]","[0, 1500, 11]","[0, 1500, 11]","[0, 343, 11]","[1, 40, 12]","[1, 104, 25]","[0, 40, 27]","[1, 210, 27]","[1, 410, 28]","[0, 40, 28]","[0, 40, 28]",210
"[1, 52, 0]","[0, 48, 4]","[1, 40, 5]","[1, 713, 7]","[0, 40, 9]","[0, 1500, 13]","[0, 1500, 13]","[0, 344, 13]","[1, 40, 13]","[1, 104, 26]","[0, 40, 27]","[1, 210, 28]","[1, 410, 28]","[0, 40, 28]","[0, 40, 29]",210
"[1, 52, 0]","[0, 48, 5]","[1, 40, 6]","[1, 713, 6]","[0, 40, 7]","[0, 1500, 13]","[0, 1500, 13]","[0, 343, 13]","[1, 40, 14]","[1, 104, 25]","[0, 40, 26]","[1, 210, 27]","[0, 552, 28]","[1, 410, 28]","[0, 40, 28]",210
"[1, 52, 0]","[0, 48, 4]","[1, 40, 5]","[1, 713, 7]","[0, 40, 8]","[0, 1500, 13]","[0, 1500, 13]","[0, 344, 13]","[1, 40, 14]","[1, 104, 35]","[0, 40, 36]","[1, 210, 36]","[1, 410, 36]","[0, 40, 37]","[0, 40, 37]",210
"[1, 52, 0]","[0, 48, 4]","[1, 40, 5]","[1, 713, 8]","[0, 40, 10]","[0, 1500, 17]","[0, 1500, 17]","[0, 344, 17]","[1, 40, 18]","[1, 104, 30]","[0, 40, 31]","[0, 552, 33]","[1, 210, 34]","[1, 410, 35]","[0, 40, 35]",210
"[1, 52, 0]","[0, 48, 17]","[1, 40, 18]","[1, 713, 22]","[0, 40, 23]","[0, 1500, 30]","[0, 1500, 31]","[0, 342, 31]","[1, 40, 31]","[1, 104, 48]","[0, 40, 49]","[0, 552, 50]","[1, 210, 56]","[1, 410, 56]","[0, 40, 57]",210
"[1, 52, 0]","[0, 48, 4]","[1, 40, 5]","[1, 713, 6]","[0, 40, 7]","[0, 1500, 13]","[0, 1500, 13]","[0, 342, 13]","[1, 40, 13]","[1, 104, 24]","[0, 40, 25]","[0, 552, 27]","[1, 210, 28]","[1, 410, 28]","[0, 40, 30]",210
"[1, 52, 0]","[0, 48, 5]","[1, 40, 6]","[1, 713, 7]","[0, 40, 8]","[0, 1500, 13]","[0, 1500, 13]","[0, 344, 14]","[1, 40, 14]","[1, 104, 23]","[0, 40, 24]","[1, 210, 24]","[1, 410, 24]","[0, 40, 25]","[0, 552, 26]",210
"[1, 52, 0]","[0, 48, 4]","[1, 40, 5]","[1, 713, 12]","[0, 40, 13]","[0, 1500, 18]","[0, 1500, 18]","[0, 342, 18]","[1, 40, 19]","[1, 104, 45]","[0, 40, 46]","[0, 552, 48]","[1, 210, 49]","[1, 410, 49]","[0, 40, 50]",210
"[1, 52, 0]","[0, 48, 6]","[1, 40, 6]","[1, 713, 7]","[0, 40, 8]","[0, 1500, 13]","[0, 1500, 13]","[0, 344, 13]","[1, 40, 14]","[1, 104, 24]","[0, 40, 24]","[1, 210, 24]","[1, 410, 24]","[0, 40, 25]","[0, 40, 26]",210
"[1, 52, 0]","[0, 48, 4]","[1, 40, 6]","[1, 713, 8]","[0, 40, 9]","[0, 1500, 14]","[0, 1500, 14]","[0, 343, 14]","[1, 40, 14]","[1, 104, 25]","[0, 40, 25]","[1, 210, 26]","[1, 410, 26]","[0, 40, 26]","[0, 40, 27]",210
"[1, 52, 0]","[0, 48, 8]","[1, 40, 9]","[1, 713, 9]","[0, 40, 10]","[0, 1500, 16]","[0, 1500, 16]","[0, 343, 16]","[1, 40, 16]","[1, 40, 31]","[1, 104, 33]","[0, 40, 34]","[1, 210, 34]","[1, 410, 35]","[0, 40, 35]",210
"[1, 52, 0]","[0, 48, 5]","[1, 40, 5]","[1, 713, 8]","[0, 40, 10]","[0, 1500, 14]","[0, 1500, 15]","[0, 342, 15]","[1, 40, 15]","[1, 104, 27]","[0, 40, 28]","[0, 552, 30]","[1, 210, 32]","[1, 410, 33]","[0, 40, 33]",210
"[1, 52, 0]","[0, 48, 4]","[1, 40, 4]","[1, 713, 6]","[0, 40, 7]","[0, 1500, 12]","[0, 1500, 12]","[0, 344, 12]","[1, 40, 12]","[1, 104, 37]","[1, 210, 38]","[0, 40, 38]","[1, 410, 38]","[0, 40, 38]","[0, 40, 39]",210
"[1, 52, 0]","[0, 48, 7]","[1, 40, 7]","[1, 713, 8]","[0, 40, 9]","[0, 1500, 15]","[0, 1500, 15]","[0, 342, 15]","[1, 40, 15]","[1, 104, 26]","[1, 210, 27]","[0, 40, 27]","[0, 40, 27]","[1, 410, 29]","[0, 583, 30]",210
"[1, 52, 0]","[0, 48, 4]","[1, 40, 4]","[1, 713, 5]","[0, 40, 6]","[0, 1500, 12]","[0, 1500, 12]","[0, 344, 12]","[1, 40, 13]","[1, 104, 24]","[0, 40, 24]","[0, 552, 26]","[1, 210, 28]","[1, 410, 28]","[0, 40, 29]",210
"[1, 52, 0]","[0, 48, 6]","[1, 40, 6]","[1, 713, 8]","[0, 40, 10]","[0, 1500, 16]","[0, 1500, 16]","[0, 343, 16]","[1, 40, 16]","[1, 104, 33]","[0, 40, 34]","[1, 210, 35]","[1, 410, 35]","[0, 40, 35]","[0, 40, 36]",210
"[1, 52, 0]","[0, 48, 4]","[1, 40, 5]","[1, 713, 6]","[0, 40, 6]","[0, 1500, 11]","[0, 1500, 12]","[1, 40, 12]","[0, 342, 12]","[1, 104, 21]","[1, 210, 22]","[0, 40, 22]","[1, 410, 22]","[0, 40, 23]","[0, 40, 23]",210
"[1, 52, 0]","[0, 48, 5]","[1, 40, 5]","[1, 713, 7]","[0, 40, 8]","[0, 1500, 14]","[0, 1500, 14]","[0, 344, 14]","[1, 40, 14]","[1, 104, 27]","[0, 40, 29]","[1, 210, 29]","[1, 410, 29]","[0, 40, 29]","[0, 40, 30]",210
"[1, 52, 0]","[0, 48, 6]","[1, 40, 6]","[1, 713, 7]","[0, 40, 9]","[0, 1500, 14]","[0, 1500, 15]","[0, 344, 15]","[1, 40, 16]","[1, 104, 29]","[0, 40, 30]","[1, 210, 30]","[1, 410, 30]","[0, 40, 31]","[0, 40, 31]",210
"[1, 52, 0]","[0, 48, 4]","[1, 40, 4]","[1, 713, 5]","[0, 40, 6]","[0, 1500, 13]","[0, 1500, 13]","[0, 342, 13]","[1, 40, 14]","[1, 104, 49]","[0, 40, 49]","[1, 210, 50]","[1, 410, 51]","[0, 552, 51]","[0, 40, 51]",210
"[1, 52, 0]","[0, 48, 5]","[1, 40, 6]","[1, 713, 7]","[0, 40, 8]","[0, 1500, 14]","[0, 1500, 14]","[0, 342, 14]","[1, 40, 14]","[1, 104, 25]","[1, 210, 26]","[0, 40, 26]","[1, 410, 26]","[0, 40, 27]","[0, 40, 27]",210
"[1, 52, 0]","[0, 48, 5]","[1, 40, 6]","[1, 713, 9]","[0, 40, 10]","[0, 1500, 14]","[0, 1500, 14]","[0, 344, 14]","[1, 40, 14]","[1, 104, 25]","[0, 40, 26]","[1, 210, 27]","[1, 410, 27]","[0, 40, 27]","[0, 40, 27]",210
"[1, 52, 0]","[0, 48, 6]","[1, 40, 7]","[1, 713, 8]","[0, 40, 9]","[0, 1500, 14]","[0, 1500, 15]","[0, 343, 15]","[1, 40, 15]","[1, 104, 29]","[0, 40, 30]","[0, 552, 33]","[1, 210, 36]","[1, 410, 36]","[0, 40, 36]",210
"[1, 52, 0]","[0, 48, 4]","[1, 40, 4]","[1, 713, 6]","[0, 40, 7]","[0, 1500, 12]","[0, 1500, 12]","[0, 343, 12]","[1, 40, 12]","[1, 104, 30]","[0, 40, 31]","[0, 552, 33]","[1, 210, 35]","[1, 410, 35]","[0, 40, 35]",210
"[1, 52, 0]","[0, 48, 4]","[1, 40, 4]","[1, 713, 6]","[0, 40, 7]","[0, 1500, 13]","[0, 1500, 13]","[1, 40, 14]","[0, 343, 14]","[1, 104, 29]","[1, 210, 30]","[1, 410, 30]","[0, 40, 31]","[0, 561, 35]","[1, 71, 37]",210
"[1, 52, 0]","[0, 48, 6]","[1, 40, 6]","[1, 713, 8]","[0, 40, 9]","[0, 1500, 13]","[0, 1500, 14]","[0, 343, 14]","[1, 40, 15]","[1, 104, 22]","[1, 210, 23]","[0, 40, 23]","[1, 410, 23]","[0, 40, 24]","[0, 40, 24]",210
"[1, 52, 0]","[0, 48, 4]","[1, 40, 5]","[1, 713, 6]","[0, 40, 7]","[0, 1500, 16]","[0, 1500, 16]","[0, 342, 16]","[1, 40, 17]","[1, 104, 33]","[0, 40, 34]","[1, 210, 35]","[1, 410, 35]","[0, 552, 36]","[0, 40, 36]",210
"[1, 52, 0]","[0, 48, 5]","[1, 40, 6]","[1, 713, 9]","[0, 40, 12]","[0, 1500, 19]","[0, 1500, 19]","[0, 344, 19]","[1, 40, 20]","[1, 104, 28]","[0, 40, 29]","[1, 210, 29]","[1, 410, 29]","[0, 40, 30]","[0, 40, 30]",210
"[1, 52, 0]","[0, 48, 6]","[1, 40, 7]","[1, 713, 8]","[0, 40, 9]","[0, 1500, 13]","[0, 1500, 13]","[0, 344, 13]","[1, 40, 13]","[1, 104, 24]","[0, 40, 25]","[1, 210, 25]","[1, 410, 25]","[0, 40, 26]","[0, 40, 26]",210
"[1, 52, 0]","[0, 48, 3]","[1, 40, 4]","[1, 713, 5]","[0, 40, 6]","[0, 1500, 12]","[0, 1500, 13]","[0, 343, 13]","[1, 40, 13]","[1, 104, 24]","[0, 40, 24]","[1, 210, 26]","[1, 410, 26]","[0, 552, 26]","[0, 40, 27]",210
"[1, 52, 0]","[0, 48, 10]","[1, 40, 11]","[1, 713, 14]","[0, 40, 15]","[0, 1500, 19]","[0, 1500, 19]","[0, 343, 19]","[1, 40, 20]","[1, 104, 33]","[1, 210, 35]","[1, 410, 35]","[0, 40, 37]","[0, 561, 39]","[1, 71, 43]",210
"[1, 52, 0]","[0, 48, 5]","[1, 40, 5]","[1, 713, 6]","[0, 40, 6]","[0, 1500, 11]","[0, 1500, 11]","[0, 342, 11]","[1, 40, 12]","[1, 104, 22]","[1, 210, 23]","[1, 410, 23]","[0, 40, 24]","[0, 40, 24]","[0, 40, 24]",210
"[1, 52, 0]","[0, 48, 4]","[1, 40, 5]","[1, 713, 6]","[0, 40, 6]","[0, 1500, 10]","[0, 1500, 10]","[0, 342, 10]","[1, 40, 11]","[1, 104, 29]","[0, 40, 30]","[0, 552, 31]","[1, 210, 33]","[1, 410, 33]","[1, 71, 34]",210
"[1, 52, 0]","[0, 48, 5]","[1, 40, 6]","[1, 713, 30]","[0, 40, 31]","[0, 1500, 37]","[0, 1500, 37]","[0, 343, 37]","[1, 40, 38]","[1, 104, 51]","[0, 40, 53]","[1, 210, 53]","[1, 410, 53]","[0, 40, 54]","[0, 40, 54]",210
"[1, 52, 0]","[0, 48, 6]","[1, 40, 6]","[1, 713, 7]","[0, 40, 8]","[0, 1500, 13]","[0, 1500, 13]","[0, 343, 13]","[1, 40, 14]","[1, 104, 21]","[1, 210, 22]","[0, 40, 22]","[1, 410, 23]","[0, 40, 23]","[0, 40, 23]",210
"[1, 52, 0]","[0, 48, 6]","[1, 40, 7]","[1, 713, 9]","[0, 40, 10]","[0, 1500, 16]","[0, 1500, 17]","[0, 343, 17]","[1, 40, 17]","[1, 104, 27]","[0, 40, 28]","[1, 210, 30]","[1, 410, 30]","[0, 552, 30]","[0, 40, 31]",210
"[1, 52, 0]","[0, 48, 4]","[1, 40, 4]","[1, 713, 6]","[0, 40, 7]","[0, 1500, 11]","[0, 1500, 11]","[1, 40, 11]","[0, 343, 11]","[1, 104, 24]","[0, 40, 25]","[1, 210, 25]","[0, 40, 26]","[0, 552, 27]","[0, 71, 28]",210
"[1, 52, 0]","[0, 48, 4]","[1, 40, 5]","[1, 713, 9]","[0, 40, 10]","[0, 1500, 15]","[0, 1500, 15]","[0, 343, 15]","[1, 40, 15]","[1, 104, 32]","[1, 210, 33]","[1, 410, 33]","[0, 40, 33]","[0, 40, 33]","[0, 40, 33]",210
"[1, 52, 0]","[0, 48, 4]","[1, 40, 5]","[1, 713, 8]","[0, 40, 9]","[0, 1500, 14]","[0, 1500, 14]","[0, 343, 14]","[1, 40, 15]","[1, 104, 25]","[0, 40, 25]","[1, 210, 27]","[0, 552, 27]","[1, 410, 27]","[0, 40, 27]",210
"[1, 52, 0]","[0, 48, 4]","[1, 40, 5]","[1, 713, 7]","[0, 40, 7]","[0, 1500, 13]","[0, 1500, 13]","[0, 343, 13]","[1, 40, 13]","[1, 104, 27]","[0, 40, 28]","[1, 210, 28]","[1, 410, 28]","[0, 40, 28]","[0, 40, 29]",210
"[1, 52, 0]","[0, 48, 4]","[1, 40, 5]","[1, 713, 6]","[0, 40, 7]","[0, 1500, 13]","[0, 1500, 13]","[0, 344, 13]","[1, 40, 14]","[1, 104, 24]","[1, 210, 25]","[0, 40, 25]","[1, 410, 25]","[0, 40, 26]","[0, 552, 27]",210
"[1, 52, 0]","[0, 48, 3]","[1, 40, 4]","[1, 713, 5]","[0, 40, 6]","[0, 1500, 13]","[0, 1500, 13]","[0, 343, 13]","[1, 40, 13]","[1, 104, 23]","[1, 210, 24]","[1, 410, 24]","[0, 40, 26]","[0, 40, 26]","[0, 40, 26]",210
"[1, 52, 0]","[0, 48, 5]","[1, 40, 6]","[1, 713, 7]","[0, 40, 7]","[0, 1500, 13]","[0, 1500, 13]","[1, 40, 13]","[0, 342, 14]","[1, 40, 26]","[1, 104, 26]","[0, 40, 27]","[1, 210, 28]","[1, 410, 28]","[0, 40, 28]",210
"[1, 52, 0]","[0, 48, 6]","[1, 40, 7]","[1, 713, 9]","[0, 40, 10]","[0, 1500, 16]","[0, 1500, 16]","[0, 343, 16]","[1, 40, 16]","[1, 104, 35]","[0, 40, 35]","[1, 210, 36]","[1, 410, 36]","[0, 40, 36]","[0, 40, 36]",210
"[1, 52, 0]","[0, 48, 5]","[1, 40, 6]","[1, 713, 8]","[0, 40, 8]","[0, 1500, 15]","[0, 1500, 15]","[0, 343, 15]","[1, 40, 16]","[1, 104, 28]","[0, 40, 30]","[1, 210, 30]","[1, 410, 30]","[0, 40, 31]","[0, 40, 31]",210
"[1, 52, 0]","[0, 48, 7]","[1, 40, 8]","[1, 713, 10]","[0, 40, 11]","[0, 1500, 15]","[0, 1500, 15]","[0, 342, 15]","[1, 40, 16]","[1, 104, 25]","[0, 40, 26]","[1, 210, 27]","[1, 410, 27]","[0, 40, 27]","[0, 40, 28]",210
"[1, 52, 0]","[0, 48, 4]","[1, 40, 5]","[1, 713, 7]","[0, 40, 7]","[0, 1500, 13]","[0, 1500, 13]","[0, 343, 13]","[1, 40, 13]","[1, 104, 30]","[0, 40, 31]","[1, 210, 31]","[1, 410, 32]","[0, 40, 32]","[0, 552, 32]",210
"[1, 52, 0]","[0, 48, 4]","[1, 40, 6]","[1, 713, 11]","[0, 40, 13]","[0, 1500, 18]","[0, 1500, 18]","[0, 344, 18]","[1, 40, 19]","[1, 104, 55]","[0, 40, 56]","[0, 552, 59]","[1, 210, 63]","[1, 410, 63]","[0, 40, 64]",210
"[1, 52, 0]","[0, 48, 3]","[1, 40, 4]","[1, 713, 8]","[0, 40, 8]","[0, 1500, 15]","[0, 1500, 16]","[0, 344, 16]","[1, 40, 16]","[1, 104, 31]","[0, 40, 31]","[1, 210, 32]","[1, 410, 32]","[0, 40, 33]","[0, 552, 33]",210
"[1, 52, 0]","[0, 48, 5]","[1, 40, 5]","[1, 713, 6]","[0, 40, 7]","[0, 1500, 12]","[0, 1500, 12]","[0, 344, 13]","[1, 40, 13]","[1, 104, 37]","[0, 40, 38]","[1, 210, 39]","[1, 410, 39]","[0, 40, 39]","[0, 40, 40]",210
"[1, 52, 0]","[0, 48, 5]","[1, 40, 6]","[1, 713, 12]","[0, 40, 12]","[0, 1500, 19]","[0, 1500, 19]","[0, 343, 19]","[1, 40, 19]","[1, 104, 53]","[0, 40, 54]","[1, 210, 57]","[1, 410, 57]","[0, 552, 57]","[0, 40, 58]",210
"[1, 52, 0]","[0, 48, 5]","[1, 40, 5]","[1, 713, 7]","[0, 40, 9]","[0, 1500, 15]","[0, 1500, 15]","[0, 342, 15]","[1, 40, 16]","[1, 104, 33]","[0, 40, 35]","[0, 552, 37]","[1, 210, 37]","[1, 410, 37]","[0, 40, 39]",210
"[1, 52, 0]","[0, 48, 4]","[1, 40, 5]","[1, 713, 7]","[0, 40, 8]","[0, 1500, 13]","[0, 1500, 13]","[0, 344, 13]","[1, 40, 14]","[1, 40, 34]","[1, 104, 46]","[0, 40, 47]","[1, 210, 49]","[0, 552, 49]","[1, 410, 49]",210
"[1, 52, 0]","[0, 48, 4]","[1, 40, 5]","[1, 713, 7]","[0, 40, 8]","[0, 1500, 13]","[0, 1500, 13]","[0, 343, 13]","[1, 40, 14]","[1, 104, 28]","[0, 40, 28]","[1, 210, 29]","[1, 410, 30]","[0, 40, 30]","[0, 40, 30]",210
"[1, 52, 0]","[0, 48, 5]","[1, 40, 5]","[1, 713, 6]","[0, 40, 7]","[0, 1500, 13]","[0, 1500, 13]","[0, 344, 13]","[1, 40, 13]","[1, 104, 30]","[0, 40, 31]","[1, 210, 32]","[1, 410, 32]","[0, 40, 32]","[0, 40, 33]",210
"[1, 52, 0]","[0, 48, 6]","[1, 40, 6]","[1, 713, 27]","[0, 40, 28]","[0, 1500, 34]","[0, 1500, 34]","[0, 343, 34]","[1, 40, 35]","[1, 104, 56]","[0, 40, 57]","[1, 210, 59]","[1, 410, 60]","[0, 40, 60]","[0, 40, 60]",210
"[1, 52, 0]","[0, 48, 4]","[1, 40, 5]","[1, 713, 8]","[0, 40, 9]","[0, 1500, 16]","[0, 1500, 16]","[0, 342, 16]","[1, 40, 16]","[1, 104, 33]","[0, 40, 35]","[0, 552, 37]","[1, 210, 38]","[1, 410, 39]","[0, 40, 40]",210
"[1, 52, 0]","[0, 48, 4]","[1, 40, 5]","[1, 713, 6]","[0, 40, 7]","[0, 1500, 13]","[0, 1500, 13]","[0, 342, 13]","[1, 40, 14]","[1, 104, 28]","[0, 40, 29]","[1, 210, 30]","[1, 410, 31]","[0, 40, 31]","[0, 40, 31]",210
"[1, 52, 0]","[0, 48, 4]","[1, 40, 5]","[1, 713, 7]","[0, 40, 8]","[0, 1500, 12]","[0, 1500, 12]","[0, 344, 12]","[1, 40, 13]","[1, 104, 33]","[0, 40, 34]","[1, 210, 34]","[1, 410, 34]","[0, 40, 35]","[0, 552, 37]",210
"[1, 52, 0]","[0, 48, 6]","[1, 40, 7]","[1, 713, 8]","[0, 40, 8]","[0, 1500, 14]","[0, 1500, 14]","[0, 343, 14]","[1, 40, 14]","[1, 104, 22]","[0, 40, 23]","[1, 210, 23]","[1, 410, 23]","[0, 40, 24]","[0, 40, 24]",210
"[1, 52, 0]","[0, 48, 5]","[1, 40, 6]","[1, 713, 7]","[0, 40, 8]","[0, 1500, 13]","[0, 1500, 13]","[0, 344, 13]","[1, 40, 13]","[1, 104, 22]","[0, 40, 22]","[1, 210, 23]","[1, 410, 23]","[0, 40, 24]","[0, 552, 24]",210
"[1, 52, 0]","[0, 48, 4]","[1, 40, 5]","[1, 713, 8]","[0, 40, 9]","[0, 1500, 14]","[0, 1500, 14]","[0, 343, 14]","[1, 40, 15]","[1, 104, 38]","[0, 40, 38]","[0, 552, 40]","[1, 210, 41]","[1, 410, 41]","[0, 40, 41]",210
"[1, 52, 0]","[0, 48, 4]","[1, 40, 5]","[1, 713, 9]","[0, 40, 9]","[0, 1500, 14]","[0, 1500, 14]","[0, 343, 14]","[1, 40, 15]","[1, 104, 29]","[0, 40, 30]","[1, 210, 31]","[1, 410, 31]","[0, 552, 32]","[0, 40, 32]",210
"[1, 52, 0]","[0, 48, 5]","[1, 40, 5]","[1, 713, 8]","[0, 40, 9]","[0, 1500, 13]","[0, 1500, 13]","[0, 343, 13]","[1, 40, 14]","[1, 104, 25]","[0, 40, 26]","[1, 210, 27]","[1, 410, 27]","[0, 552, 27]","[0, 40, 28]",210
"[1, 52, 0]","[0, 48, 4]","[1, 40, 5]","[1, 713, 7]","[0, 40, 9]","[0, 1500, 14]","[0, 1500, 14]","[0, 343, 14]","[1, 40, 15]","[1, 104, 24]","[0, 40, 25]","[1, 210, 26]","[1, 410, 26]","[0, 40, 26]","[0, 40, 26]",210
"[1, 52, 0]","[0, 48, 3]","[1, 40, 4]","[1, 713, 6]","[0, 40, 7]","[0, 1500, 13]","[0, 1500, 13]","[0, 343, 13]","[1, 40, 13]","[1, 104, 24]","[0, 40, 25]","[1, 210, 25]","[1, 410, 25]","[0, 40, 26]","[0, 40, 27]",210
"[1, 52, 0]","[0, 48, 4]","[1, 40, 5]","[1, 713, 7]","[0, 40, 8]","[0, 1500, 13]","[0, 1500, 13]","[0, 342, 13]","[1, 40, 14]","[1, 104, 27]","[0, 40, 28]","[1, 210, 29]","[1, 410, 29]","[0, 40, 30]","[0, 40, 30]",210
"[1, 52, 0]","[0, 48, 5]","[1, 40, 6]","[1, 713, 8]","[0, 40, 9]","[0, 1500, 14]","[0, 1500, 14]","[0, 343, 14]","[1, 40, 14]","[1, 104, 32]","[1, 210, 33]","[1, 410, 33]","[0, 40, 33]","[0, 40, 34]","[0, 40, 34]",210
"[1, 52, 0]","[0, 48, 6]","[1, 40, 7]","[1, 713, 12]","[0, 40, 14]","[0, 1500, 17]","[0, 1500, 17]","[0, 344, 18]","[1, 40, 18]","[1, 40, 28]","[1, 104, 32]","[0, 40, 33]","[1, 210, 34]","[1, 410, 34]","[0, 40, 34]",210
"[1, 52, 0]","[0, 48, 5]","[1, 40, 6]","[1, 713, 9]","[0, 40, 10]","[0, 1500, 15]","[0, 1500, 15]","[0, 342, 15]","[1, 40, 16]","[1, 104, 32]","[0, 40, 34]","[0, 552, 36]","[1, 210, 36]","[1, 410, 37]","[0, 40, 37]",210
"[1, 52, 0]","[0, 48, 6]","[1, 40, 7]","[1, 713, 9]","[0, 40, 11]","[0, 1500, 16]","[0, 1500, 16]","[0, 343, 16]","[1, 40, 17]","[1, 104, 27]","[0, 40, 27]","[1, 210, 27]","[1, 410, 27]","[0, 40, 28]","[0, 552, 29]",210
"[1, 52, 0]","[0, 48, 6]","[1, 40, 6]","[1, 713, 8]","[0, 40, 8]","[0, 1500, 13]","[0, 1500, 14]","[0, 343, 14]","[1, 40, 14]","[1, 104, 29]","[0, 40, 29]","[1, 210, 30]","[1, 410, 30]","[0, 40, 31]","[0, 40, 31]",210
"[1, 52, 0]","[0, 48, 2]","[1, 40, 3]","[1, 713, 5]","[0, 40, 6]","[0, 1500, 11]","[0, 1500, 11]","[0, 342, 11]","[1, 40, 12]","[1, 104, 31]","[0, 40, 32]","[1, 210, 32]","[1, 410, 32]","[0, 40, 33]","[0, 552, 33]",210
"[1, 52, 0]","[0, 48, 4]","[1, 40, 5]","[1, 713, 6]","[0, 40, 7]","[0, 1500, 10]","[0, 1500, 11]","[1, 40, 11]","[0, 343, 11]","[1, 104, 26]","[0, 40, 27]","[1, 210, 27]","[1, 410, 27]","[0, 40, 28]","[0, 552, 29]",210
"[1, 52, 0]","[0, 48, 11]","[1, 40, 12]","[1, 713, 15]","[0, 40, 16]","[0, 1500, 22]","[0, 1500, 22]","[0, 344, 22]","[1, 40, 22]","[1, 104, 34]","[0, 40, 35]","[0, 552, 37]","[1, 210, 38]","[1, 410, 38]","[0, 40, 39]",210
"[1, 52, 0]","[0, 48, 6]","[1, 40, 7]","[1, 713, 10]","[0, 40, 10]","[0, 1500, 16]","[0, 1500, 16]","[0, 343, 16]","[1, 40, 16]","[1, 104, 27]","[0, 40, 28]","[1, 210, 28]","[1, 410, 28]","[0, 40, 29]","[0, 40, 29]",210
"[1, 52, 0]","[0, 48, 6]","[1, 40, 6]","[1, 713, 9]","[0, 40, 10]","[0, 1500, 13]","[0, 1500, 13]","[0, 344, 13]","[1, 40, 14]","[1, 104, 23]","[0, 40, 25]","[0, 552, 26]","[1, 40, 38]","[1, 210, 38]","[1, 410, 38]",210
"[1, 52, 0]","[0, 48, 5]","[1, 40, 5]","[1, 713, 6]","[0, 40, 7]","[0, 1500, 12]","[0, 1500, 12]","[0, 344, 12]","[1, 40, 12]","[1, 104, 22]","[0, 40, 23]","[1, 210, 24]","[1, 410, 24]","[0, 552, 24]","[0, 40, 25]",210
"[1, 52, 0]","[0, 48, 5]","[1, 40, 5]","[1, 713, 6]","[0, 40, 7]","[0, 1500, 13]","[0, 1500, 13]","[0, 343, 13]","[1, 40, 14]","[1, 104, 24]","[1, 210, 25]","[1, 410, 25]","[0, 40, 26]","[0, 552, 29]","[0, 40, 29]",210
"[1, 52, 0]","[0, 48, 4]","[1, 40, 5]","[1, 713, 6]","[0, 40, 6]","[0, 1500, 12]","[0, 1500, 12]","[0, 343, 12]","[1, 40, 12]","[1, 104, 22]","[0, 40, 23]","[1, 210, 24]","[1, 410, 24]","[0, 40, 25]","[0, 40, 25]",210
"[1, 52, 0]","[0, 48, 4]","[1, 40, 5]","[1, 713, 7]","[0, 40, 8]","[0, 1500, 12]","[0, 1500, 12]","[0, 344, 12]","[1, 40, 13]","[1, 104, 30]","[0, 40, 31]","[1, 210, 32]","[1, 410, 32]","[0, 552, 33]","[0, 40, 33]",210
"[1, 52, 0]","[0, 48, 5]","[1, 40, 6]","[1, 713, 8]","[0, 40, 9]","[0, 1500, 15]","[0, 1500, 15]","[0, 343, 15]","[1, 40, 16]","[1, 104, 27]","[0, 40, 28]","[1, 210, 28]","[1, 410, 28]","[0, 40, 29]","[0, 40, 29]",210
"[1, 52, 0]","[0, 48, 4]","[1, 40, 4]","[1, 713, 6]","[0, 40, 6]","[0, 1500, 11]","[0, 1500, 11]","[0, 343, 11]","[1, 40, 12]","[1, 104, 22]","[0, 40, 23]","[1, 210, 24]","[1, 410, 25]","[0, 552, 25]","[0, 40, 25]",210
"[1, 52, 0]","[0, 48, 5]","[1, 40, 6]","[1, 713, 9]","[0, 40, 10]","[0, 1500, 16]","[0, 1500, 16]","[0, 343, 16]","[1, 40, 18]","[1, 104, 29]","[0, 40, 30]","[1, 210, 31]","[1, 410, 31]","[0, 40, 31]","[0, 40, 31]",210
"[1, 52, 0]","[0, 48, 6]","[1, 40, 7]","[1, 713, 11]","[0, 40, 11]","[0, 1500, 16]","[0, 1500, 16]","[0, 343, 16]","[1, 40, 16]","[1, 40, 29]","[1, 104, 34]","[0, 40, 35]","[1, 210, 35]","[1, 410, 36]","[0, 40, 36]",210
"[1, 52, 0]","[0, 48, 5]","[1, 40, 6]","[1, 713, 7]","[0, 40, 7]","[0, 1500, 14]","[0, 1500, 14]","[0, 344, 14]","[1, 40, 14]","[1, 104, 24]","[0, 40, 25]","[1, 210, 25]","[1, 410, 26]","[0, 40, 26]","[0, 40, 27]",210
"[1, 52, 0]","[0, 48, 14]","[1, 40, 14]","[1, 713, 16]","[0, 40, 16]","[0, 1500, 22]","[0, 1500, 22]","[0, 344, 22]","[1, 40, 22]","[1, 104, 38]","[0, 40, 38]","[1, 210, 40]","[0, 552, 40]","[1, 410, 40]","[0, 40, 41]",210
"[1, 52, 0]","[0, 48, 3]","[1, 40, 4]","[1, 713, 31]","[0, 40, 32]","[0, 1500, 37]","[0, 1500, 37]","[0, 342, 37]","[1, 40, 37]","[1, 104, 63]","[1, 210, 65]","[1, 410, 65]","[0, 40, 65]","[0, 40, 65]","[0, 40, 66]",210
"[1, 52, 0]","[0, 48, 5]","[1, 40, 5]","[1, 713, 8]","[0, 40, 9]","[0, 1500, 14]","[0, 1500, 14]","[0, 342, 14]","[1, 40, 15]","[1, 104, 67]","[1, 210, 68]","[0, 40, 68]","[1, 410, 68]","[0, 40, 69]","[0, 40, 69]",210
"[1, 52, 0]","[0, 48, 5]","[1, 40, 5]","[1, 713, 7]","[0, 40, 8]","[0, 1500, 13]","[0, 1500, 14]","[0, 344, 14]","[1, 40, 14]","[1, 104, 27]","[0, 40, 27]","[1, 210, 28]","[1, 410, 28]","[0, 40, 28]","[0, 40, 29]",210
