0,1,2,3,4,5,6,7,8,9,10,11,12,13,14,15,16,17,18,19,label
"[1, 60, 0]","[0, 60, 4]","[1, 52, 4]","[1, 1787, 5]","[0, 52, 5]","[0, 52, 5]","[0, 1500, 10]","[1, 52, 10]","[0, 1500, 11]","[1, 52, 11]","[0, 663, 11]","[1, 52, 11]","[1, 116, 19]","[1, 150, 19]","[1, 521, 19]","[0, 52, 20]","[0, 52, 20]","[0, 52, 20]","[0, 573, 21]","[1, 83, 22]",121
"[1, 60, 0]","[0, 60, 3]","[1, 52, 4]","[1, 1787, 4]","[0, 52, 5]","[0, 52, 5]","[0, 1500, 10]","[1, 52, 10]","[0, 1500, 10]","[1, 52, 10]","[0, 665, 10]","[1, 52, 10]","[1, 116, 17]","[0, 52, 17]","[0, 564, 19]","[1, 150, 29]","[1, 83, 29]","[1, 521, 29]","[0, 52, 30]","[0, 52, 30]",121
"[1, 60, 0]","[0, 60, 3]","[1, 52, 3]","[1, 1787, 4]","[0, 52, 4]","[0, 52, 4]","[0, 1500, 9]","[1, 52, 9]","[0, 1500, 9]","[1, 52, 9]","[0, 663, 9]","[1, 52, 9]","[1, 116, 17]","[0, 52, 17]","[0, 564, 19]","[1, 150, 21]","[1, 83, 21]","[1, 521, 21]","[0, 52, 21]","[0, 52, 22]",121
"[1, 60, 0]","[0, 60, 4]","[1, 52, 4]","[1, 1851, 4]","[0, 52, 5]","[0, 1500, 10]","[1, 52, 10]","[0, 1500, 10]","[1, 52, 10]","[0, 665, 10]","[1, 52, 10]","[1, 116, 19]","[1, 150, 20]","[1, 521, 20]","[0, 52, 20]","[0, 52, 20]","[0, 52, 21]","[0, 564, 22]","[0, 83, 22]","[1, 52, 22]",121
"[1, 60, 0]","[0, 60, 3]","[1, 52, 3]","[1, 1851, 4]","[0, 52, 5]","[0, 52, 5]","[0, 1500, 9]","[1, 52, 9]","[0, 1500, 9]","[1, 52, 9]","[0, 663, 9]","[1, 52, 9]","[1, 116, 22]","[1, 150, 22]","[1, 521, 23]","[0, 52, 23]","[0, 52, 23]","[0, 52, 23]","[0, 564, 24]","[0, 83, 24]",121
"[1, 60, 0]","[0, 60, 4]","[1, 52, 5]","[1, 1787, 5]","[0, 52, 6]","[0, 1500, 10]","[1, 52, 10]","[0, 1500, 10]","[1, 52, 10]","[0, 663, 10]","[1, 52, 10]","[1, 116, 18]","[1, 150, 18]","[1, 521, 18]","[0, 52, 18]","[0, 52, 19]","[0, 52, 19]","[0, 564, 20]","[0, 83, 20]","[1, 52, 20]",121
"[1, 60, 0]","[0, 60, 4]","[1, 52, 4]","[1, 1787, 5]","[0, 52, 5]","[0, 52, 5]","[0, 1500, 11]","[1, 52, 11]","[0, 1500, 11]","[1, 52, 11]","[0, 665, 11]","[1, 52, 11]","[1, 116, 21]","[1, 150, 22]","[1, 521, 22]","[0, 52, 22]","[0, 52, 22]","[0, 52, 22]","[0, 564, 24]","[0, 83, 24]",121
"[1, 60, 0]","[0, 60, 13]","[1, 52, 13]","[1, 1787, 14]","[0, 52, 17]","[0, 52, 18]","[0, 1500, 24]","[1, 52, 24]","[0, 1500, 24]","[1, 52, 24]","[0, 664, 24]","[1, 52, 24]","[1, 116, 34]","[1, 150, 34]","[1, 521, 35]","[0, 52, 39]","[0, 52, 39]","[0, 52, 39]","[0, 564, 44]","[0, 83, 44]",121
"[1, 60, 0]","[0, 60, 4]","[1, 52, 4]","[1, 1851, 5]","[0, 52, 5]","[0, 1500, 9]","[1, 52, 9]","[0, 1500, 9]","[1, 52, 9]","[0, 663, 9]","[1, 52, 9]","[1, 116, 16]","[1, 150, 16]","[1, 521, 17]","[0, 52, 17]","[0, 52, 17]","[0, 52, 17]","[0, 564, 19]","[0, 83, 19]","[1, 52, 19]",121
"[1, 60, 0]","[0, 60, 4]","[1, 52, 4]","[1, 1883, 5]","[0, 52, 6]","[0, 52, 6]","[0, 1500, 11]","[1, 52, 11]","[0, 1500, 11]","[1, 52, 11]","[0, 664, 11]","[1, 52, 11]","[1, 116, 18]","[0, 52, 19]","[0, 564, 20]","[1, 150, 31]","[1, 83, 31]","[1, 521, 31]","[0, 52, 31]","[0, 52, 31]",121
"[1, 60, 0]","[0, 60, 3]","[1, 52, 3]","[1, 1787, 4]","[0, 52, 4]","[0, 1500, 9]","[1, 52, 9]","[0, 1500, 9]","[1, 52, 9]","[0, 663, 9]","[1, 52, 9]","[1, 116, 15]","[0, 52, 16]","[0, 564, 17]","[1, 150, 20]","[1, 83, 20]","[1, 521, 20]","[0, 52, 20]","[0, 52, 21]","[0, 52, 21]",121
"[1, 60, 0]","[0, 60, 4]","[1, 52, 4]","[1, 1787, 5]","[0, 52, 5]","[0, 1500, 10]","[1, 52, 10]","[0, 1500, 10]","[1, 52, 10]","[0, 663, 10]","[1, 52, 10]","[1, 116, 16]","[0, 52, 17]","[0, 564, 19]","[1, 150, 26]","[1, 83, 26]","[1, 521, 27]","[0, 52, 27]","[0, 52, 27]","[0, 52, 27]",121
"[1, 60, 0]","[0, 60, 5]","[1, 52, 5]","[1, 1787, 5]","[0, 52, 6]","[0, 1500, 10]","[1, 52, 10]","[0, 1500, 10]","[1, 52, 10]","[0, 664, 10]","[1, 52, 10]","[1, 116, 17]","[1, 150, 17]","[0, 52, 17]","[1, 521, 18]","[0, 52, 18]","[0, 52, 18]","[0, 564, 19]","[1, 83, 19]","[0, 83, 19]",121
"[1, 60, 0]","[0, 60, 4]","[1, 52, 4]","[1, 1883, 5]","[0, 52, 5]","[0, 1500, 10]","[1, 52, 10]","[0, 1500, 10]","[1, 52, 10]","[0, 664, 10]","[1, 52, 10]","[1, 116, 16]","[0, 52, 17]","[0, 564, 19]","[1, 150, 19]","[1, 83, 20]","[0, 52, 21]","[0, 52, 21]","[1, 521, 21]","[0, 52, 21]",121
"[1, 60, 0]","[0, 60, 4]","[1, 52, 4]","[1, 1851, 5]","[0, 52, 5]","[0, 52, 5]","[0, 1500, 21]","[1, 52, 21]","[0, 1500, 21]","[1, 52, 21]","[0, 663, 21]","[1, 52, 21]","[1, 116, 28]","[0, 52, 28]","[0, 564, 30]","[1, 150, 30]","[1, 83, 30]","[1, 521, 30]","[0, 52, 31]","[0, 52, 31]",121
"[1, 60, 0]","[0, 60, 5]","[1, 52, 5]","[1, 1883, 5]","[0, 52, 6]","[0, 1500, 11]","[1, 52, 11]","[0, 1500, 11]","[1, 52, 11]","[0, 664, 11]","[1, 52, 11]","[1, 116, 18]","[0, 52, 19]","[0, 564, 20]","[1, 150, 31]","[1, 83, 31]","[1, 521, 31]","[0, 52, 31]","[0, 52, 31]","[0, 52, 31]",121
"[1, 60, 0]","[0, 60, 3]","[1, 52, 4]","[1, 1819, 4]","[0, 52, 5]","[0, 1500, 10]","[1, 52, 10]","[0, 1500, 10]","[1, 52, 10]","[0, 664, 11]","[1, 52, 11]","[1, 116, 17]","[0, 52, 18]","[1, 150, 18]","[1, 521, 18]","[0, 52, 18]","[0, 52, 19]","[0, 564, 19]","[1, 83, 19]","[0, 83, 20]",121
"[1, 60, 0]","[0, 60, 4]","[1, 52, 4]","[1, 1819, 4]","[0, 52, 5]","[0, 52, 5]","[0, 1500, 9]","[1, 52, 9]","[0, 1500, 9]","[1, 52, 9]","[0, 664, 9]","[1, 52, 9]","[1, 116, 15]","[0, 52, 16]","[0, 564, 18]","[1, 150, 20]","[1, 83, 21]","[1, 521, 21]","[0, 52, 21]","[0, 52, 21]",121
"[1, 60, 0]","[0, 60, 4]","[1, 52, 4]","[1, 1851, 4]","[0, 52, 5]","[0, 1500, 10]","[1, 52, 10]","[0, 1500, 10]","[1, 52, 10]","[0, 663, 10]","[1, 52, 10]","[1, 116, 17]","[1, 150, 17]","[0, 52, 17]","[1, 521, 18]","[0, 52, 18]","[0, 52, 18]","[0, 564, 19]","[1, 83, 19]","[0, 83, 20]",121
"[1, 60, 0]","[0, 60, 4]","[1, 52, 4]","[1, 1787, 5]","[0, 52, 6]","[0, 1500, 12]","[1, 52, 12]","[0, 1500, 12]","[1, 52, 12]","[0, 664, 12]","[1, 52, 12]","[1, 116, 19]","[0, 52, 19]","[1, 150, 21]","[1, 521, 21]","[0, 52, 21]","[0, 564, 21]","[1, 83, 21]","[0, 52, 21]","[0, 52, 22]",121
"[1, 60, 0]","[0, 60, 4]","[1, 52, 4]","[1, 1883, 4]","[0, 52, 5]","[0, 1500, 10]","[1, 52, 10]","[0, 1500, 10]","[1, 52, 10]","[0, 663, 10]","[1, 52, 10]","[1, 116, 18]","[0, 52, 19]","[0, 564, 21]","[1, 150, 26]","[1, 83, 26]","[1, 521, 26]","[0, 52, 27]","[0, 52, 27]","[0, 83, 29]",121
"[1, 60, 0]","[0, 60, 7]","[1, 52, 8]","[1, 1819, 8]","[0, 52, 10]","[0, 52, 10]","[0, 1500, 14]","[1, 52, 14]","[0, 1500, 14]","[1, 52, 14]","[0, 664, 14]","[1, 52, 14]","[1, 116, 20]","[1, 150, 20]","[1, 521, 21]","[0, 52, 22]","[0, 573, 24]","[1, 83, 24]","[0, 52, 24]","[0, 304, 32]",121
"[1, 60, 0]","[0, 60, 4]","[1, 52, 4]","[1, 1819, 5]","[0, 52, 6]","[0, 52, 6]","[0, 1500, 12]","[1, 52, 12]","[0, 1500, 12]","[1, 52, 12]","[0, 665, 12]","[1, 52, 12]","[1, 116, 19]","[0, 52, 20]","[0, 564, 22]","[1, 150, 25]","[1, 83, 25]","[1, 521, 25]","[0, 52, 26]","[0, 52, 26]",121
"[1, 60, 0]","[0, 60, 5]","[1, 52, 5]","[1, 1883, 5]","[0, 52, 6]","[0, 52, 6]","[0, 1500, 10]","[1, 52, 10]","[0, 1500, 10]","[1, 52, 10]","[0, 664, 10]","[1, 52, 10]","[1, 116, 19]","[1, 150, 19]","[1, 521, 19]","[0, 52, 20]","[0, 52, 20]","[0, 52, 20]","[0, 573, 22]","[1, 83, 22]",121
"[1, 60, 0]","[0, 60, 3]","[1, 52, 3]","[1, 1819, 4]","[0, 52, 5]","[0, 1500, 9]","[1, 52, 9]","[0, 1500, 9]","[1, 52, 9]","[0, 664, 9]","[1, 52, 9]","[1, 116, 17]","[0, 52, 18]","[0, 564, 19]","[1, 150, 30]","[1, 83, 30]","[1, 521, 30]","[0, 52, 31]","[0, 52, 31]","[0, 52, 31]",121
"[1, 60, 0]","[0, 60, 4]","[1, 52, 4]","[1, 1883, 4]","[0, 52, 5]","[0, 52, 5]","[0, 1500, 9]","[1, 52, 9]","[0, 1500, 9]","[1, 52, 9]","[0, 665, 9]","[1, 52, 9]","[1, 116, 14]","[0, 52, 15]","[0, 564, 17]","[1, 150, 22]","[1, 83, 22]","[1, 521, 22]","[0, 52, 26]","[0, 83, 28]",121
"[1, 60, 0]","[0, 60, 5]","[1, 52, 6]","[1, 1819, 6]","[0, 52, 7]","[0, 1500, 11]","[1, 52, 11]","[0, 1500, 11]","[1, 52, 11]","[0, 665, 11]","[1, 52, 11]","[1, 116, 19]","[1, 150, 19]","[1, 521, 20]","[0, 52, 20]","[0, 52, 21]","[0, 52, 21]","[0, 564, 21]","[1, 83, 22]","[0, 52, 22]",121
"[1, 60, 0]","[0, 60, 4]","[1, 52, 4]","[1, 1787, 4]","[0, 52, 5]","[0, 1500, 10]","[1, 52, 10]","[0, 1500, 11]","[1, 52, 11]","[0, 664, 11]","[1, 52, 11]","[1, 116, 17]","[0, 52, 17]","[0, 564, 19]","[1, 150, 22]","[1, 83, 22]","[1, 521, 22]","[0, 52, 23]","[0, 52, 23]","[0, 83, 26]",121
"[1, 60, 0]","[0, 60, 4]","[1, 52, 4]","[1, 1851, 5]","[0, 52, 5]","[0, 1500, 9]","[1, 52, 9]","[0, 1500, 10]","[1, 52, 10]","[0, 664, 10]","[1, 52, 10]","[1, 116, 19]","[1, 150, 20]","[1, 521, 20]","[0, 52, 20]","[0, 52, 20]","[0, 564, 22]","[0, 83, 22]","[1, 52, 22]","[1, 83, 22]",121
"[1, 60, 0]","[0, 60, 5]","[1, 52, 5]","[1, 1883, 5]","[0, 52, 7]","[0, 1500, 10]","[1, 52, 10]","[0, 1500, 10]","[1, 52, 10]","[0, 665, 10]","[1, 52, 10]","[1, 116, 18]","[1, 150, 18]","[1, 521, 18]","[0, 52, 19]","[0, 52, 19]","[0, 52, 19]","[0, 564, 20]","[1, 83, 20]","[0, 83, 21]",121
"[1, 60, 0]","[0, 60, 4]","[1, 52, 4]","[1, 1787, 5]","[0, 52, 6]","[0, 1500, 10]","[1, 52, 10]","[0, 1500, 10]","[1, 52, 10]","[0, 664, 10]","[1, 52, 10]","[1, 116, 20]","[0, 52, 20]","[0, 564, 22]","[1, 150, 24]","[1, 83, 24]","[1, 521, 24]","[0, 52, 25]","[0, 52, 25]","[0, 52, 25]",121
"[1, 60, 0]","[0, 60, 4]","[1, 52, 4]","[1, 1851, 5]","[0, 52, 6]","[0, 1500, 11]","[1, 52, 11]","[0, 1500, 11]","[1, 52, 11]","[0, 663, 11]","[1, 52, 11]","[1, 116, 18]","[1, 150, 18]","[1, 521, 19]","[0, 52, 19]","[0, 52, 19]","[0, 52, 19]","[0, 564, 20]","[1, 83, 20]","[0, 83, 21]",121
"[1, 60, 0]","[0, 60, 5]","[1, 52, 5]","[1, 1851, 5]","[0, 52, 6]","[0, 1500, 10]","[1, 52, 10]","[0, 1500, 10]","[1, 52, 10]","[0, 664, 10]","[1, 52, 10]","[1, 116, 16]","[0, 52, 17]","[0, 564, 18]","[1, 150, 28]","[1, 83, 28]","[1, 521, 28]","[0, 52, 29]","[0, 52, 29]","[0, 52, 29]",121
"[1, 60, 0]","[0, 60, 4]","[1, 52, 4]","[1, 1851, 5]","[0, 52, 6]","[0, 1500, 11]","[1, 52, 11]","[0, 1500, 11]","[1, 52, 11]","[0, 664, 11]","[1, 52, 11]","[1, 116, 17]","[1, 150, 18]","[0, 52, 18]","[1, 521, 18]","[0, 52, 19]","[0, 52, 19]","[0, 564, 20]","[0, 83, 20]","[1, 52, 20]",121
"[1, 60, 0]","[0, 60, 4]","[1, 52, 4]","[1, 1819, 5]","[0, 52, 5]","[0, 1500, 11]","[1, 52, 11]","[0, 1500, 11]","[1, 52, 11]","[0, 665, 11]","[1, 52, 11]","[1, 116, 16]","[0, 52, 17]","[1, 150, 18]","[1, 521, 19]","[0, 52, 19]","[0, 564, 19]","[0, 52, 19]","[1, 83, 19]","[0, 52, 20]",121
"[1, 60, 0]","[0, 60, 4]","[1, 52, 4]","[1, 1851, 5]","[0, 52, 5]","[0, 1500, 10]","[1, 52, 10]","[0, 1500, 11]","[1, 52, 11]","[0, 664, 11]","[1, 52, 11]","[1, 116, 16]","[1, 150, 17]","[1, 521, 17]","[0, 52, 17]","[0, 52, 17]","[0, 52, 18]","[0, 573, 19]","[1, 83, 20]","[0, 52, 20]",121
"[1, 60, 0]","[0, 60, 4]","[1, 52, 4]","[1, 1819, 5]","[0, 52, 6]","[0, 1500, 10]","[1, 52, 10]","[0, 1500, 10]","[1, 52, 10]","[0, 664, 10]","[1, 52, 10]","[1, 116, 17]","[1, 150, 18]","[1, 521, 18]","[0, 52, 18]","[0, 52, 18]","[0, 52, 18]","[0, 573, 20]","[1, 83, 20]","[0, 52, 21]",121
"[1, 60, 0]","[0, 60, 4]","[1, 52, 4]","[1, 1851, 5]","[0, 52, 5]","[0, 52, 5]","[0, 1500, 11]","[1, 52, 11]","[0, 1500, 11]","[1, 52, 11]","[0, 664, 11]","[1, 52, 11]","[1, 116, 18]","[1, 150, 18]","[1, 521, 18]","[0, 52, 19]","[0, 52, 19]","[0, 52, 19]","[0, 573, 20]","[1, 83, 21]",121
"[1, 60, 0]","[0, 60, 4]","[1, 52, 4]","[1, 1787, 4]","[0, 52, 5]","[0, 1500, 10]","[1, 52, 10]","[0, 1500, 10]","[1, 52, 10]","[0, 664, 10]","[1, 52, 10]","[1, 116, 16]","[0, 52, 16]","[0, 564, 18]","[1, 150, 25]","[1, 83, 25]","[1, 521, 26]","[0, 52, 26]","[0, 52, 26]","[0, 52, 26]",121
"[1, 60, 0]","[0, 60, 10]","[1, 52, 10]","[1, 1787, 11]","[0, 52, 16]","[0, 52, 16]","[0, 1500, 23]","[1, 52, 23]","[0, 1500, 23]","[1, 52, 23]","[0, 665, 23]","[1, 52, 23]","[1, 116, 30]","[1, 150, 30]","[1, 521, 31]","[0, 52, 34]","[0, 52, 34]","[0, 52, 34]","[0, 564, 39]","[0, 83, 39]",121
"[1, 60, 0]","[0, 60, 55]","[1, 52, 55]","[1, 1851, 56]","[0, 52, 59]","[0, 52, 59]","[0, 1500, 67]","[1, 52, 67]","[0, 1500, 67]","[1, 52, 67]","[0, 665, 67]","[1, 52, 67]","[1, 116, 77]","[1, 150, 78]","[1, 521, 78]","[0, 52, 85]","[0, 52, 87]","[0, 52, 87]","[0, 564, 90]","[0, 83, 90]",121
"[1, 60, 0]","[0, 60, 5]","[1, 52, 5]","[1, 1851, 5]","[0, 52, 6]","[0, 1500, 10]","[1, 52, 10]","[0, 1500, 10]","[1, 52, 10]","[0, 664, 10]","[1, 52, 10]","[1, 116, 16]","[0, 52, 17]","[0, 564, 19]","[1, 150, 20]","[1, 83, 20]","[1, 521, 20]","[0, 52, 21]","[0, 52, 21]","[0, 83, 22]",121
"[1, 60, 0]","[0, 60, 4]","[1, 52, 4]","[1, 1883, 4]","[0, 52, 5]","[0, 1500, 9]","[1, 52, 9]","[0, 1500, 9]","[1, 52, 9]","[0, 663, 9]","[1, 52, 9]","[1, 116, 16]","[0, 52, 16]","[0, 564, 18]","[1, 150, 18]","[1, 83, 19]","[1, 521, 19]","[0, 52, 19]","[0, 52, 19]","[0, 52, 19]",121
"[1, 60, 0]","[0, 60, 3]","[1, 52, 3]","[1, 1819, 4]","[0, 52, 5]","[0, 52, 5]","[0, 1500, 9]","[1, 52, 10]","[0, 1500, 10]","[1, 52, 10]","[0, 664, 10]","[1, 52, 10]","[1, 116, 15]","[1, 150, 16]","[1, 521, 16]","[0, 52, 16]","[0, 52, 17]","[0, 52, 17]","[0, 564, 18]","[0, 83, 18]",121
"[1, 60, 0]","[0, 60, 4]","[1, 52, 4]","[1, 1819, 5]","[0, 52, 6]","[0, 1500, 11]","[1, 52, 11]","[0, 1500, 12]","[1, 52, 12]","[0, 665, 12]","[1, 52, 12]","[1, 116, 18]","[0, 52, 19]","[0, 564, 21]","[1, 150, 22]","[1, 83, 22]","[1, 521, 22]","[0, 52, 22]","[0, 52, 22]","[0, 52, 22]",121
"[1, 60, 0]","[0, 60, 5]","[1, 52, 5]","[1, 1819, 5]","[0, 52, 6]","[0, 52, 8]","[0, 1500, 12]","[1, 52, 12]","[0, 1500, 12]","[1, 52, 12]","[0, 665, 12]","[1, 52, 12]","[1, 116, 18]","[0, 52, 19]","[0, 564, 20]","[1, 150, 32]","[1, 83, 32]","[1, 521, 32]","[0, 52, 33]","[0, 52, 33]",121
"[1, 60, 0]","[0, 60, 4]","[1, 52, 4]","[1, 1851, 5]","[0, 52, 5]","[0, 1500, 11]","[1, 52, 11]","[0, 1500, 11]","[1, 52, 11]","[0, 663, 11]","[1, 52, 11]","[1, 116, 17]","[0, 52, 18]","[0, 564, 19]","[1, 150, 24]","[1, 83, 24]","[1, 521, 24]","[0, 52, 24]","[0, 52, 25]","[0, 83, 26]",121
"[1, 60, 0]","[0, 60, 4]","[1, 52, 4]","[1, 1851, 5]","[0, 52, 6]","[0, 52, 6]","[0, 1500, 10]","[1, 52, 10]","[0, 1500, 10]","[1, 52, 10]","[0, 664, 10]","[1, 52, 10]","[1, 116, 16]","[0, 52, 16]","[0, 564, 18]","[1, 150, 26]","[1, 83, 26]","[1, 521, 26]","[0, 52, 27]","[0, 83, 29]",121
"[1, 60, 0]","[0, 60, 4]","[1, 52, 5]","[1, 1883, 5]","[0, 52, 6]","[0, 1500, 10]","[1, 52, 11]","[0, 1500, 11]","[1, 52, 11]","[0, 663, 11]","[1, 52, 11]","[1, 116, 19]","[1, 150, 20]","[0, 52, 20]","[1, 521, 20]","[0, 52, 20]","[0, 52, 21]","[0, 564, 22]","[0, 83, 22]","[1, 52, 22]",121
"[1, 60, 0]","[0, 60, 5]","[1, 52, 5]","[1, 1787, 5]","[0, 52, 6]","[0, 1500, 10]","[1, 52, 10]","[0, 1500, 11]","[1, 52, 11]","[0, 664, 11]","[1, 52, 11]","[1, 116, 21]","[1, 150, 21]","[1, 521, 21]","[0, 52, 22]","[0, 52, 22]","[0, 52, 22]","[0, 573, 23]","[1, 83, 24]","[0, 52, 24]",121
"[1, 60, 0]","[0, 60, 4]","[1, 52, 4]","[1, 1883, 5]","[0, 52, 5]","[0, 52, 5]","[0, 1500, 11]","[1, 52, 11]","[0, 1500, 11]","[1, 52, 11]","[0, 663, 11]","[1, 52, 11]","[1, 116, 19]","[1, 150, 19]","[1, 521, 19]","[0, 52, 20]","[0, 52, 20]","[0, 52, 20]","[0, 564, 22]","[0, 83, 22]",121
"[1, 60, 0]","[0, 60, 4]","[1, 52, 4]","[1, 1851, 5]","[0, 52, 5]","[0, 52, 5]","[0, 1500, 9]","[1, 52, 9]","[0, 1500, 9]","[1, 52, 9]","[0, 665, 9]","[1, 52, 9]","[1, 116, 15]","[1, 150, 15]","[1, 521, 15]","[0, 52, 15]","[0, 52, 16]","[0, 52, 16]","[0, 564, 17]","[0, 83, 17]",121
"[1, 60, 0]","[0, 60, 4]","[1, 52, 4]","[1, 1787, 5]","[0, 52, 6]","[0, 1500, 10]","[1, 52, 10]","[0, 1500, 10]","[1, 52, 10]","[0, 663, 10]","[1, 52, 10]","[1, 116, 15]","[1, 150, 16]","[1, 521, 16]","[0, 52, 17]","[0, 52, 17]","[0, 52, 17]","[0, 573, 18]","[1, 83, 18]","[0, 52, 19]",121
"[1, 60, 0]","[0, 60, 4]","[1, 52, 4]","[1, 1883, 5]","[0, 52, 6]","[0, 1500, 12]","[1, 52, 12]","[0, 1500, 12]","[1, 52, 12]","[0, 665, 12]","[1, 52, 12]","[1, 116, 18]","[0, 52, 20]","[0, 564, 21]","[1, 150, 22]","[1, 83, 22]","[1, 521, 22]","[0, 52, 22]","[0, 52, 23]","[0, 83, 24]",121
"[1, 60, 0]","[0, 60, 17]","[1, 52, 17]","[1, 1883, 17]","[0, 52, 22]","[0, 52, 22]","[0, 1500, 28]","[1, 52, 28]","[0, 1500, 28]","[1, 52, 28]","[0, 663, 28]","[1, 52, 28]","[1, 116, 36]","[1, 150, 37]","[1, 521, 37]","[0, 52, 40]","[0, 52, 40]","[0, 52, 41]","[0, 564, 43]","[0, 83, 43]",121
"[1, 60, 0]","[0, 60, 4]","[1, 52, 4]","[1, 1851, 5]","[0, 52, 6]","[0, 1500, 12]","[1, 52, 12]","[0, 1500, 12]","[1, 52, 12]","[0, 665, 12]","[1, 52, 12]","[1, 116, 18]","[0, 52, 18]","[0, 564, 21]","[1, 150, 25]","[1, 83, 25]","[1, 521, 25]","[0, 52, 26]","[0, 52, 26]","[0, 52, 26]",121
"[1, 60, 0]","[0, 60, 4]","[1, 52, 4]","[1, 1787, 5]","[0, 52, 6]","[0, 1500, 11]","[1, 52, 11]","[0, 1500, 11]","[1, 52, 11]","[0, 664, 11]","[1, 52, 11]","[1, 116, 17]","[1, 150, 18]","[1, 521, 18]","[0, 52, 18]","[0, 52, 18]","[0, 52, 18]","[0, 564, 20]","[0, 83, 20]","[1, 52, 20]",121
"[1, 60, 0]","[0, 60, 4]","[1, 52, 4]","[1, 1819, 4]","[0, 52, 5]","[0, 1500, 9]","[1, 52, 9]","[0, 1500, 9]","[1, 52, 9]","[0, 664, 9]","[1, 52, 9]","[1, 116, 17]","[1, 150, 18]","[1, 521, 18]","[0, 52, 18]","[0, 52, 18]","[0, 52, 18]","[0, 573, 20]","[1, 83, 20]","[0, 52, 20]",121
"[1, 60, 0]","[0, 60, 3]","[1, 52, 4]","[1, 1851, 4]","[0, 52, 5]","[0, 1500, 9]","[1, 52, 9]","[0, 1500, 9]","[1, 52, 9]","[0, 663, 9]","[1, 52, 9]","[1, 116, 15]","[1, 150, 15]","[1, 521, 16]","[0, 52, 16]","[0, 52, 16]","[0, 52, 16]","[0, 564, 17]","[0, 83, 18]","[1, 52, 18]",121
"[1, 60, 0]","[0, 60, 3]","[1, 52, 3]","[1, 1819, 4]","[0, 52, 5]","[0, 1500, 12]","[1, 52, 12]","[0, 1500, 12]","[1, 52, 12]","[0, 663, 12]","[1, 52, 12]","[1, 116, 20]","[1, 150, 21]","[1, 521, 21]","[0, 52, 21]","[0, 52, 22]","[0, 52, 22]","[0, 564, 23]","[1, 83, 23]","[0, 83, 23]",121
"[1, 60, 0]","[0, 60, 4]","[1, 52, 4]","[1, 1787, 4]","[0, 52, 5]","[0, 1500, 9]","[1, 52, 9]","[0, 1500, 10]","[1, 52, 10]","[0, 664, 10]","[1, 52, 10]","[1, 116, 17]","[1, 150, 18]","[1, 521, 18]","[0, 52, 19]","[0, 52, 19]","[0, 573, 20]","[1, 83, 21]","[0, 52, 21]","[0, 304, 29]",121
"[1, 60, 0]","[0, 60, 4]","[1, 52, 4]","[1, 1851, 4]","[0, 52, 5]","[0, 1500, 11]","[1, 52, 11]","[0, 1500, 11]","[1, 52, 11]","[0, 664, 12]","[1, 52, 12]","[1, 116, 18]","[1, 150, 19]","[1, 521, 19]","[0, 52, 20]","[0, 52, 20]","[0, 52, 20]","[0, 573, 22]","[1, 83, 22]","[0, 52, 22]",121
"[1, 60, 0]","[0, 60, 4]","[1, 52, 4]","[1, 1883, 5]","[0, 52, 5]","[0, 1500, 9]","[1, 52, 9]","[0, 1500, 9]","[1, 52, 9]","[0, 665, 9]","[1, 52, 10]","[1, 116, 16]","[1, 150, 17]","[1, 521, 17]","[0, 52, 17]","[0, 52, 18]","[0, 52, 18]","[0, 595, 19]","[1, 83, 19]","[0, 52, 19]",121
"[1, 60, 0]","[0, 60, 3]","[1, 52, 3]","[1, 1851, 3]","[0, 52, 4]","[0, 52, 5]","[0, 1500, 11]","[1, 52, 11]","[0, 1500, 11]","[1, 52, 11]","[0, 664, 11]","[1, 52, 11]","[1, 116, 16]","[1, 150, 17]","[1, 521, 17]","[0, 52, 17]","[0, 52, 18]","[0, 52, 18]","[0, 564, 19]","[1, 83, 19]",121
"[1, 60, 0]","[0, 60, 3]","[1, 52, 3]","[1, 1819, 4]","[0, 52, 4]","[0, 52, 5]","[0, 1500, 8]","[1, 52, 8]","[0, 1500, 8]","[0, 664, 8]","[1, 52, 8]","[1, 52, 8]","[1, 116, 15]","[1, 150, 16]","[1, 521, 16]","[0, 52, 16]","[0, 52, 16]","[0, 52, 16]","[0, 564, 19]","[0, 83, 19]",121
"[1, 60, 0]","[0, 60, 3]","[1, 52, 3]","[1, 1883, 4]","[0, 52, 5]","[0, 1500, 9]","[1, 52, 10]","[0, 1500, 10]","[1, 52, 10]","[0, 664, 10]","[1, 52, 10]","[1, 116, 15]","[0, 52, 16]","[0, 564, 18]","[1, 150, 20]","[1, 83, 20]","[1, 521, 20]","[0, 52, 20]","[0, 52, 20]","[0, 52, 20]",121
"[1, 60, 0]","[0, 60, 4]","[1, 52, 4]","[1, 1883, 4]","[0, 52, 5]","[0, 52, 5]","[0, 1500, 9]","[1, 52, 9]","[0, 1500, 9]","[1, 52, 9]","[0, 664, 9]","[1, 52, 9]","[1, 116, 15]","[1, 150, 15]","[1, 521, 16]","[0, 52, 16]","[0, 52, 16]","[0, 52, 16]","[0, 564, 18]","[0, 83, 18]",121
"[1, 60, 0]","[0, 60, 4]","[1, 52, 4]","[1, 1851, 5]","[0, 52, 5]","[0, 52, 5]","[0, 1500, 11]","[1, 52, 12]","[0, 1500, 12]","[1, 52, 12]","[0, 664, 12]","[1, 52, 12]","[1, 116, 17]","[1, 150, 17]","[1, 521, 17]","[0, 52, 18]","[0, 52, 18]","[0, 52, 18]","[0, 564, 19]","[0, 83, 19]",121
"[1, 60, 0]","[0, 60, 4]","[1, 52, 5]","[1, 1883, 5]","[0, 52, 6]","[0, 52, 6]","[0, 1500, 10]","[1, 52, 10]","[0, 1500, 10]","[1, 52, 10]","[0, 664, 10]","[1, 52, 10]","[1, 116, 18]","[0, 52, 19]","[1, 150, 21]","[1, 521, 21]","[0, 564, 22]","[1, 83, 22]","[0, 52, 22]","[0, 52, 22]",121
"[1, 60, 0]","[0, 60, 21]","[1, 52, 21]","[1, 1883, 22]","[0, 52, 33]","[0, 52, 33]","[0, 1500, 42]","[1, 52, 42]","[0, 1500, 42]","[1, 52, 42]","[0, 663, 42]","[1, 52, 42]","[1, 116, 52]","[1, 150, 53]","[1, 521, 53]","[0, 52, 64]","[0, 52, 64]","[0, 573, 72]","[1, 83, 73]","[0, 259, 77]",121
"[1, 60, 0]","[0, 60, 4]","[1, 52, 4]","[1, 1819, 5]","[0, 52, 5]","[0, 1500, 10]","[1, 52, 10]","[0, 1500, 10]","[1, 52, 10]","[0, 665, 10]","[1, 52, 10]","[1, 116, 18]","[1, 150, 18]","[0, 52, 18]","[1, 521, 18]","[0, 52, 19]","[0, 52, 19]","[0, 564, 20]","[0, 83, 20]","[1, 52, 20]",121
"[1, 60, 0]","[0, 60, 3]","[1, 52, 3]","[1, 1851, 4]","[0, 52, 5]","[0, 52, 5]","[0, 1500, 10]","[1, 52, 10]","[0, 1500, 10]","[1, 52, 10]","[0, 665, 10]","[1, 52, 10]","[1, 116, 19]","[0, 52, 20]","[0, 564, 22]","[1, 150, 29]","[1, 83, 29]","[1, 521, 29]","[0, 52, 30]","[0, 52, 30]",121
"[1, 60, 0]","[0, 60, 4]","[1, 52, 4]","[1, 1787, 4]","[0, 52, 5]","[0, 52, 5]","[0, 1500, 9]","[1, 52, 9]","[0, 1500, 9]","[1, 52, 9]","[0, 664, 9]","[1, 52, 9]","[1, 116, 16]","[0, 52, 17]","[0, 564, 18]","[1, 150, 20]","[1, 83, 21]","[1, 521, 21]","[0, 52, 21]","[0, 52, 21]",121
"[1, 60, 0]","[0, 60, 4]","[1, 52, 4]","[1, 1819, 5]","[0, 52, 5]","[0, 1500, 12]","[1, 52, 12]","[0, 1500, 12]","[1, 52, 12]","[0, 665, 12]","[1, 52, 12]","[1, 116, 20]","[0, 52, 20]","[0, 564, 22]","[1, 150, 25]","[1, 83, 25]","[1, 521, 25]","[0, 52, 25]","[0, 52, 25]","[0, 52, 25]",121
"[1, 60, 0]","[0, 60, 4]","[1, 52, 5]","[1, 1851, 5]","[0, 52, 7]","[0, 52, 7]","[0, 1500, 10]","[1, 52, 10]","[0, 1500, 10]","[1, 52, 10]","[0, 664, 10]","[1, 52, 10]","[1, 116, 17]","[0, 52, 17]","[0, 564, 19]","[1, 150, 23]","[1, 83, 24]","[1, 521, 24]","[0, 52, 24]","[0, 52, 24]",121
"[1, 60, 0]","[0, 60, 4]","[1, 52, 4]","[1, 1787, 4]","[0, 52, 6]","[0, 1500, 11]","[1, 52, 11]","[0, 1500, 11]","[1, 52, 11]","[0, 665, 11]","[1, 52, 11]","[1, 116, 19]","[0, 52, 19]","[0, 564, 21]","[1, 150, 29]","[1, 83, 30]","[1, 521, 30]","[0, 52, 30]","[0, 52, 30]","[0, 52, 30]",121
"[1, 60, 0]","[0, 60, 5]","[1, 52, 5]","[1, 1819, 5]","[0, 52, 6]","[0, 52, 6]","[0, 1500, 11]","[1, 52, 11]","[0, 1500, 11]","[1, 52, 12]","[0, 664, 12]","[1, 52, 12]","[1, 116, 18]","[1, 150, 18]","[1, 521, 19]","[0, 52, 19]","[0, 52, 19]","[0, 52, 19]","[0, 564, 20]","[1, 83, 21]",121
"[1, 60, 0]","[0, 60, 4]","[1, 52, 4]","[1, 1883, 5]","[0, 52, 6]","[0, 1500, 10]","[1, 52, 10]","[0, 1500, 10]","[1, 52, 10]","[0, 665, 10]","[1, 52, 10]","[1, 116, 16]","[1, 150, 17]","[1, 521, 17]","[0, 52, 17]","[0, 52, 17]","[0, 52, 18]","[0, 595, 19]","[1, 83, 19]","[0, 52, 20]",121
"[1, 60, 0]","[0, 60, 4]","[1, 52, 4]","[1, 1851, 5]","[0, 52, 6]","[0, 1500, 11]","[1, 52, 11]","[0, 1500, 11]","[1, 52, 11]","[0, 664, 11]","[1, 52, 11]","[1, 116, 17]","[0, 52, 18]","[0, 564, 20]","[1, 150, 21]","[1, 83, 21]","[1, 521, 21]","[0, 52, 22]","[0, 52, 22]","[0, 52, 22]",121
"[1, 60, 0]","[0, 60, 4]","[1, 52, 4]","[1, 1787, 4]","[0, 52, 5]","[0, 1500, 9]","[1, 52, 9]","[0, 1500, 9]","[1, 52, 9]","[0, 664, 9]","[1, 52, 9]","[1, 116, 15]","[0, 52, 16]","[0, 564, 18]","[1, 150, 22]","[1, 83, 22]","[1, 521, 22]","[0, 52, 22]","[0, 52, 22]","[0, 52, 23]",121
"[1, 60, 0]","[0, 60, 5]","[1, 52, 5]","[1, 1787, 5]","[0, 52, 7]","[0, 52, 7]","[0, 1500, 11]","[1, 52, 11]","[0, 1500, 11]","[1, 52, 11]","[0, 663, 11]","[1, 52, 11]","[1, 116, 17]","[0, 52, 18]","[0, 564, 20]","[1, 150, 21]","[1, 83, 22]","[1, 521, 22]","[0, 52, 22]","[0, 52, 22]",121
"[1, 60, 0]","[0, 60, 4]","[1, 52, 4]","[1, 1851, 4]","[0, 52, 5]","[0, 52, 5]","[0, 1500, 9]","[1, 52, 9]","[0, 1500, 9]","[1, 52, 9]","[0, 665, 9]","[1, 52, 9]","[1, 116, 17]","[0, 52, 17]","[0, 564, 19]","[1, 150, 19]","[1, 83, 20]","[1, 521, 20]","[0, 52, 20]","[0, 52, 20]",121
"[1, 60, 0]","[0, 60, 5]","[1, 52, 5]","[1, 1851, 5]","[0, 52, 6]","[0, 52, 6]","[0, 1500, 11]","[1, 52, 11]","[0, 1500, 11]","[1, 52, 11]","[0, 664, 11]","[1, 52, 11]","[1, 116, 20]","[0, 52, 21]","[0, 564, 23]","[1, 150, 24]","[1, 83, 24]","[1, 521, 24]","[0, 52, 25]","[0, 52, 25]",121
"[1, 60, 0]","[0, 60, 4]","[1, 52, 4]","[1, 1819, 5]","[0, 52, 5]","[0, 1500, 10]","[1, 52, 10]","[0, 1500, 10]","[1, 52, 10]","[0, 664, 10]","[1, 52, 10]","[1, 116, 17]","[1, 150, 18]","[1, 521, 18]","[0, 52, 18]","[0, 52, 19]","[0, 52, 19]","[0, 564, 20]","[0, 83, 20]","[1, 52, 20]",121
"[1, 60, 0]","[0, 60, 4]","[1, 52, 4]","[1, 1787, 4]","[0, 52, 5]","[0, 52, 5]","[0, 1500, 9]","[1, 52, 10]","[0, 1500, 10]","[1, 52, 10]","[0, 663, 10]","[1, 52, 10]","[1, 116, 17]","[0, 52, 18]","[0, 564, 20]","[1, 150, 23]","[1, 83, 23]","[1, 521, 23]","[0, 52, 23]","[0, 52, 23]",121
"[1, 60, 0]","[0, 60, 3]","[1, 52, 4]","[1, 1883, 4]","[0, 52, 5]","[0, 52, 5]","[0, 1500, 10]","[1, 52, 10]","[0, 1500, 10]","[1, 52, 10]","[0, 663, 10]","[1, 52, 10]","[1, 116, 16]","[0, 52, 17]","[0, 564, 19]","[1, 150, 27]","[1, 83, 27]","[1, 521, 27]","[0, 52, 27]","[0, 52, 28]",121
"[1, 60, 0]","[0, 60, 4]","[1, 52, 4]","[1, 1883, 4]","[0, 52, 5]","[0, 1500, 15]","[1, 52, 15]","[0, 1500, 15]","[1, 52, 15]","[0, 664, 15]","[1, 52, 15]","[1, 116, 21]","[1, 150, 21]","[1, 521, 22]","[0, 52, 22]","[0, 52, 23]","[0, 52, 23]","[0, 564, 24]","[0, 83, 24]","[1, 52, 24]",121
"[1, 60, 0]","[0, 60, 22]","[1, 52, 22]","[1, 1851, 23]","[0, 52, 30]","[0, 52, 30]","[0, 1500, 39]","[1, 52, 39]","[0, 1500, 39]","[1, 52, 39]","[0, 665, 39]","[1, 52, 39]","[1, 116, 50]","[1, 150, 51]","[1, 521, 51]","[0, 52, 62]","[0, 52, 62]","[0, 573, 79]","[0, 1500, 79]","[0, 1266, 79]",121
"[1, 60, 0]","[0, 60, 4]","[1, 52, 4]","[1, 1883, 5]","[0, 52, 7]","[0, 1500, 13]","[1, 52, 13]","[0, 1500, 13]","[1, 52, 13]","[0, 664, 13]","[1, 52, 13]","[1, 116, 19]","[1, 150, 20]","[0, 52, 20]","[1, 521, 20]","[0, 52, 20]","[0, 52, 20]","[0, 564, 21]","[0, 83, 22]","[1, 52, 22]",121
"[1, 60, 0]","[0, 60, 17]","[1, 52, 18]","[1, 1819, 18]","[0, 52, 24]","[0, 52, 24]","[0, 1500, 32]","[1, 52, 32]","[0, 1500, 32]","[1, 52, 32]","[0, 664, 32]","[1, 52, 32]","[1, 116, 40]","[1, 150, 41]","[1, 521, 42]","[0, 52, 48]","[0, 52, 53]","[0, 52, 53]","[0, 564, 53]","[1, 83, 53]",121
"[1, 60, 0]","[0, 60, 4]","[1, 52, 4]","[1, 1851, 5]","[0, 52, 6]","[0, 1500, 10]","[1, 52, 10]","[0, 1500, 10]","[1, 52, 10]","[0, 665, 10]","[1, 52, 10]","[1, 116, 16]","[1, 150, 16]","[0, 52, 16]","[1, 521, 17]","[0, 52, 17]","[0, 52, 17]","[0, 564, 18]","[0, 83, 18]","[1, 52, 19]",121
"[1, 60, 0]","[0, 60, 4]","[1, 52, 4]","[1, 1883, 5]","[0, 52, 6]","[0, 52, 7]","[0, 1500, 10]","[1, 52, 10]","[0, 1500, 10]","[1, 52, 10]","[0, 664, 10]","[1, 52, 10]","[1, 116, 17]","[0, 52, 18]","[0, 564, 19]","[1, 150, 30]","[1, 83, 30]","[1, 521, 30]","[0, 52, 31]","[0, 83, 33]",121
"[1, 60, 0]","[0, 60, 3]","[1, 52, 4]","[1, 1851, 4]","[0, 52, 5]","[0, 1500, 9]","[1, 52, 9]","[0, 1500, 9]","[1, 52, 9]","[0, 665, 9]","[1, 52, 9]","[1, 116, 16]","[0, 52, 16]","[0, 564, 18]","[1, 150, 27]","[1, 83, 27]","[1, 521, 27]","[0, 52, 27]","[0, 52, 28]","[0, 83, 29]",121
"[1, 60, 0]","[0, 60, 4]","[1, 52, 4]","[1, 1819, 4]","[0, 52, 5]","[0, 1500, 10]","[1, 52, 10]","[0, 1500, 10]","[1, 52, 10]","[0, 663, 10]","[1, 52, 10]","[1, 116, 16]","[0, 52, 17]","[0, 564, 19]","[1, 150, 27]","[1, 83, 27]","[1, 521, 27]","[0, 52, 27]","[0, 52, 28]","[0, 52, 28]",121
"[1, 60, 0]","[0, 60, 5]","[1, 52, 5]","[1, 1851, 6]","[0, 52, 6]","[0, 52, 7]","[0, 1500, 10]","[1, 52, 10]","[0, 1500, 11]","[1, 52, 11]","[0, 665, 11]","[1, 52, 11]","[1, 116, 17]","[0, 52, 18]","[1, 150, 19]","[1, 521, 19]","[0, 564, 20]","[0, 52, 20]","[1, 83, 20]","[0, 52, 21]",121
"[1, 60, 0]","[0, 60, 6]","[1, 52, 6]","[1, 1819, 7]","[0, 52, 8]","[0, 52, 8]","[0, 1500, 13]","[1, 52, 14]","[0, 1500, 14]","[1, 52, 14]","[0, 664, 14]","[1, 52, 14]","[1, 116, 19]","[0, 52, 19]","[0, 564, 21]","[1, 150, 24]","[1, 83, 24]","[1, 521, 24]","[0, 52, 24]","[0, 52, 24]",121
"[1, 60, 0]","[0, 60, 5]","[1, 52, 5]","[1, 1819, 5]","[0, 52, 6]","[0, 52, 7]","[0, 1500, 11]","[1, 52, 11]","[0, 1500, 12]","[1, 52, 12]","[0, 664, 12]","[1, 52, 12]","[1, 116, 17]","[0, 52, 18]","[0, 564, 19]","[1, 150, 21]","[1, 83, 21]","[1, 521, 21]","[0, 52, 22]","[0, 83, 24]",121
"[1, 60, 0]","[0, 60, 4]","[1, 52, 4]","[1, 1819, 4]","[0, 52, 6]","[0, 1500, 11]","[1, 52, 11]","[0, 1500, 11]","[1, 52, 11]","[0, 663, 11]","[1, 52, 11]","[1, 116, 18]","[0, 52, 18]","[0, 564, 20]","[1, 150, 31]","[1, 83, 31]","[1, 521, 31]","[0, 52, 31]","[0, 83, 33]","[0, 258, 45]",121
"[1, 60, 0]","[0, 60, 4]","[1, 52, 4]","[1, 1819, 4]","[0, 52, 5]","[0, 1500, 9]","[1, 52, 9]","[0, 1500, 9]","[1, 52, 9]","[0, 663, 9]","[1, 52, 9]","[1, 116, 18]","[0, 52, 19]","[0, 564, 21]","[1, 150, 25]","[1, 83, 25]","[1, 521, 25]","[0, 52, 26]","[0, 52, 26]","[0, 83, 27]",121
"[1, 60, 0]","[0, 60, 4]","[1, 52, 4]","[1, 1883, 5]","[0, 52, 6]","[0, 1500, 9]","[1, 52, 10]","[0, 1500, 10]","[1, 52, 10]","[0, 665, 10]","[1, 52, 10]","[1, 116, 16]","[0, 52, 17]","[1, 150, 19]","[0, 564, 19]","[1, 521, 19]","[1, 83, 19]","[0, 52, 19]","[0, 52, 19]","[0, 52, 19]",121
"[1, 60, 0]","[0, 60, 10]","[1, 52, 10]","[1, 1819, 10]","[0, 52, 11]","[0, 52, 11]","[0, 1500, 48]","[0, 1500, 48]","[0, 663, 48]","[1, 52, 48]","[1, 52, 48]","[1, 52, 48]","[1, 116, 154]","[1, 150, 156]","[1, 521, 158]","[0, 52, 159]","[0, 52, 160]","[0, 52, 166]","[0, 564, 169]","[1, 52, 169]",122
"[1, 60, 0]","[0, 60, 4]","[1, 52, 4]","[1, 1819, 7]","[0, 52, 8]","[0, 1500, 14]","[1, 52, 14]","[0, 1500, 14]","[1, 52, 14]","[0, 663, 14]","[1, 52, 14]","[1, 116, 19]","[1, 150, 19]","[1, 521, 19]","[0, 52, 20]","[0, 52, 20]","[0, 52, 20]","[0, 573, 22]","[1, 83, 22]","[0, 52, 23]",122
"[1, 60, 0]","[0, 60, 4]","[1, 52, 4]","[1, 1787, 5]","[0, 52, 5]","[0, 52, 5]","[0, 1500, 10]","[1, 52, 10]","[0, 1500, 10]","[1, 52, 10]","[0, 664, 10]","[1, 52, 10]","[1, 116, 17]","[1, 150, 17]","[1, 521, 17]","[0, 52, 18]","[0, 52, 18]","[0, 573, 19]","[1, 83, 19]","[0, 52, 20]",122
"[1, 60, 0]","[0, 60, 4]","[1, 52, 4]","[1, 1819, 5]","[0, 52, 6]","[0, 1500, 11]","[1, 52, 11]","[0, 1500, 11]","[1, 52, 11]","[0, 664, 11]","[1, 52, 11]","[1, 116, 16]","[1, 150, 16]","[1, 521, 17]","[0, 52, 17]","[0, 52, 17]","[0, 52, 17]","[0, 573, 19]","[1, 83, 19]","[0, 52, 19]",122
"[1, 60, 0]","[0, 60, 3]","[1, 52, 3]","[1, 1787, 3]","[0, 52, 4]","[0, 52, 4]","[0, 1500, 9]","[1, 52, 9]","[0, 1500, 9]","[1, 52, 9]","[0, 664, 9]","[1, 52, 9]","[1, 116, 15]","[1, 150, 15]","[1, 521, 15]","[0, 52, 16]","[0, 52, 16]","[0, 573, 17]","[1, 83, 18]","[0, 52, 18]",122
"[1, 60, 0]","[0, 60, 3]","[1, 52, 3]","[1, 1787, 5]","[0, 52, 5]","[0, 1500, 12]","[1, 52, 12]","[0, 1500, 12]","[1, 52, 12]","[0, 664, 12]","[1, 52, 12]","[1, 116, 17]","[1, 150, 18]","[1, 521, 18]","[0, 52, 18]","[0, 52, 18]","[0, 573, 20]","[1, 83, 20]","[0, 52, 21]","[0, 304, 29]",122
"[1, 60, 0]","[0, 60, 4]","[1, 52, 4]","[1, 1851, 4]","[0, 52, 5]","[0, 1500, 10]","[1, 52, 10]","[0, 1500, 10]","[1, 52, 10]","[0, 663, 10]","[1, 52, 10]","[1, 116, 15]","[1, 150, 15]","[1, 521, 16]","[0, 52, 16]","[0, 52, 16]","[0, 52, 16]","[0, 564, 17]","[1, 83, 18]","[0, 83, 18]",122
"[1, 60, 0]","[0, 60, 4]","[1, 52, 4]","[1, 1787, 4]","[0, 52, 5]","[0, 1500, 10]","[1, 52, 10]","[0, 1500, 10]","[0, 664, 10]","[1, 52, 10]","[1, 52, 10]","[1, 116, 16]","[1, 150, 17]","[1, 521, 17]","[0, 52, 17]","[0, 52, 17]","[0, 573, 19]","[1, 83, 19]","[0, 52, 20]","[0, 304, 27]",122
"[1, 60, 0]","[0, 60, 4]","[1, 52, 5]","[1, 1819, 5]","[0, 52, 6]","[0, 1500, 10]","[1, 52, 10]","[0, 1500, 10]","[1, 52, 10]","[0, 664, 11]","[1, 52, 11]","[1, 116, 16]","[1, 150, 16]","[1, 521, 17]","[0, 52, 17]","[0, 52, 17]","[0, 573, 19]","[1, 83, 19]","[0, 52, 19]","[0, 259, 33]",122
"[1, 60, 0]","[0, 60, 4]","[1, 52, 4]","[1, 1819, 4]","[0, 52, 5]","[0, 1500, 8]","[1, 52, 8]","[0, 1500, 9]","[1, 52, 9]","[0, 664, 9]","[1, 52, 9]","[1, 116, 13]","[1, 150, 14]","[1, 521, 14]","[0, 52, 14]","[0, 52, 14]","[0, 52, 14]","[0, 564, 16]","[1, 83, 16]","[0, 83, 16]",122
"[1, 60, 0]","[0, 60, 4]","[1, 52, 4]","[1, 1883, 4]","[0, 52, 5]","[0, 1500, 10]","[1, 52, 10]","[0, 1500, 10]","[1, 52, 10]","[0, 664, 10]","[1, 52, 10]","[1, 116, 15]","[1, 150, 16]","[1, 521, 16]","[0, 52, 16]","[0, 52, 16]","[0, 52, 17]","[0, 573, 18]","[1, 83, 19]","[0, 52, 19]",122
"[1, 60, 0]","[0, 60, 4]","[1, 52, 4]","[1, 1819, 5]","[0, 52, 5]","[0, 1500, 10]","[1, 52, 10]","[0, 1500, 10]","[1, 52, 10]","[0, 664, 10]","[1, 52, 10]","[1, 116, 16]","[1, 150, 16]","[0, 52, 17]","[1, 521, 19]","[0, 573, 19]","[1, 83, 20]","[0, 52, 20]","[0, 52, 20]","[0, 304, 32]",122
"[1, 60, 0]","[0, 60, 4]","[1, 52, 4]","[1, 1851, 5]","[0, 52, 6]","[0, 1500, 10]","[1, 52, 10]","[0, 1500, 10]","[1, 52, 10]","[0, 665, 10]","[1, 52, 10]","[1, 116, 16]","[1, 150, 17]","[1, 521, 17]","[0, 52, 17]","[0, 52, 17]","[0, 52, 17]","[0, 564, 19]","[1, 83, 19]","[0, 83, 19]",122
"[1, 60, 0]","[0, 60, 4]","[1, 52, 4]","[1, 1883, 4]","[0, 52, 5]","[0, 1500, 10]","[1, 52, 11]","[0, 1500, 11]","[1, 52, 11]","[0, 664, 11]","[1, 52, 11]","[1, 116, 16]","[1, 150, 16]","[1, 521, 16]","[0, 52, 17]","[0, 52, 17]","[0, 52, 17]","[0, 573, 18]","[1, 83, 18]","[0, 52, 19]",122
"[1, 60, 0]","[0, 60, 4]","[1, 52, 4]","[1, 1787, 5]","[0, 52, 5]","[0, 1500, 10]","[1, 52, 10]","[0, 1500, 10]","[1, 52, 10]","[0, 665, 11]","[1, 52, 11]","[1, 116, 16]","[1, 150, 16]","[1, 521, 16]","[0, 52, 17]","[0, 52, 17]","[0, 573, 19]","[1, 83, 19]","[0, 52, 19]","[0, 304, 27]",122
"[1, 60, 0]","[0, 60, 4]","[1, 52, 4]","[1, 1883, 6]","[0, 52, 7]","[0, 52, 7]","[0, 1500, 12]","[1, 52, 12]","[0, 1500, 13]","[1, 52, 13]","[0, 665, 13]","[1, 52, 13]","[1, 116, 19]","[1, 150, 20]","[1, 521, 20]","[0, 52, 20]","[0, 52, 20]","[0, 52, 21]","[0, 573, 22]","[1, 83, 22]",122
"[1, 60, 0]","[0, 60, 4]","[1, 52, 4]","[1, 1819, 4]","[0, 52, 5]","[0, 1500, 9]","[1, 52, 9]","[0, 1500, 9]","[1, 52, 9]","[0, 664, 9]","[1, 52, 9]","[1, 116, 15]","[1, 150, 15]","[1, 521, 15]","[0, 52, 15]","[0, 52, 15]","[0, 52, 15]","[0, 564, 17]","[0, 83, 17]","[1, 52, 17]",122
"[1, 60, 0]","[0, 60, 3]","[1, 52, 3]","[1, 1787, 4]","[0, 52, 4]","[0, 1500, 9]","[1, 52, 9]","[0, 1500, 9]","[1, 52, 9]","[0, 664, 9]","[1, 52, 9]","[1, 116, 16]","[1, 150, 16]","[1, 521, 17]","[0, 52, 17]","[0, 52, 17]","[0, 573, 19]","[1, 83, 19]","[0, 52, 20]","[0, 304, 30]",122
"[1, 60, 0]","[0, 60, 3]","[1, 52, 3]","[1, 1883, 4]","[0, 52, 5]","[0, 52, 5]","[0, 1500, 9]","[1, 52, 9]","[0, 1500, 9]","[1, 52, 9]","[0, 664, 9]","[1, 52, 9]","[1, 116, 14]","[1, 150, 14]","[1, 521, 15]","[0, 52, 15]","[0, 52, 15]","[0, 573, 17]","[1, 83, 17]","[0, 52, 17]",122
"[1, 60, 0]","[0, 60, 4]","[1, 52, 4]","[1, 1851, 4]","[0, 52, 5]","[0, 52, 5]","[0, 1500, 10]","[1, 52, 10]","[0, 1500, 11]","[1, 52, 11]","[0, 663, 11]","[1, 52, 11]","[1, 116, 16]","[1, 150, 16]","[1, 521, 16]","[0, 52, 17]","[0, 52, 17]","[0, 573, 19]","[1, 83, 19]","[0, 52, 19]",122
"[1, 60, 0]","[0, 60, 4]","[1, 52, 4]","[1, 1787, 5]","[0, 52, 5]","[0, 1500, 10]","[1, 52, 10]","[0, 1500, 11]","[1, 52, 11]","[0, 664, 11]","[1, 52, 11]","[1, 116, 16]","[1, 150, 16]","[1, 521, 16]","[0, 52, 17]","[0, 52, 17]","[0, 573, 19]","[1, 83, 19]","[0, 52, 20]","[0, 259, 31]",122
"[1, 60, 0]","[0, 60, 13]","[1, 52, 13]","[1, 1787, 14]","[0, 52, 18]","[0, 52, 18]","[0, 1500, 26]","[1, 52, 26]","[0, 1500, 26]","[1, 52, 26]","[0, 664, 26]","[1, 52, 26]","[1, 116, 37]","[1, 150, 38]","[1, 521, 38]","[0, 52, 91]","[0, 52, 91]","[0, 573, 97]","[1, 83, 98]","[0, 304, 103]",122
"[1, 60, 0]","[0, 60, 4]","[1, 52, 4]","[1, 1883, 4]","[0, 52, 5]","[0, 52, 5]","[0, 1500, 10]","[1, 52, 10]","[0, 1500, 10]","[1, 52, 10]","[0, 664, 10]","[1, 52, 10]","[1, 116, 15]","[1, 150, 16]","[1, 521, 16]","[0, 52, 16]","[0, 52, 16]","[0, 573, 18]","[1, 83, 18]","[0, 52, 19]",122
"[1, 60, 0]","[0, 60, 4]","[1, 52, 4]","[1, 1787, 4]","[0, 52, 5]","[0, 1500, 10]","[1, 52, 10]","[0, 1500, 10]","[1, 52, 10]","[0, 664, 10]","[1, 52, 10]","[1, 116, 15]","[1, 150, 16]","[1, 521, 16]","[0, 52, 16]","[0, 52, 16]","[0, 573, 18]","[1, 83, 18]","[0, 52, 19]","[0, 304, 27]",122
"[1, 60, 0]","[0, 60, 4]","[1, 52, 4]","[1, 1819, 4]","[0, 52, 5]","[0, 1500, 11]","[1, 52, 12]","[0, 1500, 12]","[1, 52, 12]","[0, 663, 12]","[1, 52, 12]","[1, 116, 17]","[1, 150, 17]","[0, 52, 18]","[0, 52, 18]","[0, 573, 20]","[1, 83, 20]","[1, 521, 20]","[0, 52, 20]","[0, 52, 21]",122
"[1, 60, 0]","[0, 60, 3]","[1, 52, 3]","[1, 1787, 4]","[0, 52, 4]","[0, 52, 5]","[0, 1500, 9]","[1, 52, 9]","[0, 1500, 10]","[1, 52, 10]","[0, 664, 10]","[1, 52, 10]","[1, 116, 16]","[1, 150, 16]","[0, 52, 16]","[1, 521, 16]","[0, 52, 17]","[0, 52, 17]","[0, 564, 18]","[1, 83, 18]",122
"[1, 60, 0]","[0, 60, 4]","[1, 52, 5]","[1, 1819, 5]","[0, 52, 5]","[0, 1500, 12]","[1, 52, 12]","[0, 1500, 12]","[1, 52, 12]","[0, 664, 12]","[1, 52, 12]","[1, 116, 17]","[1, 150, 17]","[1, 521, 17]","[0, 52, 17]","[0, 52, 17]","[0, 52, 18]","[0, 573, 19]","[1, 83, 19]","[0, 52, 20]",122
"[1, 60, 0]","[0, 60, 4]","[1, 52, 4]","[1, 1851, 4]","[0, 52, 5]","[0, 52, 5]","[0, 1500, 10]","[1, 52, 11]","[0, 1500, 11]","[1, 52, 11]","[0, 663, 11]","[1, 52, 11]","[1, 116, 16]","[1, 150, 16]","[1, 521, 16]","[0, 52, 16]","[0, 52, 16]","[0, 573, 18]","[1, 83, 18]","[0, 52, 19]",122
"[1, 60, 0]","[0, 60, 4]","[1, 52, 4]","[1, 1819, 5]","[0, 52, 5]","[0, 1500, 10]","[1, 52, 10]","[0, 1500, 10]","[1, 52, 10]","[0, 664, 11]","[1, 52, 11]","[1, 116, 16]","[1, 150, 16]","[1, 521, 16]","[0, 52, 17]","[0, 52, 17]","[0, 573, 18]","[1, 83, 19]","[0, 52, 19]","[0, 258, 28]",122
"[1, 60, 0]","[0, 60, 4]","[1, 52, 4]","[1, 1819, 4]","[0, 52, 5]","[0, 1500, 11]","[1, 52, 11]","[0, 1500, 11]","[1, 52, 11]","[0, 664, 11]","[1, 52, 11]","[1, 116, 16]","[1, 150, 17]","[0, 52, 17]","[1, 521, 17]","[0, 52, 17]","[0, 52, 17]","[0, 573, 18]","[1, 83, 19]","[0, 52, 19]",122
"[1, 60, 0]","[0, 60, 3]","[1, 52, 3]","[1, 1851, 4]","[0, 52, 4]","[0, 1500, 8]","[1, 52, 8]","[0, 1500, 8]","[1, 52, 8]","[0, 664, 8]","[1, 52, 8]","[1, 116, 13]","[1, 150, 14]","[1, 521, 14]","[0, 52, 14]","[0, 52, 14]","[0, 52, 14]","[0, 573, 17]","[1, 83, 17]","[0, 52, 17]",122
"[1, 60, 0]","[0, 60, 4]","[1, 52, 4]","[1, 1851, 5]","[0, 52, 5]","[0, 52, 5]","[0, 1500, 9]","[1, 52, 9]","[0, 1500, 9]","[1, 52, 9]","[0, 665, 9]","[1, 52, 9]","[1, 116, 15]","[1, 150, 15]","[1, 521, 15]","[0, 52, 16]","[0, 52, 16]","[0, 52, 16]","[0, 573, 18]","[1, 83, 18]",122
"[1, 60, 0]","[0, 60, 6]","[1, 52, 6]","[1, 1819, 6]","[0, 52, 7]","[0, 1500, 11]","[1, 52, 11]","[0, 1500, 11]","[1, 52, 11]","[0, 664, 11]","[1, 52, 11]","[1, 116, 16]","[1, 150, 16]","[1, 521, 17]","[0, 52, 17]","[0, 52, 17]","[0, 52, 17]","[0, 573, 18]","[1, 83, 18]","[0, 52, 19]",122
"[1, 60, 0]","[0, 60, 3]","[1, 52, 3]","[1, 1851, 4]","[0, 52, 5]","[0, 1500, 10]","[1, 52, 10]","[0, 1500, 10]","[1, 52, 10]","[0, 664, 10]","[1, 52, 10]","[1, 116, 15]","[1, 150, 15]","[1, 521, 16]","[0, 52, 16]","[0, 52, 16]","[0, 573, 18]","[1, 83, 18]","[0, 52, 18]","[0, 304, 26]",122
"[1, 60, 0]","[0, 60, 4]","[1, 52, 4]","[1, 1787, 4]","[0, 52, 5]","[0, 1500, 12]","[1, 52, 12]","[0, 1500, 12]","[1, 52, 12]","[0, 664, 12]","[1, 52, 12]","[1, 116, 17]","[1, 150, 18]","[1, 521, 18]","[0, 52, 18]","[0, 52, 18]","[0, 52, 18]","[0, 573, 21]","[1, 83, 21]","[0, 52, 21]",122
"[1, 60, 0]","[0, 60, 3]","[1, 52, 3]","[1, 1819, 3]","[0, 52, 4]","[0, 1500, 10]","[1, 52, 10]","[0, 1500, 10]","[1, 52, 10]","[0, 664, 11]","[1, 52, 11]","[1, 116, 16]","[1, 150, 16]","[1, 521, 16]","[0, 52, 17]","[0, 52, 17]","[0, 573, 18]","[1, 83, 18]","[0, 52, 19]","[0, 258, 27]",122
"[1, 60, 0]","[0, 60, 4]","[1, 52, 4]","[1, 1851, 4]","[0, 52, 5]","[0, 1500, 9]","[1, 52, 9]","[0, 1500, 10]","[1, 52, 10]","[0, 663, 10]","[1, 52, 10]","[1, 116, 15]","[1, 150, 15]","[1, 521, 16]","[0, 52, 16]","[0, 52, 16]","[0, 573, 18]","[1, 83, 18]","[0, 52, 18]","[0, 1500, 27]",122
"[1, 60, 0]","[0, 60, 4]","[1, 52, 4]","[1, 1787, 4]","[0, 52, 5]","[0, 1500, 10]","[1, 52, 10]","[0, 1500, 10]","[1, 52, 10]","[0, 664, 10]","[1, 52, 10]","[1, 116, 16]","[1, 150, 16]","[1, 521, 16]","[0, 52, 16]","[0, 52, 16]","[0, 573, 18]","[1, 83, 18]","[0, 52, 19]","[0, 304, 27]",122
"[1, 60, 0]","[0, 60, 3]","[1, 52, 3]","[1, 1851, 4]","[0, 52, 4]","[0, 1500, 9]","[1, 52, 9]","[0, 1500, 9]","[1, 52, 9]","[0, 664, 9]","[1, 52, 9]","[1, 116, 14]","[1, 150, 14]","[1, 521, 14]","[0, 52, 15]","[0, 52, 15]","[0, 52, 15]","[0, 573, 16]","[1, 83, 17]","[0, 52, 17]",122
"[1, 60, 0]","[0, 60, 5]","[1, 52, 5]","[1, 1851, 5]","[0, 52, 6]","[0, 52, 6]","[0, 1500, 11]","[1, 52, 11]","[0, 1500, 11]","[1, 52, 11]","[0, 664, 11]","[1, 52, 11]","[1, 116, 16]","[1, 150, 16]","[1, 521, 17]","[0, 52, 17]","[0, 52, 17]","[0, 52, 17]","[0, 573, 19]","[1, 83, 19]",122
"[1, 60, 0]","[0, 60, 14]","[1, 52, 14]","[1, 1883, 14]","[0, 52, 17]","[0, 52, 18]","[0, 1500, 24]","[1, 52, 24]","[0, 1500, 24]","[1, 52, 24]","[0, 664, 24]","[1, 52, 24]","[1, 116, 32]","[1, 150, 33]","[1, 521, 33]","[0, 52, 37]","[0, 52, 37]","[0, 52, 37]","[0, 573, 41]","[1, 83, 41]",122
"[1, 60, 0]","[0, 60, 3]","[1, 52, 3]","[1, 1851, 4]","[0, 52, 4]","[0, 52, 4]","[0, 1500, 9]","[1, 52, 9]","[0, 1500, 9]","[1, 52, 9]","[0, 664, 9]","[1, 52, 9]","[1, 116, 15]","[1, 150, 15]","[1, 521, 16]","[0, 52, 16]","[0, 52, 16]","[0, 52, 16]","[0, 573, 18]","[1, 83, 18]",122
"[1, 60, 0]","[0, 60, 3]","[1, 52, 3]","[1, 1787, 4]","[0, 52, 5]","[0, 1500, 11]","[1, 52, 11]","[0, 1500, 11]","[1, 52, 11]","[0, 663, 12]","[1, 52, 12]","[1, 116, 16]","[1, 150, 17]","[1, 521, 17]","[0, 52, 17]","[0, 52, 17]","[0, 52, 18]","[0, 573, 19]","[1, 83, 19]","[0, 52, 19]",122
"[1, 60, 0]","[0, 60, 4]","[1, 52, 4]","[1, 1883, 4]","[0, 52, 5]","[0, 1500, 11]","[1, 52, 11]","[0, 1500, 11]","[1, 52, 11]","[0, 663, 11]","[1, 52, 11]","[1, 116, 16]","[1, 150, 16]","[1, 521, 16]","[0, 52, 17]","[0, 52, 17]","[0, 573, 18]","[1, 83, 19]","[0, 52, 19]","[0, 1500, 27]",122
"[1, 60, 0]","[0, 60, 5]","[1, 52, 5]","[1, 1787, 5]","[0, 52, 6]","[0, 1500, 10]","[1, 52, 10]","[0, 1500, 10]","[1, 52, 10]","[0, 663, 10]","[1, 52, 10]","[1, 116, 16]","[1, 150, 17]","[1, 521, 17]","[0, 52, 17]","[0, 52, 17]","[0, 52, 17]","[0, 573, 19]","[1, 83, 19]","[0, 52, 20]",122
"[1, 60, 0]","[0, 60, 3]","[1, 52, 3]","[1, 1851, 3]","[0, 52, 4]","[0, 1500, 10]","[1, 52, 10]","[0, 1500, 10]","[1, 52, 10]","[0, 663, 10]","[1, 52, 10]","[1, 116, 15]","[1, 150, 15]","[1, 521, 15]","[0, 52, 16]","[0, 52, 16]","[0, 573, 18]","[1, 83, 18]","[0, 52, 18]","[0, 305, 36]",122
"[1, 60, 0]","[0, 60, 3]","[1, 52, 3]","[1, 1851, 4]","[0, 52, 4]","[0, 1500, 10]","[1, 52, 10]","[0, 1500, 10]","[1, 52, 10]","[0, 663, 10]","[1, 52, 10]","[1, 116, 15]","[1, 150, 15]","[1, 521, 15]","[0, 52, 16]","[0, 52, 16]","[0, 573, 18]","[1, 83, 18]","[0, 52, 18]","[0, 258, 29]",122
"[1, 60, 0]","[0, 60, 5]","[1, 52, 5]","[1, 1787, 5]","[0, 52, 6]","[0, 1500, 11]","[1, 52, 11]","[0, 1500, 11]","[1, 52, 11]","[0, 665, 11]","[1, 52, 11]","[1, 116, 17]","[1, 150, 17]","[1, 521, 17]","[0, 52, 18]","[0, 52, 18]","[0, 573, 20]","[1, 83, 20]","[0, 52, 20]","[0, 304, 29]",122
"[1, 60, 0]","[0, 60, 4]","[1, 52, 4]","[1, 1787, 4]","[0, 52, 5]","[0, 1500, 12]","[1, 52, 12]","[0, 1500, 12]","[1, 52, 12]","[0, 665, 12]","[1, 52, 12]","[1, 116, 18]","[1, 150, 18]","[1, 521, 19]","[0, 52, 19]","[0, 52, 19]","[0, 573, 21]","[1, 83, 21]","[0, 52, 21]","[0, 304, 30]",122
"[1, 60, 0]","[0, 60, 6]","[1, 52, 6]","[1, 1819, 6]","[0, 52, 7]","[0, 1500, 12]","[1, 52, 12]","[0, 1500, 12]","[1, 52, 12]","[0, 664, 13]","[1, 52, 13]","[1, 116, 17]","[1, 150, 18]","[1, 521, 18]","[0, 52, 18]","[0, 52, 18]","[0, 52, 18]","[0, 573, 20]","[1, 83, 20]","[0, 52, 21]",122
"[1, 60, 0]","[0, 60, 4]","[1, 52, 4]","[1, 1787, 4]","[0, 52, 5]","[0, 1500, 12]","[1, 52, 12]","[0, 1500, 12]","[1, 52, 12]","[0, 664, 12]","[1, 52, 12]","[1, 116, 17]","[1, 150, 17]","[1, 521, 17]","[0, 52, 17]","[0, 52, 17]","[0, 52, 18]","[0, 595, 19]","[1, 83, 19]","[0, 52, 20]",122
"[1, 60, 0]","[0, 60, 4]","[1, 52, 4]","[1, 1819, 5]","[0, 52, 5]","[0, 1500, 10]","[1, 52, 10]","[0, 1500, 10]","[1, 52, 10]","[0, 664, 10]","[1, 52, 10]","[1, 116, 21]","[1, 150, 21]","[1, 521, 21]","[0, 52, 22]","[0, 52, 22]","[0, 573, 24]","[1, 83, 24]","[0, 52, 24]","[0, 304, 31]",122
"[1, 60, 0]","[0, 60, 4]","[1, 52, 4]","[1, 1787, 5]","[0, 52, 6]","[0, 52, 6]","[0, 1500, 13]","[1, 52, 13]","[0, 1500, 13]","[1, 52, 13]","[0, 663, 13]","[1, 52, 13]","[1, 116, 18]","[1, 150, 18]","[1, 521, 18]","[0, 52, 19]","[0, 52, 19]","[0, 573, 21]","[1, 83, 22]","[0, 52, 22]",122
"[1, 60, 0]","[0, 60, 4]","[1, 52, 4]","[1, 1883, 4]","[0, 52, 5]","[0, 1500, 9]","[1, 52, 9]","[0, 1500, 9]","[1, 52, 9]","[0, 663, 9]","[1, 52, 9]","[1, 116, 14]","[1, 150, 14]","[1, 521, 15]","[0, 52, 15]","[0, 52, 15]","[0, 52, 15]","[0, 564, 17]","[0, 83, 17]","[1, 52, 17]",122
"[1, 60, 0]","[0, 60, 4]","[1, 52, 4]","[1, 1819, 5]","[0, 52, 5]","[0, 1500, 11]","[1, 52, 11]","[0, 1500, 11]","[1, 52, 11]","[0, 664, 11]","[1, 52, 11]","[1, 116, 16]","[1, 150, 17]","[1, 521, 17]","[0, 52, 17]","[0, 52, 17]","[0, 52, 17]","[0, 573, 19]","[1, 83, 19]","[0, 52, 19]",122
"[1, 60, 0]","[0, 60, 5]","[1, 52, 5]","[1, 1883, 5]","[0, 52, 6]","[0, 1500, 10]","[1, 52, 10]","[0, 1500, 10]","[1, 52, 10]","[0, 664, 10]","[1, 52, 10]","[1, 116, 15]","[1, 150, 15]","[1, 521, 16]","[0, 52, 16]","[0, 52, 16]","[0, 52, 17]","[0, 573, 18]","[1, 83, 18]","[0, 52, 19]",122
"[1, 60, 0]","[0, 60, 5]","[1, 52, 5]","[1, 1819, 6]","[0, 52, 6]","[0, 52, 6]","[0, 1500, 12]","[1, 52, 12]","[0, 1500, 12]","[1, 52, 12]","[0, 665, 12]","[1, 52, 12]","[1, 116, 18]","[1, 150, 18]","[1, 521, 18]","[0, 52, 19]","[0, 52, 19]","[0, 52, 19]","[0, 573, 21]","[1, 83, 21]",122
"[1, 60, 0]","[0, 60, 3]","[1, 52, 3]","[1, 1787, 3]","[0, 52, 4]","[0, 1500, 11]","[1, 52, 11]","[0, 1500, 11]","[1, 52, 11]","[0, 664, 11]","[1, 52, 11]","[1, 116, 16]","[1, 150, 17]","[1, 521, 17]","[0, 52, 17]","[0, 52, 17]","[0, 573, 19]","[1, 83, 19]","[0, 52, 20]","[0, 304, 28]",122
"[1, 60, 0]","[0, 60, 4]","[1, 52, 4]","[1, 1883, 4]","[0, 52, 5]","[0, 1500, 10]","[1, 52, 10]","[0, 1500, 10]","[1, 52, 10]","[0, 664, 10]","[1, 52, 10]","[1, 116, 16]","[1, 150, 16]","[1, 521, 16]","[0, 52, 17]","[0, 52, 17]","[0, 573, 18]","[1, 83, 19]","[0, 52, 19]","[0, 258, 29]",122
"[1, 60, 0]","[0, 60, 4]","[1, 52, 4]","[1, 1851, 4]","[0, 52, 5]","[0, 1500, 10]","[1, 52, 10]","[0, 1500, 10]","[1, 52, 10]","[0, 663, 11]","[1, 52, 11]","[1, 116, 17]","[1, 150, 17]","[1, 521, 17]","[0, 52, 18]","[0, 52, 18]","[0, 573, 20]","[1, 83, 20]","[0, 52, 21]","[0, 258, 30]",122
"[1, 60, 0]","[0, 60, 5]","[1, 52, 5]","[1, 1787, 5]","[0, 52, 7]","[0, 52, 7]","[0, 1500, 11]","[1, 52, 11]","[0, 1500, 11]","[1, 52, 11]","[0, 664, 11]","[1, 52, 11]","[1, 116, 18]","[1, 150, 18]","[1, 521, 18]","[0, 52, 19]","[0, 52, 19]","[0, 573, 20]","[1, 83, 21]","[0, 52, 21]",122
"[1, 60, 0]","[0, 60, 4]","[1, 52, 4]","[1, 1819, 4]","[0, 52, 5]","[0, 1500, 9]","[1, 52, 9]","[0, 1500, 9]","[1, 52, 9]","[0, 663, 9]","[1, 52, 9]","[1, 116, 14]","[1, 150, 14]","[1, 521, 14]","[0, 52, 15]","[0, 52, 15]","[0, 573, 16]","[1, 83, 17]","[0, 52, 17]","[0, 259, 39]",122
"[1, 60, 0]","[0, 60, 3]","[1, 52, 3]","[1, 1883, 4]","[0, 52, 4]","[0, 1500, 10]","[1, 52, 10]","[0, 1500, 10]","[1, 52, 10]","[0, 663, 10]","[1, 52, 10]","[1, 116, 16]","[1, 150, 17]","[1, 521, 17]","[0, 52, 18]","[0, 52, 18]","[0, 573, 19]","[1, 83, 19]","[0, 52, 20]","[0, 258, 28]",122
"[1, 60, 0]","[0, 60, 13]","[1, 52, 13]","[1, 1883, 13]","[0, 52, 22]","[0, 52, 23]","[0, 1500, 31]","[1, 52, 31]","[0, 1500, 31]","[1, 52, 31]","[0, 664, 31]","[1, 52, 31]","[1, 116, 44]","[1, 150, 44]","[1, 521, 45]","[0, 52, 58]","[0, 52, 58]","[0, 52, 58]","[0, 573, 68]","[1, 83, 69]",122
"[1, 60, 0]","[0, 60, 3]","[1, 52, 3]","[1, 1787, 4]","[0, 52, 4]","[0, 52, 4]","[0, 1500, 10]","[1, 52, 10]","[0, 1500, 10]","[1, 52, 10]","[0, 664, 10]","[1, 52, 10]","[1, 116, 15]","[1, 150, 15]","[1, 521, 15]","[0, 52, 15]","[0, 52, 16]","[0, 52, 16]","[0, 573, 17]","[1, 83, 17]",122
"[1, 60, 0]","[0, 60, 3]","[1, 52, 3]","[1, 1787, 4]","[0, 52, 4]","[0, 1500, 9]","[1, 52, 9]","[0, 1500, 9]","[1, 52, 9]","[0, 663, 9]","[1, 52, 9]","[1, 116, 14]","[1, 150, 15]","[1, 521, 15]","[0, 52, 15]","[0, 52, 15]","[0, 52, 15]","[0, 573, 17]","[1, 83, 17]","[0, 52, 17]",122
"[1, 60, 0]","[0, 60, 4]","[1, 52, 4]","[1, 1819, 4]","[0, 52, 5]","[0, 1500, 9]","[1, 52, 9]","[0, 1500, 9]","[1, 52, 9]","[0, 663, 9]","[1, 52, 9]","[1, 116, 16]","[1, 150, 17]","[1, 521, 17]","[0, 52, 17]","[0, 52, 17]","[0, 52, 17]","[0, 573, 19]","[1, 83, 19]","[0, 52, 20]",122
"[1, 60, 0]","[0, 60, 19]","[1, 52, 19]","[1, 1819, 20]","[0, 52, 26]","[0, 52, 27]","[0, 1500, 34]","[1, 52, 34]","[0, 1500, 34]","[1, 52, 34]","[0, 664, 34]","[1, 52, 34]","[1, 116, 46]","[1, 150, 46]","[1, 521, 47]","[0, 52, 51]","[0, 52, 51]","[0, 52, 51]","[0, 573, 57]","[1, 83, 57]",122
"[1, 60, 0]","[0, 60, 4]","[1, 52, 5]","[1, 1851, 5]","[0, 52, 6]","[0, 1500, 11]","[1, 52, 11]","[0, 1500, 11]","[1, 52, 11]","[0, 664, 11]","[1, 52, 11]","[1, 116, 17]","[1, 150, 17]","[1, 521, 17]","[0, 52, 17]","[0, 52, 18]","[0, 573, 19]","[1, 83, 19]","[0, 52, 20]","[0, 304, 27]",122
"[1, 60, 0]","[0, 60, 4]","[1, 52, 4]","[1, 1819, 5]","[0, 52, 6]","[0, 1500, 10]","[1, 52, 10]","[0, 1500, 10]","[1, 52, 10]","[0, 665, 10]","[1, 52, 10]","[1, 116, 15]","[1, 150, 16]","[1, 521, 16]","[0, 52, 16]","[0, 52, 16]","[0, 573, 18]","[1, 83, 18]","[0, 52, 19]","[0, 304, 26]",122
"[1, 60, 0]","[0, 60, 4]","[1, 52, 4]","[1, 1787, 4]","[0, 52, 5]","[0, 1500, 9]","[1, 52, 9]","[0, 1500, 9]","[1, 52, 9]","[0, 664, 9]","[1, 52, 9]","[1, 116, 15]","[1, 150, 15]","[0, 52, 15]","[0, 52, 15]","[0, 573, 17]","[1, 83, 17]","[0, 52, 18]","[1, 521, 27]","[0, 52, 28]",122
"[1, 60, 0]","[0, 60, 4]","[1, 52, 4]","[1, 1787, 4]","[0, 52, 5]","[0, 52, 5]","[0, 1500, 9]","[1, 52, 9]","[0, 1500, 9]","[1, 52, 9]","[0, 664, 9]","[1, 52, 9]","[1, 116, 15]","[1, 150, 15]","[1, 521, 15]","[0, 52, 16]","[0, 52, 16]","[0, 52, 16]","[0, 564, 17]","[0, 83, 17]",122
"[1, 60, 0]","[0, 60, 4]","[1, 52, 4]","[1, 1851, 4]","[0, 52, 5]","[0, 1500, 9]","[1, 52, 9]","[0, 1500, 9]","[1, 52, 9]","[0, 664, 9]","[1, 52, 9]","[1, 116, 16]","[1, 150, 16]","[1, 521, 16]","[0, 52, 17]","[0, 52, 17]","[0, 573, 19]","[1, 83, 19]","[0, 52, 20]","[0, 1500, 28]",122
"[1, 60, 0]","[0, 60, 4]","[1, 52, 4]","[1, 1787, 4]","[0, 52, 5]","[0, 1500, 10]","[1, 52, 10]","[0, 1500, 11]","[1, 52, 11]","[0, 664, 11]","[1, 52, 11]","[1, 116, 16]","[1, 150, 17]","[0, 52, 17]","[0, 52, 17]","[1, 521, 17]","[0, 52, 17]","[0, 564, 18]","[0, 83, 19]","[1, 52, 19]",122
"[1, 60, 0]","[0, 60, 3]","[1, 52, 3]","[1, 1787, 4]","[0, 52, 4]","[0, 1500, 10]","[1, 52, 10]","[0, 1500, 10]","[1, 52, 10]","[0, 664, 10]","[1, 52, 10]","[1, 116, 15]","[1, 150, 16]","[1, 521, 16]","[0, 52, 16]","[0, 52, 16]","[0, 573, 18]","[1, 83, 18]","[0, 52, 19]","[0, 304, 25]",122
"[1, 60, 0]","[0, 60, 4]","[1, 52, 4]","[1, 1819, 4]","[0, 52, 5]","[0, 1500, 12]","[1, 52, 12]","[0, 1500, 12]","[1, 52, 12]","[0, 663, 12]","[1, 52, 12]","[1, 116, 18]","[1, 150, 18]","[0, 52, 19]","[0, 52, 19]","[1, 521, 19]","[0, 52, 20]","[0, 564, 21]","[0, 83, 21]","[1, 52, 21]",122
"[1, 60, 0]","[0, 60, 3]","[1, 52, 4]","[1, 1819, 4]","[0, 52, 4]","[0, 52, 5]","[0, 1500, 10]","[1, 52, 10]","[0, 1500, 10]","[1, 52, 10]","[0, 664, 10]","[1, 52, 10]","[1, 116, 15]","[1, 150, 15]","[1, 521, 16]","[0, 52, 16]","[0, 52, 16]","[0, 52, 16]","[0, 573, 18]","[1, 83, 18]",122
"[1, 60, 0]","[0, 60, 3]","[1, 52, 3]","[1, 1851, 4]","[0, 52, 4]","[0, 1500, 9]","[1, 52, 9]","[0, 1500, 9]","[1, 52, 9]","[0, 664, 9]","[1, 52, 9]","[1, 116, 15]","[1, 150, 15]","[1, 521, 15]","[0, 52, 16]","[0, 52, 16]","[0, 573, 18]","[1, 83, 18]","[0, 52, 18]","[0, 258, 27]",122
"[1, 60, 0]","[0, 60, 3]","[1, 52, 3]","[1, 1819, 4]","[0, 52, 4]","[0, 1500, 9]","[1, 52, 10]","[0, 1500, 10]","[1, 52, 10]","[0, 665, 10]","[1, 52, 10]","[1, 116, 16]","[1, 150, 16]","[1, 521, 16]","[0, 52, 17]","[0, 52, 17]","[0, 573, 19]","[1, 83, 19]","[0, 52, 19]","[0, 304, 28]",122
"[1, 60, 0]","[0, 60, 3]","[1, 52, 4]","[1, 1819, 4]","[0, 52, 5]","[0, 52, 5]","[0, 1500, 9]","[1, 52, 9]","[0, 1500, 9]","[1, 52, 9]","[0, 664, 9]","[1, 52, 9]","[1, 116, 17]","[1, 150, 17]","[1, 521, 17]","[0, 52, 18]","[0, 52, 18]","[0, 573, 19]","[1, 83, 19]","[0, 52, 20]",122
"[1, 60, 0]","[0, 60, 6]","[1, 52, 6]","[1, 1787, 6]","[0, 52, 10]","[0, 52, 10]","[0, 1500, 15]","[1, 52, 16]","[0, 1500, 16]","[1, 52, 16]","[0, 664, 16]","[1, 52, 16]","[1, 116, 21]","[1, 150, 22]","[1, 521, 22]","[0, 52, 22]","[0, 52, 22]","[0, 573, 24]","[1, 83, 24]","[0, 52, 25]",122
"[1, 60, 0]","[0, 60, 4]","[1, 52, 4]","[1, 1787, 4]","[0, 52, 5]","[0, 52, 5]","[0, 1500, 11]","[1, 52, 11]","[0, 1500, 11]","[1, 52, 11]","[0, 664, 11]","[1, 52, 11]","[1, 116, 17]","[1, 150, 17]","[1, 521, 17]","[0, 52, 17]","[0, 52, 17]","[0, 52, 17]","[0, 573, 19]","[1, 83, 19]",122
"[1, 60, 0]","[0, 60, 4]","[1, 52, 4]","[1, 1851, 5]","[0, 52, 5]","[0, 52, 5]","[0, 1500, 9]","[1, 52, 9]","[0, 1500, 9]","[1, 52, 9]","[0, 664, 9]","[1, 52, 9]","[1, 116, 15]","[1, 150, 15]","[1, 521, 16]","[0, 52, 16]","[0, 52, 16]","[0, 52, 16]","[0, 573, 18]","[1, 83, 18]",122
"[1, 60, 0]","[0, 60, 4]","[1, 52, 4]","[1, 1883, 5]","[0, 52, 5]","[0, 1500, 11]","[1, 52, 11]","[0, 1500, 11]","[1, 52, 11]","[0, 664, 11]","[1, 52, 11]","[1, 116, 16]","[1, 150, 16]","[1, 521, 16]","[0, 52, 17]","[0, 52, 17]","[0, 573, 18]","[1, 83, 19]","[0, 52, 19]","[0, 258, 27]",122
"[1, 60, 0]","[0, 60, 4]","[1, 52, 4]","[1, 1883, 4]","[0, 52, 5]","[0, 1500, 10]","[1, 52, 10]","[0, 1500, 10]","[1, 52, 10]","[0, 665, 10]","[1, 52, 10]","[1, 116, 17]","[1, 150, 17]","[1, 521, 17]","[0, 52, 18]","[0, 52, 18]","[0, 573, 19]","[1, 83, 19]","[0, 52, 20]","[0, 258, 28]",122
"[1, 60, 0]","[0, 60, 4]","[1, 52, 4]","[1, 1819, 4]","[0, 52, 5]","[0, 52, 5]","[0, 1500, 10]","[1, 52, 10]","[0, 1500, 10]","[1, 52, 10]","[0, 664, 10]","[1, 52, 10]","[1, 116, 16]","[1, 150, 16]","[1, 521, 16]","[0, 52, 16]","[0, 52, 16]","[0, 52, 17]","[0, 573, 18]","[1, 83, 18]",122
"[1, 60, 0]","[0, 60, 7]","[1, 52, 7]","[1, 1787, 8]","[0, 52, 11]","[0, 52, 11]","[0, 1500, 16]","[1, 52, 16]","[0, 1500, 16]","[1, 52, 16]","[0, 665, 16]","[1, 52, 16]","[1, 116, 23]","[1, 150, 23]","[1, 521, 24]","[0, 52, 24]","[0, 52, 24]","[0, 52, 25]","[0, 564, 26]","[0, 83, 26]",122
"[1, 60, 0]","[0, 60, 5]","[1, 52, 5]","[1, 1787, 5]","[0, 52, 6]","[0, 52, 6]","[0, 1500, 10]","[1, 52, 11]","[0, 1500, 11]","[1, 52, 11]","[0, 663, 11]","[1, 52, 11]","[1, 116, 16]","[1, 150, 17]","[1, 521, 17]","[0, 52, 17]","[0, 52, 17]","[0, 52, 18]","[0, 573, 19]","[1, 83, 19]",122
"[1, 60, 0]","[0, 60, 4]","[1, 52, 4]","[1, 1851, 7]","[0, 52, 8]","[0, 52, 8]","[0, 1500, 13]","[1, 52, 13]","[0, 1500, 13]","[1, 52, 13]","[0, 663, 13]","[1, 52, 13]","[1, 116, 18]","[1, 150, 18]","[1, 521, 19]","[0, 52, 19]","[0, 52, 19]","[0, 52, 19]","[0, 573, 21]","[1, 83, 21]",122
"[1, 60, 0]","[0, 60, 3]","[1, 52, 3]","[1, 1851, 4]","[0, 52, 4]","[0, 1500, 9]","[1, 52, 9]","[0, 1500, 9]","[1, 52, 9]","[0, 664, 10]","[1, 52, 10]","[1, 116, 15]","[1, 150, 15]","[1, 521, 15]","[0, 52, 15]","[0, 52, 15]","[0, 52, 16]","[0, 564, 17]","[0, 83, 17]","[1, 52, 17]",122
"[1, 60, 0]","[0, 60, 3]","[1, 52, 3]","[1, 1819, 4]","[0, 52, 5]","[0, 1500, 10]","[1, 52, 10]","[0, 1500, 10]","[1, 52, 10]","[0, 664, 10]","[1, 52, 10]","[1, 116, 16]","[1, 150, 16]","[1, 521, 16]","[0, 52, 16]","[0, 52, 16]","[0, 52, 17]","[0, 564, 18]","[0, 83, 18]","[1, 52, 18]",122
"[1, 60, 0]","[0, 60, 9]","[1, 52, 9]","[1, 1883, 10]","[0, 52, 23]","[0, 52, 23]","[0, 1500, 30]","[1, 52, 30]","[0, 1500, 30]","[1, 52, 30]","[0, 664, 30]","[1, 52, 30]","[1, 116, 39]","[1, 150, 40]","[1, 521, 40]","[0, 52, 43]","[0, 52, 43]","[0, 573, 46]","[1, 83, 47]","[0, 52, 52]",122
"[1, 60, 0]","[0, 60, 3]","[1, 52, 3]","[1, 1819, 4]","[0, 52, 5]","[0, 1500, 9]","[1, 52, 9]","[0, 1500, 9]","[1, 52, 9]","[0, 663, 9]","[1, 52, 9]","[1, 116, 14]","[1, 150, 15]","[1, 521, 15]","[0, 52, 15]","[0, 52, 15]","[0, 52, 16]","[0, 564, 17]","[0, 83, 17]","[1, 52, 17]",122
"[1, 60, 0]","[0, 60, 4]","[1, 52, 4]","[1, 1851, 5]","[0, 52, 5]","[0, 52, 5]","[0, 1500, 9]","[1, 52, 9]","[0, 1500, 9]","[1, 52, 9]","[0, 663, 9]","[1, 52, 9]","[1, 116, 16]","[1, 150, 17]","[1, 521, 17]","[0, 52, 17]","[0, 52, 17]","[0, 52, 18]","[0, 573, 19]","[1, 83, 19]",122
"[1, 60, 0]","[0, 60, 3]","[1, 52, 3]","[1, 1883, 5]","[0, 52, 6]","[0, 1500, 10]","[1, 52, 10]","[0, 1500, 10]","[1, 52, 10]","[0, 665, 10]","[1, 52, 10]","[1, 116, 16]","[1, 150, 17]","[1, 521, 17]","[0, 52, 17]","[0, 52, 17]","[0, 573, 19]","[1, 83, 19]","[0, 52, 19]","[0, 304, 27]",122
"[1, 60, 0]","[0, 60, 4]","[1, 52, 4]","[1, 1883, 4]","[0, 52, 5]","[0, 52, 5]","[0, 1500, 9]","[1, 52, 9]","[0, 1500, 9]","[1, 52, 9]","[0, 665, 9]","[1, 52, 9]","[1, 116, 15]","[1, 150, 15]","[1, 521, 15]","[0, 52, 16]","[0, 52, 16]","[0, 573, 17]","[1, 83, 18]","[0, 52, 18]",122
"[1, 60, 0]","[0, 60, 3]","[1, 52, 3]","[1, 1787, 5]","[0, 52, 6]","[0, 1500, 12]","[1, 52, 12]","[0, 1500, 12]","[1, 52, 12]","[0, 664, 12]","[1, 52, 12]","[1, 116, 18]","[1, 150, 18]","[1, 521, 18]","[0, 52, 18]","[0, 52, 18]","[0, 52, 19]","[0, 573, 21]","[1, 83, 22]","[0, 52, 22]",122
"[1, 60, 0]","[0, 60, 3]","[1, 52, 3]","[1, 1819, 4]","[0, 52, 4]","[0, 1500, 9]","[1, 52, 9]","[0, 1500, 9]","[1, 52, 9]","[0, 664, 9]","[1, 52, 9]","[1, 116, 17]","[1, 150, 17]","[1, 521, 18]","[0, 52, 18]","[0, 52, 18]","[0, 573, 20]","[1, 83, 20]","[0, 52, 20]","[0, 258, 33]",122
"[1, 60, 0]","[0, 60, 3]","[1, 52, 3]","[1, 1819, 3]","[0, 52, 4]","[0, 1500, 9]","[1, 52, 9]","[0, 1500, 9]","[1, 52, 9]","[0, 664, 9]","[1, 52, 9]","[1, 116, 17]","[1, 150, 17]","[1, 521, 18]","[0, 52, 18]","[0, 52, 18]","[0, 52, 18]","[0, 573, 20]","[1, 83, 20]","[0, 52, 20]",122
"[1, 60, 0]","[0, 60, 4]","[1, 52, 4]","[1, 1883, 5]","[0, 52, 6]","[0, 1500, 12]","[1, 52, 12]","[0, 1500, 12]","[1, 52, 12]","[0, 663, 12]","[1, 52, 12]","[1, 116, 19]","[1, 150, 19]","[1, 521, 19]","[0, 52, 20]","[0, 52, 20]","[0, 52, 20]","[0, 573, 22]","[1, 83, 22]","[0, 52, 23]",122
"[1, 60, 0]","[0, 60, 6]","[1, 52, 6]","[1, 629, 6]","[0, 52, 6]","[0, 1500, 13]","[1, 52, 13]","[0, 1024, 13]","[1, 52, 13]","[1, 116, 61]","[0, 52, 62]","[1, 150, 63]","[0, 564, 64]","[1, 52, 64]","[0, 52, 65]","[0, 83, 67]","[1, 52, 67]","[1, 83, 67]","[1, 521, 68]","[0, 52, 68]",120
"[1, 60, 0]","[0, 60, 4]","[1, 52, 4]","[1, 597, 5]","[0, 52, 6]","[0, 1500, 11]","[1, 52, 11]","[0, 1024, 11]","[1, 52, 11]","[1, 116, 18]","[0, 52, 19]","[0, 564, 21]","[1, 150, 28]","[1, 83, 28]","[1, 521, 28]","[0, 52, 29]","[0, 52, 29]","[0, 83, 30]","[0, 258, 43]","[0, 1500, 43]",120
"[1, 60, 0]","[0, 60, 4]","[1, 52, 4]","[1, 629, 5]","[0, 52, 5]","[0, 1500, 9]","[1, 52, 9]","[0, 1025, 9]","[1, 52, 9]","[1, 116, 15]","[0, 52, 16]","[0, 564, 18]","[1, 150, 19]","[1, 83, 20]","[1, 521, 20]","[0, 52, 20]","[0, 52, 20]","[0, 52, 20]","[0, 83, 22]","[0, 305, 38]",120
"[1, 60, 0]","[0, 60, 4]","[1, 52, 4]","[1, 570, 4]","[0, 52, 7]","[0, 1500, 14]","[1, 52, 15]","[0, 1024, 15]","[1, 52, 15]","[1, 116, 22]","[1, 150, 25]","[1, 521, 25]","[0, 52, 30]","[0, 52, 30]","[0, 52, 31]","[0, 573, 35]","[1, 83, 36]","[0, 52, 42]","[0, 304, 47]","[0, 1500, 47]",120
"[1, 60, 0]","[0, 60, 4]","[1, 52, 4]","[1, 661, 4]","[0, 52, 5]","[0, 1500, 8]","[1, 52, 8]","[0, 1024, 8]","[1, 52, 8]","[1, 116, 15]","[0, 52, 16]","[0, 564, 18]","[1, 150, 23]","[1, 83, 24]","[1, 521, 24]","[0, 52, 24]","[0, 52, 24]","[0, 52, 24]","[0, 83, 26]","[0, 259, 35]",120
"[1, 60, 0]","[0, 60, 4]","[1, 52, 4]","[1, 597, 4]","[0, 52, 5]","[0, 1500, 9]","[1, 52, 9]","[0, 1023, 9]","[1, 52, 9]","[1, 116, 15]","[0, 52, 16]","[0, 564, 17]","[1, 150, 28]","[1, 83, 28]","[1, 521, 28]","[0, 52, 28]","[0, 52, 28]","[0, 83, 30]","[0, 304, 41]","[0, 1500, 41]",120
"[1, 60, 0]","[0, 60, 4]","[1, 52, 4]","[1, 570, 4]","[0, 52, 5]","[0, 1500, 9]","[1, 52, 9]","[0, 1023, 9]","[1, 52, 9]","[1, 116, 16]","[0, 52, 17]","[1, 150, 18]","[1, 521, 18]","[0, 52, 19]","[0, 564, 19]","[0, 52, 19]","[1, 83, 19]","[0, 52, 19]","[0, 83, 20]","[0, 259, 31]",120
"[1, 60, 0]","[0, 60, 3]","[1, 52, 4]","[1, 661, 4]","[0, 52, 5]","[0, 1500, 9]","[1, 52, 9]","[0, 1023, 9]","[1, 52, 9]","[1, 116, 15]","[1, 150, 16]","[1, 521, 16]","[0, 52, 16]","[0, 52, 16]","[0, 52, 16]","[0, 595, 18]","[1, 83, 18]","[0, 52, 19]","[0, 258, 28]","[0, 1500, 28]",120
"[1, 60, 0]","[0, 60, 5]","[1, 52, 5]","[1, 661, 6]","[0, 52, 6]","[0, 1500, 10]","[1, 52, 11]","[0, 1024, 11]","[1, 52, 11]","[1, 116, 18]","[0, 52, 19]","[0, 564, 21]","[1, 150, 32]","[1, 83, 32]","[1, 521, 32]","[0, 52, 33]","[0, 83, 35]","[0, 1500, 45]","[1, 52, 45]","[0, 1229, 45]",120
"[1, 60, 0]","[0, 60, 4]","[1, 52, 4]","[1, 570, 4]","[0, 52, 5]","[0, 1500, 9]","[1, 52, 10]","[0, 1023, 10]","[1, 52, 10]","[1, 116, 16]","[0, 52, 17]","[0, 564, 19]","[1, 150, 28]","[1, 83, 28]","[1, 521, 28]","[0, 52, 28]","[0, 52, 28]","[0, 83, 30]","[0, 258, 40]","[0, 1500, 40]",120
"[1, 60, 0]","[0, 60, 4]","[1, 52, 4]","[1, 661, 4]","[0, 52, 5]","[0, 1500, 9]","[1, 52, 9]","[0, 1024, 9]","[1, 52, 9]","[1, 116, 18]","[1, 150, 18]","[1, 521, 19]","[0, 52, 19]","[0, 52, 19]","[0, 52, 19]","[0, 564, 21]","[0, 83, 21]","[1, 52, 21]","[1, 83, 21]","[0, 52, 22]",120
"[1, 60, 0]","[0, 60, 3]","[1, 52, 4]","[1, 570, 4]","[0, 52, 5]","[0, 1500, 8]","[1, 52, 8]","[0, 1023, 8]","[1, 52, 8]","[1, 116, 15]","[0, 52, 16]","[0, 564, 18]","[1, 150, 26]","[1, 83, 26]","[1, 521, 26]","[0, 52, 27]","[0, 52, 27]","[0, 52, 27]","[0, 83, 28]","[0, 258, 36]",120
"[1, 60, 0]","[0, 60, 4]","[1, 52, 4]","[1, 661, 4]","[0, 52, 5]","[0, 1500, 9]","[1, 52, 9]","[0, 1023, 9]","[1, 52, 9]","[1, 116, 16]","[0, 52, 17]","[0, 564, 19]","[1, 150, 40]","[1, 83, 40]","[1, 521, 41]","[0, 52, 41]","[0, 52, 41]","[0, 83, 45]","[0, 258, 51]","[0, 1500, 51]",120
"[1, 60, 0]","[0, 60, 4]","[1, 52, 4]","[1, 570, 5]","[0, 52, 6]","[0, 1500, 10]","[1, 52, 10]","[0, 1024, 10]","[1, 52, 10]","[1, 116, 16]","[0, 52, 17]","[0, 564, 19]","[1, 150, 19]","[1, 83, 19]","[1, 521, 19]","[0, 52, 20]","[0, 52, 20]","[0, 52, 20]","[0, 83, 21]","[0, 258, 28]",120
"[1, 60, 0]","[0, 60, 4]","[1, 52, 4]","[1, 661, 5]","[0, 52, 5]","[0, 1500, 10]","[1, 52, 10]","[0, 1024, 10]","[1, 52, 10]","[1, 116, 17]","[0, 52, 18]","[0, 564, 20]","[1, 150, 20]","[1, 83, 20]","[1, 521, 21]","[0, 52, 21]","[0, 52, 21]","[0, 52, 21]","[0, 83, 22]","[0, 304, 33]",120
"[1, 60, 0]","[0, 60, 4]","[1, 52, 4]","[1, 661, 5]","[0, 52, 5]","[0, 1500, 9]","[1, 52, 9]","[0, 1023, 9]","[1, 52, 9]","[1, 116, 16]","[0, 52, 16]","[0, 564, 18]","[1, 150, 26]","[1, 83, 26]","[1, 521, 26]","[0, 52, 27]","[0, 52, 27]","[0, 83, 29]","[0, 258, 34]","[0, 1500, 34]",120
"[1, 60, 0]","[0, 60, 4]","[1, 52, 4]","[1, 629, 4]","[0, 52, 5]","[0, 1500, 9]","[1, 52, 9]","[0, 1025, 9]","[1, 52, 9]","[1, 116, 15]","[0, 52, 16]","[0, 564, 18]","[1, 150, 29]","[1, 83, 29]","[1, 521, 29]","[0, 52, 29]","[0, 52, 30]","[0, 83, 31]","[0, 304, 42]","[1, 52, 42]",120
"[1, 60, 0]","[0, 60, 4]","[1, 52, 4]","[1, 570, 4]","[0, 52, 5]","[0, 1500, 9]","[1, 52, 9]","[0, 1024, 9]","[1, 52, 9]","[1, 116, 15]","[0, 52, 16]","[0, 564, 18]","[1, 150, 20]","[1, 83, 21]","[1, 521, 21]","[0, 52, 21]","[0, 52, 21]","[0, 52, 21]","[0, 83, 24]","[0, 1500, 42]",120
"[1, 60, 0]","[0, 60, 4]","[1, 52, 4]","[1, 570, 5]","[0, 52, 5]","[0, 1500, 10]","[1, 52, 11]","[0, 1024, 11]","[1, 52, 11]","[1, 116, 17]","[1, 150, 18]","[0, 52, 18]","[1, 521, 18]","[0, 52, 18]","[0, 52, 19]","[0, 564, 20]","[0, 83, 20]","[1, 52, 20]","[1, 83, 20]","[0, 52, 20]",120
"[1, 60, 0]","[0, 60, 4]","[1, 52, 4]","[1, 597, 5]","[0, 52, 6]","[0, 1500, 9]","[1, 52, 9]","[0, 1024, 10]","[1, 52, 10]","[1, 116, 16]","[1, 150, 17]","[0, 52, 17]","[1, 521, 17]","[0, 52, 17]","[0, 52, 18]","[0, 564, 19]","[0, 83, 19]","[1, 52, 19]","[1, 83, 19]","[0, 52, 20]",120
"[1, 60, 0]","[0, 60, 3]","[1, 52, 3]","[1, 629, 4]","[0, 52, 4]","[0, 1500, 8]","[1, 52, 8]","[0, 1024, 8]","[1, 52, 8]","[1, 116, 14]","[0, 52, 15]","[0, 564, 16]","[1, 150, 17]","[1, 83, 17]","[1, 521, 17]","[0, 52, 18]","[0, 52, 18]","[0, 52, 18]","[0, 83, 19]","[0, 258, 30]",120
"[1, 60, 0]","[0, 60, 4]","[1, 52, 4]","[1, 629, 4]","[0, 52, 5]","[0, 1500, 9]","[1, 52, 9]","[0, 1024, 9]","[1, 52, 9]","[1, 116, 17]","[0, 52, 18]","[0, 564, 19]","[1, 150, 24]","[1, 83, 24]","[1, 521, 25]","[0, 52, 25]","[0, 52, 25]","[0, 83, 27]","[0, 258, 35]","[1, 52, 35]",120
"[1, 60, 0]","[0, 60, 4]","[1, 52, 4]","[1, 629, 5]","[0, 52, 5]","[0, 1500, 10]","[1, 52, 10]","[0, 1024, 10]","[1, 52, 10]","[1, 116, 16]","[0, 52, 17]","[0, 564, 19]","[1, 150, 20]","[1, 83, 20]","[1, 521, 20]","[0, 52, 20]","[0, 52, 21]","[0, 83, 21]","[0, 304, 29]","[0, 1500, 29]",120
"[1, 60, 0]","[0, 60, 3]","[1, 52, 3]","[1, 661, 4]","[0, 52, 4]","[0, 1500, 10]","[1, 52, 10]","[0, 1025, 11]","[1, 52, 11]","[1, 116, 16]","[1, 150, 17]","[0, 52, 17]","[1, 521, 17]","[0, 52, 17]","[0, 52, 17]","[0, 595, 19]","[1, 83, 19]","[0, 52, 19]","[0, 258, 32]","[0, 1443, 32]",120
"[1, 60, 0]","[0, 60, 4]","[1, 52, 4]","[1, 661, 4]","[0, 52, 5]","[0, 1500, 9]","[1, 52, 9]","[0, 1025, 9]","[1, 52, 9]","[1, 116, 20]","[0, 52, 21]","[0, 564, 22]","[1, 150, 32]","[1, 83, 32]","[1, 521, 33]","[0, 52, 33]","[0, 83, 35]","[0, 258, 45]","[0, 1500, 46]","[1, 52, 46]",120
"[1, 60, 0]","[0, 60, 4]","[1, 52, 4]","[1, 661, 4]","[0, 52, 5]","[0, 1500, 9]","[1, 52, 9]","[0, 1024, 9]","[1, 52, 9]","[1, 116, 15]","[0, 52, 16]","[0, 564, 18]","[1, 150, 25]","[1, 83, 25]","[1, 521, 25]","[0, 52, 25]","[0, 52, 25]","[0, 52, 25]","[0, 83, 27]","[0, 259, 52]",120
"[1, 60, 0]","[0, 60, 4]","[1, 52, 4]","[1, 570, 4]","[0, 52, 5]","[0, 1500, 9]","[1, 52, 9]","[0, 1024, 9]","[1, 52, 9]","[1, 116, 17]","[0, 52, 18]","[0, 564, 20]","[1, 150, 22]","[1, 83, 22]","[1, 521, 23]","[0, 52, 23]","[0, 52, 23]","[0, 52, 23]","[0, 83, 25]","[0, 304, 34]",120
"[1, 60, 0]","[0, 60, 4]","[1, 52, 4]","[1, 661, 5]","[0, 52, 5]","[0, 1500, 11]","[1, 52, 11]","[0, 1023, 11]","[1, 52, 11]","[1, 116, 24]","[1, 150, 24]","[0, 52, 25]","[1, 521, 25]","[0, 52, 25]","[0, 52, 25]","[0, 564, 27]","[0, 83, 27]","[1, 52, 27]","[1, 83, 27]","[0, 52, 28]",120
"[1, 60, 0]","[0, 60, 3]","[1, 52, 4]","[1, 597, 4]","[0, 52, 5]","[0, 1500, 8]","[1, 52, 8]","[0, 1025, 8]","[1, 52, 8]","[1, 116, 15]","[0, 52, 16]","[0, 564, 18]","[1, 150, 22]","[1, 83, 22]","[1, 521, 22]","[0, 52, 22]","[0, 52, 22]","[0, 83, 24]","[0, 258, 36]","[0, 1500, 36]",120
"[1, 60, 0]","[0, 60, 4]","[1, 52, 4]","[1, 570, 5]","[0, 52, 6]","[0, 1500, 11]","[1, 52, 11]","[0, 1024, 11]","[1, 52, 11]","[1, 116, 16]","[0, 52, 17]","[0, 564, 19]","[1, 150, 22]","[1, 83, 22]","[1, 521, 22]","[0, 52, 23]","[0, 52, 23]","[0, 52, 23]","[0, 83, 24]","[0, 304, 33]",120
"[1, 60, 0]","[0, 60, 3]","[1, 52, 3]","[1, 661, 4]","[0, 52, 5]","[0, 1500, 9]","[1, 52, 9]","[0, 1025, 9]","[1, 52, 9]","[1, 116, 15]","[0, 52, 16]","[1, 150, 17]","[1, 521, 18]","[0, 564, 18]","[0, 52, 18]","[1, 83, 18]","[0, 52, 18]","[0, 52, 19]","[0, 83, 20]","[0, 304, 32]",120
"[1, 60, 0]","[0, 60, 5]","[1, 52, 5]","[1, 661, 6]","[0, 52, 6]","[0, 1500, 10]","[1, 52, 10]","[0, 1024, 10]","[1, 52, 10]","[1, 116, 20]","[1, 150, 20]","[1, 521, 21]","[0, 52, 21]","[0, 52, 21]","[0, 52, 21]","[0, 595, 22]","[1, 83, 23]","[0, 52, 23]","[0, 258, 34]","[0, 1500, 34]",120
"[1, 60, 0]","[0, 60, 4]","[1, 52, 4]","[1, 597, 4]","[0, 52, 5]","[0, 1500, 9]","[1, 52, 9]","[0, 1023, 10]","[1, 52, 10]","[1, 116, 17]","[0, 52, 18]","[0, 564, 20]","[1, 150, 21]","[1, 83, 21]","[1, 521, 21]","[0, 52, 21]","[0, 52, 21]","[0, 52, 22]","[0, 83, 23]","[0, 258, 32]",120
"[1, 60, 0]","[0, 60, 4]","[1, 52, 4]","[1, 597, 5]","[0, 52, 6]","[0, 1500, 10]","[1, 52, 10]","[0, 1023, 10]","[1, 52, 10]","[1, 116, 17]","[0, 52, 18]","[1, 150, 18]","[1, 521, 19]","[0, 52, 19]","[0, 52, 19]","[0, 564, 20]","[0, 83, 20]","[1, 83, 20]","[0, 52, 21]","[0, 304, 29]",120
"[1, 60, 0]","[0, 60, 7]","[1, 52, 7]","[1, 570, 8]","[0, 52, 12]","[0, 1500, 20]","[1, 52, 20]","[0, 1024, 20]","[1, 52, 20]","[1, 116, 26]","[1, 150, 27]","[1, 521, 27]","[0, 52, 64]","[0, 52, 65]","[0, 52, 65]","[0, 564, 66]","[1, 83, 66]","[0, 83, 74]","[0, 52, 75]","[0, 304, 82]",120
"[1, 60, 0]","[0, 60, 3]","[1, 52, 4]","[1, 661, 4]","[0, 52, 5]","[0, 1500, 10]","[1, 52, 10]","[0, 1025, 11]","[1, 52, 11]","[1, 116, 17]","[0, 52, 18]","[0, 564, 20]","[1, 150, 21]","[1, 83, 22]","[1, 521, 22]","[0, 52, 22]","[0, 52, 22]","[0, 83, 24]","[0, 258, 31]","[0, 1489, 31]",120
"[1, 60, 0]","[0, 60, 26]","[1, 52, 26]","[1, 661, 27]","[0, 52, 36]","[0, 1500, 46]","[1, 52, 46]","[0, 1024, 46]","[1, 52, 46]","[1, 116, 55]","[1, 150, 56]","[1, 521, 57]","[0, 52, 63]","[0, 52, 63]","[0, 52, 63]","[0, 564, 70]","[0, 83, 70]","[1, 52, 70]","[1, 83, 70]","[0, 304, 77]",120
"[1, 60, 0]","[0, 60, 4]","[1, 52, 4]","[1, 597, 4]","[0, 52, 5]","[0, 1500, 10]","[1, 52, 10]","[0, 1023, 10]","[1, 52, 10]","[1, 116, 18]","[1, 150, 18]","[1, 521, 18]","[0, 52, 18]","[0, 52, 18]","[0, 52, 19]","[0, 564, 20]","[1, 83, 20]","[0, 83, 20]","[0, 52, 21]","[0, 304, 28]",120
"[1, 60, 0]","[0, 60, 3]","[1, 52, 3]","[1, 597, 4]","[0, 52, 5]","[0, 1500, 9]","[1, 52, 9]","[0, 1025, 9]","[1, 52, 9]","[1, 116, 16]","[0, 52, 16]","[0, 564, 18]","[1, 150, 25]","[1, 83, 25]","[1, 521, 25]","[0, 52, 26]","[0, 52, 26]","[0, 52, 26]","[0, 83, 27]","[0, 304, 39]",120
"[1, 60, 0]","[0, 60, 4]","[1, 52, 4]","[1, 597, 4]","[0, 52, 5]","[0, 1500, 10]","[1, 52, 10]","[0, 1024, 10]","[1, 52, 10]","[1, 116, 19]","[0, 52, 20]","[0, 564, 21]","[1, 150, 32]","[1, 83, 32]","[1, 521, 32]","[0, 52, 33]","[0, 52, 33]","[0, 83, 35]","[0, 258, 43]","[0, 1489, 43]",120
"[1, 60, 0]","[0, 60, 4]","[1, 52, 4]","[1, 570, 4]","[0, 52, 5]","[0, 1500, 9]","[1, 52, 10]","[0, 1024, 10]","[1, 52, 10]","[1, 116, 16]","[1, 150, 16]","[1, 521, 17]","[0, 52, 17]","[0, 52, 17]","[0, 52, 17]","[0, 564, 18]","[1, 83, 18]","[0, 83, 18]","[0, 52, 19]","[0, 258, 27]",120
"[1, 60, 0]","[0, 60, 4]","[1, 52, 4]","[1, 629, 5]","[0, 52, 5]","[0, 1500, 9]","[1, 52, 9]","[0, 1024, 9]","[1, 52, 9]","[1, 116, 16]","[0, 52, 16]","[0, 564, 18]","[1, 150, 36]","[1, 83, 36]","[1, 521, 36]","[0, 52, 37]","[0, 83, 39]","[0, 304, 50]","[1, 52, 50]","[0, 1500, 50]",120
"[1, 60, 0]","[0, 60, 4]","[1, 52, 4]","[1, 661, 5]","[0, 52, 5]","[0, 1500, 10]","[1, 52, 10]","[0, 1024, 10]","[1, 52, 10]","[1, 116, 15]","[1, 150, 15]","[1, 521, 15]","[0, 52, 16]","[0, 52, 16]","[0, 52, 16]","[0, 564, 17]","[0, 83, 18]","[1, 52, 18]","[1, 83, 18]","[0, 52, 18]",120
"[1, 60, 0]","[0, 60, 4]","[1, 52, 4]","[1, 570, 4]","[0, 52, 5]","[0, 1500, 10]","[1, 52, 10]","[0, 1024, 10]","[1, 52, 10]","[1, 116, 17]","[1, 150, 17]","[1, 521, 18]","[0, 52, 18]","[0, 52, 18]","[0, 52, 18]","[0, 564, 20]","[0, 83, 20]","[1, 52, 20]","[1, 83, 20]","[0, 52, 20]",120
"[1, 60, 0]","[0, 60, 4]","[1, 52, 4]","[1, 661, 4]","[0, 52, 5]","[0, 1500, 10]","[1, 52, 10]","[0, 1023, 10]","[1, 52, 10]","[1, 116, 17]","[1, 150, 17]","[1, 521, 17]","[0, 52, 18]","[0, 52, 18]","[0, 52, 18]","[0, 564, 19]","[1, 83, 19]","[0, 83, 19]","[0, 52, 20]","[1, 52, 61]",120
"[1, 60, 0]","[0, 60, 5]","[1, 52, 5]","[1, 629, 5]","[0, 52, 6]","[0, 1500, 13]","[1, 52, 13]","[0, 1024, 13]","[1, 52, 13]","[1, 116, 19]","[1, 150, 19]","[1, 521, 19]","[0, 52, 20]","[0, 52, 20]","[0, 573, 22]","[1, 83, 22]","[0, 52, 22]","[0, 259, 34]","[0, 1489, 34]","[0, 1102, 34]",120
"[1, 60, 0]","[0, 60, 4]","[1, 52, 4]","[1, 661, 5]","[0, 52, 5]","[0, 1500, 9]","[1, 52, 9]","[0, 1024, 9]","[1, 52, 9]","[1, 116, 17]","[1, 150, 18]","[0, 52, 18]","[1, 521, 18]","[0, 52, 19]","[0, 52, 19]","[0, 564, 20]","[0, 83, 20]","[1, 52, 20]","[1, 83, 20]","[0, 52, 21]",120
"[1, 60, 0]","[0, 60, 3]","[1, 52, 3]","[1, 597, 4]","[0, 52, 4]","[0, 1500, 8]","[1, 52, 8]","[0, 1025, 8]","[1, 52, 8]","[1, 116, 15]","[1, 150, 16]","[1, 521, 16]","[0, 52, 16]","[0, 52, 17]","[0, 52, 17]","[0, 564, 18]","[0, 83, 18]","[1, 52, 18]","[1, 83, 18]","[0, 52, 19]",120
"[1, 60, 0]","[0, 60, 3]","[1, 52, 3]","[1, 661, 4]","[0, 52, 5]","[0, 1500, 9]","[1, 52, 9]","[0, 1024, 9]","[1, 52, 9]","[1, 116, 15]","[0, 52, 16]","[0, 564, 17]","[1, 150, 20]","[1, 83, 20]","[1, 521, 20]","[0, 52, 21]","[0, 52, 21]","[0, 52, 21]","[0, 83, 22]","[0, 259, 34]",120
"[1, 60, 0]","[0, 60, 4]","[1, 52, 4]","[1, 629, 4]","[0, 52, 5]","[0, 1500, 9]","[1, 52, 9]","[0, 1024, 9]","[1, 52, 9]","[1, 116, 15]","[1, 150, 16]","[1, 521, 16]","[0, 52, 16]","[0, 52, 16]","[0, 52, 16]","[0, 564, 18]","[0, 83, 18]","[1, 52, 18]","[1, 83, 18]","[0, 52, 18]",120
"[1, 60, 0]","[0, 60, 4]","[1, 52, 4]","[1, 570, 5]","[0, 52, 5]","[0, 1500, 9]","[1, 52, 9]","[0, 1024, 9]","[1, 52, 9]","[1, 116, 19]","[1, 150, 20]","[1, 521, 20]","[0, 52, 21]","[0, 52, 21]","[0, 564, 22]","[1, 83, 22]","[0, 83, 23]","[0, 52, 23]","[0, 259, 36]","[0, 1500, 36]",120
"[1, 60, 0]","[0, 60, 4]","[1, 52, 4]","[1, 661, 5]","[0, 52, 5]","[0, 1500, 10]","[1, 52, 10]","[0, 1024, 10]","[1, 52, 10]","[1, 116, 17]","[1, 150, 18]","[0, 52, 18]","[1, 521, 18]","[0, 52, 18]","[0, 52, 19]","[0, 564, 20]","[0, 83, 20]","[1, 52, 20]","[1, 83, 20]","[0, 52, 20]",120
"[1, 60, 0]","[0, 60, 4]","[1, 52, 4]","[1, 661, 4]","[0, 52, 5]","[0, 1500, 8]","[1, 52, 9]","[0, 1025, 9]","[1, 52, 9]","[1, 116, 16]","[1, 150, 17]","[1, 521, 17]","[0, 52, 17]","[0, 52, 18]","[0, 52, 18]","[0, 564, 19]","[0, 83, 19]","[1, 52, 19]","[1, 83, 20]","[0, 52, 20]",120
"[1, 60, 0]","[0, 60, 4]","[1, 52, 4]","[1, 629, 4]","[0, 52, 5]","[0, 1500, 10]","[1, 52, 10]","[0, 1025, 11]","[1, 52, 11]","[1, 116, 17]","[0, 52, 18]","[0, 564, 20]","[1, 150, 23]","[1, 83, 24]","[1, 521, 24]","[0, 52, 24]","[0, 52, 24]","[0, 52, 24]","[0, 83, 26]","[0, 305, 38]",120
"[1, 60, 0]","[0, 60, 3]","[1, 52, 3]","[1, 570, 3]","[0, 52, 4]","[0, 1500, 8]","[1, 52, 8]","[0, 1025, 8]","[1, 52, 8]","[1, 116, 17]","[0, 52, 19]","[0, 564, 21]","[1, 150, 24]","[1, 83, 24]","[1, 521, 24]","[0, 52, 24]","[0, 52, 25]","[0, 52, 25]","[0, 83, 26]","[0, 260, 41]",120
"[1, 60, 0]","[0, 60, 4]","[1, 52, 4]","[1, 661, 4]","[0, 52, 5]","[0, 1500, 11]","[1, 52, 11]","[0, 1024, 11]","[1, 52, 11]","[1, 116, 19]","[1, 150, 20]","[0, 52, 20]","[0, 52, 20]","[1, 521, 20]","[0, 52, 21]","[0, 564, 22]","[0, 83, 22]","[1, 52, 22]","[1, 83, 22]","[0, 52, 23]",120
"[1, 60, 0]","[0, 60, 4]","[1, 52, 4]","[1, 570, 5]","[0, 52, 6]","[0, 1500, 11]","[1, 52, 11]","[0, 1024, 11]","[1, 52, 11]","[1, 116, 19]","[1, 150, 20]","[1, 521, 20]","[0, 52, 20]","[0, 52, 20]","[0, 52, 20]","[0, 564, 22]","[0, 83, 22]","[1, 52, 22]","[1, 83, 22]","[0, 52, 23]",120
"[1, 60, 0]","[0, 60, 4]","[1, 52, 4]","[1, 570, 4]","[0, 52, 5]","[0, 1500, 8]","[1, 52, 8]","[0, 1024, 8]","[1, 52, 8]","[1, 116, 16]","[1, 150, 17]","[1, 521, 17]","[0, 52, 17]","[0, 52, 17]","[0, 52, 18]","[0, 573, 19]","[1, 83, 19]","[0, 52, 20]","[0, 305, 28]","[0, 1500, 29]",120
"[1, 60, 0]","[0, 60, 4]","[1, 52, 4]","[1, 570, 4]","[0, 52, 5]","[0, 1500, 11]","[1, 52, 11]","[0, 1024, 11]","[1, 52, 11]","[1, 116, 17]","[1, 150, 17]","[1, 521, 18]","[0, 52, 18]","[0, 52, 18]","[0, 52, 18]","[0, 564, 20]","[0, 83, 20]","[1, 52, 20]","[1, 83, 20]","[0, 52, 20]",120
"[1, 60, 0]","[0, 60, 4]","[1, 52, 4]","[1, 597, 4]","[0, 52, 4]","[0, 1500, 8]","[1, 52, 8]","[0, 1025, 8]","[1, 52, 8]","[1, 116, 14]","[1, 150, 14]","[1, 521, 15]","[0, 52, 15]","[0, 52, 15]","[0, 52, 15]","[0, 564, 17]","[0, 83, 17]","[1, 52, 17]","[1, 83, 17]","[0, 52, 17]",120
"[1, 60, 0]","[0, 60, 4]","[1, 52, 4]","[1, 661, 4]","[0, 52, 5]","[0, 1500, 9]","[1, 52, 9]","[0, 1025, 9]","[1, 52, 9]","[1, 116, 16]","[1, 150, 17]","[0, 52, 17]","[1, 521, 17]","[0, 52, 17]","[0, 52, 17]","[0, 595, 19]","[1, 83, 19]","[0, 52, 20]","[0, 305, 29]","[0, 1500, 30]",120
"[1, 60, 0]","[0, 60, 5]","[1, 52, 5]","[1, 629, 5]","[0, 52, 6]","[0, 1500, 10]","[1, 52, 10]","[0, 1025, 10]","[1, 52, 10]","[1, 116, 16]","[1, 150, 17]","[1, 521, 17]","[0, 52, 17]","[0, 52, 17]","[0, 52, 18]","[0, 564, 19]","[0, 83, 19]","[1, 83, 19]","[0, 52, 20]","[0, 259, 30]",120
"[1, 60, 0]","[0, 60, 3]","[1, 52, 3]","[1, 570, 4]","[0, 52, 5]","[0, 1500, 9]","[1, 52, 9]","[0, 1024, 9]","[1, 52, 9]","[1, 116, 14]","[1, 150, 15]","[1, 521, 15]","[0, 52, 15]","[0, 52, 15]","[0, 52, 15]","[0, 573, 17]","[1, 83, 18]","[0, 52, 18]","[0, 304, 30]","[0, 1443, 30]",120
"[1, 60, 0]","[0, 60, 4]","[1, 52, 4]","[1, 629, 5]","[0, 52, 6]","[0, 1500, 10]","[1, 52, 10]","[0, 1025, 10]","[1, 52, 10]","[1, 116, 19]","[1, 150, 20]","[1, 521, 20]","[0, 52, 20]","[0, 52, 21]","[0, 52, 21]","[0, 564, 22]","[0, 83, 22]","[1, 52, 22]","[1, 83, 22]","[0, 52, 23]",120
"[1, 60, 0]","[0, 60, 4]","[1, 52, 4]","[1, 629, 4]","[0, 52, 5]","[0, 1500, 9]","[1, 52, 9]","[0, 1025, 9]","[1, 52, 9]","[1, 116, 17]","[1, 150, 17]","[1, 521, 18]","[0, 52, 18]","[0, 52, 18]","[0, 52, 18]","[0, 573, 20]","[1, 83, 20]","[0, 52, 20]","[0, 304, 31]","[0, 1500, 31]",120
"[1, 60, 0]","[0, 60, 4]","[1, 52, 4]","[1, 597, 5]","[0, 52, 5]","[0, 1500, 10]","[1, 52, 10]","[0, 1024, 10]","[1, 52, 10]","[1, 116, 19]","[1, 150, 19]","[1, 521, 19]","[0, 52, 20]","[0, 52, 20]","[0, 52, 20]","[0, 564, 21]","[0, 83, 21]","[1, 52, 21]","[1, 83, 21]","[0, 52, 22]",120
"[1, 60, 0]","[0, 60, 3]","[1, 52, 3]","[1, 661, 4]","[0, 52, 5]","[0, 1500, 8]","[1, 52, 8]","[0, 1025, 9]","[1, 52, 9]","[1, 116, 15]","[1, 150, 15]","[0, 52, 15]","[1, 521, 15]","[0, 52, 16]","[0, 52, 16]","[0, 564, 17]","[1, 83, 17]","[0, 83, 18]","[0, 52, 18]","[0, 259, 38]",120
"[1, 60, 0]","[0, 60, 4]","[1, 52, 4]","[1, 570, 4]","[0, 52, 5]","[0, 1500, 10]","[1, 52, 10]","[0, 1025, 10]","[1, 52, 10]","[1, 116, 16]","[0, 52, 17]","[0, 564, 19]","[1, 150, 34]","[1, 83, 34]","[1, 521, 34]","[0, 52, 35]","[0, 52, 35]","[0, 83, 37]","[0, 259, 44]","[0, 1443, 44]",120
"[1, 60, 0]","[0, 60, 3]","[1, 52, 4]","[1, 629, 4]","[0, 52, 4]","[0, 1500, 9]","[1, 52, 9]","[0, 1024, 9]","[1, 52, 9]","[1, 116, 16]","[1, 150, 17]","[1, 521, 17]","[0, 52, 17]","[0, 52, 17]","[0, 52, 17]","[0, 564, 19]","[0, 83, 19]","[1, 83, 19]","[0, 52, 19]","[0, 304, 26]",120
"[1, 60, 0]","[0, 60, 9]","[1, 52, 9]","[1, 570, 10]","[0, 52, 16]","[0, 1500, 25]","[1, 52, 25]","[0, 1023, 25]","[1, 52, 25]","[1, 116, 35]","[1, 150, 36]","[1, 521, 36]","[0, 52, 43]","[0, 52, 44]","[0, 52, 44]","[0, 564, 45]","[0, 83, 45]","[1, 52, 46]","[1, 83, 46]","[0, 52, 51]",120
"[1, 60, 0]","[0, 60, 4]","[1, 52, 4]","[1, 570, 5]","[0, 52, 5]","[0, 1500, 9]","[1, 52, 9]","[0, 1023, 9]","[1, 52, 9]","[1, 116, 17]","[1, 150, 17]","[1, 521, 18]","[0, 52, 18]","[0, 52, 18]","[0, 52, 18]","[0, 595, 19]","[1, 83, 19]","[0, 52, 20]","[0, 304, 27]","[0, 1443, 27]",120
"[1, 60, 0]","[0, 60, 7]","[1, 52, 7]","[1, 597, 7]","[0, 52, 8]","[0, 1500, 12]","[1, 52, 12]","[0, 1025, 12]","[1, 52, 12]","[1, 116, 20]","[1, 150, 20]","[1, 521, 21]","[0, 52, 21]","[0, 52, 21]","[0, 52, 21]","[0, 573, 23]","[1, 83, 23]","[0, 52, 24]","[0, 1500, 32]","[0, 1266, 32]",120
"[1, 60, 0]","[0, 60, 4]","[1, 52, 4]","[1, 597, 5]","[0, 52, 6]","[0, 1500, 10]","[1, 52, 10]","[0, 1025, 11]","[1, 52, 11]","[1, 116, 19]","[1, 150, 20]","[1, 521, 20]","[0, 52, 21]","[0, 52, 21]","[0, 52, 21]","[0, 564, 22]","[1, 83, 22]","[0, 52, 23]","[0, 83, 23]","[0, 259, 36]",120
"[1, 60, 0]","[0, 60, 4]","[1, 52, 4]","[1, 661, 5]","[0, 52, 5]","[0, 1500, 9]","[1, 52, 9]","[0, 1025, 9]","[1, 52, 9]","[1, 116, 17]","[0, 52, 17]","[1, 150, 18]","[1, 521, 19]","[0, 564, 19]","[0, 52, 20]","[0, 52, 20]","[1, 83, 20]","[0, 52, 20]","[0, 83, 21]","[0, 258, 29]",120
"[1, 60, 0]","[0, 60, 4]","[1, 52, 4]","[1, 629, 5]","[0, 52, 5]","[0, 1500, 12]","[1, 52, 12]","[0, 1025, 12]","[1, 52, 12]","[1, 116, 18]","[0, 52, 19]","[1, 150, 20]","[1, 521, 20]","[0, 52, 21]","[0, 564, 21]","[0, 52, 21]","[1, 83, 21]","[0, 52, 22]","[0, 83, 22]","[0, 305, 32]",120
"[1, 60, 0]","[0, 60, 4]","[1, 52, 4]","[1, 661, 5]","[0, 52, 5]","[0, 1500, 11]","[1, 52, 11]","[0, 1024, 11]","[1, 52, 11]","[1, 116, 17]","[1, 150, 17]","[1, 521, 17]","[0, 52, 18]","[0, 52, 18]","[0, 52, 18]","[0, 564, 19]","[1, 83, 20]","[0, 83, 20]","[0, 52, 20]","[0, 258, 31]",120
"[1, 60, 0]","[0, 60, 4]","[1, 52, 4]","[1, 570, 5]","[0, 52, 5]","[0, 1500, 10]","[1, 52, 10]","[0, 1023, 10]","[1, 52, 10]","[1, 116, 17]","[0, 52, 18]","[0, 564, 20]","[1, 150, 41]","[1, 83, 41]","[1, 521, 41]","[0, 52, 42]","[0, 52, 42]","[0, 52, 42]","[0, 83, 44]","[0, 259, 51]",120
"[1, 60, 0]","[0, 60, 3]","[1, 52, 4]","[1, 597, 4]","[0, 52, 5]","[0, 1500, 9]","[1, 52, 10]","[0, 1025, 10]","[1, 52, 10]","[1, 116, 18]","[0, 52, 19]","[0, 564, 21]","[1, 150, 30]","[1, 83, 30]","[1, 521, 30]","[0, 52, 31]","[0, 52, 31]","[0, 83, 33]","[0, 259, 40]","[0, 1489, 40]",120
"[1, 60, 0]","[0, 60, 3]","[1, 52, 4]","[1, 629, 4]","[0, 52, 5]","[0, 1500, 8]","[1, 52, 8]","[0, 1024, 8]","[1, 52, 8]","[1, 116, 16]","[0, 52, 17]","[0, 564, 18]","[1, 150, 49]","[1, 83, 50]","[1, 521, 50]","[0, 52, 50]","[0, 52, 50]","[0, 52, 50]","[0, 83, 52]","[0, 304, 59]",120
"[1, 60, 0]","[0, 60, 4]","[1, 52, 4]","[1, 629, 4]","[0, 52, 5]","[0, 1500, 9]","[1, 52, 9]","[0, 1024, 9]","[1, 52, 9]","[1, 116, 15]","[0, 52, 16]","[0, 564, 18]","[1, 150, 24]","[1, 83, 24]","[1, 521, 24]","[0, 52, 24]","[0, 52, 25]","[0, 83, 26]","[0, 259, 36]","[0, 1500, 36]",120
"[1, 60, 0]","[0, 60, 5]","[1, 52, 5]","[1, 597, 6]","[0, 52, 6]","[0, 1500, 13]","[1, 52, 13]","[0, 1024, 13]","[1, 52, 13]","[1, 116, 19]","[1, 150, 19]","[1, 521, 20]","[0, 52, 20]","[0, 52, 20]","[0, 52, 20]","[0, 573, 22]","[1, 83, 22]","[0, 52, 23]","[0, 258, 32]","[0, 1500, 32]",120
"[1, 60, 0]","[0, 60, 4]","[1, 52, 4]","[1, 597, 4]","[0, 52, 5]","[0, 1500, 10]","[1, 52, 10]","[0, 1024, 11]","[1, 52, 11]","[1, 116, 16]","[1, 150, 17]","[1, 521, 17]","[0, 52, 17]","[0, 52, 17]","[0, 52, 18]","[0, 573, 19]","[1, 83, 20]","[0, 52, 20]","[0, 258, 27]","[0, 1500, 28]",120
"[1, 60, 0]","[0, 60, 4]","[1, 52, 4]","[1, 597, 4]","[0, 52, 5]","[0, 1500, 9]","[1, 52, 9]","[0, 1024, 9]","[1, 52, 9]","[1, 116, 16]","[1, 150, 17]","[1, 521, 17]","[0, 52, 17]","[0, 52, 18]","[0, 52, 18]","[0, 564, 19]","[1, 83, 19]","[0, 83, 19]","[0, 52, 20]","[0, 305, 34]",120
"[1, 60, 0]","[0, 60, 4]","[1, 52, 4]","[1, 597, 5]","[0, 52, 5]","[0, 1500, 10]","[1, 52, 10]","[0, 1024, 10]","[1, 52, 10]","[1, 116, 15]","[0, 52, 16]","[0, 564, 18]","[1, 150, 37]","[1, 83, 37]","[1, 521, 37]","[0, 52, 38]","[0, 83, 41]","[0, 258, 50]","[0, 1500, 50]","[0, 1028, 50]",120
"[1, 60, 0]","[0, 60, 4]","[1, 52, 4]","[1, 597, 4]","[0, 52, 5]","[0, 1500, 10]","[1, 52, 10]","[0, 1024, 10]","[1, 52, 10]","[1, 116, 17]","[1, 150, 18]","[1, 521, 18]","[0, 52, 18]","[0, 52, 18]","[0, 52, 18]","[0, 564, 20]","[0, 83, 20]","[1, 52, 20]","[1, 83, 20]","[0, 52, 20]",120
"[1, 60, 0]","[0, 60, 4]","[1, 52, 4]","[1, 661, 4]","[0, 52, 5]","[0, 1500, 9]","[1, 52, 9]","[0, 1025, 9]","[1, 52, 9]","[1, 116, 14]","[0, 52, 15]","[0, 564, 17]","[1, 150, 25]","[1, 83, 25]","[1, 521, 25]","[0, 52, 26]","[0, 52, 26]","[0, 52, 26]","[0, 83, 27]","[0, 258, 40]",120
"[1, 60, 0]","[0, 60, 5]","[1, 52, 5]","[1, 570, 5]","[0, 52, 6]","[0, 1500, 10]","[1, 52, 10]","[0, 1024, 10]","[1, 52, 10]","[1, 116, 16]","[0, 52, 17]","[0, 564, 19]","[1, 150, 26]","[1, 83, 26]","[1, 521, 26]","[0, 52, 27]","[0, 52, 27]","[0, 52, 27]","[0, 83, 28]","[0, 305, 39]",120
"[1, 60, 0]","[0, 60, 6]","[1, 52, 6]","[1, 570, 7]","[0, 52, 9]","[0, 1500, 19]","[1, 52, 19]","[0, 1023, 19]","[1, 52, 19]","[1, 116, 25]","[1, 150, 26]","[1, 521, 26]","[0, 52, 27]","[0, 52, 28]","[0, 52, 28]","[0, 564, 31]","[0, 83, 31]","[1, 52, 31]","[1, 83, 32]","[0, 52, 36]",120
"[1, 60, 0]","[0, 60, 4]","[1, 52, 4]","[1, 570, 5]","[0, 52, 5]","[0, 1500, 10]","[1, 52, 10]","[0, 1023, 10]","[1, 52, 10]","[1, 116, 16]","[0, 52, 17]","[0, 564, 18]","[1, 150, 30]","[1, 83, 30]","[1, 521, 30]","[0, 52, 31]","[0, 52, 31]","[0, 52, 31]","[0, 83, 32]","[0, 304, 45]",120
"[1, 60, 0]","[0, 60, 4]","[1, 52, 4]","[1, 661, 4]","[0, 52, 5]","[0, 1500, 11]","[1, 52, 11]","[0, 1024, 11]","[1, 52, 11]","[1, 116, 17]","[0, 52, 18]","[0, 564, 20]","[1, 150, 23]","[1, 83, 23]","[1, 521, 23]","[0, 52, 24]","[0, 52, 24]","[0, 83, 26]","[0, 304, 35]","[1, 52, 35]",120
"[1, 60, 0]","[0, 60, 5]","[1, 52, 5]","[1, 629, 5]","[0, 52, 6]","[0, 1500, 9]","[1, 52, 9]","[0, 1024, 9]","[1, 52, 9]","[1, 116, 18]","[1, 150, 18]","[1, 521, 19]","[0, 52, 19]","[0, 52, 19]","[0, 52, 19]","[0, 564, 20]","[1, 83, 21]","[0, 83, 21]","[0, 52, 21]","[0, 258, 32]",120
"[1, 60, 0]","[0, 60, 3]","[1, 52, 4]","[1, 629, 4]","[0, 52, 5]","[0, 1500, 9]","[1, 52, 9]","[0, 1024, 9]","[1, 52, 9]","[1, 116, 17]","[0, 52, 17]","[0, 564, 19]","[1, 150, 26]","[1, 83, 27]","[1, 521, 27]","[0, 52, 27]","[0, 52, 27]","[0, 83, 29]","[0, 306, 54]","[1, 52, 54]",120
"[1, 60, 0]","[0, 60, 4]","[1, 52, 4]","[1, 629, 4]","[0, 52, 4]","[0, 1500, 9]","[1, 52, 9]","[0, 1025, 9]","[1, 52, 9]","[1, 116, 15]","[0, 52, 16]","[0, 564, 18]","[1, 150, 19]","[1, 83, 19]","[1, 521, 19]","[0, 52, 20]","[0, 52, 20]","[0, 52, 20]","[0, 83, 21]","[0, 304, 30]",120
"[1, 60, 0]","[0, 60, 4]","[1, 52, 4]","[1, 661, 4]","[0, 52, 5]","[0, 1500, 9]","[1, 52, 9]","[0, 1023, 9]","[1, 52, 9]","[1, 116, 15]","[0, 52, 16]","[0, 564, 17]","[1, 150, 26]","[1, 83, 26]","[1, 521, 26]","[0, 52, 27]","[0, 52, 27]","[0, 52, 27]","[0, 83, 28]","[0, 259, 41]",120
"[1, 60, 0]","[0, 60, 7]","[1, 52, 8]","[1, 597, 8]","[0, 52, 10]","[0, 1500, 15]","[1, 52, 15]","[0, 1023, 15]","[1, 52, 15]","[1, 116, 22]","[0, 52, 27]","[0, 564, 31]","[1, 150, 38]","[1, 83, 38]","[1, 521, 38]","[0, 52, 47]","[0, 52, 47]","[0, 52, 47]","[0, 83, 51]","[0, 258, 61]",120
"[1, 60, 0]","[0, 60, 4]","[1, 52, 4]","[1, 597, 4]","[0, 52, 5]","[0, 1500, 9]","[1, 52, 9]","[0, 1023, 9]","[1, 52, 9]","[1, 116, 16]","[0, 52, 16]","[0, 564, 18]","[1, 150, 19]","[1, 83, 19]","[1, 521, 19]","[0, 52, 20]","[0, 52, 20]","[0, 52, 20]","[0, 83, 21]","[0, 259, 33]",120
"[1, 60, 0]","[0, 60, 4]","[1, 52, 4]","[1, 570, 4]","[0, 52, 5]","[0, 1500, 9]","[1, 52, 9]","[0, 1024, 9]","[1, 52, 9]","[1, 116, 16]","[0, 52, 16]","[0, 564, 18]","[1, 150, 23]","[1, 83, 23]","[1, 521, 24]","[0, 52, 24]","[0, 52, 24]","[0, 52, 24]","[0, 83, 26]","[0, 258, 31]",120
"[1, 60, 0]","[0, 60, 4]","[1, 52, 4]","[1, 570, 4]","[0, 52, 5]","[0, 1500, 8]","[1, 52, 9]","[0, 1025, 9]","[1, 52, 9]","[1, 116, 15]","[0, 52, 16]","[1, 150, 16]","[1, 521, 17]","[0, 52, 17]","[0, 52, 17]","[0, 564, 17]","[1, 83, 18]","[0, 52, 18]","[0, 83, 19]","[0, 304, 26]",120
"[1, 60, 0]","[0, 60, 4]","[1, 52, 4]","[1, 570, 5]","[0, 52, 5]","[0, 1500, 10]","[1, 52, 10]","[0, 1023, 10]","[1, 52, 10]","[1, 116, 17]","[0, 52, 18]","[0, 564, 20]","[1, 150, 21]","[1, 83, 21]","[1, 521, 21]","[0, 52, 21]","[0, 52, 22]","[0, 52, 22]","[0, 83, 23]","[0, 258, 31]",120
"[1, 60, 0]","[0, 60, 3]","[1, 52, 3]","[1, 597, 4]","[0, 52, 5]","[0, 1500, 10]","[1, 52, 10]","[0, 1024, 10]","[1, 52, 10]","[1, 116, 17]","[1, 150, 17]","[1, 521, 17]","[0, 52, 17]","[0, 52, 18]","[0, 52, 18]","[0, 573, 20]","[1, 83, 20]","[0, 52, 20]","[0, 259, 28]","[0, 1500, 29]",120
"[1, 60, 0]","[0, 60, 4]","[1, 52, 4]","[1, 1947, 6]","[0, 52, 7]","[0, 1500, 11]","[1, 52, 11]","[0, 1500, 11]","[1, 52, 11]","[0, 1467, 12]","[1, 52, 12]","[1, 116, 16]","[0, 52, 17]","[0, 564, 19]","[1, 222, 30]","[1, 415, 30]","[1, 83, 31]","[0, 52, 32]","[0, 83, 34]","[0, 258, 55]",111
"[1, 60, 0]","[0, 60, 4]","[1, 52, 4]","[1, 1947, 5]","[0, 52, 6]","[0, 52, 6]","[0, 1500, 10]","[1, 52, 10]","[0, 1500, 10]","[1, 52, 10]","[0, 1467, 10]","[1, 52, 10]","[1, 116, 13]","[1, 222, 13]","[1, 415, 13]","[0, 52, 14]","[0, 52, 14]","[0, 52, 14]","[0, 564, 16]","[0, 83, 16]",111
"[1, 60, 0]","[0, 60, 4]","[1, 52, 4]","[1, 1947, 5]","[0, 52, 6]","[0, 52, 6]","[0, 1500, 11]","[1, 52, 11]","[0, 1500, 12]","[1, 52, 12]","[0, 1468, 12]","[1, 52, 12]","[1, 116, 15]","[1, 222, 16]","[1, 415, 16]","[0, 52, 16]","[0, 52, 16]","[0, 52, 16]","[0, 564, 18]","[0, 83, 18]",111
"[1, 60, 0]","[0, 60, 5]","[1, 52, 5]","[1, 1947, 5]","[0, 52, 6]","[0, 1500, 10]","[1, 52, 10]","[0, 1500, 11]","[1, 52, 11]","[0, 1466, 11]","[1, 52, 11]","[1, 116, 15]","[1, 222, 15]","[1, 415, 15]","[0, 52, 16]","[0, 52, 16]","[0, 52, 16]","[0, 573, 18]","[1, 83, 18]","[0, 52, 19]",111
"[1, 60, 0]","[0, 60, 4]","[1, 52, 4]","[1, 1947, 5]","[0, 52, 6]","[0, 52, 6]","[0, 1500, 10]","[1, 52, 10]","[0, 1500, 10]","[1, 52, 10]","[0, 1467, 10]","[1, 52, 10]","[1, 116, 14]","[1, 222, 14]","[1, 415, 14]","[0, 52, 15]","[0, 52, 15]","[0, 573, 17]","[1, 83, 17]","[0, 52, 18]",111
"[1, 60, 0]","[0, 60, 4]","[1, 52, 4]","[1, 1947, 5]","[0, 52, 6]","[0, 1500, 11]","[1, 52, 11]","[0, 1500, 11]","[1, 52, 11]","[0, 1466, 11]","[1, 52, 11]","[1, 116, 17]","[1, 222, 17]","[1, 415, 17]","[0, 52, 18]","[0, 52, 18]","[0, 573, 19]","[1, 83, 20]","[0, 52, 21]","[0, 258, 26]",111
"[1, 60, 0]","[0, 60, 3]","[1, 52, 3]","[1, 1947, 4]","[0, 52, 5]","[0, 1500, 10]","[1, 52, 10]","[0, 1500, 10]","[1, 52, 10]","[0, 1468, 10]","[1, 52, 10]","[1, 116, 15]","[0, 52, 16]","[1, 222, 16]","[1, 415, 16]","[0, 52, 17]","[0, 564, 18]","[1, 83, 18]","[0, 83, 19]","[0, 52, 19]",111
"[1, 60, 0]","[0, 60, 4]","[1, 52, 4]","[1, 1947, 5]","[0, 52, 6]","[0, 1500, 10]","[1, 52, 11]","[0, 1500, 11]","[1, 52, 11]","[0, 1468, 11]","[1, 52, 11]","[1, 116, 15]","[1, 222, 15]","[1, 415, 15]","[0, 52, 16]","[0, 52, 16]","[0, 52, 16]","[0, 564, 19]","[0, 83, 19]","[1, 83, 19]",111
"[1, 60, 0]","[0, 60, 3]","[1, 52, 4]","[1, 1947, 4]","[0, 52, 5]","[0, 1500, 9]","[1, 52, 9]","[0, 1500, 9]","[1, 52, 9]","[0, 1467, 9]","[1, 52, 9]","[1, 116, 13]","[1, 222, 14]","[1, 415, 14]","[0, 52, 14]","[0, 52, 14]","[0, 52, 14]","[0, 595, 17]","[1, 83, 17]","[0, 52, 18]",111
"[1, 60, 0]","[0, 60, 5]","[1, 52, 5]","[1, 1947, 5]","[0, 52, 6]","[0, 52, 6]","[0, 1500, 11]","[1, 52, 11]","[0, 1500, 11]","[1, 52, 11]","[0, 1466, 11]","[1, 52, 11]","[1, 116, 14]","[1, 222, 15]","[1, 415, 15]","[0, 52, 15]","[0, 52, 16]","[0, 52, 17]","[0, 564, 18]","[1, 83, 18]",111
"[1, 60, 0]","[0, 60, 4]","[1, 52, 4]","[1, 1947, 5]","[0, 52, 6]","[0, 52, 6]","[0, 1500, 12]","[1, 52, 12]","[0, 1500, 12]","[0, 1467, 12]","[1, 52, 12]","[1, 52, 12]","[1, 116, 14]","[1, 222, 15]","[1, 415, 15]","[0, 52, 16]","[0, 52, 16]","[0, 52, 16]","[0, 573, 18]","[1, 83, 18]",111
"[1, 60, 0]","[0, 60, 4]","[1, 52, 4]","[1, 1947, 5]","[0, 52, 6]","[0, 1500, 11]","[1, 52, 11]","[0, 1500, 11]","[1, 52, 11]","[0, 1466, 12]","[1, 52, 12]","[1, 116, 16]","[1, 222, 16]","[1, 415, 16]","[0, 52, 17]","[0, 52, 17]","[0, 52, 17]","[0, 573, 19]","[1, 83, 19]","[0, 52, 20]",111
"[1, 60, 0]","[0, 60, 4]","[1, 52, 5]","[1, 1947, 6]","[0, 52, 7]","[0, 52, 7]","[0, 1500, 12]","[1, 52, 12]","[0, 1500, 12]","[1, 52, 12]","[0, 1468, 12]","[1, 52, 12]","[1, 116, 15]","[1, 222, 15]","[1, 415, 15]","[0, 52, 16]","[0, 573, 18]","[1, 83, 19]","[0, 52, 19]","[0, 304, 26]",111
"[1, 60, 0]","[0, 60, 4]","[1, 52, 4]","[1, 1947, 5]","[0, 52, 6]","[0, 1500, 10]","[1, 52, 10]","[0, 1500, 10]","[1, 52, 10]","[0, 1466, 10]","[1, 52, 10]","[1, 116, 13]","[1, 222, 13]","[1, 415, 13]","[0, 52, 14]","[0, 52, 14]","[0, 52, 15]","[0, 573, 16]","[1, 83, 17]","[0, 52, 17]",111
"[1, 60, 0]","[0, 60, 3]","[1, 52, 3]","[1, 1947, 4]","[0, 52, 5]","[0, 52, 5]","[0, 1500, 9]","[1, 52, 9]","[0, 1500, 9]","[1, 52, 9]","[0, 1467, 9]","[1, 52, 9]","[1, 116, 13]","[1, 222, 13]","[1, 415, 13]","[0, 52, 14]","[0, 52, 14]","[0, 52, 15]","[0, 564, 16]","[0, 83, 16]",111
"[1, 60, 0]","[0, 60, 4]","[1, 52, 4]","[1, 1947, 5]","[0, 52, 5]","[0, 52, 5]","[0, 1500, 10]","[1, 52, 10]","[0, 1500, 10]","[1, 52, 10]","[0, 1467, 10]","[1, 52, 10]","[1, 116, 14]","[1, 222, 14]","[1, 415, 14]","[0, 52, 14]","[0, 52, 15]","[0, 52, 15]","[0, 564, 16]","[1, 83, 16]",111
"[1, 60, 0]","[0, 60, 6]","[1, 52, 6]","[1, 1947, 7]","[0, 52, 8]","[0, 1500, 13]","[1, 52, 14]","[0, 1500, 14]","[1, 52, 14]","[0, 1468, 14]","[1, 52, 14]","[1, 116, 18]","[1, 222, 19]","[1, 415, 19]","[0, 52, 19]","[0, 52, 20]","[0, 564, 21]","[1, 83, 21]","[0, 83, 22]","[0, 52, 22]",111
"[1, 60, 0]","[0, 60, 32]","[1, 52, 32]","[1, 1947, 33]","[0, 52, 34]","[0, 52, 34]","[0, 1500, 38]","[1, 52, 38]","[0, 1500, 38]","[1, 52, 38]","[0, 1467, 38]","[1, 52, 38]","[1, 116, 42]","[1, 222, 42]","[1, 415, 42]","[0, 52, 43]","[0, 52, 43]","[0, 52, 43]","[0, 564, 45]","[0, 83, 45]",111
"[1, 60, 0]","[0, 60, 12]","[1, 52, 12]","[1, 1947, 13]","[0, 52, 16]","[0, 52, 16]","[0, 1500, 24]","[1, 52, 24]","[0, 1500, 25]","[1, 52, 25]","[0, 1468, 25]","[1, 52, 25]","[1, 116, 33]","[1, 222, 33]","[1, 415, 34]","[0, 52, 36]","[0, 52, 36]","[0, 573, 38]","[1, 83, 39]","[0, 52, 42]",111
"[1, 60, 0]","[0, 60, 3]","[1, 52, 3]","[1, 1947, 4]","[0, 52, 5]","[0, 1500, 9]","[1, 52, 9]","[0, 1500, 9]","[1, 52, 9]","[0, 1467, 9]","[1, 52, 9]","[1, 116, 12]","[1, 222, 12]","[1, 415, 13]","[0, 52, 13]","[0, 52, 13]","[0, 573, 15]","[1, 83, 15]","[0, 52, 16]","[0, 258, 26]",111
"[1, 60, 0]","[0, 60, 5]","[1, 52, 5]","[1, 1947, 5]","[0, 52, 7]","[0, 52, 7]","[0, 1500, 13]","[1, 52, 13]","[0, 1500, 13]","[1, 52, 13]","[0, 1466, 13]","[1, 52, 13]","[1, 116, 17]","[1, 222, 17]","[1, 415, 17]","[0, 52, 18]","[0, 52, 18]","[0, 52, 19]","[0, 573, 20]","[1, 83, 20]",111
"[1, 60, 0]","[0, 60, 5]","[1, 52, 5]","[1, 1947, 6]","[0, 52, 9]","[0, 52, 9]","[0, 1500, 14]","[1, 52, 14]","[0, 1500, 14]","[1, 52, 14]","[0, 1468, 14]","[1, 52, 14]","[1, 116, 17]","[1, 222, 18]","[1, 415, 18]","[0, 52, 19]","[0, 52, 20]","[0, 52, 20]","[0, 573, 22]","[1, 83, 22]",111
"[1, 60, 0]","[0, 60, 4]","[1, 52, 5]","[1, 1947, 5]","[0, 52, 6]","[0, 1500, 11]","[1, 52, 11]","[0, 1500, 11]","[1, 52, 11]","[0, 1467, 11]","[1, 52, 11]","[1, 116, 14]","[1, 222, 14]","[1, 415, 14]","[0, 52, 15]","[0, 52, 15]","[0, 564, 16]","[1, 83, 17]","[0, 52, 17]","[0, 83, 17]",111
"[1, 60, 0]","[0, 60, 5]","[1, 52, 5]","[1, 1947, 6]","[0, 52, 6]","[0, 1500, 11]","[1, 52, 11]","[0, 1500, 11]","[1, 52, 11]","[0, 1467, 11]","[1, 52, 11]","[1, 116, 16]","[1, 222, 17]","[1, 415, 17]","[0, 52, 17]","[0, 52, 18]","[0, 564, 20]","[0, 83, 20]","[1, 83, 20]","[0, 52, 21]",111
"[1, 60, 0]","[0, 60, 5]","[1, 52, 5]","[1, 1947, 6]","[0, 52, 7]","[0, 1500, 12]","[1, 52, 12]","[0, 1500, 12]","[1, 52, 12]","[0, 1467, 12]","[1, 52, 12]","[1, 116, 24]","[0, 52, 25]","[1, 222, 27]","[1, 415, 27]","[0, 564, 31]","[0, 52, 32]","[0, 52, 32]","[0, 83, 33]","[1, 83, 33]",111
"[1, 60, 0]","[0, 60, 9]","[1, 52, 9]","[1, 1947, 10]","[0, 52, 11]","[0, 1500, 16]","[1, 52, 16]","[0, 1500, 16]","[1, 52, 16]","[0, 1467, 16]","[1, 52, 16]","[1, 116, 21]","[1, 222, 21]","[1, 415, 21]","[0, 52, 22]","[0, 52, 22]","[0, 573, 24]","[1, 83, 25]","[0, 52, 26]","[0, 1500, 77]",111
"[1, 60, 0]","[0, 60, 4]","[1, 52, 4]","[1, 1947, 4]","[0, 52, 5]","[0, 1500, 11]","[1, 52, 11]","[0, 1500, 11]","[1, 52, 11]","[0, 1468, 11]","[1, 52, 11]","[1, 116, 14]","[1, 222, 15]","[1, 415, 15]","[0, 52, 15]","[0, 52, 16]","[0, 564, 17]","[0, 83, 17]","[1, 83, 17]","[0, 52, 18]",111
"[1, 60, 0]","[0, 60, 5]","[1, 52, 5]","[1, 1947, 6]","[0, 52, 8]","[0, 1500, 12]","[1, 52, 12]","[0, 1500, 12]","[1, 52, 12]","[0, 1468, 12]","[1, 52, 12]","[1, 116, 20]","[0, 52, 22]","[1, 222, 22]","[1, 415, 22]","[0, 564, 23]","[0, 52, 23]","[1, 83, 24]","[0, 52, 25]","[0, 83, 27]",111
"[1, 60, 0]","[0, 60, 4]","[1, 52, 4]","[1, 1947, 5]","[0, 52, 6]","[0, 52, 6]","[0, 1500, 11]","[1, 52, 11]","[0, 1500, 11]","[1, 52, 11]","[0, 1467, 11]","[1, 52, 11]","[1, 116, 18]","[1, 222, 18]","[1, 415, 18]","[0, 52, 19]","[0, 52, 20]","[0, 52, 20]","[0, 573, 21]","[1, 83, 21]",111
"[1, 60, 0]","[0, 60, 6]","[1, 52, 6]","[1, 1947, 6]","[0, 52, 8]","[0, 52, 8]","[0, 1500, 12]","[1, 52, 12]","[0, 1500, 12]","[1, 52, 12]","[0, 1467, 12]","[1, 52, 12]","[1, 116, 15]","[0, 52, 16]","[0, 564, 18]","[1, 222, 23]","[1, 415, 24]","[0, 52, 25]","[0, 52, 25]","[1, 83, 26]",111
"[1, 60, 0]","[0, 60, 4]","[1, 52, 4]","[1, 1947, 5]","[0, 52, 6]","[0, 52, 6]","[0, 1500, 11]","[1, 52, 11]","[0, 1500, 11]","[1, 52, 11]","[0, 1468, 11]","[1, 52, 11]","[1, 116, 24]","[0, 52, 26]","[1, 222, 27]","[0, 564, 28]","[1, 415, 28]","[1, 83, 28]","[0, 52, 30]","[0, 52, 30]",111
"[1, 60, 0]","[0, 60, 4]","[1, 52, 4]","[1, 1947, 5]","[0, 52, 6]","[0, 52, 7]","[0, 1500, 11]","[1, 52, 11]","[0, 1500, 11]","[1, 52, 11]","[0, 1468, 11]","[1, 52, 11]","[1, 116, 15]","[1, 222, 16]","[0, 52, 16]","[1, 415, 16]","[0, 52, 18]","[0, 52, 18]","[0, 564, 18]","[1, 83, 19]",111
"[1, 60, 0]","[0, 60, 4]","[1, 52, 4]","[1, 1947, 4]","[0, 52, 5]","[0, 52, 5]","[0, 1500, 11]","[1, 52, 11]","[0, 1500, 11]","[1, 52, 11]","[0, 1466, 11]","[1, 52, 11]","[1, 116, 15]","[1, 222, 15]","[1, 415, 15]","[0, 52, 16]","[0, 52, 16]","[0, 573, 18]","[1, 83, 18]","[0, 52, 19]",111
"[1, 60, 0]","[0, 60, 4]","[1, 52, 4]","[1, 1947, 5]","[0, 52, 6]","[0, 52, 6]","[0, 1500, 11]","[1, 52, 11]","[0, 1500, 11]","[1, 52, 11]","[0, 1466, 11]","[1, 52, 11]","[1, 116, 19]","[1, 222, 20]","[1, 415, 21]","[0, 52, 21]","[0, 52, 22]","[0, 564, 23]","[0, 83, 23]","[1, 83, 24]",111
"[1, 60, 0]","[0, 60, 4]","[1, 52, 4]","[1, 1947, 6]","[0, 52, 7]","[0, 1500, 14]","[1, 52, 14]","[0, 1500, 14]","[1, 52, 14]","[0, 1468, 14]","[1, 52, 14]","[1, 116, 18]","[1, 222, 18]","[1, 415, 18]","[0, 52, 19]","[0, 52, 19]","[0, 52, 19]","[0, 564, 21]","[1, 83, 22]","[0, 83, 23]",111
"[1, 60, 0]","[0, 60, 7]","[1, 52, 7]","[1, 1947, 8]","[0, 52, 10]","[0, 1500, 16]","[1, 52, 16]","[0, 1500, 16]","[1, 52, 16]","[0, 1467, 16]","[1, 52, 16]","[1, 116, 28]","[1, 222, 29]","[1, 415, 29]","[0, 52, 29]","[0, 52, 29]","[0, 52, 29]","[0, 564, 31]","[0, 83, 32]","[1, 83, 32]",111
"[1, 60, 0]","[0, 60, 4]","[1, 52, 4]","[1, 1947, 5]","[0, 52, 6]","[0, 52, 6]","[0, 1500, 11]","[1, 52, 11]","[0, 1500, 11]","[1, 52, 11]","[0, 1467, 11]","[1, 52, 11]","[1, 116, 16]","[1, 222, 17]","[1, 415, 17]","[0, 52, 17]","[0, 52, 18]","[0, 52, 18]","[0, 564, 19]","[0, 83, 19]",111
"[1, 60, 0]","[0, 60, 5]","[1, 52, 5]","[1, 1947, 6]","[0, 52, 6]","[0, 52, 7]","[0, 1500, 12]","[1, 52, 12]","[0, 1500, 12]","[1, 52, 12]","[0, 1467, 13]","[1, 52, 13]","[1, 116, 19]","[1, 222, 20]","[1, 415, 20]","[0, 52, 21]","[0, 564, 21]","[0, 52, 21]","[1, 83, 22]","[0, 83, 23]",111
"[1, 60, 0]","[0, 60, 4]","[1, 52, 4]","[1, 1947, 5]","[0, 52, 6]","[0, 52, 6]","[0, 1500, 11]","[1, 52, 11]","[0, 1500, 11]","[1, 52, 11]","[0, 1467, 11]","[1, 52, 11]","[1, 116, 15]","[1, 222, 16]","[1, 415, 16]","[0, 52, 16]","[0, 52, 17]","[0, 52, 17]","[0, 564, 18]","[0, 83, 18]",111
"[1, 60, 0]","[0, 60, 5]","[1, 52, 5]","[1, 1947, 6]","[0, 52, 6]","[0, 52, 7]","[0, 1500, 12]","[1, 52, 12]","[0, 1500, 12]","[1, 52, 12]","[0, 1467, 12]","[1, 52, 12]","[1, 116, 17]","[1, 222, 17]","[1, 415, 17]","[0, 52, 18]","[0, 52, 18]","[0, 564, 19]","[0, 83, 19]","[1, 83, 20]",111
"[1, 60, 0]","[0, 60, 6]","[1, 52, 6]","[1, 1947, 7]","[0, 52, 8]","[0, 52, 8]","[0, 1500, 12]","[1, 52, 12]","[0, 1500, 12]","[1, 52, 12]","[0, 1467, 12]","[1, 52, 12]","[1, 116, 16]","[1, 222, 16]","[1, 415, 17]","[0, 52, 17]","[0, 52, 17]","[0, 52, 17]","[0, 564, 18]","[1, 83, 19]",111
"[1, 60, 0]","[0, 60, 4]","[1, 52, 4]","[1, 1947, 5]","[0, 52, 6]","[0, 52, 6]","[0, 1500, 11]","[1, 52, 12]","[0, 1500, 12]","[1, 52, 12]","[0, 1468, 12]","[1, 52, 12]","[1, 116, 15]","[1, 222, 16]","[1, 415, 16]","[0, 52, 16]","[0, 52, 16]","[0, 595, 18]","[1, 83, 19]","[0, 52, 20]",111
"[1, 60, 0]","[0, 60, 20]","[1, 52, 20]","[1, 1947, 22]","[0, 52, 28]","[0, 52, 28]","[0, 1500, 36]","[1, 52, 36]","[0, 1500, 36]","[1, 52, 36]","[0, 1467, 37]","[1, 52, 37]","[1, 116, 42]","[1, 222, 43]","[1, 415, 44]","[0, 52, 48]","[0, 52, 48]","[0, 52, 48]","[0, 573, 50]","[1, 83, 51]",111
"[1, 60, 0]","[0, 60, 3]","[1, 52, 3]","[1, 1947, 4]","[0, 52, 5]","[0, 1500, 10]","[1, 52, 10]","[0, 1500, 10]","[1, 52, 10]","[0, 1466, 10]","[1, 52, 10]","[1, 116, 14]","[1, 222, 15]","[1, 415, 15]","[0, 52, 15]","[0, 52, 16]","[0, 564, 17]","[0, 83, 17]","[1, 83, 17]","[0, 52, 18]",111
"[1, 60, 0]","[0, 60, 5]","[1, 52, 5]","[1, 1947, 5]","[0, 52, 6]","[0, 52, 6]","[0, 1500, 12]","[1, 52, 12]","[0, 1500, 13]","[1, 52, 13]","[0, 1467, 13]","[1, 52, 13]","[1, 116, 16]","[1, 222, 16]","[1, 415, 16]","[0, 52, 17]","[0, 52, 17]","[0, 52, 17]","[0, 564, 19]","[0, 83, 19]",111
"[1, 60, 0]","[0, 60, 5]","[1, 52, 5]","[1, 1947, 6]","[0, 52, 6]","[0, 52, 7]","[0, 1500, 11]","[1, 52, 12]","[0, 1500, 12]","[1, 52, 12]","[0, 1468, 12]","[1, 52, 12]","[1, 116, 15]","[1, 222, 16]","[1, 415, 16]","[0, 52, 17]","[0, 52, 18]","[0, 52, 19]","[0, 564, 19]","[1, 83, 20]",111
"[1, 60, 0]","[0, 60, 4]","[1, 52, 5]","[1, 1947, 5]","[0, 52, 6]","[0, 52, 6]","[0, 1500, 11]","[1, 52, 11]","[0, 1500, 11]","[1, 52, 11]","[0, 1467, 11]","[1, 52, 11]","[1, 116, 17]","[1, 222, 17]","[1, 415, 17]","[0, 52, 18]","[0, 52, 18]","[0, 564, 19]","[0, 83, 19]","[1, 83, 20]",111
"[1, 60, 0]","[0, 60, 5]","[1, 52, 5]","[1, 1947, 6]","[0, 52, 6]","[0, 1500, 11]","[1, 52, 11]","[0, 1500, 11]","[1, 52, 11]","[0, 1466, 11]","[1, 52, 11]","[1, 116, 17]","[0, 52, 18]","[1, 222, 18]","[1, 415, 18]","[0, 52, 19]","[0, 52, 19]","[0, 564, 19]","[0, 83, 20]","[1, 83, 20]",111
"[1, 60, 0]","[0, 60, 4]","[1, 52, 5]","[1, 1947, 6]","[0, 52, 7]","[0, 1500, 11]","[1, 52, 12]","[0, 1500, 12]","[1, 52, 12]","[0, 1468, 12]","[1, 52, 12]","[1, 116, 18]","[1, 222, 19]","[1, 415, 19]","[0, 52, 20]","[0, 52, 20]","[0, 564, 21]","[0, 83, 21]","[1, 83, 22]","[0, 52, 23]",111
"[1, 60, 0]","[0, 60, 5]","[1, 52, 5]","[1, 1947, 6]","[0, 52, 7]","[0, 52, 7]","[0, 1500, 11]","[1, 52, 11]","[0, 1500, 11]","[1, 52, 11]","[0, 1468, 11]","[1, 52, 11]","[1, 116, 28]","[1, 222, 29]","[1, 415, 29]","[0, 52, 30]","[0, 52, 30]","[0, 52, 30]","[0, 564, 31]","[0, 83, 31]",111
"[1, 60, 0]","[0, 60, 4]","[1, 52, 4]","[1, 1947, 4]","[0, 52, 6]","[0, 1500, 11]","[1, 52, 11]","[0, 1500, 11]","[1, 52, 11]","[0, 1467, 11]","[1, 52, 11]","[1, 116, 15]","[1, 222, 16]","[1, 415, 16]","[0, 52, 16]","[0, 52, 17]","[0, 52, 17]","[0, 564, 18]","[0, 83, 19]","[1, 83, 19]",111
"[1, 60, 0]","[0, 60, 3]","[1, 52, 3]","[1, 1947, 5]","[0, 52, 5]","[0, 1500, 10]","[1, 52, 10]","[0, 1500, 10]","[1, 52, 10]","[0, 1467, 10]","[1, 52, 10]","[1, 116, 14]","[1, 222, 14]","[1, 415, 15]","[0, 52, 15]","[0, 52, 15]","[0, 52, 15]","[0, 564, 17]","[0, 83, 17]","[1, 83, 18]",111
"[1, 60, 0]","[0, 60, 4]","[1, 52, 4]","[1, 1947, 5]","[0, 52, 6]","[0, 1500, 11]","[1, 52, 11]","[0, 1500, 11]","[1, 52, 11]","[0, 1467, 11]","[1, 52, 11]","[1, 116, 16]","[1, 222, 17]","[1, 415, 17]","[0, 52, 18]","[0, 52, 18]","[0, 564, 19]","[0, 83, 20]","[1, 83, 20]","[0, 52, 21]",111
"[1, 60, 0]","[0, 60, 7]","[1, 52, 7]","[1, 1947, 7]","[0, 52, 8]","[0, 52, 8]","[0, 1500, 14]","[1, 52, 14]","[0, 1500, 14]","[1, 52, 14]","[0, 1466, 14]","[1, 52, 14]","[1, 116, 17]","[1, 222, 17]","[1, 415, 17]","[0, 52, 18]","[0, 52, 19]","[0, 52, 19]","[0, 573, 22]","[1, 83, 22]",111
"[1, 60, 0]","[0, 60, 9]","[1, 52, 9]","[1, 1947, 10]","[0, 52, 15]","[0, 52, 15]","[0, 1500, 22]","[1, 52, 22]","[0, 1500, 22]","[1, 52, 22]","[0, 1468, 22]","[1, 52, 22]","[1, 116, 26]","[1, 222, 27]","[0, 52, 29]","[1, 415, 30]","[0, 564, 31]","[0, 52, 31]","[0, 52, 32]","[1, 83, 32]",111
"[1, 60, 0]","[0, 60, 7]","[1, 52, 7]","[1, 1947, 8]","[0, 52, 9]","[0, 1500, 15]","[1, 52, 15]","[0, 1500, 15]","[1, 52, 15]","[0, 1467, 15]","[1, 52, 15]","[1, 116, 18]","[1, 222, 18]","[1, 415, 18]","[0, 52, 18]","[0, 52, 18]","[0, 595, 21]","[1, 83, 21]","[0, 52, 22]","[0, 1500, 37]",111
"[1, 60, 0]","[0, 60, 3]","[1, 52, 4]","[1, 1947, 4]","[0, 52, 5]","[0, 52, 5]","[0, 1500, 10]","[1, 52, 10]","[0, 1500, 10]","[1, 52, 10]","[0, 1468, 10]","[1, 52, 10]","[1, 116, 14]","[1, 222, 15]","[1, 415, 15]","[0, 52, 15]","[0, 52, 15]","[0, 52, 15]","[0, 564, 17]","[0, 83, 17]",111
"[1, 60, 0]","[0, 60, 4]","[1, 52, 4]","[1, 1947, 5]","[0, 52, 6]","[0, 1500, 11]","[1, 52, 11]","[0, 1500, 11]","[1, 52, 11]","[0, 1467, 11]","[1, 52, 11]","[1, 116, 15]","[1, 222, 15]","[1, 415, 15]","[0, 52, 16]","[0, 52, 16]","[0, 564, 17]","[0, 83, 17]","[1, 83, 18]","[0, 52, 18]",111
"[1, 60, 0]","[0, 60, 4]","[1, 52, 4]","[1, 1947, 5]","[0, 52, 6]","[0, 1500, 10]","[1, 52, 10]","[0, 1500, 11]","[1, 52, 11]","[0, 1468, 11]","[1, 52, 11]","[1, 116, 14]","[1, 222, 14]","[1, 415, 15]","[0, 52, 15]","[0, 52, 15]","[0, 573, 17]","[1, 83, 18]","[0, 52, 19]","[0, 305, 25]",111
"[1, 60, 0]","[0, 60, 4]","[1, 52, 4]","[1, 1947, 5]","[0, 52, 6]","[0, 52, 7]","[0, 1500, 13]","[1, 52, 13]","[0, 1500, 14]","[1, 52, 14]","[0, 1465, 14]","[1, 52, 14]","[1, 116, 17]","[1, 222, 18]","[1, 415, 18]","[0, 52, 18]","[0, 52, 18]","[0, 52, 18]","[0, 564, 20]","[0, 83, 20]",111
"[1, 60, 0]","[0, 60, 4]","[1, 52, 4]","[1, 1947, 5]","[0, 52, 6]","[0, 1500, 11]","[1, 52, 11]","[0, 1500, 11]","[1, 52, 11]","[0, 1467, 11]","[1, 52, 11]","[1, 116, 15]","[1, 222, 15]","[1, 415, 15]","[0, 52, 16]","[0, 52, 16]","[0, 573, 18]","[1, 83, 18]","[0, 52, 19]","[0, 258, 25]",111
"[1, 60, 0]","[0, 60, 4]","[1, 52, 4]","[1, 1947, 4]","[0, 52, 5]","[0, 1500, 11]","[1, 52, 11]","[0, 1500, 11]","[1, 52, 11]","[0, 1467, 11]","[1, 52, 11]","[1, 116, 15]","[1, 222, 16]","[1, 415, 16]","[0, 52, 16]","[0, 52, 16]","[0, 52, 17]","[0, 573, 19]","[1, 83, 19]","[0, 52, 20]",111
"[1, 60, 0]","[0, 60, 4]","[1, 52, 4]","[1, 1947, 4]","[0, 52, 5]","[0, 52, 5]","[0, 1500, 10]","[1, 52, 10]","[0, 1500, 11]","[1, 52, 11]","[0, 1466, 11]","[1, 52, 11]","[1, 116, 13]","[1, 222, 14]","[1, 415, 14]","[0, 52, 14]","[0, 52, 14]","[0, 52, 14]","[0, 564, 16]","[0, 83, 16]",111
"[1, 60, 0]","[0, 60, 4]","[1, 52, 4]","[1, 1947, 5]","[0, 52, 6]","[0, 1500, 11]","[1, 52, 11]","[0, 1500, 11]","[1, 52, 11]","[0, 1467, 11]","[1, 52, 11]","[1, 116, 15]","[1, 222, 15]","[1, 415, 15]","[0, 52, 16]","[0, 573, 18]","[1, 83, 18]","[0, 52, 19]","[0, 258, 23]","[0, 1443, 23]",111
"[1, 60, 0]","[0, 60, 4]","[1, 52, 4]","[1, 1947, 5]","[0, 52, 6]","[0, 1500, 11]","[1, 52, 11]","[0, 1500, 11]","[1, 52, 11]","[0, 1466, 11]","[1, 52, 11]","[1, 116, 14]","[1, 222, 15]","[1, 415, 15]","[0, 52, 15]","[0, 573, 17]","[1, 83, 18]","[0, 52, 18]","[0, 304, 25]","[0, 1500, 26]",111
"[1, 60, 0]","[0, 60, 4]","[1, 52, 4]","[1, 1947, 5]","[0, 52, 6]","[0, 52, 7]","[0, 1500, 12]","[1, 52, 12]","[0, 1500, 12]","[1, 52, 12]","[0, 1468, 12]","[1, 52, 12]","[1, 116, 15]","[1, 222, 16]","[1, 415, 16]","[0, 52, 16]","[0, 52, 16]","[0, 52, 16]","[0, 564, 18]","[1, 83, 18]",111
"[1, 60, 0]","[0, 60, 4]","[1, 52, 4]","[1, 1947, 5]","[0, 52, 6]","[0, 1500, 12]","[1, 52, 12]","[0, 1500, 12]","[1, 52, 12]","[0, 1467, 12]","[1, 52, 12]","[1, 116, 16]","[1, 222, 17]","[1, 415, 17]","[0, 52, 17]","[0, 52, 18]","[0, 564, 19]","[1, 83, 20]","[0, 83, 20]","[0, 52, 21]",111
"[1, 60, 0]","[0, 60, 4]","[1, 52, 4]","[1, 1947, 4]","[0, 52, 5]","[0, 52, 5]","[0, 1500, 10]","[1, 52, 10]","[0, 1500, 10]","[1, 52, 10]","[0, 1467, 10]","[1, 52, 10]","[1, 116, 13]","[1, 222, 13]","[1, 415, 13]","[0, 52, 14]","[0, 52, 14]","[0, 52, 14]","[0, 573, 15]","[1, 83, 16]",111
"[1, 60, 0]","[0, 60, 3]","[1, 52, 3]","[1, 1947, 4]","[0, 52, 4]","[0, 1500, 8]","[1, 52, 8]","[0, 1500, 8]","[1, 52, 8]","[0, 1467, 8]","[1, 52, 8]","[1, 116, 11]","[1, 222, 12]","[1, 415, 12]","[0, 52, 12]","[0, 52, 13]","[0, 52, 13]","[0, 564, 14]","[1, 83, 15]","[0, 83, 15]",111
"[1, 60, 0]","[0, 60, 3]","[1, 52, 3]","[1, 1947, 5]","[0, 52, 6]","[0, 1500, 10]","[1, 52, 10]","[0, 1500, 10]","[0, 1467, 10]","[1, 52, 10]","[1, 52, 10]","[1, 116, 14]","[1, 222, 14]","[1, 415, 14]","[0, 52, 15]","[0, 52, 15]","[0, 52, 15]","[0, 564, 16]","[0, 83, 16]","[1, 83, 17]",111
"[1, 60, 0]","[0, 60, 4]","[1, 52, 4]","[1, 1947, 6]","[0, 52, 7]","[0, 1500, 12]","[1, 52, 12]","[0, 1500, 12]","[1, 52, 12]","[0, 1467, 12]","[1, 52, 12]","[1, 116, 16]","[1, 222, 17]","[1, 415, 17]","[0, 52, 17]","[0, 52, 17]","[0, 564, 19]","[0, 83, 19]","[1, 83, 19]","[0, 52, 20]",111
"[1, 60, 0]","[0, 60, 4]","[1, 52, 4]","[1, 1947, 5]","[0, 52, 6]","[0, 52, 6]","[0, 1500, 10]","[1, 52, 10]","[0, 1500, 10]","[1, 52, 10]","[0, 1468, 10]","[1, 52, 10]","[1, 116, 14]","[1, 222, 14]","[1, 415, 14]","[0, 52, 15]","[0, 52, 15]","[0, 573, 17]","[1, 83, 17]","[0, 52, 18]",111
"[1, 60, 0]","[0, 60, 9]","[1, 52, 9]","[1, 1947, 10]","[0, 52, 11]","[0, 1500, 16]","[1, 52, 16]","[0, 1500, 16]","[1, 52, 17]","[0, 1467, 17]","[1, 52, 17]","[1, 116, 22]","[1, 222, 22]","[1, 415, 22]","[0, 52, 23]","[0, 52, 23]","[0, 52, 23]","[0, 564, 25]","[0, 83, 25]","[1, 83, 26]",111
"[1, 60, 0]","[0, 60, 5]","[1, 52, 5]","[1, 1947, 6]","[0, 52, 8]","[0, 1500, 12]","[1, 52, 12]","[0, 1500, 12]","[1, 52, 12]","[0, 1467, 13]","[1, 52, 13]","[1, 116, 18]","[1, 222, 19]","[1, 415, 19]","[0, 52, 20]","[0, 573, 22]","[1, 83, 22]","[0, 52, 24]","[0, 258, 29]","[0, 1500, 29]",111
"[1, 60, 0]","[0, 60, 4]","[1, 52, 5]","[1, 1947, 6]","[0, 52, 7]","[0, 1500, 11]","[1, 52, 11]","[0, 1500, 11]","[1, 52, 11]","[0, 1467, 11]","[1, 52, 11]","[1, 116, 15]","[1, 222, 16]","[1, 415, 16]","[0, 52, 16]","[0, 52, 16]","[0, 573, 19]","[1, 83, 19]","[0, 52, 20]","[0, 258, 25]",111
"[1, 60, 0]","[0, 60, 4]","[1, 52, 4]","[1, 1947, 5]","[0, 52, 6]","[0, 1500, 10]","[1, 52, 10]","[0, 1500, 11]","[1, 52, 11]","[0, 1466, 11]","[1, 52, 11]","[1, 116, 14]","[1, 222, 14]","[0, 52, 14]","[1, 415, 14]","[0, 52, 15]","[0, 52, 15]","[0, 564, 16]","[0, 83, 16]","[1, 83, 17]",111
"[1, 60, 0]","[0, 60, 5]","[1, 52, 5]","[1, 1947, 6]","[0, 52, 7]","[0, 1500, 12]","[1, 52, 12]","[0, 1500, 12]","[1, 52, 12]","[0, 1467, 12]","[1, 52, 12]","[1, 116, 17]","[1, 222, 18]","[1, 415, 18]","[0, 52, 18]","[0, 52, 19]","[0, 595, 20]","[1, 83, 21]","[0, 52, 22]","[0, 1500, 32]",111
"[1, 60, 0]","[0, 60, 3]","[1, 52, 3]","[1, 1947, 4]","[0, 52, 5]","[0, 1500, 9]","[1, 52, 9]","[0, 1500, 9]","[1, 52, 9]","[0, 1467, 9]","[1, 52, 9]","[1, 116, 13]","[1, 222, 14]","[1, 415, 14]","[0, 52, 14]","[0, 52, 15]","[0, 573, 17]","[1, 83, 17]","[0, 52, 18]","[0, 258, 28]",111
"[1, 60, 0]","[0, 60, 3]","[1, 52, 3]","[1, 1947, 5]","[0, 52, 6]","[0, 52, 6]","[0, 1500, 11]","[1, 52, 11]","[0, 1500, 11]","[1, 52, 11]","[0, 1467, 11]","[1, 52, 11]","[1, 116, 16]","[1, 222, 17]","[1, 415, 17]","[0, 52, 17]","[0, 52, 17]","[0, 52, 17]","[0, 595, 19]","[1, 83, 20]",111
"[1, 60, 0]","[0, 60, 4]","[1, 52, 4]","[1, 1947, 5]","[0, 52, 6]","[0, 52, 6]","[0, 1500, 10]","[1, 52, 10]","[0, 1500, 10]","[1, 52, 10]","[0, 1467, 10]","[1, 52, 10]","[1, 116, 15]","[1, 222, 15]","[1, 415, 15]","[0, 52, 15]","[0, 52, 16]","[0, 52, 16]","[0, 595, 18]","[1, 83, 18]",111
"[1, 60, 0]","[0, 60, 4]","[1, 52, 4]","[1, 1947, 4]","[0, 52, 5]","[0, 1500, 10]","[1, 52, 10]","[0, 1500, 10]","[1, 52, 10]","[0, 1466, 10]","[1, 52, 10]","[1, 116, 14]","[1, 222, 14]","[1, 415, 14]","[0, 52, 15]","[0, 52, 15]","[0, 564, 16]","[0, 83, 16]","[1, 83, 17]","[0, 52, 17]",111
"[1, 60, 0]","[0, 60, 5]","[1, 52, 5]","[1, 1947, 5]","[0, 52, 7]","[0, 1500, 11]","[1, 52, 11]","[0, 1500, 11]","[1, 52, 11]","[0, 1468, 11]","[1, 52, 11]","[1, 116, 13]","[1, 222, 14]","[1, 415, 14]","[0, 52, 15]","[0, 52, 15]","[0, 52, 15]","[0, 573, 17]","[1, 83, 17]","[0, 52, 18]",111
"[1, 60, 0]","[0, 60, 3]","[1, 52, 3]","[1, 1947, 4]","[0, 52, 4]","[0, 52, 5]","[0, 1500, 9]","[1, 52, 9]","[0, 1500, 10]","[1, 52, 10]","[0, 1467, 10]","[1, 52, 10]","[1, 116, 13]","[1, 222, 13]","[1, 415, 13]","[0, 52, 13]","[0, 52, 14]","[0, 52, 14]","[0, 564, 15]","[1, 83, 16]",111
"[1, 60, 0]","[0, 60, 4]","[1, 52, 4]","[1, 1947, 5]","[0, 52, 7]","[0, 52, 9]","[0, 1500, 12]","[1, 52, 12]","[0, 1500, 12]","[1, 52, 12]","[0, 1466, 12]","[1, 52, 12]","[1, 116, 15]","[1, 222, 16]","[1, 415, 16]","[0, 52, 16]","[0, 52, 16]","[0, 52, 16]","[0, 564, 18]","[0, 83, 18]",111
"[1, 60, 0]","[0, 60, 4]","[1, 52, 4]","[1, 1947, 4]","[0, 52, 5]","[0, 52, 5]","[0, 1500, 10]","[1, 52, 10]","[0, 1500, 10]","[1, 52, 10]","[0, 1468, 10]","[1, 52, 10]","[1, 116, 14]","[1, 222, 14]","[0, 52, 14]","[1, 415, 15]","[0, 52, 15]","[0, 564, 17]","[1, 83, 17]","[0, 83, 18]",111
"[1, 60, 0]","[0, 60, 4]","[1, 52, 4]","[1, 1947, 5]","[0, 52, 6]","[0, 52, 6]","[0, 1500, 12]","[1, 52, 12]","[0, 1500, 12]","[1, 52, 12]","[0, 1468, 12]","[1, 52, 12]","[1, 116, 14]","[1, 222, 15]","[1, 415, 15]","[0, 52, 16]","[0, 52, 16]","[0, 573, 19]","[1, 83, 19]","[0, 52, 20]",111
"[1, 60, 0]","[0, 60, 4]","[1, 52, 4]","[1, 1947, 5]","[0, 52, 6]","[0, 52, 6]","[0, 1500, 11]","[1, 52, 11]","[0, 1500, 11]","[1, 52, 11]","[0, 1466, 11]","[1, 52, 11]","[1, 116, 13]","[1, 222, 14]","[1, 415, 14]","[0, 52, 15]","[0, 52, 15]","[0, 52, 17]","[0, 573, 18]","[1, 83, 18]",111
"[1, 60, 0]","[0, 60, 5]","[1, 52, 5]","[1, 1947, 5]","[0, 52, 6]","[0, 1500, 12]","[1, 52, 12]","[0, 1500, 12]","[1, 52, 12]","[0, 1467, 12]","[1, 52, 12]","[1, 116, 17]","[1, 222, 17]","[1, 415, 17]","[0, 52, 18]","[0, 52, 18]","[0, 52, 18]","[0, 595, 19]","[1, 83, 20]","[0, 52, 20]",111
"[1, 60, 0]","[0, 60, 4]","[1, 52, 4]","[1, 1947, 5]","[0, 52, 7]","[0, 1500, 13]","[1, 52, 13]","[0, 1500, 14]","[1, 52, 14]","[0, 1468, 14]","[1, 52, 14]","[1, 116, 16]","[1, 222, 17]","[1, 415, 17]","[0, 52, 17]","[0, 52, 17]","[0, 573, 19]","[1, 83, 20]","[0, 52, 21]","[0, 304, 28]",111
"[1, 60, 0]","[0, 60, 4]","[1, 52, 4]","[1, 1947, 5]","[0, 52, 5]","[0, 1500, 9]","[1, 52, 9]","[0, 1500, 10]","[1, 52, 10]","[0, 1466, 10]","[1, 52, 10]","[1, 116, 14]","[0, 52, 15]","[1, 222, 15]","[1, 415, 16]","[0, 564, 16]","[0, 52, 17]","[1, 83, 17]","[0, 52, 18]","[0, 83, 18]",111
"[1, 60, 0]","[0, 60, 4]","[1, 52, 4]","[1, 1947, 5]","[0, 52, 6]","[0, 52, 7]","[0, 1500, 10]","[1, 52, 10]","[0, 1500, 10]","[1, 52, 10]","[0, 1468, 10]","[1, 52, 10]","[1, 116, 15]","[0, 52, 16]","[1, 222, 16]","[1, 415, 16]","[0, 52, 17]","[0, 52, 17]","[0, 564, 18]","[1, 83, 18]",111
"[1, 60, 0]","[0, 60, 4]","[1, 52, 4]","[1, 1947, 5]","[0, 52, 5]","[0, 1500, 10]","[1, 52, 10]","[0, 1500, 10]","[1, 52, 10]","[0, 1466, 10]","[1, 52, 10]","[1, 116, 13]","[1, 222, 13]","[1, 415, 13]","[0, 52, 14]","[0, 52, 14]","[0, 52, 15]","[0, 564, 16]","[0, 83, 16]","[1, 83, 17]",111
"[1, 60, 0]","[0, 60, 3]","[1, 52, 3]","[1, 1947, 4]","[0, 52, 5]","[0, 52, 5]","[0, 1500, 11]","[1, 52, 11]","[0, 1500, 11]","[1, 52, 11]","[0, 1467, 11]","[1, 52, 11]","[1, 116, 15]","[1, 222, 16]","[1, 415, 16]","[0, 52, 17]","[0, 52, 17]","[0, 52, 18]","[0, 564, 19]","[0, 83, 19]",111
"[1, 60, 0]","[0, 60, 4]","[1, 52, 4]","[1, 1947, 5]","[0, 52, 6]","[0, 52, 6]","[0, 1500, 11]","[1, 52, 11]","[0, 1500, 11]","[1, 52, 11]","[0, 1466, 11]","[1, 52, 11]","[1, 116, 15]","[1, 222, 15]","[0, 52, 16]","[1, 415, 16]","[0, 52, 17]","[0, 52, 17]","[0, 564, 18]","[0, 83, 18]",111
"[1, 60, 0]","[0, 60, 5]","[1, 52, 5]","[1, 1947, 6]","[0, 52, 6]","[0, 52, 6]","[0, 1500, 12]","[1, 52, 12]","[0, 1500, 12]","[1, 52, 12]","[0, 1467, 12]","[1, 52, 12]","[1, 116, 15]","[1, 222, 15]","[1, 415, 15]","[0, 52, 15]","[0, 52, 15]","[0, 52, 15]","[0, 564, 18]","[1, 83, 19]",111
"[1, 60, 0]","[0, 60, 5]","[1, 52, 5]","[1, 1947, 5]","[0, 52, 6]","[0, 52, 6]","[0, 1500, 10]","[1, 52, 10]","[0, 1500, 10]","[1, 52, 10]","[0, 1466, 10]","[1, 52, 10]","[1, 116, 14]","[1, 222, 14]","[1, 415, 14]","[0, 52, 16]","[0, 52, 17]","[0, 52, 17]","[0, 573, 20]","[1, 83, 20]",111
"[1, 60, 0]","[0, 60, 3]","[1, 52, 3]","[1, 1947, 3]","[0, 52, 4]","[0, 52, 4]","[0, 1500, 9]","[1, 52, 9]","[0, 1500, 9]","[1, 52, 9]","[0, 1468, 9]","[1, 52, 9]","[1, 116, 12]","[1, 222, 12]","[1, 415, 13]","[0, 52, 13]","[0, 52, 14]","[0, 573, 15]","[1, 83, 15]","[0, 52, 16]",111
"[1, 60, 0]","[0, 60, 4]","[1, 52, 4]","[1, 1947, 5]","[0, 52, 6]","[0, 52, 6]","[0, 1500, 10]","[1, 52, 11]","[0, 1500, 11]","[1, 52, 11]","[0, 1467, 11]","[1, 52, 11]","[1, 116, 16]","[1, 222, 17]","[1, 415, 17]","[0, 52, 17]","[0, 52, 18]","[0, 52, 18]","[0, 564, 20]","[0, 83, 20]",111
"[1, 60, 0]","[0, 60, 4]","[1, 52, 4]","[1, 1947, 4]","[0, 52, 5]","[0, 52, 5]","[0, 1500, 9]","[1, 52, 9]","[0, 1500, 9]","[1, 52, 9]","[0, 1466, 9]","[1, 52, 9]","[1, 116, 13]","[1, 222, 13]","[1, 415, 13]","[0, 52, 14]","[0, 573, 16]","[1, 83, 16]","[0, 52, 17]","[0, 258, 25]",111
"[1, 60, 0]","[0, 60, 5]","[1, 52, 5]","[1, 1947, 5]","[0, 52, 6]","[0, 52, 6]","[0, 1500, 12]","[1, 52, 12]","[0, 1500, 12]","[1, 52, 12]","[0, 1468, 13]","[1, 52, 13]","[1, 116, 15]","[1, 222, 16]","[1, 415, 16]","[0, 52, 17]","[0, 573, 19]","[1, 83, 19]","[0, 52, 20]","[0, 304, 27]",111
"[1, 60, 0]","[0, 60, 4]","[1, 52, 4]","[1, 1962, 7]","[0, 52, 8]","[0, 52, 8]","[0, 1500, 13]","[1, 52, 14]","[0, 1500, 14]","[1, 52, 14]","[0, 665, 14]","[1, 52, 14]","[1, 116, 21]","[0, 52, 22]","[1, 144, 22]","[1, 380, 22]","[0, 52, 23]","[0, 52, 23]","[0, 564, 23]","[1, 83, 24]",112
"[1, 60, 0]","[0, 60, 4]","[1, 52, 4]","[1, 1962, 4]","[0, 52, 6]","[0, 1500, 10]","[1, 52, 10]","[0, 1500, 10]","[1, 52, 10]","[0, 663, 11]","[1, 52, 11]","[1, 116, 16]","[1, 144, 17]","[1, 380, 17]","[0, 52, 18]","[0, 52, 18]","[0, 573, 20]","[1, 83, 21]","[0, 52, 22]","[0, 259, 36]",112
"[1, 60, 0]","[0, 60, 5]","[1, 52, 5]","[1, 1962, 5]","[0, 52, 6]","[0, 1500, 12]","[1, 52, 13]","[0, 1500, 13]","[1, 52, 13]","[0, 665, 13]","[1, 52, 13]","[1, 116, 18]","[1, 144, 19]","[1, 380, 19]","[0, 52, 20]","[0, 52, 20]","[0, 52, 20]","[0, 573, 22]","[1, 83, 23]","[0, 52, 23]",112
"[1, 60, 0]","[0, 60, 4]","[1, 52, 4]","[1, 1962, 5]","[0, 52, 6]","[0, 52, 6]","[0, 1500, 13]","[1, 52, 13]","[0, 1500, 13]","[1, 52, 13]","[0, 664, 13]","[1, 52, 13]","[1, 116, 17]","[1, 144, 17]","[1, 380, 17]","[0, 52, 18]","[0, 52, 18]","[0, 52, 18]","[0, 564, 19]","[0, 83, 19]",112
"[1, 60, 0]","[0, 60, 4]","[1, 52, 4]","[1, 1962, 5]","[0, 52, 5]","[0, 52, 5]","[0, 1500, 11]","[1, 52, 11]","[0, 1500, 11]","[1, 52, 11]","[0, 663, 11]","[1, 52, 11]","[1, 116, 15]","[1, 144, 15]","[1, 380, 15]","[0, 52, 16]","[0, 52, 16]","[0, 52, 16]","[0, 564, 17]","[0, 83, 17]",112
"[1, 60, 0]","[0, 60, 7]","[1, 52, 7]","[1, 1962, 7]","[0, 52, 8]","[0, 1500, 14]","[1, 52, 14]","[0, 1500, 14]","[1, 52, 14]","[0, 664, 14]","[1, 52, 14]","[1, 116, 18]","[1, 144, 18]","[1, 380, 18]","[0, 52, 19]","[0, 52, 19]","[0, 573, 20]","[1, 83, 21]","[0, 52, 22]","[0, 258, 28]",112
"[1, 60, 0]","[0, 60, 3]","[1, 52, 3]","[1, 1962, 4]","[0, 52, 5]","[0, 52, 5]","[0, 1500, 10]","[1, 52, 10]","[0, 1500, 10]","[1, 52, 10]","[0, 664, 10]","[1, 52, 10]","[1, 116, 15]","[0, 52, 16]","[1, 144, 16]","[1, 380, 16]","[0, 52, 18]","[0, 564, 18]","[0, 52, 18]","[1, 83, 18]",112
"[1, 60, 0]","[0, 60, 4]","[1, 52, 4]","[1, 1962, 5]","[0, 52, 6]","[0, 1500, 11]","[1, 52, 11]","[0, 1500, 11]","[1, 52, 11]","[0, 664, 11]","[1, 52, 11]","[1, 116, 16]","[1, 144, 16]","[1, 380, 16]","[0, 52, 17]","[0, 52, 17]","[0, 564, 19]","[0, 83, 19]","[1, 83, 19]","[0, 52, 21]",112
"[1, 60, 0]","[0, 60, 4]","[1, 52, 4]","[1, 1962, 5]","[0, 52, 6]","[0, 1500, 9]","[1, 52, 9]","[0, 1500, 9]","[1, 52, 9]","[0, 664, 9]","[1, 52, 9]","[1, 116, 13]","[1, 144, 14]","[1, 380, 14]","[0, 52, 14]","[0, 52, 14]","[0, 52, 14]","[0, 564, 16]","[0, 83, 16]","[1, 83, 17]",112
"[1, 60, 0]","[0, 60, 4]","[1, 52, 4]","[1, 1962, 5]","[0, 52, 6]","[0, 52, 7]","[0, 1500, 11]","[1, 52, 11]","[0, 1500, 11]","[1, 52, 11]","[0, 663, 11]","[1, 52, 11]","[1, 116, 15]","[1, 144, 15]","[1, 380, 16]","[0, 52, 16]","[0, 52, 16]","[0, 595, 19]","[1, 83, 20]","[0, 52, 20]",112
"[1, 60, 0]","[0, 60, 4]","[1, 52, 4]","[1, 1962, 4]","[0, 52, 5]","[0, 1500, 11]","[1, 52, 12]","[0, 1500, 12]","[1, 52, 12]","[0, 664, 12]","[1, 52, 12]","[1, 116, 17]","[1, 144, 17]","[1, 380, 18]","[0, 52, 18]","[0, 52, 18]","[0, 564, 20]","[0, 83, 20]","[1, 83, 20]","[0, 52, 21]",112
"[1, 60, 0]","[0, 60, 4]","[1, 52, 4]","[1, 1962, 4]","[0, 52, 5]","[0, 1500, 11]","[1, 52, 11]","[0, 1500, 11]","[1, 52, 11]","[0, 664, 11]","[1, 52, 11]","[1, 116, 17]","[1, 144, 17]","[1, 380, 17]","[0, 52, 17]","[0, 52, 18]","[0, 52, 18]","[0, 564, 20]","[0, 83, 20]","[1, 83, 20]",112
"[1, 60, 0]","[0, 60, 4]","[1, 52, 4]","[1, 1962, 5]","[0, 52, 6]","[0, 1500, 11]","[1, 52, 11]","[0, 1500, 11]","[0, 663, 11]","[1, 52, 11]","[1, 52, 11]","[1, 116, 15]","[1, 144, 16]","[1, 380, 16]","[0, 52, 16]","[0, 52, 17]","[0, 52, 17]","[0, 564, 18]","[0, 83, 18]","[1, 83, 19]",112
"[1, 60, 0]","[0, 60, 4]","[1, 52, 4]","[1, 1962, 4]","[0, 52, 5]","[0, 52, 6]","[0, 1500, 10]","[1, 52, 10]","[0, 1500, 10]","[1, 52, 10]","[0, 664, 10]","[1, 52, 10]","[1, 116, 14]","[1, 144, 15]","[0, 52, 15]","[1, 380, 15]","[0, 52, 16]","[0, 52, 16]","[0, 564, 17]","[1, 83, 18]",112
"[1, 60, 0]","[0, 60, 4]","[1, 52, 4]","[1, 1962, 4]","[0, 52, 6]","[0, 52, 6]","[0, 1500, 11]","[1, 52, 11]","[0, 1500, 11]","[1, 52, 11]","[0, 665, 12]","[1, 52, 12]","[1, 116, 15]","[1, 144, 16]","[1, 380, 16]","[0, 52, 16]","[0, 52, 16]","[0, 52, 17]","[0, 573, 19]","[1, 83, 20]",112
"[1, 60, 0]","[0, 60, 4]","[1, 52, 4]","[1, 1962, 5]","[0, 52, 6]","[0, 52, 6]","[0, 1500, 11]","[1, 52, 11]","[0, 1500, 11]","[1, 52, 11]","[0, 663, 11]","[1, 52, 11]","[1, 116, 17]","[1, 144, 18]","[1, 380, 18]","[0, 52, 18]","[0, 52, 19]","[0, 564, 20]","[0, 83, 20]","[1, 83, 20]",112
"[1, 60, 0]","[0, 60, 18]","[1, 52, 18]","[1, 1962, 19]","[0, 52, 32]","[0, 52, 32]","[0, 1500, 42]","[1, 52, 42]","[0, 1500, 42]","[1, 52, 42]","[0, 664, 42]","[1, 52, 42]","[1, 116, 47]","[1, 144, 48]","[1, 380, 49]","[0, 52, 58]","[0, 52, 58]","[0, 573, 65]","[1, 83, 65]","[0, 258, 71]",112
"[1, 60, 0]","[0, 60, 5]","[1, 52, 5]","[1, 1962, 6]","[0, 52, 7]","[0, 1500, 12]","[1, 52, 12]","[0, 1500, 12]","[1, 52, 12]","[0, 664, 12]","[1, 52, 12]","[1, 116, 18]","[1, 144, 19]","[1, 380, 19]","[0, 52, 20]","[0, 52, 21]","[0, 564, 22]","[1, 83, 22]","[0, 83, 24]","[0, 52, 24]",112
"[1, 60, 0]","[0, 60, 4]","[1, 52, 4]","[1, 1962, 5]","[0, 52, 5]","[0, 1500, 9]","[1, 52, 10]","[0, 1500, 10]","[1, 52, 10]","[0, 664, 10]","[1, 52, 10]","[1, 116, 14]","[1, 144, 15]","[1, 380, 15]","[0, 52, 15]","[0, 52, 15]","[0, 52, 15]","[0, 564, 17]","[0, 83, 17]","[1, 83, 17]",112
"[1, 60, 0]","[0, 60, 5]","[1, 52, 5]","[1, 1962, 6]","[0, 52, 7]","[0, 52, 7]","[0, 1500, 11]","[1, 52, 12]","[0, 1500, 12]","[1, 52, 12]","[0, 663, 12]","[1, 52, 12]","[1, 116, 17]","[0, 52, 18]","[1, 144, 18]","[1, 380, 18]","[0, 52, 19]","[0, 52, 19]","[0, 564, 20]","[1, 83, 21]",112
"[1, 60, 0]","[0, 60, 6]","[1, 52, 6]","[1, 1962, 6]","[0, 52, 8]","[0, 1500, 11]","[1, 52, 12]","[0, 1500, 12]","[1, 52, 12]","[0, 665, 12]","[1, 52, 12]","[1, 116, 15]","[1, 144, 16]","[1, 380, 16]","[0, 52, 16]","[0, 52, 17]","[0, 573, 18]","[1, 83, 19]","[0, 52, 19]","[0, 304, 28]",112
"[1, 60, 0]","[0, 60, 3]","[1, 52, 3]","[1, 1962, 3]","[0, 52, 5]","[0, 52, 5]","[0, 1500, 11]","[1, 52, 11]","[0, 1500, 11]","[1, 52, 11]","[0, 664, 11]","[1, 52, 11]","[1, 116, 14]","[1, 144, 15]","[1, 380, 15]","[0, 52, 15]","[0, 52, 15]","[0, 52, 16]","[0, 564, 19]","[0, 83, 19]",112
"[1, 60, 0]","[0, 60, 4]","[1, 52, 4]","[1, 1962, 5]","[0, 52, 6]","[0, 1500, 12]","[1, 52, 12]","[0, 1500, 12]","[1, 52, 12]","[0, 664, 12]","[1, 52, 12]","[1, 116, 17]","[1, 144, 17]","[1, 380, 17]","[0, 52, 19]","[0, 52, 21]","[0, 573, 22]","[1, 83, 23]","[0, 52, 24]","[0, 259, 31]",112
"[1, 60, 0]","[0, 60, 5]","[1, 52, 5]","[1, 1962, 6]","[0, 52, 7]","[0, 52, 7]","[0, 1500, 12]","[1, 52, 12]","[0, 1500, 13]","[1, 52, 13]","[0, 665, 13]","[1, 52, 13]","[1, 116, 22]","[1, 144, 23]","[1, 380, 23]","[0, 52, 23]","[0, 52, 24]","[0, 52, 24]","[0, 564, 25]","[0, 83, 25]",112
"[1, 60, 0]","[0, 60, 3]","[1, 52, 3]","[1, 1962, 4]","[0, 52, 5]","[0, 1500, 10]","[1, 52, 10]","[0, 1500, 10]","[1, 52, 10]","[0, 664, 10]","[1, 52, 10]","[1, 116, 15]","[1, 144, 15]","[1, 380, 16]","[0, 52, 16]","[0, 52, 16]","[0, 52, 16]","[0, 564, 18]","[0, 83, 18]","[1, 83, 18]",112
"[1, 60, 0]","[0, 60, 4]","[1, 52, 4]","[1, 1962, 4]","[0, 52, 5]","[0, 1500, 10]","[1, 52, 10]","[0, 1500, 10]","[0, 663, 10]","[1, 52, 10]","[1, 52, 10]","[1, 116, 14]","[1, 144, 15]","[1, 380, 15]","[0, 52, 15]","[0, 52, 15]","[0, 564, 17]","[0, 83, 17]","[1, 83, 17]","[0, 52, 18]",112
"[1, 60, 0]","[0, 60, 5]","[1, 52, 5]","[1, 1962, 6]","[0, 52, 7]","[0, 52, 7]","[0, 1500, 13]","[1, 52, 13]","[0, 1500, 13]","[1, 52, 13]","[0, 664, 13]","[1, 52, 13]","[1, 116, 18]","[1, 144, 19]","[1, 380, 19]","[0, 52, 19]","[0, 52, 20]","[0, 564, 21]","[0, 83, 21]","[1, 83, 22]",112
"[1, 60, 0]","[0, 60, 4]","[1, 52, 4]","[1, 1962, 4]","[0, 52, 5]","[0, 52, 5]","[0, 1500, 10]","[1, 52, 10]","[0, 1500, 10]","[1, 52, 10]","[0, 664, 10]","[1, 52, 10]","[1, 116, 16]","[0, 52, 17]","[1, 144, 18]","[1, 380, 18]","[0, 564, 19]","[0, 52, 19]","[1, 83, 19]","[0, 52, 20]",112
"[1, 60, 0]","[0, 60, 5]","[1, 52, 5]","[1, 1962, 5]","[0, 52, 6]","[0, 1500, 10]","[1, 52, 10]","[0, 1500, 10]","[1, 52, 10]","[0, 663, 10]","[1, 52, 10]","[1, 116, 15]","[1, 144, 15]","[1, 380, 15]","[0, 52, 17]","[0, 52, 17]","[0, 573, 18]","[1, 83, 19]","[0, 52, 19]","[0, 258, 26]",112
"[1, 60, 0]","[0, 60, 4]","[1, 52, 4]","[1, 1962, 5]","[0, 52, 6]","[0, 1500, 10]","[1, 52, 10]","[0, 1500, 10]","[1, 52, 10]","[0, 663, 10]","[1, 52, 10]","[1, 116, 14]","[1, 144, 14]","[1, 380, 15]","[0, 52, 15]","[0, 52, 15]","[0, 52, 15]","[0, 573, 17]","[1, 83, 17]","[0, 52, 18]",112
"[1, 60, 0]","[0, 60, 6]","[1, 52, 6]","[1, 1962, 6]","[0, 52, 7]","[0, 1500, 13]","[1, 52, 13]","[0, 1500, 13]","[1, 52, 13]","[0, 665, 13]","[1, 52, 13]","[1, 116, 16]","[1, 144, 16]","[1, 380, 16]","[0, 52, 16]","[0, 52, 16]","[0, 595, 18]","[1, 83, 19]","[0, 52, 19]","[0, 259, 26]",112
"[1, 60, 0]","[0, 60, 12]","[1, 52, 12]","[1, 1962, 13]","[0, 52, 20]","[0, 52, 20]","[0, 1500, 28]","[1, 52, 28]","[0, 1500, 28]","[1, 52, 28]","[0, 664, 28]","[1, 52, 28]","[1, 116, 34]","[1, 144, 34]","[1, 380, 35]","[0, 52, 37]","[0, 52, 37]","[0, 52, 37]","[0, 573, 41]","[1, 83, 41]",112
"[1, 60, 0]","[0, 60, 4]","[1, 52, 4]","[1, 1962, 4]","[0, 52, 6]","[0, 52, 6]","[0, 1500, 10]","[1, 52, 10]","[0, 1500, 10]","[1, 52, 10]","[0, 664, 10]","[1, 52, 10]","[1, 116, 14]","[1, 144, 14]","[1, 380, 14]","[0, 52, 15]","[0, 52, 15]","[0, 52, 15]","[0, 573, 19]","[1, 83, 19]",112
"[1, 60, 0]","[0, 60, 4]","[1, 52, 4]","[1, 1962, 4]","[0, 52, 6]","[0, 52, 6]","[0, 1500, 10]","[1, 52, 10]","[0, 1500, 10]","[1, 52, 10]","[0, 665, 11]","[1, 52, 11]","[1, 116, 13]","[1, 144, 14]","[1, 380, 14]","[0, 52, 15]","[0, 52, 15]","[0, 573, 16]","[1, 83, 17]","[0, 52, 18]",112
"[1, 60, 0]","[0, 60, 5]","[1, 52, 5]","[1, 1962, 5]","[0, 52, 6]","[0, 1500, 12]","[1, 52, 12]","[0, 1500, 12]","[1, 52, 12]","[0, 664, 12]","[1, 52, 12]","[1, 116, 18]","[1, 144, 19]","[0, 52, 19]","[1, 380, 19]","[0, 52, 20]","[0, 564, 21]","[0, 83, 22]","[1, 83, 22]","[0, 52, 22]",112
"[1, 60, 0]","[0, 60, 8]","[1, 52, 8]","[1, 1962, 9]","[0, 52, 9]","[0, 52, 10]","[0, 1500, 14]","[1, 52, 14]","[0, 1500, 14]","[1, 52, 14]","[0, 663, 14]","[1, 52, 14]","[1, 116, 18]","[1, 144, 18]","[1, 380, 18]","[0, 52, 19]","[0, 52, 19]","[0, 52, 19]","[0, 573, 21]","[1, 83, 21]",112
"[1, 60, 0]","[0, 60, 4]","[1, 52, 5]","[1, 1962, 6]","[0, 52, 6]","[0, 1500, 11]","[1, 52, 11]","[0, 1500, 11]","[1, 52, 11]","[0, 663, 11]","[1, 52, 11]","[1, 116, 16]","[1, 144, 17]","[1, 380, 17]","[0, 52, 18]","[0, 52, 19]","[0, 52, 20]","[0, 564, 21]","[0, 83, 21]","[1, 83, 22]",112
"[1, 60, 0]","[0, 60, 5]","[1, 52, 5]","[1, 1962, 6]","[0, 52, 7]","[0, 1500, 12]","[1, 52, 12]","[0, 1500, 12]","[1, 52, 12]","[0, 664, 12]","[1, 52, 12]","[1, 116, 18]","[1, 144, 19]","[1, 380, 19]","[0, 52, 19]","[0, 52, 20]","[0, 52, 20]","[0, 564, 21]","[1, 83, 21]","[0, 83, 23]",112
"[1, 60, 0]","[0, 60, 4]","[1, 52, 4]","[1, 1962, 5]","[0, 52, 5]","[0, 1500, 11]","[1, 52, 11]","[0, 1500, 11]","[1, 52, 11]","[0, 663, 11]","[1, 52, 11]","[1, 116, 16]","[1, 144, 17]","[1, 380, 17]","[0, 52, 18]","[0, 52, 18]","[0, 564, 19]","[0, 83, 19]","[1, 83, 20]","[0, 52, 21]",112
"[1, 60, 0]","[0, 60, 4]","[1, 52, 4]","[1, 1962, 5]","[0, 52, 5]","[0, 1500, 13]","[1, 52, 13]","[0, 1500, 13]","[1, 52, 13]","[0, 664, 13]","[1, 52, 13]","[1, 116, 16]","[1, 144, 16]","[1, 380, 16]","[0, 52, 17]","[0, 52, 17]","[0, 564, 18]","[0, 83, 19]","[1, 83, 19]","[0, 52, 19]",112
"[1, 60, 0]","[0, 60, 4]","[1, 52, 4]","[1, 1962, 5]","[0, 52, 6]","[0, 1500, 10]","[1, 52, 10]","[0, 1500, 11]","[1, 52, 11]","[0, 664, 11]","[1, 52, 11]","[1, 116, 13]","[1, 144, 14]","[1, 380, 14]","[0, 52, 14]","[0, 52, 14]","[0, 52, 15]","[0, 595, 16]","[1, 83, 16]","[0, 52, 17]",112
"[1, 60, 0]","[0, 60, 5]","[1, 52, 5]","[1, 1962, 5]","[0, 52, 6]","[0, 1500, 13]","[1, 52, 13]","[0, 1500, 13]","[1, 52, 13]","[0, 664, 13]","[1, 52, 13]","[1, 116, 16]","[0, 52, 17]","[1, 144, 17]","[1, 380, 17]","[0, 52, 18]","[0, 564, 19]","[1, 83, 20]","[0, 83, 20]","[0, 52, 21]",112
"[1, 60, 0]","[0, 60, 3]","[1, 52, 3]","[1, 1962, 4]","[0, 52, 6]","[0, 1500, 10]","[1, 52, 10]","[0, 1500, 11]","[1, 52, 11]","[0, 664, 11]","[1, 52, 11]","[1, 116, 14]","[1, 144, 15]","[1, 380, 15]","[0, 52, 16]","[0, 52, 18]","[0, 52, 18]","[0, 564, 19]","[0, 83, 20]","[1, 83, 21]",112
"[1, 60, 0]","[0, 60, 7]","[1, 52, 7]","[1, 1962, 9]","[0, 52, 10]","[0, 52, 10]","[0, 1500, 15]","[1, 52, 15]","[0, 1500, 15]","[1, 52, 15]","[0, 665, 15]","[1, 52, 15]","[1, 116, 20]","[1, 144, 21]","[0, 52, 21]","[1, 380, 21]","[0, 52, 22]","[0, 52, 22]","[0, 564, 23]","[0, 83, 23]",112
"[1, 60, 0]","[0, 60, 3]","[1, 52, 3]","[1, 1962, 4]","[0, 52, 4]","[0, 52, 5]","[0, 1500, 11]","[1, 52, 11]","[0, 1500, 11]","[0, 664, 11]","[1, 52, 11]","[1, 52, 11]","[1, 116, 15]","[1, 144, 16]","[1, 380, 16]","[0, 52, 16]","[0, 52, 17]","[0, 52, 17]","[0, 573, 19]","[1, 83, 19]",112
"[1, 60, 0]","[0, 60, 5]","[1, 52, 5]","[1, 1962, 6]","[0, 52, 7]","[0, 1500, 11]","[1, 52, 11]","[0, 1500, 11]","[1, 52, 11]","[0, 664, 11]","[1, 52, 11]","[1, 116, 15]","[1, 144, 15]","[1, 380, 16]","[0, 52, 16]","[0, 52, 16]","[0, 564, 18]","[0, 83, 18]","[1, 83, 18]","[0, 52, 19]",112
"[1, 60, 0]","[0, 60, 3]","[1, 52, 4]","[1, 1962, 4]","[0, 52, 4]","[0, 1500, 9]","[1, 52, 9]","[0, 1500, 9]","[1, 52, 9]","[0, 664, 9]","[1, 52, 9]","[1, 116, 14]","[0, 52, 15]","[1, 144, 15]","[1, 380, 15]","[0, 52, 16]","[0, 52, 16]","[0, 564, 16]","[1, 83, 17]","[0, 52, 17]",112
"[1, 60, 0]","[0, 60, 17]","[1, 52, 17]","[1, 1962, 18]","[0, 52, 24]","[0, 52, 24]","[0, 1500, 34]","[1, 52, 35]","[0, 1500, 35]","[1, 52, 35]","[0, 664, 35]","[1, 52, 35]","[1, 116, 41]","[1, 144, 42]","[1, 380, 43]","[0, 52, 45]","[0, 52, 45]","[0, 52, 46]","[0, 564, 51]","[0, 83, 51]",112
"[1, 60, 0]","[0, 60, 4]","[1, 52, 4]","[1, 1962, 5]","[0, 52, 5]","[0, 1500, 10]","[1, 52, 10]","[0, 1500, 10]","[1, 52, 10]","[0, 663, 10]","[1, 52, 10]","[1, 116, 14]","[1, 144, 14]","[1, 380, 15]","[0, 52, 15]","[0, 52, 15]","[0, 52, 15]","[0, 564, 16]","[1, 83, 17]","[0, 52, 17]",112
"[1, 60, 0]","[0, 60, 4]","[1, 52, 4]","[1, 1962, 5]","[0, 52, 5]","[0, 1500, 10]","[1, 52, 11]","[0, 1500, 11]","[1, 52, 11]","[0, 664, 11]","[1, 52, 11]","[1, 116, 14]","[1, 144, 14]","[1, 380, 14]","[0, 52, 15]","[0, 52, 15]","[0, 573, 17]","[1, 83, 17]","[0, 52, 18]","[0, 258, 25]",112
"[1, 60, 0]","[0, 60, 5]","[1, 52, 5]","[1, 1962, 5]","[0, 52, 6]","[0, 52, 6]","[0, 1500, 12]","[1, 52, 12]","[0, 1500, 12]","[1, 52, 12]","[0, 664, 12]","[1, 52, 12]","[1, 116, 15]","[1, 144, 15]","[1, 380, 15]","[0, 52, 16]","[0, 52, 16]","[0, 52, 16]","[0, 564, 18]","[0, 83, 18]",112
"[1, 60, 0]","[0, 60, 5]","[1, 52, 5]","[1, 1962, 5]","[0, 52, 6]","[0, 52, 6]","[0, 1500, 14]","[1, 52, 14]","[0, 1500, 15]","[1, 52, 15]","[0, 664, 15]","[1, 52, 15]","[1, 116, 19]","[1, 144, 20]","[1, 380, 20]","[0, 52, 20]","[0, 52, 20]","[0, 52, 20]","[0, 564, 21]","[1, 83, 22]",112
"[1, 60, 0]","[0, 60, 5]","[1, 52, 5]","[1, 1962, 6]","[0, 52, 7]","[0, 1500, 13]","[1, 52, 13]","[0, 1500, 13]","[1, 52, 13]","[0, 663, 13]","[1, 52, 13]","[1, 116, 19]","[0, 52, 20]","[1, 144, 20]","[1, 380, 20]","[0, 52, 21]","[0, 564, 23]","[0, 83, 24]","[1, 83, 24]","[0, 52, 25]",112
"[1, 60, 0]","[0, 60, 6]","[1, 52, 6]","[1, 1962, 6]","[0, 52, 7]","[0, 1500, 12]","[1, 52, 12]","[0, 1500, 12]","[1, 52, 12]","[0, 664, 13]","[1, 52, 13]","[1, 116, 17]","[1, 144, 18]","[1, 380, 18]","[0, 52, 18]","[0, 52, 19]","[0, 564, 20]","[0, 83, 20]","[1, 83, 21]","[0, 52, 21]",112
"[1, 60, 0]","[0, 60, 4]","[1, 52, 4]","[1, 1962, 4]","[0, 52, 5]","[0, 1500, 10]","[1, 52, 10]","[0, 1500, 11]","[1, 52, 11]","[0, 664, 11]","[1, 52, 11]","[1, 116, 15]","[1, 144, 15]","[1, 380, 15]","[0, 52, 16]","[0, 52, 16]","[0, 573, 18]","[1, 83, 19]","[0, 52, 20]","[0, 304, 27]",112
"[1, 60, 0]","[0, 60, 4]","[1, 52, 4]","[1, 1962, 4]","[0, 52, 5]","[0, 1500, 10]","[1, 52, 10]","[0, 1500, 10]","[1, 52, 10]","[0, 664, 10]","[1, 52, 10]","[1, 116, 14]","[1, 144, 16]","[1, 380, 16]","[0, 52, 16]","[0, 52, 16]","[0, 564, 18]","[1, 83, 18]","[0, 83, 18]","[0, 52, 19]",112
"[1, 60, 0]","[0, 60, 4]","[1, 52, 4]","[1, 1962, 4]","[0, 52, 5]","[0, 1500, 9]","[1, 52, 9]","[0, 1500, 9]","[1, 52, 9]","[0, 664, 9]","[1, 52, 9]","[1, 116, 12]","[1, 144, 13]","[0, 52, 13]","[1, 380, 13]","[0, 52, 14]","[0, 52, 14]","[0, 564, 15]","[1, 83, 15]","[0, 83, 15]",112
"[1, 60, 0]","[0, 60, 4]","[1, 52, 4]","[1, 1962, 4]","[0, 52, 5]","[0, 1500, 10]","[1, 52, 10]","[0, 1500, 10]","[1, 52, 10]","[0, 663, 10]","[1, 52, 10]","[1, 116, 14]","[1, 144, 15]","[1, 380, 15]","[0, 52, 15]","[0, 52, 15]","[0, 52, 16]","[0, 564, 17]","[0, 83, 17]","[1, 83, 17]",112
"[1, 60, 0]","[0, 60, 4]","[1, 52, 4]","[1, 1962, 5]","[0, 52, 6]","[0, 1500, 11]","[1, 52, 11]","[0, 1500, 12]","[1, 52, 12]","[0, 665, 12]","[1, 52, 12]","[1, 116, 15]","[1, 144, 15]","[1, 380, 15]","[0, 52, 16]","[0, 573, 18]","[1, 83, 19]","[0, 52, 20]","[0, 1500, 26]","[0, 1261, 26]",112
"[1, 60, 0]","[0, 60, 16]","[1, 52, 16]","[1, 1962, 17]","[0, 52, 22]","[0, 52, 22]","[0, 1500, 30]","[1, 52, 30]","[0, 1500, 30]","[1, 52, 30]","[0, 665, 30]","[1, 52, 30]","[1, 116, 36]","[1, 144, 37]","[1, 380, 37]","[0, 52, 41]","[0, 52, 41]","[0, 52, 41]","[0, 573, 45]","[1, 83, 46]",112
"[1, 60, 0]","[0, 60, 3]","[1, 52, 3]","[1, 1962, 4]","[0, 52, 5]","[0, 1500, 10]","[1, 52, 10]","[0, 1500, 10]","[1, 52, 10]","[0, 664, 10]","[1, 52, 10]","[1, 116, 15]","[1, 144, 16]","[0, 52, 16]","[1, 380, 16]","[0, 52, 16]","[0, 52, 17]","[0, 564, 17]","[0, 83, 18]","[1, 83, 18]",112
"[1, 60, 0]","[0, 60, 4]","[1, 52, 4]","[1, 1962, 5]","[0, 52, 6]","[0, 1500, 11]","[1, 52, 11]","[0, 1500, 12]","[1, 52, 12]","[0, 663, 12]","[1, 52, 12]","[1, 116, 15]","[1, 144, 16]","[1, 380, 16]","[0, 52, 16]","[0, 52, 17]","[0, 564, 18]","[0, 83, 19]","[1, 83, 19]","[0, 52, 20]",112
"[1, 60, 0]","[0, 60, 4]","[1, 52, 4]","[1, 1962, 5]","[0, 52, 6]","[0, 1500, 11]","[1, 52, 11]","[0, 1500, 11]","[1, 52, 11]","[0, 663, 11]","[1, 52, 11]","[1, 116, 14]","[1, 144, 14]","[1, 380, 14]","[0, 52, 14]","[0, 52, 15]","[0, 52, 15]","[0, 564, 16]","[0, 83, 17]","[1, 83, 17]",112
"[1, 60, 0]","[0, 60, 6]","[1, 52, 6]","[1, 1962, 7]","[0, 52, 8]","[0, 52, 8]","[0, 1500, 15]","[1, 52, 15]","[0, 1500, 15]","[1, 52, 15]","[0, 664, 15]","[1, 52, 15]","[1, 116, 20]","[1, 144, 20]","[1, 380, 21]","[0, 52, 21]","[0, 52, 21]","[0, 52, 21]","[0, 564, 24]","[1, 83, 24]",112
"[1, 60, 0]","[0, 60, 4]","[1, 52, 4]","[1, 1962, 4]","[0, 52, 5]","[0, 52, 5]","[0, 1500, 9]","[1, 52, 10]","[0, 1500, 10]","[1, 52, 10]","[0, 665, 10]","[1, 52, 10]","[1, 116, 13]","[1, 144, 13]","[1, 380, 13]","[0, 52, 13]","[0, 52, 14]","[0, 52, 14]","[0, 564, 15]","[0, 83, 15]",112
"[1, 60, 0]","[0, 60, 4]","[1, 52, 4]","[1, 1962, 5]","[0, 52, 6]","[0, 1500, 11]","[1, 52, 11]","[0, 1500, 11]","[1, 52, 11]","[0, 664, 11]","[1, 52, 11]","[1, 116, 16]","[1, 144, 16]","[1, 380, 16]","[0, 52, 17]","[0, 52, 17]","[0, 52, 17]","[0, 564, 18]","[0, 83, 19]","[1, 83, 19]",112
"[1, 60, 0]","[0, 60, 4]","[1, 52, 4]","[1, 1962, 5]","[0, 52, 6]","[0, 1500, 11]","[1, 52, 11]","[0, 1500, 11]","[1, 52, 11]","[0, 664, 11]","[1, 52, 11]","[1, 116, 16]","[0, 52, 17]","[1, 144, 17]","[1, 380, 18]","[0, 52, 18]","[0, 52, 18]","[0, 564, 19]","[1, 83, 19]","[0, 83, 20]",112
"[1, 60, 0]","[0, 60, 4]","[1, 52, 4]","[1, 1962, 4]","[0, 52, 5]","[0, 1500, 10]","[1, 52, 10]","[0, 1500, 10]","[1, 52, 10]","[0, 664, 10]","[1, 52, 10]","[1, 116, 14]","[1, 144, 14]","[1, 380, 14]","[0, 52, 15]","[0, 52, 15]","[0, 52, 15]","[0, 573, 18]","[1, 83, 18]","[0, 52, 19]",112
"[1, 60, 0]","[0, 60, 4]","[1, 52, 4]","[1, 1962, 4]","[0, 52, 5]","[0, 52, 5]","[0, 1500, 9]","[1, 52, 9]","[0, 1500, 9]","[1, 52, 9]","[0, 663, 9]","[1, 52, 9]","[1, 116, 13]","[1, 144, 13]","[1, 380, 13]","[0, 52, 14]","[0, 52, 14]","[0, 52, 14]","[0, 573, 16]","[1, 83, 17]",112
"[1, 60, 0]","[0, 60, 6]","[1, 52, 6]","[1, 1962, 7]","[0, 52, 7]","[0, 52, 7]","[0, 1500, 12]","[1, 52, 13]","[0, 1500, 13]","[1, 52, 13]","[0, 664, 13]","[1, 52, 13]","[1, 116, 20]","[0, 52, 21]","[1, 144, 22]","[1, 380, 22]","[0, 52, 23]","[0, 564, 23]","[0, 83, 25]","[1, 83, 25]",112
"[1, 60, 0]","[0, 60, 7]","[1, 52, 7]","[1, 1962, 7]","[0, 52, 8]","[0, 52, 8]","[0, 1500, 13]","[1, 52, 14]","[0, 1500, 14]","[1, 52, 14]","[0, 664, 14]","[1, 52, 14]","[1, 116, 17]","[1, 144, 17]","[1, 380, 17]","[0, 52, 17]","[0, 52, 18]","[0, 52, 18]","[0, 564, 19]","[1, 83, 20]",112
"[1, 60, 0]","[0, 60, 6]","[1, 52, 6]","[1, 1962, 6]","[0, 52, 8]","[0, 1500, 15]","[1, 52, 15]","[0, 1500, 15]","[0, 665, 15]","[1, 52, 15]","[1, 52, 15]","[1, 116, 21]","[1, 144, 22]","[1, 380, 22]","[0, 52, 22]","[0, 52, 23]","[0, 564, 24]","[1, 83, 25]","[0, 52, 26]","[0, 83, 27]",112
"[1, 60, 0]","[0, 60, 4]","[1, 52, 4]","[1, 1962, 5]","[0, 52, 6]","[0, 52, 6]","[0, 1500, 10]","[1, 52, 10]","[0, 1500, 10]","[1, 52, 10]","[0, 665, 10]","[1, 52, 11]","[1, 116, 14]","[1, 144, 15]","[1, 380, 15]","[0, 52, 15]","[0, 52, 16]","[0, 573, 17]","[1, 83, 18]","[0, 52, 18]",112
"[1, 60, 0]","[0, 60, 6]","[1, 52, 6]","[1, 1962, 6]","[0, 52, 7]","[0, 52, 7]","[0, 1500, 14]","[1, 52, 14]","[0, 1500, 14]","[1, 52, 14]","[0, 664, 14]","[1, 52, 14]","[1, 116, 17]","[1, 144, 17]","[1, 380, 17]","[0, 52, 19]","[0, 52, 20]","[0, 573, 21]","[1, 83, 22]","[0, 52, 23]",112
"[1, 60, 0]","[0, 60, 4]","[1, 52, 4]","[1, 1962, 5]","[0, 52, 6]","[0, 52, 6]","[0, 1500, 10]","[1, 52, 10]","[0, 1500, 10]","[1, 52, 10]","[0, 664, 10]","[1, 52, 10]","[1, 116, 14]","[1, 144, 14]","[1, 380, 14]","[0, 52, 15]","[0, 52, 15]","[0, 52, 15]","[0, 564, 16]","[0, 83, 16]",112
"[1, 60, 0]","[0, 60, 5]","[1, 52, 5]","[1, 1962, 6]","[0, 52, 6]","[0, 1500, 11]","[1, 52, 11]","[0, 1500, 11]","[1, 52, 11]","[0, 665, 11]","[1, 52, 11]","[1, 116, 14]","[1, 144, 15]","[1, 380, 15]","[0, 52, 15]","[0, 52, 15]","[0, 52, 16]","[0, 564, 17]","[0, 83, 17]","[1, 83, 17]",112
"[1, 60, 0]","[0, 60, 17]","[1, 52, 17]","[1, 1962, 18]","[0, 52, 19]","[0, 52, 19]","[0, 1500, 25]","[1, 52, 25]","[0, 1500, 25]","[1, 52, 25]","[0, 664, 25]","[1, 52, 25]","[1, 116, 27]","[1, 144, 28]","[1, 380, 28]","[0, 52, 28]","[0, 52, 29]","[0, 52, 29]","[0, 564, 30]","[1, 83, 30]",112
"[1, 60, 0]","[0, 60, 3]","[1, 52, 3]","[1, 1962, 4]","[0, 52, 5]","[0, 1500, 9]","[1, 52, 9]","[0, 1500, 9]","[1, 52, 9]","[0, 665, 9]","[1, 52, 9]","[1, 116, 13]","[0, 52, 14]","[1, 144, 14]","[1, 380, 15]","[0, 52, 15]","[0, 564, 15]","[1, 83, 16]","[0, 52, 16]","[0, 83, 17]",112
"[1, 60, 0]","[0, 60, 4]","[1, 52, 4]","[1, 1962, 5]","[0, 52, 6]","[0, 52, 6]","[0, 1500, 10]","[1, 52, 10]","[0, 1500, 10]","[1, 52, 10]","[0, 663, 10]","[1, 52, 10]","[1, 116, 14]","[1, 144, 15]","[1, 380, 15]","[0, 52, 15]","[0, 52, 16]","[0, 52, 16]","[0, 595, 17]","[1, 83, 18]",112
"[1, 60, 0]","[0, 60, 4]","[1, 52, 4]","[1, 1962, 4]","[0, 52, 5]","[0, 52, 5]","[0, 1500, 10]","[1, 52, 10]","[0, 1500, 10]","[1, 52, 10]","[0, 665, 10]","[1, 52, 10]","[1, 116, 14]","[1, 144, 14]","[1, 380, 14]","[0, 52, 15]","[0, 52, 15]","[0, 52, 15]","[0, 573, 16]","[1, 83, 17]",112
"[1, 60, 0]","[0, 60, 4]","[1, 52, 4]","[1, 1962, 5]","[0, 52, 6]","[0, 1500, 11]","[1, 52, 11]","[0, 1500, 11]","[1, 52, 11]","[0, 663, 11]","[1, 52, 11]","[1, 116, 14]","[1, 144, 15]","[1, 380, 15]","[0, 52, 15]","[0, 52, 15]","[0, 52, 16]","[0, 573, 17]","[1, 83, 18]","[0, 52, 18]",112
"[1, 60, 0]","[0, 60, 5]","[1, 52, 5]","[1, 1962, 5]","[0, 52, 6]","[0, 52, 6]","[0, 1500, 12]","[1, 52, 12]","[0, 1500, 12]","[1, 52, 12]","[0, 664, 12]","[1, 52, 12]","[1, 116, 17]","[1, 144, 18]","[1, 380, 18]","[0, 52, 18]","[0, 52, 19]","[0, 564, 22]","[1, 83, 22]","[0, 52, 23]",112
"[1, 60, 0]","[0, 60, 3]","[1, 52, 3]","[1, 1962, 4]","[0, 52, 5]","[0, 1500, 11]","[1, 52, 11]","[0, 1500, 11]","[1, 52, 11]","[0, 665, 11]","[1, 52, 11]","[1, 116, 15]","[1, 144, 15]","[1, 380, 15]","[0, 52, 15]","[0, 52, 16]","[0, 52, 16]","[0, 564, 17]","[1, 83, 17]","[0, 52, 18]",112
"[1, 60, 0]","[0, 60, 3]","[1, 52, 3]","[1, 1962, 4]","[0, 52, 5]","[0, 1500, 14]","[1, 52, 14]","[0, 1500, 14]","[1, 52, 14]","[0, 665, 14]","[1, 52, 14]","[1, 116, 16]","[0, 52, 17]","[1, 144, 17]","[1, 380, 18]","[0, 52, 18]","[0, 52, 18]","[0, 564, 19]","[1, 83, 19]","[0, 52, 20]",112
"[1, 60, 0]","[0, 60, 11]","[1, 52, 11]","[1, 1962, 12]","[0, 52, 17]","[0, 52, 18]","[0, 1500, 22]","[1, 52, 22]","[0, 1500, 22]","[1, 52, 22]","[0, 663, 22]","[1, 52, 22]","[1, 116, 26]","[1, 144, 27]","[1, 380, 27]","[0, 52, 31]","[0, 52, 31]","[0, 52, 31]","[0, 573, 35]","[1, 83, 37]",112
"[1, 60, 0]","[0, 60, 5]","[1, 52, 5]","[1, 1962, 6]","[0, 52, 7]","[0, 1500, 12]","[1, 52, 13]","[0, 1500, 13]","[1, 52, 13]","[0, 663, 13]","[1, 52, 13]","[1, 116, 17]","[1, 144, 18]","[1, 380, 18]","[0, 52, 18]","[0, 52, 18]","[0, 52, 19]","[0, 564, 20]","[0, 83, 20]","[1, 83, 21]",112
"[1, 60, 0]","[0, 60, 6]","[1, 52, 6]","[1, 1962, 8]","[0, 52, 10]","[0, 52, 10]","[0, 1500, 17]","[1, 52, 17]","[0, 1500, 17]","[1, 52, 17]","[0, 664, 17]","[1, 52, 17]","[1, 116, 24]","[1, 144, 25]","[1, 380, 25]","[0, 52, 25]","[0, 52, 27]","[0, 564, 27]","[1, 83, 28]","[0, 83, 28]",112
"[1, 60, 0]","[0, 60, 4]","[1, 52, 4]","[1, 1962, 4]","[0, 52, 5]","[0, 1500, 20]","[1, 52, 20]","[0, 1500, 20]","[1, 52, 20]","[0, 665, 20]","[1, 52, 20]","[1, 116, 23]","[1, 144, 24]","[1, 380, 24]","[0, 52, 24]","[0, 52, 25]","[0, 52, 25]","[0, 573, 27]","[1, 83, 27]","[0, 52, 28]",112
"[1, 60, 0]","[0, 60, 4]","[1, 52, 4]","[1, 1962, 5]","[0, 52, 6]","[0, 1500, 11]","[1, 52, 11]","[0, 1500, 11]","[0, 665, 11]","[1, 52, 11]","[1, 52, 11]","[1, 116, 16]","[1, 144, 17]","[1, 380, 17]","[0, 52, 17]","[0, 52, 18]","[0, 52, 18]","[0, 573, 19]","[1, 83, 20]","[0, 52, 21]",112
"[1, 60, 0]","[0, 60, 4]","[1, 52, 4]","[1, 1962, 5]","[0, 52, 5]","[0, 1500, 11]","[1, 52, 11]","[0, 1500, 12]","[1, 52, 12]","[0, 664, 12]","[1, 52, 12]","[1, 116, 19]","[0, 52, 20]","[1, 144, 21]","[1, 380, 22]","[0, 564, 22]","[0, 52, 22]","[1, 83, 22]","[0, 52, 23]","[0, 52, 24]",112
"[1, 60, 0]","[0, 60, 5]","[1, 52, 5]","[1, 1962, 5]","[0, 52, 6]","[0, 1500, 11]","[1, 52, 11]","[0, 1500, 11]","[1, 52, 11]","[0, 663, 11]","[1, 52, 11]","[1, 116, 14]","[1, 144, 15]","[1, 380, 15]","[0, 52, 15]","[0, 52, 15]","[0, 52, 16]","[0, 573, 17]","[1, 83, 17]","[0, 52, 18]",112
"[1, 60, 0]","[0, 60, 5]","[1, 52, 5]","[1, 1962, 6]","[0, 52, 6]","[0, 52, 7]","[0, 1500, 11]","[1, 52, 12]","[0, 1500, 12]","[1, 52, 12]","[0, 663, 12]","[1, 52, 12]","[1, 116, 16]","[1, 144, 16]","[1, 380, 16]","[0, 52, 17]","[0, 52, 17]","[0, 564, 18]","[1, 83, 19]","[0, 83, 19]",112
"[1, 60, 0]","[0, 60, 4]","[1, 52, 4]","[1, 1962, 4]","[0, 52, 5]","[0, 1500, 11]","[1, 52, 12]","[0, 1500, 12]","[1, 52, 12]","[0, 665, 12]","[1, 52, 12]","[1, 116, 18]","[0, 52, 19]","[0, 564, 21]","[1, 144, 21]","[1, 380, 22]","[0, 52, 22]","[1, 83, 22]","[0, 52, 23]","[0, 52, 23]",112
"[1, 60, 0]","[0, 60, 4]","[1, 52, 4]","[1, 1962, 4]","[0, 52, 5]","[0, 52, 6]","[0, 1500, 11]","[1, 52, 11]","[0, 1500, 11]","[1, 52, 11]","[0, 664, 11]","[1, 52, 11]","[1, 116, 19]","[1, 144, 20]","[1, 380, 20]","[0, 52, 21]","[0, 52, 22]","[0, 52, 22]","[0, 564, 23]","[0, 83, 23]",112
"[1, 60, 0]","[0, 60, 4]","[1, 52, 4]","[1, 1962, 7]","[0, 52, 8]","[0, 1500, 13]","[1, 52, 13]","[0, 1500, 13]","[1, 52, 13]","[0, 663, 13]","[1, 52, 13]","[1, 116, 19]","[1, 144, 19]","[0, 52, 20]","[0, 52, 20]","[1, 380, 21]","[0, 573, 22]","[0, 52, 22]","[1, 83, 23]","[0, 52, 24]",112
"[1, 60, 0]","[0, 60, 4]","[1, 52, 4]","[1, 1962, 5]","[0, 52, 6]","[0, 52, 6]","[0, 1500, 10]","[1, 52, 10]","[0, 1500, 11]","[1, 52, 11]","[0, 665, 11]","[1, 52, 11]","[1, 116, 13]","[1, 144, 14]","[1, 380, 14]","[0, 52, 15]","[0, 52, 15]","[0, 52, 15]","[0, 564, 16]","[0, 83, 16]",112
"[1, 60, 0]","[0, 60, 3]","[1, 52, 3]","[1, 1962, 4]","[0, 52, 4]","[0, 52, 5]","[0, 1500, 8]","[1, 52, 9]","[0, 1500, 9]","[1, 52, 9]","[0, 665, 9]","[1, 52, 9]","[1, 116, 12]","[1, 144, 12]","[1, 380, 12]","[0, 52, 12]","[0, 52, 13]","[0, 52, 13]","[0, 564, 15]","[1, 83, 15]",112
"[1, 60, 0]","[0, 60, 4]","[1, 52, 4]","[1, 1962, 5]","[0, 52, 6]","[0, 52, 6]","[0, 1500, 11]","[1, 52, 11]","[0, 1500, 12]","[1, 52, 12]","[0, 664, 12]","[1, 52, 12]","[1, 116, 16]","[1, 144, 16]","[1, 380, 16]","[0, 52, 17]","[0, 52, 17]","[0, 52, 17]","[0, 564, 18]","[0, 83, 19]",112
"[1, 60, 0]","[0, 60, 4]","[1, 52, 4]","[1, 1962, 5]","[0, 52, 6]","[0, 52, 6]","[0, 1500, 11]","[1, 52, 11]","[0, 1500, 11]","[1, 52, 11]","[0, 663, 11]","[1, 52, 11]","[1, 116, 16]","[1, 144, 17]","[1, 380, 17]","[0, 52, 17]","[0, 52, 18]","[0, 52, 18]","[0, 564, 21]","[1, 83, 22]",112
"[1, 60, 0]","[0, 60, 5]","[1, 52, 5]","[1, 1962, 5]","[0, 52, 7]","[0, 52, 7]","[0, 1500, 11]","[1, 52, 11]","[0, 1500, 11]","[1, 52, 11]","[0, 664, 11]","[1, 52, 11]","[1, 116, 14]","[1, 144, 15]","[0, 52, 15]","[1, 380, 15]","[0, 52, 16]","[0, 52, 16]","[0, 564, 17]","[1, 83, 17]",112
"[1, 60, 0]","[0, 60, 4]","[1, 52, 4]","[1, 725, 5]","[0, 52, 6]","[0, 1500, 10]","[1, 52, 10]","[0, 1500, 10]","[1, 52, 10]","[0, 379, 10]","[1, 52, 10]","[1, 116, 14]","[1, 222, 15]","[1, 415, 15]","[0, 52, 15]","[0, 52, 16]","[0, 564, 17]","[0, 83, 17]","[1, 83, 17]","[0, 52, 18]",110
"[1, 60, 0]","[0, 60, 5]","[1, 52, 5]","[1, 725, 5]","[0, 52, 7]","[0, 1500, 10]","[1, 52, 10]","[0, 1500, 11]","[1, 52, 11]","[0, 379, 11]","[1, 52, 11]","[1, 116, 13]","[1, 222, 14]","[1, 415, 14]","[0, 52, 15]","[0, 52, 15]","[0, 564, 17]","[1, 83, 18]","[0, 83, 19]","[0, 52, 20]",110
"[1, 60, 0]","[0, 60, 4]","[1, 52, 5]","[1, 725, 6]","[0, 52, 6]","[0, 1500, 9]","[1, 52, 9]","[0, 1500, 9]","[1, 52, 9]","[0, 379, 9]","[1, 52, 9]","[1, 116, 15]","[0, 52, 16]","[1, 222, 17]","[1, 415, 17]","[0, 52, 17]","[0, 52, 18]","[0, 564, 18]","[1, 83, 18]","[0, 52, 20]",110
"[1, 60, 0]","[0, 60, 5]","[1, 52, 5]","[1, 725, 5]","[0, 52, 6]","[0, 1500, 9]","[1, 52, 9]","[0, 1500, 9]","[1, 52, 9]","[0, 379, 9]","[1, 52, 9]","[1, 116, 15]","[1, 222, 15]","[0, 52, 16]","[0, 52, 17]","[1, 415, 17]","[0, 52, 18]","[0, 595, 18]","[1, 83, 19]","[0, 52, 20]",110
"[1, 60, 0]","[0, 60, 4]","[1, 52, 4]","[1, 725, 6]","[0, 52, 7]","[0, 1500, 10]","[1, 52, 11]","[0, 1500, 11]","[1, 52, 11]","[0, 380, 11]","[1, 52, 11]","[1, 116, 15]","[1, 222, 15]","[1, 415, 15]","[0, 52, 16]","[0, 573, 18]","[1, 83, 18]","[0, 52, 19]","[0, 305, 26]","[0, 1500, 27]",110
"[1, 60, 0]","[0, 60, 3]","[1, 52, 3]","[1, 725, 4]","[0, 52, 5]","[0, 1500, 11]","[1, 52, 11]","[0, 1500, 11]","[1, 52, 11]","[0, 380, 11]","[1, 52, 11]","[1, 116, 19]","[1, 222, 19]","[1, 415, 19]","[0, 52, 21]","[0, 52, 21]","[0, 52, 21]","[0, 564, 22]","[0, 83, 23]","[1, 83, 23]",110
"[1, 60, 0]","[0, 60, 6]","[1, 52, 6]","[1, 725, 7]","[0, 52, 7]","[0, 1500, 11]","[1, 52, 11]","[0, 1500, 12]","[1, 52, 12]","[0, 380, 12]","[1, 52, 12]","[1, 116, 16]","[1, 222, 16]","[0, 52, 16]","[0, 52, 17]","[0, 564, 19]","[0, 83, 19]","[1, 83, 19]","[1, 415, 20]","[0, 52, 20]",110
"[1, 60, 0]","[0, 60, 4]","[1, 52, 4]","[1, 725, 5]","[0, 52, 5]","[0, 1500, 9]","[1, 52, 9]","[0, 1500, 9]","[1, 52, 9]","[0, 380, 9]","[1, 52, 9]","[1, 116, 11]","[1, 222, 12]","[1, 415, 12]","[0, 52, 12]","[0, 52, 12]","[0, 573, 14]","[1, 83, 14]","[0, 52, 15]","[0, 304, 23]",110
"[1, 60, 0]","[0, 60, 3]","[1, 52, 3]","[1, 725, 4]","[0, 52, 5]","[0, 1500, 10]","[1, 52, 10]","[0, 1500, 10]","[1, 52, 10]","[0, 380, 11]","[1, 52, 11]","[1, 116, 14]","[1, 222, 15]","[1, 415, 15]","[0, 52, 16]","[0, 573, 18]","[1, 83, 19]","[0, 52, 19]","[0, 304, 27]","[0, 1500, 27]",110
"[1, 60, 0]","[0, 60, 4]","[1, 52, 4]","[1, 725, 5]","[0, 52, 6]","[0, 1500, 10]","[1, 52, 10]","[0, 1500, 10]","[1, 52, 10]","[0, 380, 10]","[1, 52, 10]","[1, 116, 14]","[0, 52, 15]","[1, 222, 15]","[1, 415, 15]","[0, 52, 16]","[0, 52, 16]","[0, 564, 17]","[1, 83, 18]","[0, 83, 18]",110
"[1, 60, 0]","[0, 60, 4]","[1, 52, 4]","[1, 725, 5]","[0, 52, 5]","[0, 1500, 9]","[1, 52, 9]","[0, 1500, 9]","[1, 52, 10]","[0, 379, 10]","[1, 52, 10]","[1, 116, 12]","[1, 222, 13]","[1, 415, 13]","[0, 52, 13]","[0, 52, 13]","[0, 52, 14]","[0, 564, 15]","[0, 83, 15]","[1, 83, 15]",110
"[1, 60, 0]","[0, 60, 7]","[1, 52, 7]","[1, 725, 8]","[0, 52, 10]","[0, 1500, 14]","[1, 52, 14]","[0, 1500, 14]","[1, 52, 14]","[0, 378, 14]","[1, 52, 14]","[1, 116, 17]","[1, 222, 18]","[1, 415, 18]","[0, 52, 19]","[0, 52, 19]","[0, 52, 19]","[0, 564, 22]","[0, 83, 22]","[1, 83, 22]",110
"[1, 60, 0]","[0, 60, 4]","[1, 52, 4]","[1, 725, 4]","[0, 52, 5]","[0, 1500, 11]","[1, 52, 11]","[0, 1500, 11]","[1, 52, 11]","[0, 378, 11]","[1, 52, 11]","[1, 116, 16]","[1, 222, 16]","[1, 415, 16]","[0, 52, 17]","[0, 52, 17]","[0, 573, 19]","[1, 83, 19]","[0, 52, 19]","[0, 305, 31]",110
"[1, 60, 0]","[0, 60, 5]","[1, 52, 5]","[1, 725, 6]","[0, 52, 7]","[0, 1500, 14]","[1, 52, 14]","[0, 1500, 14]","[1, 52, 14]","[0, 379, 14]","[1, 52, 14]","[1, 116, 18]","[1, 222, 19]","[1, 415, 19]","[0, 52, 19]","[0, 52, 19]","[0, 564, 22]","[0, 83, 22]","[1, 83, 23]","[0, 52, 24]",110
"[1, 60, 0]","[0, 60, 3]","[1, 52, 3]","[1, 725, 5]","[0, 52, 6]","[0, 1500, 9]","[1, 52, 9]","[0, 1500, 10]","[0, 380, 10]","[1, 52, 10]","[1, 52, 10]","[1, 116, 16]","[1, 222, 16]","[0, 52, 17]","[0, 52, 17]","[1, 415, 18]","[0, 573, 19]","[0, 52, 19]","[1, 83, 19]","[0, 52, 21]",110
"[1, 60, 0]","[0, 60, 5]","[1, 52, 5]","[1, 725, 5]","[0, 52, 6]","[0, 1500, 9]","[1, 52, 9]","[0, 1500, 10]","[1, 52, 10]","[0, 379, 10]","[1, 52, 10]","[1, 116, 13]","[1, 222, 13]","[1, 415, 13]","[0, 52, 14]","[0, 52, 14]","[0, 573, 17]","[1, 83, 17]","[0, 52, 18]","[0, 258, 29]",110
"[1, 60, 0]","[0, 60, 7]","[1, 52, 7]","[1, 725, 8]","[0, 52, 13]","[0, 1500, 16]","[1, 52, 16]","[0, 1500, 16]","[1, 52, 16]","[0, 378, 16]","[1, 52, 16]","[1, 116, 20]","[1, 222, 21]","[1, 415, 21]","[0, 52, 25]","[0, 52, 25]","[0, 52, 28]","[0, 573, 28]","[1, 83, 29]","[0, 52, 31]",110
"[1, 60, 0]","[0, 60, 4]","[1, 52, 4]","[1, 725, 6]","[0, 52, 7]","[0, 1500, 12]","[1, 52, 12]","[0, 1500, 12]","[1, 52, 12]","[0, 380, 12]","[1, 52, 12]","[1, 116, 15]","[1, 222, 16]","[1, 415, 16]","[0, 52, 16]","[0, 52, 16]","[0, 52, 17]","[0, 564, 18]","[0, 83, 18]","[1, 83, 18]",110
"[1, 60, 0]","[0, 60, 4]","[1, 52, 4]","[1, 725, 5]","[0, 52, 6]","[0, 1500, 10]","[1, 52, 10]","[0, 1500, 10]","[1, 52, 10]","[0, 380, 11]","[1, 52, 11]","[1, 116, 14]","[1, 222, 14]","[1, 415, 14]","[0, 52, 15]","[0, 52, 15]","[0, 52, 15]","[0, 564, 16]","[1, 83, 16]","[0, 83, 16]",110
"[1, 60, 0]","[0, 60, 4]","[1, 52, 4]","[1, 725, 5]","[0, 52, 6]","[0, 1500, 11]","[1, 52, 11]","[0, 1500, 11]","[1, 52, 11]","[0, 379, 11]","[1, 52, 11]","[1, 116, 16]","[1, 222, 16]","[1, 415, 17]","[0, 52, 17]","[0, 52, 17]","[0, 52, 18]","[0, 564, 19]","[0, 83, 19]","[1, 83, 20]",110
"[1, 60, 0]","[0, 60, 4]","[1, 52, 4]","[1, 725, 4]","[0, 52, 5]","[0, 1500, 9]","[1, 52, 9]","[0, 1500, 9]","[1, 52, 9]","[0, 379, 10]","[1, 52, 10]","[1, 116, 12]","[1, 222, 13]","[1, 415, 13]","[0, 52, 13]","[0, 52, 14]","[0, 52, 14]","[0, 564, 15]","[1, 83, 15]","[0, 83, 15]",110
"[1, 60, 0]","[0, 60, 5]","[1, 52, 5]","[1, 725, 5]","[0, 52, 6]","[0, 1500, 11]","[1, 52, 11]","[0, 1500, 11]","[1, 52, 11]","[0, 379, 11]","[1, 52, 11]","[1, 116, 17]","[1, 222, 18]","[1, 415, 18]","[0, 52, 19]","[0, 52, 19]","[0, 52, 19]","[0, 564, 20]","[0, 83, 20]","[1, 83, 21]",110
"[1, 60, 0]","[0, 60, 5]","[1, 52, 5]","[1, 725, 6]","[0, 52, 7]","[0, 1500, 14]","[1, 52, 14]","[0, 1500, 14]","[1, 52, 14]","[0, 379, 14]","[1, 52, 14]","[1, 116, 17]","[1, 222, 17]","[1, 415, 17]","[0, 52, 18]","[0, 52, 18]","[0, 573, 22]","[1, 83, 23]","[0, 52, 24]","[0, 304, 29]",110
"[1, 60, 0]","[0, 60, 5]","[1, 52, 5]","[1, 725, 5]","[0, 52, 6]","[0, 1500, 9]","[1, 52, 9]","[0, 1500, 10]","[1, 52, 10]","[0, 379, 10]","[1, 52, 10]","[1, 116, 13]","[1, 222, 13]","[1, 415, 14]","[0, 52, 15]","[0, 573, 17]","[1, 83, 17]","[0, 52, 18]","[0, 1500, 28]","[0, 248, 28]",110
"[1, 60, 0]","[0, 60, 5]","[1, 52, 5]","[1, 725, 6]","[0, 52, 7]","[0, 1500, 12]","[1, 52, 12]","[0, 1500, 12]","[1, 52, 12]","[0, 378, 12]","[1, 52, 12]","[1, 116, 15]","[1, 222, 15]","[1, 415, 15]","[0, 52, 16]","[0, 573, 18]","[1, 83, 18]","[0, 52, 19]","[0, 304, 28]","[0, 1443, 28]",110
"[1, 60, 0]","[0, 60, 3]","[1, 52, 3]","[1, 725, 4]","[0, 52, 5]","[0, 1500, 10]","[1, 52, 10]","[0, 1500, 10]","[1, 52, 10]","[0, 379, 10]","[1, 52, 10]","[1, 116, 13]","[1, 222, 13]","[1, 415, 14]","[0, 52, 14]","[0, 52, 14]","[0, 52, 14]","[0, 573, 16]","[1, 83, 16]","[0, 52, 17]",110
"[1, 60, 0]","[0, 60, 4]","[1, 52, 4]","[1, 725, 5]","[0, 52, 6]","[0, 1500, 11]","[1, 52, 11]","[0, 1500, 11]","[1, 52, 11]","[0, 380, 11]","[1, 52, 11]","[1, 116, 17]","[1, 222, 17]","[1, 415, 18]","[0, 52, 18]","[0, 52, 18]","[0, 52, 19]","[0, 573, 20]","[1, 83, 21]","[0, 52, 22]",110
"[1, 60, 0]","[0, 60, 5]","[1, 52, 5]","[1, 725, 6]","[0, 52, 8]","[0, 1500, 11]","[1, 52, 11]","[0, 1500, 11]","[1, 52, 11]","[0, 378, 11]","[1, 52, 11]","[1, 116, 16]","[1, 222, 17]","[1, 415, 17]","[0, 52, 17]","[0, 52, 18]","[0, 564, 19]","[0, 83, 19]","[1, 83, 20]","[0, 52, 21]",110
"[1, 60, 0]","[0, 60, 4]","[1, 52, 4]","[1, 725, 5]","[0, 52, 5]","[0, 1500, 10]","[1, 52, 10]","[0, 1500, 10]","[1, 52, 10]","[0, 379, 10]","[1, 52, 10]","[1, 116, 14]","[1, 222, 14]","[1, 415, 14]","[0, 52, 15]","[0, 52, 15]","[0, 573, 17]","[1, 83, 17]","[0, 52, 18]","[0, 304, 24]",110
"[1, 60, 0]","[0, 60, 3]","[1, 52, 3]","[1, 725, 4]","[0, 52, 4]","[0, 1500, 9]","[1, 52, 9]","[0, 1500, 9]","[1, 52, 9]","[0, 378, 9]","[1, 52, 9]","[1, 116, 12]","[1, 222, 12]","[1, 415, 12]","[0, 52, 13]","[0, 52, 13]","[0, 52, 13]","[0, 564, 15]","[0, 83, 15]","[1, 83, 15]",110
"[1, 60, 0]","[0, 60, 4]","[1, 52, 4]","[1, 725, 5]","[0, 52, 7]","[0, 1500, 11]","[1, 52, 11]","[0, 1500, 12]","[1, 52, 12]","[0, 380, 12]","[1, 52, 12]","[1, 116, 18]","[1, 222, 19]","[1, 415, 19]","[0, 52, 20]","[0, 52, 20]","[0, 52, 20]","[0, 564, 22]","[0, 83, 22]","[1, 83, 22]",110
"[1, 60, 0]","[0, 60, 4]","[1, 52, 4]","[1, 725, 5]","[0, 52, 6]","[0, 1500, 11]","[1, 52, 11]","[0, 1500, 11]","[1, 52, 11]","[0, 379, 11]","[1, 52, 11]","[1, 116, 16]","[1, 222, 17]","[1, 415, 17]","[0, 52, 17]","[0, 52, 17]","[0, 573, 19]","[1, 83, 19]","[0, 52, 20]","[0, 304, 30]",110
"[1, 60, 0]","[0, 60, 4]","[1, 52, 4]","[1, 725, 5]","[0, 52, 6]","[0, 1500, 10]","[1, 52, 10]","[0, 1500, 10]","[1, 52, 10]","[0, 380, 10]","[1, 52, 10]","[1, 116, 14]","[1, 222, 14]","[1, 415, 14]","[0, 52, 15]","[0, 52, 15]","[0, 573, 17]","[1, 83, 18]","[0, 52, 19]","[0, 304, 28]",110
"[1, 60, 0]","[0, 60, 4]","[1, 52, 4]","[1, 725, 5]","[0, 52, 5]","[0, 1500, 10]","[1, 52, 10]","[0, 1500, 10]","[1, 52, 10]","[0, 379, 10]","[1, 52, 10]","[1, 116, 17]","[1, 222, 17]","[1, 415, 17]","[0, 52, 18]","[0, 573, 20]","[1, 83, 21]","[0, 52, 22]","[0, 258, 27]","[0, 1500, 27]",110
"[1, 60, 0]","[0, 60, 3]","[1, 52, 4]","[1, 725, 5]","[0, 52, 6]","[0, 1500, 9]","[1, 52, 9]","[0, 1500, 9]","[1, 52, 9]","[0, 380, 9]","[1, 52, 9]","[1, 116, 17]","[1, 222, 18]","[1, 415, 18]","[0, 52, 18]","[0, 52, 19]","[0, 52, 19]","[0, 564, 20]","[0, 83, 20]","[1, 83, 21]",110
"[1, 60, 0]","[0, 60, 3]","[1, 52, 3]","[1, 725, 4]","[0, 52, 5]","[0, 1500, 8]","[1, 52, 8]","[0, 1500, 9]","[1, 52, 9]","[0, 379, 9]","[1, 52, 9]","[1, 116, 11]","[1, 222, 12]","[1, 415, 12]","[0, 52, 12]","[0, 52, 12]","[0, 52, 13]","[0, 573, 15]","[1, 83, 15]","[0, 52, 16]",110
"[1, 60, 0]","[0, 60, 5]","[1, 52, 5]","[1, 725, 5]","[0, 52, 6]","[0, 1500, 10]","[1, 52, 10]","[0, 1500, 11]","[1, 52, 11]","[0, 379, 11]","[1, 52, 11]","[1, 116, 15]","[1, 222, 15]","[1, 415, 15]","[0, 52, 17]","[0, 52, 17]","[0, 573, 19]","[1, 83, 19]","[0, 52, 20]","[0, 304, 26]",110
"[1, 60, 0]","[0, 60, 4]","[1, 52, 4]","[1, 725, 5]","[0, 52, 6]","[0, 1500, 10]","[1, 52, 10]","[0, 1500, 10]","[1, 52, 10]","[0, 379, 10]","[1, 52, 10]","[1, 116, 12]","[1, 222, 12]","[1, 415, 12]","[0, 52, 13]","[0, 52, 13]","[0, 52, 13]","[0, 573, 15]","[1, 83, 15]","[0, 52, 16]",110
"[1, 60, 0]","[0, 60, 4]","[1, 52, 4]","[1, 725, 4]","[0, 52, 5]","[0, 1500, 11]","[1, 52, 11]","[0, 1500, 11]","[1, 52, 11]","[0, 378, 11]","[1, 52, 11]","[1, 116, 14]","[1, 222, 15]","[1, 415, 15]","[0, 52, 15]","[0, 52, 15]","[0, 52, 15]","[0, 564, 17]","[1, 83, 17]","[0, 83, 17]",110
"[1, 60, 0]","[0, 60, 5]","[1, 52, 5]","[1, 725, 7]","[0, 52, 8]","[0, 1500, 12]","[1, 52, 12]","[0, 1500, 12]","[1, 52, 12]","[0, 378, 12]","[1, 52, 12]","[1, 116, 20]","[1, 222, 20]","[0, 52, 21]","[1, 415, 21]","[0, 52, 21]","[0, 52, 21]","[0, 564, 22]","[0, 83, 22]","[1, 83, 23]",110
"[1, 60, 0]","[0, 60, 4]","[1, 52, 4]","[1, 725, 5]","[0, 52, 7]","[0, 1500, 10]","[1, 52, 10]","[0, 1500, 10]","[1, 52, 10]","[0, 378, 10]","[1, 52, 10]","[1, 116, 14]","[1, 222, 15]","[1, 415, 15]","[0, 52, 16]","[0, 52, 17]","[0, 564, 17]","[1, 83, 18]","[0, 83, 18]","[0, 52, 19]",110
"[1, 60, 0]","[0, 60, 4]","[1, 52, 4]","[1, 725, 4]","[0, 52, 5]","[0, 1500, 9]","[1, 52, 10]","[0, 1500, 10]","[1, 52, 10]","[0, 379, 10]","[1, 52, 10]","[1, 116, 12]","[1, 222, 12]","[1, 415, 12]","[0, 52, 14]","[0, 52, 14]","[0, 564, 15]","[0, 83, 15]","[1, 83, 16]","[0, 52, 16]",110
"[1, 60, 0]","[0, 60, 4]","[1, 52, 4]","[1, 725, 4]","[0, 52, 5]","[0, 1500, 9]","[1, 52, 9]","[0, 1500, 9]","[1, 52, 9]","[0, 378, 9]","[1, 52, 9]","[1, 116, 14]","[1, 222, 14]","[1, 415, 14]","[0, 52, 15]","[0, 52, 15]","[0, 573, 17]","[1, 83, 17]","[0, 52, 18]","[0, 258, 25]",110
"[1, 60, 0]","[0, 60, 5]","[1, 52, 5]","[1, 725, 6]","[0, 52, 7]","[0, 1500, 12]","[1, 52, 12]","[0, 1500, 12]","[1, 52, 12]","[0, 378, 12]","[1, 52, 12]","[1, 116, 16]","[1, 222, 16]","[1, 415, 16]","[0, 52, 17]","[0, 52, 17]","[0, 52, 17]","[0, 564, 19]","[0, 83, 19]","[1, 83, 20]",110
"[1, 60, 0]","[0, 60, 4]","[1, 52, 4]","[1, 725, 5]","[0, 52, 6]","[0, 1500, 10]","[1, 52, 10]","[0, 1500, 10]","[1, 52, 10]","[0, 380, 10]","[1, 52, 10]","[1, 116, 14]","[1, 222, 15]","[1, 415, 15]","[0, 52, 15]","[0, 52, 16]","[0, 52, 16]","[0, 564, 17]","[0, 83, 17]","[1, 83, 18]",110
"[1, 60, 0]","[0, 60, 4]","[1, 52, 4]","[1, 725, 5]","[0, 52, 6]","[0, 1500, 10]","[1, 52, 10]","[0, 1500, 10]","[1, 52, 10]","[0, 380, 10]","[1, 52, 10]","[1, 116, 16]","[1, 222, 17]","[1, 415, 17]","[0, 52, 18]","[0, 573, 20]","[1, 83, 20]","[0, 52, 21]","[0, 304, 30]","[0, 1500, 30]",110
"[1, 60, 0]","[0, 60, 6]","[1, 52, 6]","[1, 725, 7]","[0, 52, 7]","[0, 1500, 11]","[1, 52, 11]","[0, 1500, 11]","[1, 52, 11]","[0, 379, 11]","[1, 52, 11]","[1, 116, 15]","[1, 222, 16]","[1, 415, 16]","[0, 52, 17]","[0, 52, 17]","[0, 52, 17]","[0, 564, 19]","[0, 83, 19]","[1, 83, 19]",110
"[1, 60, 0]","[0, 60, 5]","[1, 52, 5]","[1, 725, 6]","[0, 52, 7]","[0, 1500, 10]","[1, 52, 10]","[0, 1500, 10]","[1, 52, 10]","[0, 379, 10]","[1, 52, 10]","[1, 116, 27]","[1, 222, 27]","[1, 415, 27]","[0, 52, 28]","[0, 52, 28]","[0, 573, 30]","[1, 83, 30]","[0, 52, 31]","[0, 258, 41]",110
"[1, 60, 0]","[0, 60, 8]","[1, 52, 8]","[1, 725, 9]","[0, 52, 10]","[0, 1500, 14]","[1, 52, 14]","[0, 1500, 14]","[1, 52, 14]","[0, 379, 14]","[1, 52, 14]","[1, 116, 17]","[1, 222, 18]","[1, 415, 18]","[0, 52, 18]","[0, 52, 18]","[0, 573, 21]","[1, 83, 21]","[0, 52, 22]","[0, 258, 29]",110
"[1, 60, 0]","[0, 60, 5]","[1, 52, 5]","[1, 725, 6]","[0, 52, 7]","[0, 1500, 11]","[1, 52, 11]","[0, 1500, 13]","[1, 52, 13]","[0, 380, 13]","[1, 52, 13]","[1, 116, 16]","[1, 222, 17]","[1, 415, 17]","[0, 52, 17]","[0, 52, 17]","[0, 52, 17]","[0, 573, 19]","[1, 83, 20]","[0, 52, 20]",110
"[1, 60, 0]","[0, 60, 5]","[1, 52, 5]","[1, 725, 6]","[0, 52, 7]","[0, 1500, 14]","[1, 52, 14]","[0, 1500, 14]","[1, 52, 14]","[0, 380, 14]","[1, 52, 14]","[1, 116, 17]","[1, 222, 18]","[1, 415, 18]","[0, 52, 18]","[0, 52, 18]","[0, 52, 18]","[0, 573, 20]","[1, 83, 20]","[0, 52, 21]",110
"[1, 60, 0]","[0, 60, 27]","[1, 52, 27]","[1, 725, 27]","[0, 52, 36]","[0, 1500, 44]","[1, 52, 44]","[0, 1500, 44]","[1, 52, 44]","[0, 379, 44]","[1, 52, 44]","[1, 116, 48]","[1, 222, 48]","[1, 415, 48]","[0, 52, 51]","[0, 52, 51]","[0, 52, 51]","[0, 573, 58]","[1, 83, 58]","[0, 258, 65]",110
"[1, 60, 0]","[0, 60, 4]","[1, 52, 5]","[1, 725, 5]","[0, 52, 6]","[0, 1500, 10]","[1, 52, 10]","[0, 1500, 10]","[0, 378, 10]","[1, 52, 10]","[1, 52, 10]","[1, 116, 14]","[1, 222, 14]","[1, 415, 14]","[0, 52, 15]","[0, 52, 15]","[0, 573, 16]","[1, 83, 17]","[0, 52, 18]","[0, 304, 24]",110
"[1, 60, 0]","[0, 60, 5]","[1, 52, 5]","[1, 725, 5]","[0, 52, 6]","[0, 1500, 11]","[1, 52, 11]","[0, 1500, 12]","[1, 52, 12]","[0, 380, 13]","[1, 52, 13]","[1, 116, 16]","[1, 222, 17]","[1, 415, 17]","[0, 52, 18]","[0, 52, 18]","[0, 52, 18]","[0, 564, 19]","[0, 83, 19]","[1, 83, 20]",110
"[1, 60, 0]","[0, 60, 5]","[1, 52, 5]","[1, 725, 6]","[0, 52, 7]","[0, 1500, 10]","[1, 52, 10]","[0, 1500, 10]","[0, 379, 10]","[1, 52, 10]","[1, 52, 10]","[1, 116, 14]","[1, 222, 14]","[1, 415, 14]","[0, 52, 15]","[0, 52, 15]","[0, 52, 15]","[0, 595, 16]","[1, 83, 17]","[0, 52, 17]",110
"[1, 60, 0]","[0, 60, 4]","[1, 52, 4]","[1, 725, 4]","[0, 52, 5]","[0, 1500, 9]","[1, 52, 9]","[0, 1500, 9]","[1, 52, 9]","[0, 378, 9]","[1, 52, 9]","[1, 116, 13]","[1, 222, 13]","[1, 415, 14]","[0, 52, 14]","[0, 52, 14]","[0, 573, 16]","[1, 83, 16]","[0, 52, 16]","[0, 258, 27]",110
"[1, 60, 0]","[0, 60, 3]","[1, 52, 3]","[1, 725, 4]","[0, 52, 5]","[0, 1500, 8]","[1, 52, 8]","[0, 1500, 8]","[1, 52, 8]","[0, 379, 8]","[1, 52, 8]","[1, 116, 12]","[1, 222, 12]","[1, 415, 12]","[0, 52, 13]","[0, 564, 15]","[1, 83, 15]","[0, 52, 16]","[0, 52, 17]","[0, 52, 17]",110
"[1, 60, 0]","[0, 60, 5]","[1, 52, 5]","[1, 725, 6]","[0, 52, 6]","[0, 1500, 10]","[1, 52, 10]","[0, 1500, 10]","[1, 52, 10]","[0, 380, 10]","[1, 52, 10]","[1, 116, 12]","[1, 222, 12]","[1, 415, 12]","[0, 52, 13]","[0, 52, 13]","[0, 52, 13]","[0, 564, 14]","[1, 83, 15]","[0, 83, 15]",110
"[1, 60, 0]","[0, 60, 5]","[1, 52, 5]","[1, 725, 6]","[0, 52, 8]","[0, 1500, 12]","[1, 52, 12]","[0, 1500, 12]","[1, 52, 12]","[0, 379, 12]","[1, 52, 12]","[1, 116, 17]","[1, 222, 17]","[1, 415, 18]","[0, 52, 18]","[0, 52, 18]","[0, 52, 18]","[0, 573, 20]","[1, 83, 21]","[0, 52, 22]",110
"[1, 60, 0]","[0, 60, 4]","[1, 52, 4]","[1, 725, 5]","[0, 52, 6]","[0, 1500, 9]","[1, 52, 9]","[0, 1500, 10]","[1, 52, 10]","[0, 380, 10]","[1, 52, 10]","[1, 116, 14]","[1, 222, 14]","[1, 415, 15]","[0, 52, 15]","[0, 52, 15]","[0, 573, 17]","[1, 83, 17]","[0, 52, 17]","[0, 305, 27]",110
"[1, 60, 0]","[0, 60, 4]","[1, 52, 4]","[1, 725, 5]","[0, 52, 6]","[0, 1500, 9]","[1, 52, 9]","[0, 1500, 9]","[1, 52, 9]","[0, 380, 9]","[1, 52, 9]","[1, 116, 14]","[1, 222, 14]","[1, 415, 15]","[0, 52, 15]","[0, 52, 16]","[0, 564, 17]","[0, 83, 17]","[1, 83, 18]","[0, 52, 19]",110
"[1, 60, 0]","[0, 60, 5]","[1, 52, 5]","[1, 725, 5]","[0, 52, 7]","[0, 1500, 14]","[1, 52, 14]","[0, 1500, 14]","[1, 52, 14]","[0, 378, 14]","[1, 52, 14]","[1, 116, 20]","[1, 222, 21]","[0, 52, 21]","[0, 52, 22]","[1, 415, 23]","[0, 564, 23]","[0, 83, 24]","[0, 52, 24]","[1, 83, 24]",110
"[1, 60, 0]","[0, 60, 6]","[1, 52, 6]","[1, 725, 6]","[0, 52, 7]","[0, 1500, 12]","[1, 52, 12]","[0, 1500, 12]","[1, 52, 12]","[0, 378, 12]","[1, 52, 12]","[1, 116, 16]","[1, 222, 17]","[1, 415, 17]","[0, 52, 17]","[0, 52, 17]","[0, 52, 17]","[0, 564, 19]","[0, 83, 19]","[1, 83, 19]",110
"[1, 60, 0]","[0, 60, 5]","[1, 52, 5]","[1, 725, 6]","[0, 52, 6]","[0, 1500, 10]","[1, 52, 10]","[0, 1500, 10]","[1, 52, 10]","[0, 380, 10]","[1, 52, 10]","[1, 116, 16]","[1, 222, 17]","[1, 415, 17]","[0, 52, 18]","[0, 52, 18]","[0, 52, 18]","[0, 573, 20]","[1, 83, 20]","[0, 52, 21]",110
"[1, 60, 0]","[0, 60, 4]","[1, 52, 4]","[1, 725, 4]","[0, 52, 6]","[0, 1500, 13]","[1, 52, 13]","[0, 1500, 13]","[0, 379, 13]","[1, 52, 13]","[1, 52, 13]","[1, 116, 15]","[1, 222, 16]","[1, 415, 16]","[0, 52, 17]","[0, 52, 17]","[0, 52, 17]","[0, 573, 19]","[1, 83, 20]","[0, 52, 20]",110
"[1, 60, 0]","[0, 60, 5]","[1, 52, 5]","[1, 725, 5]","[0, 52, 6]","[0, 1500, 10]","[1, 52, 10]","[0, 1500, 11]","[1, 52, 11]","[0, 379, 11]","[1, 52, 11]","[1, 116, 15]","[1, 222, 15]","[1, 415, 15]","[0, 52, 16]","[0, 52, 16]","[0, 564, 18]","[0, 83, 18]","[1, 83, 18]","[0, 52, 19]",110
"[1, 60, 0]","[0, 60, 4]","[1, 52, 5]","[1, 725, 5]","[0, 52, 6]","[0, 1500, 9]","[1, 52, 9]","[0, 1500, 9]","[1, 52, 9]","[0, 378, 9]","[1, 52, 9]","[1, 116, 14]","[1, 222, 14]","[1, 415, 15]","[0, 52, 15]","[0, 52, 15]","[0, 573, 17]","[1, 83, 17]","[0, 52, 18]","[0, 305, 26]",110
"[1, 60, 0]","[0, 60, 4]","[1, 52, 4]","[1, 725, 5]","[0, 52, 6]","[0, 1500, 10]","[1, 52, 10]","[0, 1500, 10]","[1, 52, 10]","[0, 379, 10]","[1, 52, 10]","[1, 116, 16]","[1, 222, 17]","[1, 415, 17]","[0, 52, 18]","[0, 52, 18]","[0, 564, 19]","[0, 83, 20]","[1, 83, 29]","[0, 52, 31]",110
"[1, 60, 0]","[0, 60, 4]","[1, 52, 4]","[1, 725, 5]","[0, 52, 5]","[0, 1500, 10]","[1, 52, 10]","[0, 1500, 11]","[1, 52, 11]","[0, 380, 11]","[1, 52, 12]","[1, 116, 15]","[1, 222, 16]","[1, 415, 16]","[0, 52, 16]","[0, 52, 17]","[0, 573, 19]","[1, 83, 20]","[0, 52, 21]","[0, 258, 28]",110
"[1, 60, 0]","[0, 60, 5]","[1, 52, 5]","[1, 725, 5]","[0, 52, 7]","[0, 1500, 11]","[1, 52, 11]","[0, 1500, 11]","[1, 52, 11]","[0, 380, 11]","[1, 52, 11]","[1, 116, 15]","[1, 222, 15]","[1, 415, 15]","[0, 52, 15]","[0, 52, 15]","[0, 52, 15]","[0, 573, 17]","[1, 83, 18]","[0, 52, 19]",110
"[1, 60, 0]","[0, 60, 4]","[1, 52, 4]","[1, 725, 5]","[0, 52, 6]","[0, 1500, 10]","[1, 52, 10]","[0, 1500, 10]","[1, 52, 10]","[0, 379, 10]","[1, 52, 10]","[1, 116, 14]","[1, 222, 14]","[1, 415, 14]","[0, 52, 15]","[0, 52, 15]","[0, 573, 17]","[1, 83, 17]","[0, 52, 18]","[0, 258, 48]",110
"[1, 60, 0]","[0, 60, 4]","[1, 52, 4]","[1, 725, 5]","[0, 52, 6]","[0, 1500, 11]","[1, 52, 11]","[0, 1500, 11]","[1, 52, 11]","[0, 380, 11]","[1, 52, 11]","[1, 116, 18]","[1, 222, 18]","[1, 415, 18]","[0, 52, 19]","[0, 52, 19]","[0, 573, 21]","[1, 83, 21]","[0, 52, 22]","[0, 305, 30]",110
"[1, 60, 0]","[0, 60, 5]","[1, 52, 5]","[1, 725, 5]","[0, 52, 6]","[0, 1500, 11]","[1, 52, 11]","[0, 1500, 11]","[1, 52, 11]","[0, 380, 11]","[1, 52, 11]","[1, 116, 17]","[1, 222, 18]","[1, 415, 18]","[0, 52, 18]","[0, 52, 18]","[0, 52, 19]","[0, 564, 20]","[0, 83, 21]","[1, 83, 21]",110
"[1, 60, 0]","[0, 60, 5]","[1, 52, 5]","[1, 725, 6]","[0, 52, 7]","[0, 1500, 12]","[1, 52, 12]","[0, 1500, 12]","[1, 52, 12]","[0, 378, 12]","[1, 52, 12]","[1, 116, 17]","[1, 222, 18]","[1, 415, 18]","[0, 52, 19]","[0, 52, 19]","[0, 573, 21]","[1, 83, 21]","[0, 52, 22]","[0, 259, 80]",110
"[1, 60, 0]","[0, 60, 4]","[1, 52, 4]","[1, 725, 5]","[0, 52, 6]","[0, 1500, 11]","[1, 52, 11]","[0, 1500, 11]","[1, 52, 11]","[0, 380, 11]","[1, 52, 11]","[1, 116, 18]","[1, 222, 19]","[0, 52, 19]","[1, 415, 19]","[0, 52, 20]","[0, 564, 20]","[1, 83, 21]","[0, 83, 21]","[0, 52, 22]",110
"[1, 60, 0]","[0, 60, 5]","[1, 52, 5]","[1, 725, 5]","[0, 52, 6]","[0, 1500, 14]","[1, 52, 14]","[0, 1500, 14]","[1, 52, 14]","[0, 379, 15]","[1, 52, 15]","[1, 116, 19]","[1, 222, 19]","[1, 415, 20]","[0, 52, 20]","[0, 52, 20]","[0, 573, 22]","[1, 83, 23]","[0, 52, 23]","[0, 304, 30]",110
"[1, 60, 0]","[0, 60, 4]","[1, 52, 4]","[1, 725, 4]","[0, 52, 5]","[0, 1500, 10]","[1, 52, 10]","[0, 1500, 10]","[0, 380, 10]","[1, 52, 10]","[1, 52, 10]","[1, 116, 14]","[1, 222, 14]","[1, 415, 14]","[0, 52, 15]","[0, 52, 15]","[0, 564, 17]","[0, 83, 17]","[1, 83, 18]","[0, 52, 19]",110
"[1, 60, 0]","[0, 60, 4]","[1, 52, 4]","[1, 725, 5]","[0, 52, 6]","[0, 1500, 10]","[1, 52, 10]","[0, 1500, 10]","[1, 52, 10]","[0, 378, 10]","[1, 52, 10]","[1, 116, 13]","[1, 222, 13]","[1, 415, 13]","[0, 52, 14]","[0, 52, 14]","[0, 573, 16]","[1, 83, 16]","[0, 52, 17]","[0, 259, 28]",110
"[1, 60, 0]","[0, 60, 4]","[1, 52, 4]","[1, 725, 5]","[0, 52, 6]","[0, 1500, 9]","[1, 52, 9]","[0, 1500, 9]","[1, 52, 9]","[0, 379, 9]","[1, 52, 9]","[1, 116, 15]","[0, 52, 16]","[1, 222, 16]","[1, 415, 16]","[0, 52, 16]","[0, 564, 17]","[1, 83, 18]","[0, 83, 18]","[0, 52, 19]",110
"[1, 60, 0]","[0, 60, 4]","[1, 52, 4]","[1, 725, 4]","[0, 52, 6]","[0, 1500, 10]","[1, 52, 10]","[0, 1500, 10]","[1, 52, 10]","[0, 378, 11]","[1, 52, 11]","[1, 116, 14]","[1, 222, 14]","[1, 415, 14]","[0, 52, 15]","[0, 573, 17]","[1, 83, 17]","[0, 52, 18]","[0, 258, 25]","[0, 1500, 25]",110
"[1, 60, 0]","[0, 60, 5]","[1, 52, 5]","[1, 725, 7]","[0, 52, 8]","[0, 1500, 13]","[1, 52, 13]","[0, 1500, 13]","[1, 52, 13]","[0, 380, 13]","[1, 52, 13]","[1, 116, 21]","[1, 222, 21]","[1, 415, 21]","[0, 52, 22]","[0, 52, 22]","[0, 52, 22]","[0, 564, 23]","[1, 83, 23]","[0, 83, 24]",110
"[1, 60, 0]","[0, 60, 4]","[1, 52, 4]","[1, 725, 4]","[0, 52, 5]","[0, 1500, 8]","[1, 52, 8]","[0, 1500, 8]","[1, 52, 8]","[0, 378, 8]","[1, 52, 8]","[1, 116, 12]","[1, 222, 12]","[1, 415, 12]","[0, 52, 13]","[0, 52, 13]","[0, 573, 15]","[1, 83, 15]","[0, 52, 16]","[0, 259, 32]",110
"[1, 60, 0]","[0, 60, 4]","[1, 52, 4]","[1, 725, 5]","[0, 52, 5]","[0, 1500, 10]","[1, 52, 10]","[0, 1500, 10]","[1, 52, 10]","[0, 379, 10]","[1, 52, 10]","[1, 116, 12]","[1, 222, 13]","[1, 415, 13]","[0, 52, 14]","[0, 573, 15]","[1, 83, 16]","[0, 52, 16]","[0, 304, 23]","[0, 1500, 23]",110
"[1, 60, 0]","[0, 60, 3]","[1, 52, 3]","[1, 725, 4]","[0, 52, 6]","[0, 1500, 9]","[1, 52, 9]","[0, 1500, 9]","[1, 52, 9]","[0, 379, 9]","[1, 52, 9]","[1, 116, 13]","[1, 222, 13]","[1, 415, 13]","[0, 52, 13]","[0, 52, 14]","[0, 52, 14]","[0, 564, 15]","[1, 83, 16]","[0, 83, 17]",110
"[1, 60, 0]","[0, 60, 5]","[1, 52, 5]","[1, 725, 6]","[0, 52, 6]","[0, 1500, 10]","[1, 52, 10]","[0, 1500, 10]","[1, 52, 10]","[0, 379, 10]","[1, 52, 10]","[1, 116, 13]","[1, 222, 13]","[1, 415, 13]","[0, 52, 15]","[0, 52, 16]","[0, 564, 17]","[1, 83, 17]","[0, 52, 18]","[0, 83, 18]",110
"[1, 60, 0]","[0, 60, 5]","[1, 52, 5]","[1, 725, 5]","[0, 52, 7]","[0, 1500, 12]","[1, 52, 12]","[0, 1500, 12]","[1, 52, 12]","[0, 378, 12]","[1, 52, 12]","[1, 116, 17]","[1, 222, 18]","[1, 415, 18]","[0, 52, 18]","[0, 52, 19]","[0, 52, 19]","[0, 564, 21]","[0, 83, 21]","[1, 83, 21]",110
"[1, 60, 0]","[0, 60, 4]","[1, 52, 4]","[1, 725, 5]","[0, 52, 7]","[0, 1500, 12]","[1, 52, 12]","[0, 1500, 12]","[1, 52, 12]","[0, 378, 12]","[1, 52, 12]","[1, 116, 20]","[1, 222, 20]","[1, 415, 20]","[0, 52, 22]","[0, 52, 22]","[0, 52, 22]","[0, 573, 25]","[1, 83, 25]","[0, 52, 26]",110
"[1, 60, 0]","[0, 60, 4]","[1, 52, 4]","[1, 725, 6]","[0, 52, 8]","[0, 1500, 12]","[1, 52, 12]","[0, 1500, 12]","[1, 52, 12]","[0, 378, 12]","[1, 52, 12]","[1, 116, 15]","[1, 222, 15]","[1, 415, 15]","[0, 52, 15]","[0, 52, 16]","[0, 52, 16]","[0, 564, 17]","[0, 83, 17]","[1, 83, 17]",110
"[1, 60, 0]","[0, 60, 4]","[1, 52, 4]","[1, 725, 5]","[0, 52, 6]","[0, 1500, 9]","[1, 52, 9]","[0, 1500, 10]","[1, 52, 10]","[0, 378, 10]","[1, 52, 10]","[1, 116, 13]","[1, 222, 14]","[1, 415, 14]","[0, 52, 14]","[0, 52, 15]","[0, 564, 16]","[0, 83, 17]","[1, 83, 17]","[0, 52, 18]",110
"[1, 60, 0]","[0, 60, 5]","[1, 52, 5]","[1, 725, 5]","[0, 52, 6]","[0, 1500, 11]","[1, 52, 11]","[0, 1500, 11]","[1, 52, 11]","[0, 379, 12]","[1, 52, 12]","[1, 116, 14]","[1, 222, 15]","[1, 415, 15]","[0, 52, 16]","[0, 573, 17]","[1, 83, 18]","[0, 52, 18]","[0, 259, 27]","[0, 1443, 27]",110
"[1, 60, 0]","[0, 60, 4]","[1, 52, 5]","[1, 725, 5]","[0, 52, 6]","[0, 1500, 10]","[1, 52, 11]","[0, 1500, 11]","[1, 52, 11]","[0, 379, 11]","[1, 52, 11]","[1, 116, 15]","[1, 222, 16]","[1, 415, 16]","[0, 52, 16]","[0, 52, 16]","[0, 52, 16]","[0, 573, 18]","[1, 83, 18]","[0, 52, 19]",110
"[1, 60, 0]","[0, 60, 9]","[1, 52, 9]","[1, 725, 10]","[0, 52, 10]","[0, 1500, 14]","[1, 52, 14]","[0, 1500, 14]","[1, 52, 14]","[0, 378, 14]","[1, 52, 14]","[1, 116, 18]","[1, 222, 18]","[1, 415, 18]","[0, 52, 19]","[0, 52, 19]","[0, 52, 19]","[0, 564, 21]","[0, 83, 21]","[1, 83, 21]",110
"[1, 60, 0]","[0, 60, 12]","[1, 52, 12]","[1, 725, 13]","[0, 52, 20]","[0, 1500, 28]","[1, 52, 28]","[0, 1500, 28]","[1, 52, 28]","[0, 379, 28]","[1, 52, 28]","[1, 116, 32]","[1, 222, 32]","[1, 415, 33]","[0, 52, 38]","[0, 52, 38]","[0, 52, 39]","[0, 564, 46]","[0, 83, 46]","[1, 83, 46]",110
"[1, 60, 0]","[0, 60, 4]","[1, 52, 4]","[1, 725, 5]","[0, 52, 5]","[0, 1500, 9]","[1, 52, 9]","[0, 1500, 9]","[1, 52, 9]","[0, 379, 9]","[1, 52, 9]","[1, 116, 12]","[1, 222, 13]","[1, 415, 13]","[0, 52, 13]","[0, 52, 13]","[0, 564, 15]","[0, 83, 15]","[1, 83, 15]","[0, 52, 16]",110
"[1, 60, 0]","[0, 60, 4]","[1, 52, 4]","[1, 725, 5]","[0, 52, 6]","[0, 1500, 10]","[1, 52, 10]","[0, 1500, 10]","[1, 52, 10]","[0, 379, 10]","[1, 52, 10]","[1, 116, 14]","[0, 52, 15]","[1, 222, 15]","[1, 415, 15]","[0, 52, 16]","[0, 52, 16]","[0, 564, 17]","[1, 83, 18]","[0, 83, 18]",110
"[1, 60, 0]","[0, 60, 3]","[1, 52, 3]","[1, 725, 4]","[0, 52, 5]","[0, 1500, 8]","[1, 52, 8]","[0, 1500, 9]","[1, 52, 9]","[0, 379, 10]","[1, 52, 10]","[1, 116, 12]","[1, 222, 13]","[1, 415, 13]","[0, 52, 14]","[0, 52, 14]","[0, 52, 15]","[0, 564, 15]","[1, 83, 16]","[0, 83, 16]",110
"[1, 60, 0]","[0, 60, 5]","[1, 52, 5]","[1, 725, 5]","[0, 52, 7]","[0, 1500, 10]","[1, 52, 10]","[0, 1500, 10]","[1, 52, 10]","[0, 379, 10]","[1, 52, 10]","[1, 116, 14]","[1, 222, 14]","[1, 415, 14]","[0, 52, 14]","[0, 52, 15]","[0, 564, 16]","[0, 83, 16]","[1, 83, 17]","[0, 52, 17]",110
"[1, 60, 0]","[0, 60, 4]","[1, 52, 4]","[1, 725, 4]","[0, 52, 5]","[0, 1500, 10]","[1, 52, 10]","[0, 1500, 10]","[1, 52, 10]","[0, 380, 10]","[1, 52, 10]","[1, 116, 15]","[1, 222, 16]","[1, 415, 16]","[0, 52, 17]","[0, 52, 17]","[0, 52, 17]","[0, 564, 18]","[0, 83, 18]","[1, 83, 18]",110
"[1, 60, 0]","[0, 60, 4]","[1, 52, 4]","[1, 725, 6]","[0, 52, 7]","[0, 1500, 10]","[1, 52, 11]","[0, 1500, 11]","[1, 52, 11]","[0, 378, 11]","[1, 52, 11]","[1, 116, 15]","[1, 222, 15]","[1, 415, 16]","[0, 52, 16]","[0, 52, 16]","[0, 573, 18]","[1, 83, 18]","[0, 52, 19]","[0, 304, 29]",110
"[1, 60, 0]","[0, 60, 4]","[1, 52, 4]","[1, 725, 5]","[0, 52, 6]","[0, 1500, 11]","[1, 52, 11]","[0, 1500, 11]","[1, 52, 11]","[0, 379, 11]","[1, 52, 11]","[1, 116, 14]","[1, 222, 14]","[1, 415, 14]","[0, 52, 16]","[0, 52, 16]","[0, 564, 18]","[1, 83, 18]","[0, 83, 18]","[0, 52, 19]",110
"[1, 64, 0]","[0, 60, 4]","[1, 52, 5]","[1, 1500, 6]","[1, 339, 6]","[0, 52, 7]","[0, 52, 7]","[0, 1500, 13]","[0, 1500, 13]","[0, 678, 13]","[1, 52, 14]","[1, 116, 25]","[1, 150, 25]","[0, 52, 26]","[0, 52, 26]","[1, 532, 27]","[0, 52, 28]","[0, 573, 28]","[1, 52, 29]","[1, 83, 30]",321
"[1, 64, 0]","[0, 60, 4]","[1, 52, 4]","[1, 1500, 5]","[1, 339, 5]","[0, 52, 6]","[0, 1500, 10]","[0, 1500, 10]","[0, 680, 10]","[1, 52, 10]","[1, 116, 22]","[1, 150, 22]","[0, 52, 23]","[0, 52, 23]","[1, 532, 23]","[0, 52, 24]","[0, 564, 25]","[0, 83, 25]","[1, 52, 25]","[1, 83, 26]",321
"[1, 64, 0]","[0, 60, 5]","[1, 52, 6]","[1, 1500, 7]","[1, 339, 7]","[0, 52, 8]","[0, 1500, 13]","[0, 1500, 13]","[1, 52, 14]","[0, 680, 14]","[1, 52, 15]","[1, 116, 37]","[1, 150, 37]","[1, 532, 38]","[0, 52, 38]","[0, 52, 38]","[0, 52, 39]","[0, 573, 40]","[1, 52, 40]","[1, 83, 40]",321
"[1, 64, 0]","[0, 60, 4]","[1, 52, 4]","[1, 1500, 5]","[1, 403, 5]","[0, 52, 5]","[0, 1500, 10]","[0, 1500, 10]","[0, 678, 10]","[1, 52, 10]","[1, 52, 10]","[1, 116, 26]","[0, 52, 27]","[0, 564, 29]","[1, 52, 30]","[1, 150, 39]","[1, 83, 40]","[0, 52, 40]","[1, 532, 40]","[0, 52, 41]",321
"[1, 64, 0]","[0, 60, 4]","[1, 52, 4]","[1, 1500, 6]","[1, 403, 6]","[0, 52, 7]","[0, 52, 7]","[0, 1500, 12]","[0, 1500, 12]","[0, 679, 12]","[1, 52, 12]","[1, 116, 31]","[0, 52, 32]","[0, 564, 34]","[1, 52, 35]","[1, 150, 78]","[1, 83, 78]","[0, 52, 79]","[1, 532, 79]","[0, 52, 79]",321
"[1, 64, 0]","[0, 60, 5]","[1, 52, 5]","[1, 1500, 6]","[1, 371, 6]","[0, 52, 7]","[0, 52, 7]","[0, 1500, 12]","[0, 1500, 13]","[1, 52, 13]","[0, 679, 13]","[1, 52, 14]","[1, 116, 29]","[1, 150, 30]","[1, 532, 30]","[0, 52, 30]","[0, 52, 31]","[0, 52, 31]","[0, 573, 32]","[1, 52, 32]",321
"[1, 64, 0]","[0, 60, 4]","[1, 52, 5]","[1, 1500, 6]","[1, 403, 6]","[0, 52, 7]","[0, 1500, 13]","[0, 1500, 13]","[0, 679, 13]","[1, 52, 13]","[1, 116, 58]","[1, 150, 59]","[0, 52, 59]","[0, 52, 60]","[1, 532, 60]","[0, 564, 61]","[0, 52, 61]","[0, 83, 61]","[1, 52, 61]","[1, 52, 62]",321
"[1, 64, 0]","[0, 60, 4]","[1, 52, 5]","[1, 1500, 5]","[1, 435, 5]","[0, 52, 6]","[0, 52, 6]","[0, 1500, 11]","[0, 1500, 11]","[0, 678, 11]","[1, 52, 11]","[1, 52, 12]","[1, 116, 35]","[1, 150, 36]","[0, 52, 36]","[1, 532, 37]","[0, 52, 37]","[0, 52, 38]","[0, 564, 38]","[1, 52, 38]",321
"[1, 64, 0]","[0, 60, 5]","[1, 52, 6]","[1, 1500, 7]","[1, 435, 7]","[0, 52, 8]","[0, 1500, 12]","[0, 1500, 12]","[0, 679, 12]","[1, 52, 12]","[1, 116, 38]","[0, 52, 39]","[0, 564, 41]","[1, 52, 41]","[1, 150, 89]","[1, 83, 90]","[1, 532, 90]","[0, 52, 90]","[0, 52, 91]","[0, 52, 91]",321
"[1, 64, 0]","[0, 60, 4]","[1, 52, 5]","[1, 1500, 5]","[1, 371, 5]","[0, 52, 6]","[0, 52, 6]","[0, 1500, 10]","[0, 1500, 11]","[0, 679, 11]","[1, 52, 11]","[1, 52, 11]","[1, 116, 21]","[1, 150, 22]","[0, 52, 22]","[0, 52, 23]","[1, 532, 23]","[0, 564, 24]","[0, 52, 24]","[0, 83, 24]",321
"[1, 64, 0]","[0, 60, 5]","[1, 52, 5]","[1, 1500, 6]","[1, 435, 6]","[0, 52, 6]","[0, 52, 6]","[0, 1500, 12]","[0, 1500, 12]","[0, 678, 12]","[1, 52, 13]","[1, 116, 16]","[1, 150, 16]","[1, 532, 17]","[0, 52, 17]","[0, 52, 17]","[0, 52, 18]","[0, 564, 19]","[0, 83, 19]","[1, 52, 19]",321
"[1, 64, 0]","[0, 60, 4]","[1, 52, 5]","[1, 1500, 5]","[1, 371, 5]","[0, 52, 6]","[0, 1500, 10]","[0, 1500, 10]","[0, 678, 10]","[1, 52, 11]","[1, 116, 26]","[1, 150, 27]","[1, 532, 28]","[0, 52, 28]","[0, 52, 28]","[0, 52, 29]","[0, 573, 30]","[1, 52, 30]","[1, 83, 31]","[0, 52, 32]",321
"[1, 64, 0]","[0, 60, 4]","[1, 52, 5]","[1, 1500, 6]","[1, 435, 6]","[0, 52, 6]","[0, 52, 7]","[0, 1500, 11]","[0, 1500, 11]","[0, 678, 11]","[1, 52, 11]","[1, 116, 19]","[1, 150, 19]","[0, 52, 20]","[0, 52, 20]","[1, 532, 21]","[0, 595, 22]","[0, 52, 22]","[1, 52, 22]","[1, 83, 23]",321
"[1, 64, 0]","[0, 60, 4]","[1, 52, 5]","[1, 1500, 5]","[1, 435, 5]","[0, 52, 6]","[0, 1500, 12]","[0, 1500, 12]","[0, 679, 12]","[1, 52, 12]","[1, 116, 26]","[1, 150, 26]","[0, 52, 27]","[0, 52, 27]","[0, 564, 28]","[0, 83, 28]","[1, 52, 29]","[1, 532, 29]","[1, 83, 29]","[0, 52, 29]",321
"[1, 64, 0]","[0, 60, 4]","[1, 52, 4]","[1, 1500, 4]","[1, 371, 4]","[0, 52, 5]","[0, 52, 5]","[0, 1500, 10]","[0, 1500, 10]","[0, 678, 10]","[1, 52, 10]","[1, 116, 18]","[1, 150, 18]","[0, 52, 19]","[0, 52, 19]","[1, 532, 19]","[0, 52, 20]","[0, 595, 21]","[1, 52, 21]","[1, 83, 21]",321
"[1, 64, 0]","[0, 60, 5]","[1, 52, 5]","[1, 1500, 6]","[1, 371, 6]","[0, 52, 6]","[0, 1500, 12]","[0, 1500, 12]","[0, 679, 12]","[1, 52, 12]","[1, 116, 31]","[1, 150, 32]","[0, 52, 32]","[1, 532, 32]","[0, 52, 33]","[0, 52, 33]","[0, 564, 34]","[1, 52, 34]","[0, 83, 34]","[1, 52, 35]",321
"[1, 64, 0]","[0, 60, 4]","[1, 52, 4]","[1, 1500, 5]","[1, 371, 5]","[0, 52, 6]","[0, 52, 6]","[0, 1500, 11]","[0, 1500, 11]","[0, 680, 11]","[1, 52, 11]","[1, 116, 20]","[1, 150, 20]","[1, 532, 21]","[0, 52, 21]","[0, 52, 21]","[0, 52, 21]","[0, 564, 22]","[1, 52, 23]","[0, 83, 23]",321
"[1, 64, 0]","[0, 60, 5]","[1, 52, 5]","[1, 1500, 5]","[1, 371, 5]","[0, 52, 6]","[0, 52, 6]","[0, 1500, 11]","[0, 1500, 12]","[1, 52, 12]","[0, 679, 12]","[1, 52, 12]","[1, 116, 19]","[1, 150, 20]","[1, 532, 21]","[0, 52, 21]","[0, 52, 21]","[0, 52, 21]","[0, 564, 23]","[0, 83, 23]",321
"[1, 64, 0]","[0, 60, 4]","[1, 52, 5]","[1, 1500, 6]","[1, 403, 6]","[0, 52, 6]","[0, 52, 6]","[0, 1500, 11]","[0, 1500, 11]","[0, 679, 11]","[1, 52, 11]","[1, 116, 24]","[1, 150, 25]","[0, 52, 26]","[1, 532, 26]","[0, 52, 26]","[0, 52, 27]","[0, 564, 27]","[1, 52, 27]","[0, 83, 28]",321
"[1, 64, 0]","[0, 60, 4]","[1, 52, 4]","[1, 1500, 5]","[1, 371, 5]","[0, 52, 6]","[0, 1500, 10]","[0, 1500, 10]","[0, 678, 10]","[1, 52, 10]","[1, 52, 10]","[1, 116, 32]","[1, 150, 33]","[1, 532, 33]","[0, 52, 34]","[0, 52, 34]","[0, 52, 34]","[0, 573, 35]","[1, 52, 36]","[1, 83, 36]",321
"[1, 64, 0]","[0, 60, 5]","[1, 52, 5]","[1, 1500, 6]","[1, 339, 6]","[0, 52, 7]","[0, 52, 7]","[0, 1500, 11]","[0, 1500, 11]","[0, 679, 11]","[1, 52, 11]","[1, 116, 28]","[1, 150, 28]","[0, 52, 28]","[1, 532, 29]","[0, 52, 29]","[0, 52, 30]","[0, 564, 30]","[1, 52, 30]","[0, 83, 31]",321
"[1, 64, 0]","[0, 60, 4]","[1, 52, 5]","[1, 1500, 5]","[1, 371, 5]","[0, 52, 6]","[0, 1500, 12]","[0, 1500, 12]","[0, 679, 12]","[1, 52, 13]","[1, 116, 24]","[0, 52, 24]","[0, 564, 26]","[1, 52, 26]","[1, 150, 30]","[1, 83, 31]","[0, 52, 31]","[1, 532, 31]","[0, 52, 32]","[0, 52, 32]",321
"[1, 64, 0]","[0, 60, 4]","[1, 52, 5]","[1, 1500, 5]","[1, 371, 5]","[0, 52, 6]","[0, 52, 6]","[0, 1500, 12]","[0, 1500, 13]","[1, 52, 13]","[0, 680, 13]","[1, 52, 13]","[1, 116, 20]","[1, 150, 20]","[0, 52, 20]","[0, 52, 21]","[1, 532, 21]","[0, 52, 22]","[0, 564, 22]","[0, 83, 22]",321
"[1, 64, 0]","[0, 60, 5]","[1, 52, 5]","[1, 1500, 5]","[1, 371, 5]","[0, 52, 6]","[0, 52, 6]","[0, 1500, 12]","[0, 1500, 12]","[0, 680, 12]","[1, 52, 12]","[1, 116, 18]","[1, 150, 18]","[0, 52, 19]","[0, 52, 19]","[1, 532, 19]","[0, 52, 20]","[0, 564, 21]","[1, 52, 21]","[0, 83, 22]",321
"[1, 64, 0]","[0, 60, 4]","[1, 52, 5]","[1, 1500, 6]","[1, 371, 6]","[0, 52, 8]","[0, 52, 8]","[0, 1500, 15]","[0, 1500, 15]","[0, 679, 15]","[1, 52, 15]","[1, 116, 38]","[1, 150, 38]","[1, 532, 39]","[0, 52, 39]","[0, 52, 40]","[0, 52, 40]","[0, 573, 41]","[1, 52, 41]","[1, 83, 41]",321
"[1, 64, 0]","[0, 60, 4]","[1, 52, 4]","[1, 1500, 5]","[1, 403, 5]","[0, 52, 6]","[0, 52, 6]","[0, 1500, 12]","[0, 1500, 12]","[1, 52, 12]","[0, 679, 12]","[1, 52, 12]","[1, 116, 43]","[1, 150, 44]","[0, 52, 44]","[0, 52, 44]","[1, 532, 45]","[0, 564, 46]","[0, 83, 46]","[0, 52, 46]",321
"[1, 64, 0]","[0, 60, 5]","[1, 52, 6]","[1, 1500, 6]","[1, 339, 6]","[0, 52, 7]","[0, 52, 7]","[0, 1500, 13]","[0, 1500, 13]","[0, 679, 13]","[1, 52, 13]","[1, 116, 38]","[1, 150, 39]","[0, 52, 39]","[1, 532, 39]","[0, 52, 39]","[0, 52, 40]","[0, 564, 41]","[0, 83, 41]","[1, 52, 41]",321
"[1, 64, 0]","[0, 60, 4]","[1, 52, 4]","[1, 1500, 5]","[1, 339, 5]","[0, 52, 6]","[0, 1500, 11]","[0, 1500, 11]","[0, 679, 11]","[1, 52, 12]","[1, 116, 49]","[1, 150, 50]","[0, 52, 51]","[1, 532, 51]","[0, 52, 51]","[0, 52, 52]","[0, 564, 52]","[0, 83, 52]","[1, 52, 53]","[1, 83, 53]",321
"[1, 64, 0]","[0, 60, 14]","[1, 52, 15]","[1, 1500, 16]","[1, 371, 16]","[0, 52, 18]","[0, 52, 18]","[0, 1500, 23]","[0, 1500, 23]","[0, 678, 23]","[1, 52, 24]","[1, 116, 26]","[1, 150, 26]","[1, 532, 27]","[0, 52, 33]","[0, 52, 33]","[0, 52, 33]","[0, 564, 41]","[0, 83, 41]","[1, 52, 41]",321
"[1, 64, 0]","[0, 60, 3]","[1, 52, 4]","[1, 1500, 4]","[1, 371, 4]","[0, 52, 5]","[0, 52, 5]","[0, 1500, 12]","[0, 1500, 12]","[0, 678, 12]","[1, 52, 12]","[1, 116, 37]","[1, 150, 37]","[1, 532, 38]","[0, 52, 38]","[0, 52, 39]","[0, 573, 40]","[1, 52, 40]","[1, 83, 41]","[0, 52, 42]",321
"[1, 64, 0]","[0, 60, 4]","[1, 52, 4]","[1, 1500, 5]","[1, 339, 5]","[0, 52, 6]","[0, 52, 6]","[0, 1500, 10]","[0, 1500, 11]","[0, 680, 11]","[1, 52, 11]","[1, 116, 16]","[1, 150, 17]","[0, 52, 17]","[0, 52, 18]","[1, 532, 18]","[0, 564, 19]","[0, 83, 19]","[0, 52, 19]","[1, 52, 19]",321
"[1, 64, 0]","[0, 60, 5]","[1, 52, 5]","[1, 1500, 6]","[1, 435, 6]","[0, 52, 7]","[0, 1500, 12]","[0, 1500, 12]","[0, 679, 12]","[1, 52, 12]","[1, 116, 38]","[1, 150, 38]","[1, 532, 39]","[0, 52, 39]","[0, 52, 39]","[0, 52, 40]","[0, 564, 41]","[0, 83, 41]","[1, 52, 42]","[1, 52, 42]",321
"[1, 64, 0]","[0, 60, 4]","[1, 52, 5]","[1, 1500, 5]","[1, 403, 5]","[0, 52, 6]","[0, 1500, 10]","[1, 52, 11]","[0, 1500, 11]","[0, 680, 11]","[1, 52, 11]","[1, 116, 35]","[1, 150, 35]","[0, 52, 35]","[1, 532, 36]","[0, 52, 36]","[0, 52, 37]","[0, 564, 37]","[0, 83, 37]","[1, 52, 38]",321
"[1, 64, 0]","[0, 60, 5]","[1, 52, 6]","[1, 1500, 6]","[1, 403, 6]","[0, 52, 7]","[0, 52, 7]","[0, 1500, 12]","[0, 1500, 12]","[0, 680, 12]","[1, 52, 12]","[1, 116, 31]","[1, 150, 32]","[1, 532, 32]","[0, 52, 32]","[0, 52, 33]","[0, 52, 33]","[0, 564, 34]","[0, 83, 34]","[1, 52, 35]",321
"[1, 64, 0]","[0, 60, 4]","[1, 52, 4]","[1, 1500, 5]","[1, 435, 5]","[0, 52, 5]","[0, 52, 6]","[0, 1500, 12]","[0, 1500, 12]","[0, 679, 12]","[1, 52, 12]","[1, 116, 20]","[1, 150, 20]","[0, 52, 21]","[0, 52, 21]","[1, 532, 21]","[0, 564, 22]","[0, 52, 22]","[0, 83, 22]","[1, 52, 23]",321
"[1, 64, 0]","[0, 60, 4]","[1, 52, 4]","[1, 1500, 5]","[1, 435, 5]","[0, 52, 6]","[0, 52, 6]","[0, 1500, 11]","[0, 1500, 11]","[0, 678, 11]","[1, 52, 12]","[1, 116, 18]","[1, 150, 18]","[1, 532, 18]","[0, 52, 19]","[0, 52, 19]","[0, 52, 19]","[0, 573, 21]","[1, 52, 21]","[1, 83, 22]",321
"[1, 64, 0]","[0, 60, 4]","[1, 52, 4]","[1, 1500, 5]","[1, 371, 5]","[0, 52, 6]","[0, 52, 6]","[0, 1500, 10]","[0, 1500, 11]","[0, 679, 11]","[1, 52, 11]","[1, 116, 19]","[1, 150, 19]","[0, 52, 19]","[1, 532, 20]","[0, 52, 20]","[0, 52, 20]","[0, 573, 21]","[1, 52, 21]","[1, 83, 22]",321
"[1, 64, 0]","[0, 60, 4]","[1, 52, 4]","[1, 1500, 5]","[1, 403, 5]","[0, 52, 5]","[0, 52, 6]","[0, 1500, 9]","[0, 1500, 9]","[1, 52, 9]","[1, 52, 10]","[0, 679, 10]","[1, 52, 10]","[1, 116, 16]","[1, 150, 17]","[1, 532, 17]","[0, 52, 18]","[0, 52, 18]","[0, 52, 18]","[0, 573, 20]",321
"[1, 64, 0]","[0, 60, 5]","[1, 52, 5]","[1, 1500, 6]","[1, 403, 6]","[0, 52, 6]","[0, 52, 6]","[0, 1500, 11]","[0, 1500, 11]","[0, 679, 11]","[1, 52, 11]","[1, 116, 31]","[1, 150, 31]","[1, 532, 32]","[0, 52, 32]","[0, 52, 32]","[0, 52, 33]","[0, 573, 34]","[1, 52, 34]","[1, 83, 35]",321
"[1, 64, 0]","[0, 60, 4]","[1, 52, 4]","[1, 1500, 5]","[1, 403, 5]","[0, 52, 6]","[0, 52, 6]","[0, 1500, 11]","[0, 1500, 11]","[0, 678, 11]","[1, 52, 11]","[1, 116, 17]","[1, 150, 17]","[1, 532, 17]","[0, 52, 18]","[0, 52, 18]","[0, 573, 19]","[1, 52, 20]","[1, 83, 20]","[0, 52, 21]",321
"[1, 64, 0]","[0, 60, 4]","[1, 52, 5]","[1, 1500, 6]","[1, 371, 6]","[0, 52, 7]","[0, 52, 7]","[0, 1500, 12]","[0, 1500, 12]","[0, 678, 12]","[1, 52, 13]","[1, 116, 23]","[1, 150, 24]","[1, 532, 25]","[0, 52, 25]","[0, 52, 25]","[0, 52, 25]","[0, 564, 27]","[0, 83, 27]","[1, 52, 27]",321
"[1, 64, 0]","[0, 60, 4]","[1, 52, 5]","[1, 1500, 6]","[1, 435, 6]","[0, 52, 7]","[0, 52, 7]","[0, 1500, 12]","[0, 1500, 12]","[0, 679, 12]","[1, 52, 12]","[1, 116, 18]","[1, 150, 19]","[0, 52, 19]","[1, 532, 19]","[0, 52, 19]","[0, 52, 20]","[0, 573, 21]","[1, 52, 21]","[1, 83, 22]",321
"[1, 64, 0]","[0, 60, 5]","[1, 52, 5]","[1, 1500, 6]","[1, 435, 6]","[0, 52, 7]","[0, 52, 7]","[0, 1500, 11]","[1, 52, 12]","[0, 1500, 12]","[0, 678, 12]","[1, 52, 12]","[1, 52, 12]","[1, 116, 17]","[0, 52, 18]","[0, 564, 20]","[1, 52, 20]","[1, 150, 754]","[1, 83, 755]","[1, 532, 755]",321
"[1, 64, 0]","[0, 60, 5]","[1, 52, 6]","[1, 1500, 10]","[1, 403, 10]","[0, 52, 12]","[0, 52, 12]","[0, 1500, 18]","[0, 1500, 18]","[0, 678, 18]","[1, 52, 19]","[1, 116, 67]","[1, 150, 67]","[0, 52, 67]","[1, 532, 68]","[0, 52, 69]","[0, 564, 69]","[1, 52, 70]","[0, 83, 70]","[1, 83, 70]",321
"[1, 64, 0]","[0, 60, 5]","[1, 52, 5]","[1, 1500, 6]","[1, 339, 6]","[0, 52, 7]","[0, 52, 7]","[0, 1500, 11]","[0, 1500, 11]","[0, 679, 11]","[1, 52, 11]","[1, 116, 17]","[1, 150, 17]","[1, 532, 18]","[0, 52, 18]","[0, 52, 18]","[0, 573, 20]","[1, 52, 20]","[1, 83, 21]","[0, 52, 22]",321
"[1, 64, 0]","[0, 60, 5]","[1, 52, 5]","[1, 1500, 7]","[1, 403, 7]","[0, 52, 8]","[0, 52, 8]","[0, 1500, 13]","[0, 1500, 13]","[0, 680, 13]","[1, 52, 14]","[1, 116, 18]","[1, 150, 19]","[0, 52, 19]","[1, 532, 19]","[0, 52, 20]","[0, 52, 20]","[0, 564, 20]","[1, 52, 21]","[0, 83, 21]",321
"[1, 64, 0]","[0, 60, 4]","[1, 52, 4]","[1, 1500, 4]","[1, 339, 4]","[0, 52, 5]","[0, 52, 6]","[0, 1500, 11]","[0, 1500, 11]","[0, 679, 11]","[1, 52, 11]","[1, 52, 12]","[1, 116, 21]","[1, 150, 21]","[1, 532, 21]","[0, 52, 22]","[0, 52, 22]","[0, 573, 24]","[1, 52, 24]","[1, 83, 24]",321
"[1, 64, 0]","[0, 60, 4]","[1, 52, 5]","[1, 1500, 6]","[1, 403, 6]","[0, 52, 6]","[0, 52, 7]","[0, 1500, 11]","[0, 1500, 11]","[0, 679, 11]","[1, 52, 12]","[1, 116, 31]","[1, 150, 32]","[0, 52, 32]","[0, 52, 33]","[1, 532, 33]","[0, 564, 34]","[0, 52, 34]","[0, 83, 34]","[1, 52, 34]",321
"[1, 64, 0]","[0, 60, 4]","[1, 52, 5]","[1, 1500, 6]","[1, 339, 6]","[0, 52, 7]","[0, 1500, 12]","[0, 1500, 12]","[0, 678, 12]","[1, 52, 12]","[1, 116, 34]","[1, 150, 35]","[1, 532, 35]","[0, 52, 35]","[0, 52, 35]","[0, 52, 36]","[0, 573, 37]","[1, 52, 38]","[1, 83, 38]","[0, 52, 39]",321
"[1, 64, 0]","[0, 60, 4]","[1, 52, 5]","[1, 1500, 6]","[1, 371, 6]","[0, 52, 7]","[0, 1500, 12]","[0, 1500, 12]","[0, 679, 12]","[1, 52, 13]","[1, 116, 32]","[0, 52, 33]","[0, 564, 35]","[1, 52, 35]","[1, 150, 47]","[1, 83, 47]","[0, 52, 47]","[1, 532, 48]","[0, 52, 48]","[0, 52, 48]",321
"[1, 64, 0]","[0, 60, 5]","[1, 52, 5]","[1, 1500, 6]","[1, 339, 6]","[0, 52, 7]","[0, 52, 7]","[0, 1500, 13]","[0, 1500, 13]","[0, 679, 13]","[1, 52, 13]","[1, 116, 20]","[0, 52, 21]","[0, 564, 24]","[1, 52, 25]","[1, 150, 36]","[1, 83, 37]","[1, 532, 37]","[0, 52, 37]","[0, 52, 38]",321
"[1, 64, 0]","[0, 60, 4]","[1, 52, 4]","[1, 1500, 5]","[1, 371, 5]","[0, 52, 6]","[0, 52, 6]","[0, 1500, 11]","[0, 1500, 11]","[0, 679, 11]","[1, 52, 11]","[1, 52, 11]","[1, 116, 28]","[0, 52, 29]","[0, 564, 31]","[1, 52, 32]","[1, 150, 66]","[1, 83, 66]","[1, 532, 66]","[0, 52, 66]",321
"[1, 64, 0]","[0, 60, 4]","[1, 52, 5]","[1, 1500, 6]","[1, 435, 6]","[0, 52, 7]","[0, 1500, 11]","[0, 1500, 11]","[0, 679, 11]","[1, 52, 11]","[1, 116, 46]","[1, 150, 47]","[0, 52, 47]","[1, 532, 48]","[0, 52, 48]","[0, 52, 48]","[0, 564, 50]","[0, 83, 50]","[1, 52, 50]","[1, 52, 51]",321
"[1, 64, 0]","[0, 60, 4]","[1, 52, 5]","[1, 1500, 5]","[1, 435, 5]","[0, 52, 6]","[0, 1500, 11]","[0, 1500, 11]","[0, 680, 11]","[1, 52, 11]","[1, 52, 12]","[1, 116, 27]","[1, 150, 27]","[1, 532, 28]","[0, 52, 28]","[0, 52, 28]","[0, 573, 30]","[1, 52, 31]","[1, 83, 31]","[0, 52, 32]",321
"[1, 64, 0]","[0, 60, 5]","[1, 52, 5]","[1, 1500, 6]","[1, 339, 6]","[0, 52, 7]","[0, 52, 7]","[0, 1500, 12]","[1, 52, 12]","[0, 1500, 12]","[0, 678, 12]","[1, 52, 12]","[1, 52, 12]","[1, 116, 41]","[0, 52, 42]","[0, 564, 44]","[1, 52, 45]","[1, 150, 214]","[0, 52, 215]","[1, 83, 215]",321
"[1, 64, 0]","[0, 60, 4]","[1, 52, 4]","[1, 1500, 5]","[1, 371, 5]","[0, 52, 6]","[0, 1500, 11]","[0, 1500, 11]","[0, 679, 11]","[1, 52, 12]","[1, 116, 19]","[1, 150, 19]","[1, 532, 19]","[0, 52, 20]","[0, 52, 20]","[0, 573, 22]","[1, 52, 22]","[1, 83, 22]","[0, 52, 23]","[0, 304, 30]",321
"[1, 64, 0]","[0, 60, 4]","[1, 52, 4]","[1, 1500, 5]","[1, 403, 5]","[0, 52, 6]","[0, 52, 6]","[0, 1500, 11]","[0, 1500, 11]","[0, 679, 11]","[1, 52, 12]","[1, 116, 15]","[1, 150, 15]","[1, 532, 16]","[0, 52, 16]","[0, 52, 16]","[0, 52, 16]","[0, 573, 18]","[1, 52, 18]","[1, 83, 19]",321
"[1, 64, 0]","[0, 60, 3]","[1, 52, 4]","[1, 1500, 5]","[1, 339, 5]","[0, 52, 5]","[0, 52, 6]","[0, 1500, 9]","[0, 1500, 9]","[0, 678, 9]","[1, 52, 9]","[1, 116, 15]","[0, 52, 16]","[0, 564, 17]","[1, 52, 18]","[1, 150, 208]","[1, 83, 209]","[0, 52, 209]","[1, 532, 209]","[0, 52, 210]",321
"[1, 64, 0]","[0, 60, 5]","[1, 52, 5]","[1, 1500, 8]","[1, 371, 8]","[0, 52, 8]","[0, 52, 8]","[0, 1500, 13]","[1, 52, 14]","[0, 1500, 14]","[1, 52, 15]","[0, 678, 15]","[1, 52, 15]","[1, 116, 18]","[0, 52, 18]","[0, 564, 20]","[1, 52, 21]","[1, 150, 90]","[0, 52, 91]","[1, 83, 91]",321
"[1, 64, 0]","[0, 60, 4]","[1, 52, 5]","[1, 1500, 5]","[1, 339, 5]","[0, 52, 6]","[0, 52, 6]","[0, 1500, 12]","[0, 1500, 12]","[0, 680, 12]","[1, 52, 12]","[1, 52, 12]","[1, 116, 17]","[1, 150, 17]","[1, 532, 18]","[0, 52, 18]","[0, 52, 18]","[0, 52, 19]","[0, 573, 20]","[1, 52, 20]",321
"[1, 64, 0]","[0, 60, 4]","[1, 52, 4]","[1, 1500, 5]","[1, 403, 5]","[0, 52, 7]","[0, 52, 7]","[0, 1500, 14]","[0, 1500, 14]","[0, 678, 14]","[1, 52, 14]","[1, 116, 27]","[1, 150, 27]","[0, 52, 28]","[1, 532, 28]","[0, 52, 28]","[0, 52, 28]","[0, 573, 30]","[1, 52, 30]","[1, 83, 30]",321
"[1, 64, 0]","[0, 60, 4]","[1, 52, 4]","[1, 1500, 5]","[1, 371, 5]","[0, 52, 6]","[0, 52, 6]","[0, 1500, 12]","[0, 1500, 12]","[0, 680, 12]","[1, 52, 12]","[1, 116, 17]","[0, 52, 19]","[0, 564, 21]","[1, 52, 21]","[1, 150, 99]","[1, 83, 100]","[0, 52, 100]","[1, 532, 100]","[0, 52, 102]",321
"[1, 64, 0]","[0, 60, 5]","[1, 52, 5]","[1, 1500, 6]","[1, 371, 6]","[0, 52, 6]","[0, 52, 7]","[0, 1500, 12]","[0, 1500, 12]","[0, 680, 12]","[1, 52, 12]","[1, 116, 28]","[0, 52, 28]","[1, 150, 29]","[0, 52, 29]","[1, 532, 29]","[0, 52, 30]","[0, 564, 32]","[0, 83, 32]","[1, 52, 32]",321
"[1, 64, 0]","[0, 60, 5]","[1, 52, 5]","[1, 1500, 7]","[1, 403, 7]","[0, 52, 8]","[0, 1500, 13]","[0, 1500, 13]","[0, 679, 13]","[1, 52, 14]","[1, 52, 15]","[1, 116, 34]","[1, 150, 36]","[0, 52, 36]","[1, 532, 36]","[0, 52, 37]","[0, 52, 37]","[0, 564, 38]","[1, 52, 38]","[0, 83, 38]",321
"[1, 64, 0]","[0, 60, 4]","[1, 52, 4]","[1, 1500, 5]","[1, 435, 5]","[0, 52, 6]","[0, 52, 6]","[0, 1500, 12]","[0, 1500, 12]","[0, 678, 12]","[1, 52, 12]","[1, 116, 30]","[1, 150, 30]","[1, 532, 30]","[0, 52, 31]","[0, 52, 31]","[0, 52, 31]","[0, 564, 32]","[1, 52, 32]","[1, 83, 32]",321
"[1, 64, 0]","[0, 60, 5]","[1, 52, 5]","[1, 1500, 6]","[1, 403, 6]","[0, 52, 7]","[0, 52, 7]","[0, 1500, 11]","[0, 1500, 11]","[0, 680, 11]","[1, 52, 11]","[1, 116, 33]","[1, 150, 34]","[0, 52, 35]","[0, 52, 35]","[1, 532, 35]","[0, 52, 36]","[0, 564, 36]","[0, 83, 37]","[1, 52, 37]",321
"[1, 64, 0]","[0, 60, 4]","[1, 52, 4]","[1, 1500, 5]","[1, 435, 5]","[0, 52, 6]","[0, 1500, 10]","[0, 1500, 10]","[0, 680, 10]","[1, 52, 11]","[1, 116, 21]","[1, 150, 21]","[1, 532, 22]","[0, 52, 23]","[0, 52, 23]","[0, 573, 25]","[1, 52, 25]","[1, 83, 26]","[0, 52, 26]","[0, 258, 34]",321
"[1, 64, 0]","[0, 60, 3]","[1, 52, 4]","[1, 1500, 4]","[1, 339, 4]","[0, 52, 5]","[0, 1500, 10]","[0, 1500, 10]","[0, 679, 10]","[1, 52, 10]","[1, 116, 42]","[1, 150, 43]","[1, 532, 43]","[0, 52, 44]","[0, 52, 44]","[0, 52, 44]","[0, 564, 45]","[0, 83, 45]","[1, 52, 45]","[1, 52, 45]",321
"[1, 64, 0]","[0, 60, 4]","[1, 52, 5]","[1, 1500, 6]","[1, 435, 6]","[0, 52, 6]","[0, 52, 6]","[0, 1500, 12]","[1, 52, 12]","[0, 1500, 12]","[0, 680, 12]","[1, 52, 12]","[1, 116, 23]","[1, 150, 23]","[1, 532, 24]","[0, 52, 24]","[0, 52, 25]","[0, 52, 25]","[0, 573, 28]","[1, 52, 28]",321
"[1, 64, 0]","[0, 60, 5]","[1, 52, 5]","[1, 1500, 12]","[1, 339, 12]","[0, 52, 13]","[0, 1500, 17]","[0, 1500, 17]","[0, 678, 17]","[1, 52, 18]","[1, 116, 27]","[0, 52, 27]","[1, 150, 28]","[0, 52, 28]","[1, 532, 29]","[0, 564, 29]","[1, 52, 29]","[0, 52, 30]","[0, 83, 30]","[1, 52, 30]",321
"[1, 64, 0]","[0, 60, 4]","[1, 52, 5]","[1, 1500, 5]","[1, 435, 5]","[0, 52, 6]","[0, 52, 7]","[0, 1500, 12]","[0, 1500, 12]","[0, 679, 12]","[1, 52, 12]","[1, 116, 52]","[0, 52, 53]","[0, 564, 55]","[1, 52, 55]","[1, 150, 77]","[1, 83, 77]","[1, 532, 77]","[0, 52, 77]","[0, 52, 78]",321
"[1, 64, 0]","[0, 60, 4]","[1, 52, 5]","[1, 1500, 5]","[1, 371, 5]","[0, 52, 6]","[0, 52, 6]","[0, 1500, 12]","[0, 1500, 13]","[0, 679, 13]","[1, 52, 13]","[1, 116, 17]","[0, 52, 19]","[0, 564, 22]","[1, 52, 22]","[1, 150, 144]","[0, 52, 145]","[1, 83, 145]","[1, 532, 146]","[0, 52, 146]",321
"[1, 64, 0]","[0, 60, 5]","[1, 52, 5]","[1, 1500, 6]","[1, 403, 6]","[0, 52, 6]","[0, 52, 6]","[0, 1500, 11]","[0, 1500, 11]","[0, 679, 11]","[1, 52, 11]","[1, 116, 16]","[0, 52, 17]","[0, 564, 19]","[1, 52, 19]","[1, 150, 69]","[1, 83, 70]","[1, 532, 70]","[0, 52, 70]","[0, 52, 70]",321
"[1, 64, 0]","[0, 60, 4]","[1, 52, 4]","[1, 1500, 6]","[1, 403, 6]","[0, 52, 7]","[0, 52, 7]","[0, 1500, 11]","[0, 1500, 11]","[0, 679, 11]","[1, 52, 11]","[1, 52, 11]","[1, 116, 15]","[0, 52, 16]","[1, 150, 16]","[1, 532, 17]","[0, 52, 17]","[0, 564, 18]","[0, 52, 18]","[1, 52, 18]",321
"[1, 64, 0]","[0, 60, 5]","[1, 52, 6]","[1, 1500, 6]","[1, 371, 6]","[0, 52, 7]","[0, 1500, 12]","[0, 1500, 12]","[0, 679, 12]","[1, 52, 12]","[1, 116, 44]","[0, 52, 45]","[0, 564, 47]","[1, 52, 47]","[1, 150, 93]","[1, 83, 94]","[1, 532, 94]","[0, 52, 95]","[0, 83, 96]","[1, 52, 97]",321
"[1, 64, 0]","[0, 60, 5]","[1, 52, 5]","[1, 1500, 6]","[1, 339, 6]","[0, 52, 7]","[0, 52, 7]","[0, 1500, 11]","[0, 1500, 11]","[0, 678, 11]","[1, 52, 12]","[1, 116, 20]","[0, 52, 21]","[0, 564, 23]","[1, 52, 24]","[1, 150, 60]","[0, 52, 61]","[1, 83, 62]","[1, 532, 62]","[0, 83, 63]",321
"[1, 64, 0]","[0, 60, 5]","[1, 52, 6]","[1, 1500, 7]","[1, 371, 7]","[0, 52, 8]","[0, 1500, 14]","[0, 1500, 14]","[0, 678, 14]","[1, 52, 14]","[1, 116, 25]","[0, 52, 26]","[0, 564, 29]","[1, 52, 30]","[1, 150, 35]","[0, 52, 35]","[1, 83, 36]","[1, 532, 37]","[0, 52, 37]","[0, 52, 37]",321
"[1, 64, 0]","[0, 60, 5]","[1, 52, 5]","[1, 1500, 6]","[1, 403, 6]","[0, 52, 7]","[0, 52, 7]","[0, 1500, 13]","[0, 1500, 13]","[0, 678, 13]","[1, 52, 13]","[1, 116, 51]","[1, 150, 51]","[1, 532, 51]","[0, 52, 52]","[0, 52, 53]","[0, 573, 55]","[1, 52, 55]","[1, 83, 56]","[0, 52, 56]",321
"[1, 64, 0]","[0, 60, 4]","[1, 52, 4]","[1, 1500, 6]","[1, 435, 6]","[0, 52, 7]","[0, 52, 7]","[0, 1500, 14]","[0, 1500, 14]","[0, 680, 14]","[1, 52, 14]","[1, 116, 24]","[0, 52, 38]","[0, 564, 41]","[1, 52, 42]","[1, 150, 334]","[1, 83, 335]","[1, 532, 335]","[0, 52, 339]","[0, 52, 341]",321
"[1, 64, 0]","[0, 60, 5]","[1, 52, 6]","[1, 1500, 7]","[1, 435, 7]","[0, 52, 8]","[0, 52, 8]","[0, 1500, 14]","[0, 1500, 14]","[0, 680, 14]","[1, 52, 15]","[1, 116, 24]","[0, 52, 25]","[0, 564, 27]","[1, 52, 27]","[1, 150, 293]","[1, 83, 294]","[1, 532, 294]","[0, 52, 294]","[0, 52, 295]",321
"[1, 64, 0]","[0, 60, 5]","[1, 52, 6]","[1, 1500, 6]","[1, 403, 6]","[0, 52, 7]","[0, 52, 7]","[0, 1500, 14]","[0, 1500, 14]","[0, 678, 14]","[1, 52, 14]","[1, 52, 14]","[1, 116, 22]","[0, 52, 23]","[0, 564, 25]","[1, 52, 25]","[1, 150, 40]","[1, 83, 41]","[1, 532, 41]","[0, 52, 41]",321
"[1, 64, 0]","[0, 60, 4]","[1, 52, 5]","[1, 1500, 5]","[1, 339, 5]","[0, 52, 6]","[0, 1500, 11]","[0, 1500, 11]","[0, 680, 11]","[1, 52, 12]","[1, 116, 21]","[1, 150, 22]","[0, 52, 22]","[0, 52, 22]","[1, 532, 22]","[0, 52, 23]","[0, 564, 23]","[1, 52, 24]","[0, 83, 25]","[1, 52, 25]",321
"[1, 64, 0]","[0, 60, 4]","[1, 52, 5]","[1, 1500, 5]","[1, 339, 5]","[0, 52, 6]","[0, 1500, 12]","[0, 1500, 12]","[0, 678, 12]","[1, 52, 12]","[1, 52, 13]","[1, 116, 21]","[0, 52, 21]","[0, 564, 23]","[1, 52, 24]","[1, 150, 25]","[1, 83, 26]","[0, 52, 26]","[1, 532, 26]","[0, 52, 26]",321
"[1, 64, 0]","[0, 60, 3]","[1, 52, 4]","[1, 1500, 5]","[1, 403, 5]","[0, 52, 5]","[0, 1500, 9]","[0, 1500, 9]","[0, 680, 10]","[1, 52, 10]","[1, 52, 10]","[1, 116, 20]","[0, 52, 21]","[0, 564, 23]","[1, 52, 23]","[1, 150, 49]","[1, 83, 49]","[1, 532, 50]","[0, 52, 50]","[0, 52, 51]",321
"[1, 64, 0]","[0, 60, 4]","[1, 52, 4]","[1, 1500, 5]","[1, 403, 5]","[0, 52, 6]","[0, 1500, 10]","[0, 1500, 10]","[0, 679, 10]","[1, 52, 11]","[1, 116, 25]","[0, 52, 26]","[1, 150, 26]","[0, 52, 27]","[1, 532, 27]","[0, 564, 27]","[0, 52, 27]","[1, 52, 28]","[0, 83, 29]","[1, 83, 29]",321
"[1, 64, 0]","[0, 60, 6]","[1, 52, 6]","[1, 1500, 7]","[1, 403, 7]","[0, 52, 8]","[0, 52, 9]","[0, 1500, 13]","[0, 1500, 13]","[0, 679, 13]","[1, 52, 14]","[1, 116, 23]","[0, 52, 24]","[0, 564, 26]","[1, 52, 27]","[1, 150, 84]","[1, 83, 84]","[0, 52, 85]","[1, 532, 85]","[0, 52, 85]",321
"[1, 64, 0]","[0, 60, 5]","[1, 52, 5]","[1, 1500, 6]","[1, 371, 6]","[0, 52, 7]","[0, 52, 7]","[0, 1500, 15]","[0, 1500, 15]","[0, 679, 15]","[1, 52, 15]","[1, 52, 15]","[1, 116, 23]","[1, 150, 23]","[0, 52, 24]","[0, 52, 24]","[1, 532, 24]","[0, 52, 25]","[0, 573, 32]","[1, 52, 33]",321
"[1, 64, 0]","[0, 60, 5]","[1, 52, 6]","[1, 1500, 6]","[1, 403, 6]","[0, 52, 7]","[0, 1500, 12]","[0, 1500, 13]","[0, 678, 13]","[1, 52, 13]","[1, 116, 42]","[1, 150, 42]","[0, 52, 43]","[1, 532, 43]","[0, 52, 43]","[0, 52, 43]","[0, 564, 45]","[0, 83, 45]","[1, 52, 45]","[1, 83, 46]",321
"[1, 64, 0]","[0, 60, 5]","[1, 52, 6]","[1, 1500, 16]","[1, 371, 16]","[0, 52, 17]","[0, 52, 17]","[0, 1500, 28]","[0, 1500, 29]","[0, 679, 29]","[1, 52, 29]","[1, 52, 29]","[1, 116, 41]","[1, 150, 42]","[0, 52, 42]","[0, 52, 42]","[1, 532, 42]","[0, 52, 43]","[0, 564, 46]","[0, 83, 46]",321
"[1, 64, 0]","[0, 60, 5]","[1, 52, 6]","[1, 1500, 7]","[1, 371, 7]","[0, 52, 7]","[0, 1500, 13]","[0, 1500, 13]","[0, 678, 13]","[1, 52, 13]","[1, 116, 56]","[1, 150, 57]","[0, 52, 57]","[1, 532, 58]","[0, 52, 58]","[0, 52, 58]","[0, 564, 60]","[0, 83, 60]","[1, 52, 60]","[1, 83, 61]",321
"[1, 64, 0]","[0, 60, 5]","[1, 52, 6]","[1, 1500, 6]","[1, 435, 6]","[0, 52, 7]","[0, 1500, 12]","[0, 1500, 12]","[0, 679, 12]","[1, 52, 12]","[1, 116, 24]","[0, 52, 26]","[0, 564, 27]","[1, 52, 28]","[1, 150, 209]","[1, 83, 209]","[0, 52, 210]","[0, 52, 210]","[1, 532, 210]","[0, 83, 211]",321
"[1, 64, 0]","[0, 60, 4]","[1, 52, 4]","[1, 1500, 5]","[1, 371, 5]","[0, 52, 5]","[0, 52, 5]","[0, 1500, 10]","[0, 1500, 10]","[1, 52, 11]","[0, 679, 11]","[1, 52, 11]","[1, 116, 35]","[1, 150, 35]","[1, 532, 36]","[0, 52, 36]","[0, 52, 36]","[0, 52, 36]","[0, 573, 37]","[1, 52, 38]",321
"[1, 64, 0]","[0, 60, 6]","[1, 52, 6]","[1, 1500, 7]","[1, 339, 7]","[0, 52, 9]","[0, 1500, 16]","[0, 1500, 16]","[0, 680, 16]","[1, 52, 17]","[1, 116, 44]","[0, 52, 45]","[1, 150, 45]","[0, 52, 46]","[1, 532, 47]","[0, 564, 47]","[0, 52, 47]","[1, 52, 48]","[0, 83, 48]","[1, 83, 48]",321
"[1, 64, 0]","[0, 60, 4]","[1, 52, 5]","[1, 1500, 5]","[1, 435, 5]","[0, 52, 6]","[0, 52, 6]","[0, 1500, 12]","[0, 1500, 12]","[1, 52, 13]","[0, 680, 13]","[1, 52, 13]","[1, 116, 17]","[1, 150, 17]","[1, 532, 17]","[0, 52, 17]","[0, 52, 18]","[0, 52, 18]","[0, 573, 20]","[1, 52, 20]",321
"[1, 64, 0]","[0, 60, 5]","[1, 52, 5]","[1, 1500, 6]","[1, 403, 6]","[0, 52, 7]","[0, 52, 7]","[0, 1500, 11]","[0, 1500, 12]","[0, 679, 12]","[1, 52, 12]","[1, 116, 32]","[0, 52, 33]","[0, 564, 34]","[1, 52, 35]","[1, 150, 138]","[1, 83, 139]","[1, 532, 139]","[0, 52, 144]","[0, 52, 144]",321
"[1, 64, 0]","[0, 60, 7]","[1, 52, 7]","[1, 1500, 8]","[1, 371, 8]","[0, 52, 9]","[0, 52, 9]","[0, 1500, 18]","[0, 1500, 18]","[0, 679, 18]","[1, 52, 18]","[1, 52, 18]","[1, 116, 23]","[0, 52, 24]","[0, 564, 26]","[1, 52, 27]","[1, 150, 153]","[1, 83, 153]","[1, 532, 153]","[0, 52, 154]",321
"[1, 64, 0]","[0, 60, 5]","[1, 52, 5]","[1, 1500, 6]","[1, 435, 6]","[0, 52, 7]","[0, 52, 7]","[0, 1500, 12]","[0, 1500, 12]","[0, 679, 12]","[1, 52, 12]","[1, 116, 14]","[0, 52, 15]","[0, 564, 17]","[1, 52, 17]","[1, 150, 180]","[1, 83, 181]","[1, 532, 181]","[0, 52, 181]","[0, 52, 181]",321
"[1, 64, 0]","[0, 60, 4]","[1, 52, 4]","[1, 1500, 6]","[1, 339, 6]","[0, 52, 7]","[0, 52, 7]","[0, 1500, 13]","[0, 1500, 13]","[0, 679, 13]","[1, 52, 14]","[1, 116, 44]","[0, 52, 45]","[1, 150, 45]","[1, 532, 45]","[0, 52, 46]","[0, 52, 46]","[0, 595, 48]","[1, 52, 49]","[1, 83, 50]",321
"[1, 64, 0]","[0, 60, 5]","[1, 52, 6]","[1, 1500, 7]","[1, 371, 7]","[0, 52, 8]","[0, 52, 8]","[0, 1500, 13]","[0, 1500, 13]","[0, 679, 13]","[1, 52, 13]","[1, 116, 34]","[1, 150, 35]","[1, 532, 35]","[0, 52, 36]","[0, 52, 36]","[0, 573, 38]","[1, 52, 38]","[1, 83, 38]","[0, 52, 39]",321
"[1, 64, 0]","[0, 60, 4]","[1, 52, 4]","[1, 1500, 5]","[1, 403, 5]","[0, 52, 6]","[0, 1500, 9]","[0, 1500, 10]","[0, 679, 10]","[1, 52, 10]","[1, 52, 10]","[1, 116, 24]","[0, 52, 25]","[1, 150, 25]","[0, 52, 26]","[1, 532, 26]","[0, 52, 26]","[0, 564, 27]","[1, 52, 27]","[0, 83, 27]",321
"[1, 64, 0]","[0, 60, 4]","[1, 52, 5]","[1, 1500, 6]","[1, 435, 6]","[0, 52, 7]","[0, 1500, 14]","[0, 1500, 14]","[0, 679, 14]","[1, 52, 14]","[1, 116, 17]","[1, 150, 17]","[1, 532, 17]","[0, 52, 18]","[0, 52, 18]","[0, 52, 18]","[0, 573, 20]","[1, 52, 21]","[1, 83, 21]","[0, 52, 21]",322
"[1, 64, 0]","[0, 60, 5]","[1, 52, 6]","[1, 1500, 15]","[1, 403, 15]","[0, 52, 16]","[0, 1500, 22]","[0, 1500, 22]","[0, 678, 22]","[1, 52, 22]","[1, 116, 29]","[0, 52, 30]","[0, 564, 32]","[1, 52, 33]","[1, 150, 33]","[0, 52, 33]","[1, 83, 34]","[1, 532, 34]","[0, 52, 35]","[0, 52, 36]",322
"[1, 64, 0]","[0, 60, 6]","[1, 52, 6]","[1, 1500, 8]","[1, 403, 8]","[0, 52, 9]","[0, 52, 9]","[0, 1500, 15]","[0, 1500, 15]","[0, 680, 15]","[1, 52, 15]","[1, 116, 17]","[1, 150, 17]","[0, 52, 18]","[1, 532, 18]","[0, 52, 18]","[0, 52, 18]","[0, 595, 20]","[1, 52, 20]","[1, 83, 21]",322
"[1, 64, 0]","[0, 60, 5]","[1, 52, 5]","[1, 1500, 8]","[1, 371, 8]","[0, 52, 8]","[0, 52, 9]","[0, 1500, 14]","[1, 52, 14]","[0, 1500, 14]","[1, 52, 14]","[0, 680, 14]","[1, 52, 15]","[1, 116, 17]","[1, 150, 18]","[0, 52, 18]","[1, 532, 18]","[0, 52, 18]","[0, 52, 18]","[0, 564, 20]",322
"[1, 64, 0]","[0, 60, 5]","[1, 52, 5]","[1, 1500, 7]","[1, 339, 7]","[0, 52, 8]","[0, 52, 8]","[0, 1500, 13]","[0, 1500, 13]","[0, 678, 13]","[1, 52, 14]","[1, 116, 16]","[1, 150, 17]","[1, 532, 17]","[0, 52, 17]","[0, 52, 17]","[0, 52, 17]","[0, 573, 19]","[1, 52, 19]","[1, 83, 19]",322
"[1, 64, 0]","[0, 60, 6]","[1, 52, 6]","[1, 1500, 7]","[1, 339, 7]","[0, 52, 8]","[0, 52, 8]","[0, 1500, 15]","[0, 1500, 15]","[0, 679, 15]","[1, 52, 15]","[1, 116, 18]","[1, 150, 18]","[1, 532, 19]","[0, 52, 20]","[0, 52, 20]","[0, 52, 20]","[0, 573, 22]","[1, 52, 22]","[1, 83, 23]",322
"[1, 64, 0]","[0, 60, 4]","[1, 52, 5]","[1, 1500, 7]","[1, 403, 7]","[0, 52, 7]","[0, 52, 7]","[0, 1500, 11]","[0, 1500, 11]","[0, 679, 11]","[1, 52, 12]","[1, 116, 14]","[1, 150, 14]","[1, 532, 15]","[0, 52, 15]","[0, 52, 15]","[0, 52, 15]","[0, 564, 18]","[0, 83, 18]","[1, 52, 18]",322
"[1, 64, 0]","[0, 60, 4]","[1, 52, 5]","[1, 1500, 7]","[1, 435, 7]","[0, 52, 7]","[0, 52, 8]","[0, 1500, 14]","[0, 1500, 15]","[0, 679, 15]","[1, 52, 15]","[1, 116, 18]","[1, 150, 19]","[1, 532, 19]","[0, 52, 19]","[0, 52, 19]","[0, 52, 20]","[0, 564, 21]","[0, 83, 21]","[1, 52, 22]",322
"[1, 64, 0]","[0, 60, 6]","[1, 52, 6]","[1, 1500, 10]","[1, 371, 10]","[0, 52, 11]","[0, 52, 12]","[0, 1500, 18]","[0, 1500, 18]","[0, 678, 18]","[1, 52, 19]","[1, 116, 21]","[1, 150, 22]","[1, 532, 22]","[0, 52, 22]","[0, 52, 22]","[0, 52, 23]","[0, 564, 25]","[1, 52, 25]","[1, 83, 25]",322
"[1, 64, 0]","[0, 60, 4]","[1, 52, 5]","[1, 1500, 7]","[1, 435, 7]","[0, 52, 8]","[0, 52, 8]","[0, 1500, 19]","[1, 52, 20]","[0, 1500, 20]","[0, 678, 20]","[1, 52, 20]","[1, 52, 21]","[1, 116, 23]","[1, 150, 23]","[1, 532, 24]","[0, 52, 24]","[0, 52, 24]","[0, 52, 24]","[0, 573, 27]",322
"[1, 64, 0]","[0, 60, 6]","[1, 52, 7]","[1, 1500, 7]","[1, 435, 7]","[0, 52, 8]","[0, 52, 8]","[0, 1500, 18]","[0, 1500, 18]","[0, 680, 18]","[1, 52, 18]","[1, 116, 21]","[1, 150, 21]","[0, 52, 22]","[1, 532, 22]","[0, 52, 22]","[0, 52, 23]","[0, 564, 25]","[1, 52, 25]","[1, 83, 26]",322
"[1, 64, 0]","[0, 60, 4]","[1, 52, 4]","[1, 1500, 5]","[1, 435, 5]","[0, 52, 6]","[0, 52, 6]","[0, 1500, 10]","[0, 1500, 10]","[0, 680, 10]","[1, 52, 10]","[1, 116, 13]","[1, 150, 13]","[0, 52, 13]","[0, 52, 13]","[1, 532, 14]","[0, 52, 14]","[0, 564, 14]","[1, 52, 15]","[1, 83, 15]",322
"[1, 64, 0]","[0, 60, 4]","[1, 52, 5]","[1, 1500, 13]","[1, 403, 13]","[0, 52, 14]","[0, 1500, 20]","[0, 1500, 20]","[0, 678, 20]","[1, 52, 20]","[1, 116, 33]","[1, 150, 33]","[1, 532, 34]","[0, 52, 35]","[0, 52, 35]","[0, 573, 37]","[1, 52, 37]","[1, 83, 38]","[0, 52, 39]","[0, 1500, 45]",322
"[1, 64, 0]","[0, 60, 11]","[1, 52, 12]","[1, 1500, 13]","[1, 403, 13]","[0, 52, 13]","[0, 52, 13]","[0, 1500, 22]","[1, 52, 22]","[0, 1500, 22]","[1, 52, 23]","[0, 678, 23]","[1, 52, 23]","[1, 116, 26]","[1, 150, 26]","[1, 532, 26]","[0, 52, 30]","[0, 52, 30]","[0, 52, 30]","[0, 573, 35]",322
"[1, 64, 0]","[0, 60, 4]","[1, 52, 4]","[1, 1500, 6]","[1, 403, 6]","[0, 52, 6]","[0, 52, 7]","[0, 1500, 13]","[0, 1500, 13]","[1, 52, 13]","[0, 678, 13]","[1, 52, 14]","[1, 116, 16]","[1, 150, 16]","[1, 532, 16]","[0, 52, 17]","[0, 52, 17]","[0, 52, 17]","[0, 564, 18]","[0, 83, 18]",322
"[1, 64, 0]","[0, 60, 5]","[1, 52, 6]","[1, 1500, 7]","[1, 371, 7]","[0, 52, 8]","[0, 52, 8]","[0, 1500, 14]","[0, 1500, 14]","[0, 679, 14]","[1, 52, 14]","[1, 116, 17]","[1, 150, 17]","[0, 52, 18]","[1, 532, 18]","[0, 52, 18]","[0, 52, 18]","[0, 573, 20]","[1, 52, 20]","[1, 83, 20]",322
"[1, 64, 0]","[0, 60, 5]","[1, 52, 5]","[1, 1500, 6]","[1, 435, 6]","[0, 52, 7]","[0, 52, 7]","[0, 1500, 12]","[0, 1500, 12]","[0, 679, 12]","[1, 52, 12]","[1, 52, 12]","[1, 116, 15]","[1, 150, 16]","[0, 52, 16]","[1, 532, 16]","[0, 52, 16]","[0, 52, 17]","[0, 564, 18]","[0, 83, 18]",322
"[1, 64, 0]","[0, 60, 4]","[1, 52, 4]","[1, 1500, 5]","[1, 371, 5]","[0, 52, 6]","[0, 52, 6]","[0, 1500, 10]","[0, 1500, 10]","[1, 52, 10]","[0, 679, 10]","[1, 52, 11]","[1, 116, 30]","[0, 52, 31]","[1, 150, 31]","[0, 52, 32]","[1, 532, 32]","[0, 52, 33]","[0, 564, 33]","[0, 83, 33]",322
"[1, 64, 0]","[0, 60, 4]","[1, 52, 5]","[1, 1500, 6]","[1, 403, 6]","[0, 52, 7]","[0, 1500, 13]","[1, 52, 13]","[0, 1500, 13]","[0, 678, 13]","[1, 52, 14]","[1, 116, 18]","[1, 150, 18]","[0, 52, 19]","[0, 52, 19]","[1, 532, 19]","[0, 52, 20]","[0, 564, 20]","[1, 52, 21]","[0, 83, 21]",322
"[1, 64, 0]","[0, 60, 12]","[1, 52, 13]","[1, 1500, 13]","[1, 371, 13]","[0, 52, 14]","[0, 52, 14]","[0, 1500, 21]","[0, 1500, 21]","[0, 679, 21]","[1, 52, 22]","[1, 116, 24]","[1, 150, 24]","[1, 532, 25]","[0, 52, 25]","[0, 52, 25]","[0, 52, 26]","[0, 573, 29]","[1, 52, 30]","[1, 83, 30]",322
"[1, 64, 0]","[0, 60, 5]","[1, 52, 5]","[1, 1500, 7]","[1, 435, 7]","[0, 52, 8]","[0, 52, 8]","[0, 1500, 15]","[0, 1500, 15]","[0, 678, 15]","[1, 52, 15]","[1, 116, 19]","[1, 150, 20]","[1, 532, 20]","[0, 52, 20]","[0, 52, 21]","[0, 52, 21]","[0, 564, 24]","[1, 52, 24]","[1, 83, 24]",322
"[1, 64, 0]","[0, 60, 5]","[1, 52, 6]","[1, 1500, 7]","[1, 403, 7]","[0, 52, 8]","[0, 1500, 12]","[0, 1500, 12]","[0, 678, 12]","[1, 52, 12]","[1, 52, 12]","[1, 116, 15]","[1, 150, 15]","[1, 532, 16]","[0, 52, 16]","[0, 52, 16]","[0, 573, 18]","[1, 52, 18]","[1, 83, 18]","[0, 52, 18]",322
"[1, 64, 0]","[0, 60, 6]","[1, 52, 6]","[1, 1500, 7]","[1, 339, 7]","[0, 52, 11]","[0, 52, 12]","[0, 1500, 19]","[1, 52, 19]","[0, 1500, 20]","[1, 52, 20]","[0, 680, 20]","[1, 52, 21]","[1, 116, 23]","[1, 150, 23]","[1, 532, 24]","[0, 52, 24]","[0, 52, 24]","[0, 52, 24]","[0, 564, 26]",322
"[1, 64, 0]","[0, 60, 8]","[1, 52, 8]","[1, 1500, 9]","[1, 339, 9]","[0, 52, 9]","[0, 52, 10]","[0, 1500, 16]","[0, 1500, 16]","[0, 679, 16]","[1, 52, 16]","[1, 116, 18]","[1, 150, 19]","[1, 532, 19]","[0, 52, 19]","[0, 52, 20]","[0, 52, 20]","[0, 564, 21]","[1, 52, 21]","[1, 83, 21]",322
"[1, 64, 0]","[0, 60, 5]","[1, 52, 5]","[1, 1500, 7]","[1, 403, 7]","[0, 52, 8]","[0, 52, 8]","[0, 1500, 13]","[0, 1500, 13]","[0, 679, 13]","[1, 52, 13]","[1, 116, 16]","[1, 150, 16]","[0, 52, 16]","[1, 532, 16]","[0, 52, 17]","[0, 52, 18]","[0, 564, 18]","[0, 83, 18]","[1, 52, 18]",322
"[1, 64, 0]","[0, 60, 4]","[1, 52, 5]","[1, 1500, 5]","[1, 371, 5]","[0, 52, 6]","[0, 1500, 12]","[0, 1500, 12]","[1, 52, 12]","[0, 680, 12]","[1, 52, 13]","[1, 116, 16]","[0, 52, 17]","[1, 150, 17]","[1, 532, 18]","[0, 52, 18]","[0, 52, 18]","[0, 564, 19]","[1, 52, 20]","[1, 83, 20]",322
"[1, 64, 0]","[0, 60, 3]","[1, 52, 4]","[1, 1500, 5]","[1, 339, 5]","[0, 52, 5]","[0, 52, 5]","[0, 1500, 11]","[0, 1500, 11]","[1, 52, 11]","[0, 679, 11]","[1, 52, 11]","[1, 116, 14]","[1, 150, 14]","[0, 52, 14]","[0, 52, 14]","[1, 532, 14]","[0, 52, 15]","[0, 564, 16]","[0, 83, 16]",322
"[1, 64, 0]","[0, 60, 6]","[1, 52, 7]","[1, 1500, 8]","[1, 435, 8]","[0, 52, 9]","[0, 52, 9]","[0, 1500, 15]","[0, 1500, 15]","[0, 678, 15]","[1, 52, 15]","[1, 52, 16]","[1, 116, 18]","[1, 150, 18]","[0, 52, 19]","[1, 532, 20]","[0, 52, 20]","[0, 573, 21]","[1, 52, 21]","[1, 83, 21]",322
"[1, 64, 0]","[0, 60, 4]","[1, 52, 4]","[1, 1500, 5]","[1, 403, 5]","[0, 52, 6]","[0, 52, 6]","[0, 1500, 13]","[0, 1500, 13]","[0, 678, 13]","[1, 52, 13]","[1, 116, 21]","[1, 150, 21]","[0, 52, 22]","[1, 532, 22]","[0, 52, 22]","[0, 52, 23]","[0, 564, 24]","[0, 83, 24]","[1, 52, 24]",322
"[1, 64, 0]","[0, 60, 4]","[1, 52, 5]","[1, 1500, 6]","[1, 403, 6]","[0, 52, 6]","[0, 52, 6]","[0, 1500, 16]","[0, 1500, 16]","[0, 679, 16]","[1, 52, 17]","[1, 116, 19]","[1, 150, 19]","[1, 532, 20]","[0, 52, 20]","[0, 52, 20]","[0, 573, 22]","[1, 52, 22]","[1, 83, 22]","[0, 52, 23]",322
"[1, 64, 0]","[0, 60, 5]","[1, 52, 5]","[1, 1500, 9]","[1, 371, 9]","[0, 52, 10]","[0, 52, 10]","[0, 1500, 18]","[0, 1500, 18]","[0, 679, 18]","[1, 52, 18]","[1, 116, 22]","[1, 150, 22]","[0, 52, 22]","[0, 52, 23]","[1, 532, 23]","[0, 52, 23]","[0, 595, 26]","[1, 52, 26]","[1, 83, 27]",322
"[1, 64, 0]","[0, 60, 3]","[1, 52, 4]","[1, 1500, 6]","[1, 371, 6]","[0, 52, 8]","[0, 52, 8]","[0, 1500, 16]","[1, 52, 16]","[0, 1500, 16]","[1, 52, 16]","[0, 680, 17]","[1, 52, 17]","[1, 116, 20]","[1, 150, 20]","[0, 52, 21]","[0, 52, 21]","[1, 532, 21]","[0, 52, 21]","[0, 573, 22]",322
"[1, 64, 0]","[0, 60, 3]","[1, 52, 4]","[1, 1500, 5]","[1, 371, 5]","[0, 52, 6]","[0, 52, 6]","[0, 1500, 12]","[0, 1500, 12]","[0, 680, 12]","[1, 52, 12]","[1, 116, 16]","[0, 52, 18]","[1, 150, 18]","[0, 52, 19]","[0, 564, 21]","[1, 52, 22]","[0, 83, 22]","[1, 52, 22]","[1, 532, 25]",322
"[1, 64, 0]","[0, 60, 6]","[1, 52, 6]","[1, 1500, 8]","[1, 339, 8]","[0, 52, 9]","[0, 1500, 15]","[0, 1500, 15]","[0, 679, 15]","[1, 52, 15]","[1, 116, 18]","[1, 150, 19]","[0, 52, 19]","[1, 532, 19]","[0, 52, 20]","[0, 573, 21]","[1, 52, 21]","[1, 83, 22]","[0, 52, 22]","[0, 1500, 32]",322
"[1, 64, 0]","[0, 60, 6]","[1, 52, 6]","[1, 1500, 7]","[1, 403, 7]","[0, 52, 8]","[0, 52, 8]","[0, 1500, 15]","[0, 1500, 15]","[0, 679, 15]","[1, 52, 15]","[1, 116, 20]","[1, 150, 21]","[1, 532, 21]","[0, 52, 21]","[0, 52, 22]","[0, 52, 22]","[0, 564, 23]","[0, 83, 23]","[1, 52, 23]",322
"[1, 64, 0]","[0, 60, 6]","[1, 52, 6]","[1, 1500, 7]","[1, 371, 7]","[0, 52, 8]","[0, 52, 8]","[0, 1500, 15]","[0, 1500, 15]","[0, 680, 15]","[1, 52, 15]","[1, 116, 17]","[1, 150, 18]","[1, 532, 18]","[0, 52, 18]","[0, 52, 19]","[0, 52, 19]","[0, 564, 21]","[1, 52, 21]","[1, 83, 21]",322
"[1, 64, 0]","[0, 60, 7]","[1, 52, 8]","[1, 1500, 9]","[1, 339, 9]","[0, 52, 10]","[0, 52, 10]","[0, 1500, 16]","[0, 1500, 17]","[0, 678, 17]","[1, 52, 17]","[1, 52, 17]","[1, 116, 21]","[1, 150, 21]","[1, 532, 22]","[0, 52, 22]","[0, 52, 22]","[0, 52, 23]","[0, 573, 25]","[1, 52, 25]",322
"[1, 64, 0]","[0, 60, 5]","[1, 52, 5]","[1, 1500, 10]","[1, 339, 10]","[0, 52, 11]","[0, 52, 11]","[0, 1500, 17]","[0, 1500, 17]","[0, 680, 17]","[1, 52, 17]","[1, 116, 20]","[1, 150, 20]","[1, 532, 21]","[0, 52, 21]","[0, 52, 21]","[0, 52, 21]","[0, 564, 23]","[0, 83, 23]","[1, 52, 23]",322
"[1, 64, 0]","[0, 60, 5]","[1, 52, 5]","[1, 1500, 7]","[1, 339, 7]","[0, 52, 8]","[0, 1500, 12]","[0, 1500, 12]","[0, 679, 12]","[1, 52, 12]","[1, 52, 12]","[1, 116, 30]","[1, 150, 31]","[1, 532, 31]","[0, 52, 31]","[0, 52, 32]","[0, 52, 32]","[0, 573, 33]","[1, 52, 34]","[1, 83, 34]",322
"[1, 64, 0]","[0, 60, 4]","[1, 52, 5]","[1, 1500, 6]","[1, 435, 6]","[0, 52, 7]","[0, 52, 7]","[0, 1500, 13]","[0, 1500, 14]","[1, 52, 14]","[0, 678, 14]","[1, 52, 14]","[1, 116, 18]","[1, 150, 18]","[1, 532, 19]","[0, 52, 19]","[0, 52, 19]","[0, 52, 20]","[0, 573, 21]","[1, 52, 21]",322
"[1, 64, 0]","[0, 60, 3]","[1, 52, 4]","[1, 1500, 4]","[1, 371, 4]","[0, 52, 5]","[0, 52, 5]","[0, 1500, 10]","[0, 1500, 10]","[0, 678, 10]","[1, 52, 11]","[1, 116, 17]","[1, 150, 18]","[0, 52, 18]","[0, 52, 18]","[1, 532, 19]","[0, 52, 19]","[0, 564, 19]","[1, 52, 20]","[0, 83, 20]",322
"[1, 64, 0]","[0, 60, 4]","[1, 52, 5]","[1, 1500, 5]","[1, 339, 5]","[0, 52, 6]","[0, 52, 6]","[0, 1500, 12]","[1, 52, 12]","[0, 1500, 12]","[0, 677, 12]","[1, 52, 13]","[1, 116, 19]","[1, 150, 20]","[1, 532, 20]","[0, 52, 20]","[0, 52, 21]","[0, 52, 21]","[0, 595, 23]","[1, 52, 23]",322
"[1, 64, 0]","[0, 60, 5]","[1, 52, 6]","[1, 1500, 6]","[1, 435, 6]","[0, 52, 7]","[0, 52, 8]","[0, 1500, 11]","[0, 1500, 12]","[0, 680, 12]","[1, 52, 12]","[1, 116, 15]","[1, 150, 15]","[0, 52, 15]","[1, 532, 16]","[0, 52, 17]","[0, 52, 17]","[0, 564, 18]","[0, 83, 18]","[1, 52, 19]",322
"[1, 64, 0]","[0, 60, 8]","[1, 52, 8]","[1, 1500, 9]","[1, 435, 9]","[0, 52, 9]","[0, 52, 9]","[0, 1500, 14]","[0, 1500, 14]","[0, 679, 14]","[1, 52, 15]","[1, 116, 18]","[1, 150, 19]","[0, 52, 19]","[0, 52, 20]","[1, 532, 20]","[0, 52, 21]","[0, 573, 22]","[1, 52, 22]","[1, 83, 22]",322
"[1, 64, 0]","[0, 60, 6]","[1, 52, 6]","[1, 1500, 7]","[1, 371, 7]","[0, 52, 8]","[0, 52, 9]","[0, 1500, 19]","[0, 1500, 19]","[0, 680, 19]","[1, 52, 20]","[1, 116, 22]","[1, 150, 22]","[0, 52, 23]","[0, 52, 23]","[1, 532, 23]","[0, 52, 24]","[0, 564, 24]","[0, 83, 24]","[1, 52, 24]",322
"[1, 64, 0]","[0, 60, 5]","[1, 52, 6]","[1, 1500, 7]","[1, 339, 7]","[0, 52, 7]","[0, 52, 7]","[0, 1500, 13]","[0, 1500, 13]","[0, 680, 13]","[1, 52, 14]","[1, 116, 19]","[1, 150, 19]","[0, 52, 19]","[1, 532, 19]","[0, 52, 20]","[0, 52, 20]","[0, 595, 23]","[1, 52, 23]","[1, 83, 23]",322
"[1, 64, 0]","[0, 60, 4]","[1, 52, 5]","[1, 1500, 6]","[1, 403, 6]","[0, 52, 7]","[0, 52, 7]","[0, 1500, 12]","[0, 1500, 12]","[0, 680, 12]","[1, 52, 13]","[1, 116, 16]","[1, 150, 17]","[1, 532, 17]","[0, 52, 17]","[0, 52, 18]","[0, 52, 18]","[0, 573, 19]","[1, 52, 20]","[1, 83, 20]",322
"[1, 64, 0]","[0, 60, 4]","[1, 52, 4]","[1, 1500, 25]","[1, 435, 25]","[0, 52, 25]","[0, 52, 26]","[0, 1500, 30]","[0, 1500, 30]","[0, 678, 31]","[1, 52, 31]","[1, 116, 33]","[1, 150, 34]","[0, 52, 34]","[1, 532, 34]","[0, 52, 34]","[0, 52, 35]","[0, 564, 36]","[0, 83, 36]","[1, 52, 36]",322
"[1, 64, 0]","[0, 60, 8]","[1, 52, 9]","[1, 1500, 16]","[1, 371, 16]","[0, 52, 17]","[0, 52, 17]","[0, 1500, 22]","[0, 1500, 22]","[0, 680, 22]","[1, 52, 22]","[1, 52, 22]","[1, 116, 34]","[1, 150, 34]","[1, 532, 34]","[0, 52, 35]","[0, 52, 35]","[0, 52, 36]","[0, 573, 37]","[1, 52, 37]",322
"[1, 64, 0]","[0, 60, 8]","[1, 52, 9]","[1, 1500, 15]","[1, 435, 15]","[0, 52, 16]","[0, 52, 16]","[0, 1500, 21]","[0, 1500, 21]","[0, 679, 21]","[1, 52, 21]","[1, 52, 22]","[1, 116, 27]","[1, 150, 28]","[1, 532, 28]","[0, 52, 29]","[0, 52, 29]","[0, 52, 29]","[0, 573, 31]","[1, 52, 31]",322
"[1, 64, 0]","[0, 60, 5]","[1, 52, 6]","[1, 1500, 8]","[1, 339, 8]","[0, 52, 8]","[0, 52, 8]","[0, 1500, 14]","[0, 1500, 14]","[1, 52, 15]","[0, 678, 15]","[1, 52, 15]","[1, 116, 20]","[1, 150, 20]","[0, 52, 20]","[0, 52, 21]","[1, 532, 21]","[0, 52, 21]","[0, 564, 22]","[1, 52, 23]",322
"[1, 64, 0]","[0, 60, 3]","[1, 52, 4]","[1, 1500, 5]","[1, 339, 5]","[0, 52, 6]","[0, 1500, 10]","[0, 1500, 10]","[0, 679, 10]","[1, 52, 11]","[1, 116, 14]","[1, 150, 14]","[1, 532, 15]","[0, 52, 15]","[0, 52, 15]","[0, 52, 15]","[0, 564, 17]","[1, 52, 17]","[1, 83, 18]","[0, 52, 18]",322
"[1, 64, 0]","[0, 60, 6]","[1, 52, 6]","[1, 1500, 10]","[1, 371, 10]","[0, 52, 12]","[0, 52, 12]","[0, 1500, 16]","[0, 1500, 17]","[0, 679, 17]","[1, 52, 17]","[1, 116, 19]","[1, 150, 19]","[1, 532, 20]","[0, 52, 20]","[0, 52, 21]","[0, 52, 21]","[0, 573, 23]","[1, 52, 23]","[1, 83, 23]",322
"[1, 64, 0]","[0, 60, 4]","[1, 52, 4]","[1, 1500, 10]","[1, 403, 10]","[0, 52, 11]","[0, 52, 11]","[0, 1500, 16]","[1, 52, 16]","[0, 1500, 17]","[1, 52, 17]","[0, 678, 17]","[1, 52, 17]","[1, 116, 20]","[1, 150, 20]","[1, 532, 20]","[0, 52, 22]","[0, 52, 23]","[0, 52, 25]","[0, 573, 28]",322
"[1, 64, 0]","[0, 60, 5]","[1, 52, 6]","[1, 1500, 6]","[1, 403, 6]","[0, 52, 7]","[0, 52, 7]","[0, 1500, 11]","[0, 1500, 11]","[0, 679, 11]","[1, 52, 12]","[1, 116, 17]","[1, 150, 17]","[1, 532, 18]","[0, 52, 18]","[0, 52, 19]","[0, 564, 20]","[1, 52, 20]","[0, 83, 20]","[1, 52, 20]",322
"[1, 64, 0]","[0, 60, 4]","[1, 52, 5]","[1, 1500, 9]","[1, 339, 9]","[0, 52, 10]","[0, 52, 10]","[0, 1500, 15]","[0, 1500, 15]","[0, 680, 15]","[1, 52, 16]","[1, 116, 19]","[1, 150, 20]","[1, 532, 20]","[0, 52, 20]","[0, 52, 21]","[0, 564, 23]","[0, 83, 23]","[1, 52, 23]","[1, 83, 23]",322
"[1, 64, 0]","[0, 60, 20]","[1, 52, 20]","[1, 1500, 27]","[1, 435, 27]","[0, 52, 28]","[0, 52, 28]","[0, 1500, 35]","[1, 52, 35]","[0, 1500, 36]","[1, 52, 36]","[0, 678, 36]","[1, 52, 36]","[1, 116, 39]","[1, 150, 39]","[0, 52, 39]","[0, 52, 40]","[1, 532, 40]","[0, 52, 40]","[0, 564, 41]",322
"[1, 64, 0]","[0, 60, 5]","[1, 52, 5]","[1, 1500, 10]","[1, 371, 10]","[0, 52, 11]","[0, 1500, 16]","[0, 1500, 16]","[0, 679, 16]","[1, 52, 16]","[1, 52, 16]","[1, 116, 19]","[1, 150, 19]","[1, 532, 20]","[0, 52, 20]","[0, 52, 20]","[0, 52, 20]","[0, 564, 22]","[0, 83, 22]","[1, 52, 22]",322
"[1, 64, 0]","[0, 60, 9]","[1, 52, 10]","[1, 1500, 12]","[1, 403, 12]","[0, 52, 14]","[0, 52, 14]","[0, 1500, 19]","[0, 1500, 19]","[0, 679, 19]","[1, 52, 19]","[1, 116, 22]","[1, 150, 23]","[0, 52, 23]","[0, 52, 23]","[1, 532, 23]","[0, 564, 25]","[1, 52, 25]","[1, 83, 26]","[0, 83, 26]",322
"[1, 64, 0]","[0, 60, 5]","[1, 52, 5]","[1, 1500, 6]","[1, 371, 6]","[0, 52, 7]","[0, 52, 8]","[0, 1500, 13]","[0, 1500, 13]","[0, 680, 13]","[1, 52, 14]","[1, 116, 17]","[1, 150, 17]","[1, 532, 18]","[0, 52, 18]","[0, 52, 18]","[0, 52, 18]","[0, 564, 19]","[1, 52, 19]","[0, 83, 20]",322
"[1, 64, 0]","[0, 60, 3]","[1, 52, 4]","[1, 1500, 6]","[1, 403, 6]","[0, 52, 8]","[0, 1500, 13]","[0, 1500, 13]","[0, 679, 13]","[1, 52, 14]","[1, 116, 18]","[1, 150, 19]","[0, 52, 19]","[0, 52, 19]","[1, 532, 20]","[0, 564, 21]","[0, 83, 21]","[1, 52, 21]","[0, 52, 21]","[1, 52, 21]",322
"[1, 64, 0]","[0, 60, 5]","[1, 52, 5]","[1, 1500, 6]","[1, 435, 6]","[0, 52, 7]","[0, 52, 7]","[0, 1500, 12]","[0, 1500, 13]","[0, 679, 13]","[1, 52, 13]","[1, 116, 21]","[1, 150, 21]","[1, 532, 21]","[0, 52, 22]","[0, 52, 22]","[0, 573, 24]","[1, 52, 24]","[1, 83, 24]","[0, 52, 25]",322
"[1, 64, 0]","[0, 60, 13]","[1, 52, 13]","[1, 1500, 17]","[1, 339, 17]","[0, 52, 18]","[0, 1500, 23]","[0, 1500, 23]","[0, 679, 23]","[1, 52, 23]","[1, 116, 26]","[1, 150, 26]","[1, 532, 27]","[0, 52, 27]","[0, 52, 27]","[0, 573, 28]","[1, 52, 29]","[1, 83, 29]","[0, 52, 29]","[0, 304, 36]",322
"[1, 64, 0]","[0, 60, 4]","[1, 52, 5]","[1, 1500, 7]","[1, 339, 7]","[0, 52, 8]","[0, 52, 8]","[0, 1500, 12]","[0, 1500, 12]","[0, 680, 12]","[1, 52, 12]","[1, 116, 14]","[1, 150, 15]","[0, 52, 15]","[1, 532, 15]","[0, 52, 15]","[0, 52, 15]","[0, 573, 17]","[1, 52, 17]","[1, 83, 17]",322
"[1, 64, 0]","[0, 60, 5]","[1, 52, 5]","[1, 1500, 7]","[1, 403, 7]","[0, 52, 8]","[0, 52, 8]","[0, 1500, 13]","[0, 1500, 13]","[0, 679, 13]","[1, 52, 14]","[1, 116, 16]","[1, 150, 16]","[1, 532, 17]","[0, 52, 18]","[0, 52, 18]","[0, 52, 18]","[0, 573, 20]","[1, 52, 20]","[1, 83, 20]",322
"[1, 64, 0]","[0, 60, 5]","[1, 52, 5]","[1, 1500, 9]","[1, 371, 9]","[0, 52, 10]","[0, 1500, 17]","[0, 1500, 17]","[0, 679, 17]","[1, 52, 17]","[1, 52, 17]","[1, 116, 20]","[1, 150, 20]","[1, 532, 21]","[0, 52, 21]","[0, 52, 21]","[0, 52, 21]","[0, 573, 22]","[1, 52, 23]","[1, 83, 23]",322
"[1, 64, 0]","[0, 60, 5]","[1, 52, 6]","[1, 1500, 8]","[1, 339, 8]","[0, 52, 8]","[0, 52, 8]","[0, 1500, 14]","[0, 1500, 14]","[0, 678, 15]","[1, 52, 15]","[1, 116, 17]","[1, 150, 18]","[1, 532, 18]","[0, 52, 19]","[0, 52, 19]","[0, 52, 20]","[0, 573, 22]","[1, 52, 22]","[1, 83, 23]",322
"[1, 64, 0]","[0, 60, 8]","[1, 52, 9]","[1, 1500, 9]","[1, 339, 9]","[0, 52, 10]","[0, 52, 10]","[0, 1500, 17]","[0, 1500, 17]","[0, 679, 17]","[1, 52, 17]","[1, 116, 20]","[1, 150, 20]","[1, 532, 21]","[0, 52, 21]","[0, 52, 21]","[0, 52, 22]","[0, 573, 23]","[1, 52, 24]","[1, 83, 24]",322
"[1, 64, 0]","[0, 60, 5]","[1, 52, 6]","[1, 1500, 33]","[1, 435, 33]","[0, 52, 34]","[0, 52, 34]","[0, 1500, 40]","[1, 52, 41]","[0, 1500, 41]","[1, 52, 41]","[0, 678, 42]","[1, 52, 42]","[1, 116, 44]","[1, 150, 45]","[0, 52, 45]","[1, 532, 45]","[0, 52, 46]","[0, 52, 46]","[0, 564, 47]",322
"[1, 64, 0]","[0, 60, 7]","[1, 52, 7]","[1, 1500, 9]","[1, 339, 9]","[0, 52, 10]","[0, 1500, 14]","[0, 1500, 14]","[0, 680, 14]","[1, 52, 15]","[1, 116, 17]","[1, 150, 18]","[1, 532, 18]","[0, 52, 19]","[0, 573, 20]","[1, 52, 21]","[1, 83, 21]","[0, 52, 21]","[0, 258, 28]","[0, 1500, 28]",322
"[1, 64, 0]","[0, 60, 5]","[1, 52, 5]","[1, 1500, 7]","[1, 339, 7]","[0, 52, 8]","[0, 52, 8]","[0, 1500, 12]","[0, 1500, 12]","[0, 679, 12]","[1, 52, 13]","[1, 116, 15]","[1, 150, 16]","[1, 532, 16]","[0, 52, 16]","[0, 52, 18]","[0, 52, 19]","[0, 573, 19]","[1, 52, 20]","[1, 83, 20]",322
"[1, 64, 0]","[0, 60, 8]","[1, 52, 8]","[1, 1500, 10]","[1, 339, 10]","[0, 52, 11]","[0, 52, 11]","[0, 1500, 18]","[0, 1500, 18]","[1, 52, 18]","[0, 679, 19]","[1, 52, 19]","[1, 116, 28]","[1, 150, 29]","[0, 52, 29]","[0, 52, 30]","[1, 532, 30]","[0, 564, 31]","[0, 83, 32]","[0, 52, 32]",322
"[1, 64, 0]","[0, 60, 5]","[1, 52, 6]","[1, 1500, 8]","[1, 435, 8]","[0, 52, 8]","[0, 52, 8]","[0, 1500, 14]","[0, 1500, 14]","[1, 52, 14]","[0, 679, 14]","[1, 52, 14]","[1, 116, 17]","[1, 150, 17]","[0, 52, 18]","[1, 532, 18]","[0, 52, 18]","[0, 52, 18]","[0, 564, 20]","[1, 52, 20]",322
"[1, 64, 0]","[0, 60, 4]","[1, 52, 5]","[1, 1500, 7]","[1, 371, 7]","[0, 52, 8]","[0, 52, 8]","[0, 1500, 15]","[0, 1500, 15]","[0, 678, 15]","[1, 52, 15]","[1, 52, 16]","[1, 116, 21]","[1, 150, 21]","[0, 52, 22]","[1, 532, 23]","[0, 52, 23]","[0, 564, 24]","[1, 52, 25]","[0, 52, 25]",322
"[1, 64, 0]","[0, 60, 4]","[1, 52, 5]","[1, 1500, 5]","[1, 371, 5]","[0, 52, 6]","[0, 52, 6]","[0, 1500, 12]","[0, 1500, 12]","[0, 680, 12]","[1, 52, 12]","[1, 116, 15]","[1, 150, 16]","[1, 532, 16]","[0, 52, 16]","[0, 52, 16]","[0, 573, 17]","[1, 52, 18]","[1, 83, 18]","[0, 52, 18]",322
"[1, 64, 0]","[0, 60, 5]","[1, 52, 7]","[1, 1500, 13]","[1, 403, 13]","[0, 52, 14]","[0, 52, 14]","[0, 1500, 19]","[0, 1500, 19]","[1, 52, 19]","[0, 680, 20]","[1, 52, 20]","[1, 116, 25]","[1, 150, 26]","[1, 532, 26]","[0, 52, 26]","[0, 52, 26]","[0, 52, 27]","[0, 573, 28]","[1, 52, 28]",322
"[1, 64, 0]","[0, 60, 3]","[1, 52, 3]","[1, 1500, 4]","[1, 371, 4]","[0, 52, 5]","[0, 52, 5]","[0, 1500, 9]","[0, 1500, 9]","[1, 52, 10]","[0, 679, 10]","[1, 52, 10]","[1, 116, 13]","[1, 150, 13]","[0, 52, 13]","[1, 532, 13]","[0, 52, 14]","[0, 52, 14]","[0, 564, 15]","[0, 83, 15]",322
"[1, 64, 0]","[0, 60, 5]","[1, 52, 6]","[1, 1500, 6]","[1, 339, 6]","[0, 52, 9]","[0, 1500, 17]","[0, 1500, 17]","[0, 678, 17]","[1, 52, 17]","[1, 116, 19]","[1, 150, 20]","[1, 532, 20]","[0, 52, 20]","[0, 52, 21]","[0, 52, 21]","[0, 564, 23]","[0, 83, 23]","[1, 52, 23]","[1, 83, 23]",322
"[1, 64, 0]","[0, 60, 5]","[1, 52, 6]","[1, 1500, 8]","[1, 339, 8]","[0, 52, 9]","[0, 52, 9]","[0, 1500, 14]","[0, 1500, 14]","[0, 679, 14]","[1, 52, 16]","[1, 116, 190]","[1, 150, 190]","[1, 532, 191]","[0, 52, 191]","[0, 52, 191]","[0, 52, 191]","[0, 564, 193]","[0, 83, 193]","[1, 52, 193]",322
"[1, 64, 0]","[0, 60, 5]","[1, 52, 5]","[1, 1500, 6]","[1, 339, 6]","[0, 52, 7]","[0, 52, 7]","[0, 1500, 13]","[0, 1500, 13]","[0, 679, 13]","[1, 52, 14]","[1, 116, 16]","[1, 150, 16]","[1, 532, 17]","[0, 52, 17]","[0, 52, 17]","[0, 52, 17]","[0, 564, 18]","[0, 83, 18]","[1, 52, 18]",322
"[1, 64, 0]","[0, 60, 5]","[1, 52, 5]","[1, 1500, 8]","[1, 371, 8]","[0, 52, 9]","[0, 52, 9]","[0, 1500, 16]","[0, 1500, 16]","[0, 679, 16]","[1, 52, 16]","[1, 116, 32]","[1, 150, 33]","[0, 52, 33]","[0, 52, 33]","[1, 532, 34]","[0, 52, 34]","[0, 573, 37]","[1, 52, 37]","[1, 83, 38]",322
"[1, 64, 0]","[0, 60, 3]","[1, 52, 4]","[1, 1500, 6]","[1, 435, 6]","[0, 52, 7]","[0, 52, 7]","[0, 1500, 15]","[1, 52, 15]","[0, 1500, 15]","[0, 679, 15]","[1, 52, 15]","[1, 116, 18]","[1, 150, 18]","[1, 532, 18]","[0, 52, 19]","[0, 52, 19]","[0, 52, 19]","[0, 573, 22]","[1, 52, 23]",322
"[1, 64, 0]","[0, 60, 4]","[1, 52, 5]","[1, 1500, 6]","[1, 435, 6]","[0, 52, 7]","[0, 1500, 14]","[0, 1500, 14]","[0, 679, 14]","[1, 52, 14]","[1, 116, 19]","[1, 150, 20]","[0, 52, 20]","[1, 532, 20]","[0, 52, 20]","[0, 52, 21]","[0, 573, 23]","[1, 52, 23]","[1, 83, 24]","[0, 52, 24]",322
"[1, 64, 0]","[0, 60, 5]","[1, 52, 5]","[1, 1500, 6]","[1, 435, 6]","[0, 52, 7]","[0, 52, 7]","[0, 1500, 13]","[0, 1500, 13]","[0, 679, 13]","[1, 52, 13]","[1, 116, 17]","[1, 150, 17]","[1, 532, 17]","[0, 52, 18]","[0, 52, 18]","[0, 52, 18]","[0, 564, 21]","[1, 52, 21]","[1, 83, 22]",322
"[1, 64, 0]","[0, 60, 5]","[1, 52, 5]","[1, 1500, 5]","[1, 371, 5]","[0, 52, 6]","[0, 52, 6]","[0, 1500, 12]","[0, 1500, 12]","[0, 679, 12]","[1, 52, 13]","[1, 116, 16]","[1, 150, 16]","[0, 52, 17]","[1, 532, 17]","[0, 52, 17]","[0, 52, 17]","[0, 564, 19]","[0, 83, 19]","[1, 52, 19]",322
"[1, 64, 0]","[0, 60, 5]","[1, 52, 6]","[1, 1500, 27]","[1, 339, 27]","[0, 52, 28]","[0, 52, 28]","[0, 1500, 34]","[0, 1500, 34]","[0, 680, 34]","[1, 52, 35]","[1, 52, 35]","[1, 116, 37]","[1, 150, 37]","[0, 52, 38]","[1, 532, 38]","[0, 52, 38]","[0, 52, 38]","[0, 564, 40]","[1, 52, 40]",322
"[1, 64, 0]","[0, 60, 4]","[1, 52, 4]","[1, 1500, 9]","[1, 435, 9]","[0, 52, 11]","[0, 52, 12]","[0, 1500, 18]","[0, 1500, 18]","[0, 679, 18]","[1, 52, 18]","[1, 116, 21]","[1, 150, 21]","[1, 532, 21]","[0, 52, 22]","[0, 52, 22]","[0, 52, 22]","[0, 564, 24]","[1, 52, 24]","[0, 83, 24]",322
"[1, 64, 0]","[0, 60, 4]","[1, 52, 5]","[1, 1500, 7]","[1, 403, 7]","[0, 52, 8]","[0, 52, 8]","[0, 1500, 12]","[0, 1500, 12]","[0, 680, 12]","[1, 52, 13]","[1, 116, 16]","[1, 150, 16]","[1, 532, 17]","[0, 52, 17]","[0, 52, 17]","[0, 52, 17]","[0, 573, 19]","[1, 52, 19]","[1, 83, 20]",322
"[1, 64, 0]","[0, 60, 6]","[1, 52, 6]","[1, 1500, 7]","[1, 371, 7]","[0, 52, 7]","[0, 52, 7]","[0, 1500, 12]","[0, 1500, 13]","[0, 680, 13]","[1, 52, 13]","[1, 52, 13]","[1, 116, 18]","[1, 150, 19]","[0, 52, 19]","[1, 532, 19]","[0, 52, 20]","[0, 52, 20]","[0, 595, 21]","[1, 52, 21]",322
"[1, 64, 0]","[0, 60, 4]","[1, 52, 5]","[1, 1500, 7]","[1, 371, 7]","[0, 52, 8]","[0, 52, 8]","[0, 1500, 12]","[0, 1500, 12]","[1, 52, 12]","[1, 52, 12]","[0, 679, 12]","[1, 52, 13]","[1, 116, 18]","[1, 150, 18]","[1, 532, 18]","[0, 52, 19]","[0, 52, 19]","[0, 52, 20]","[0, 573, 21]",322
"[1, 64, 0]","[0, 60, 4]","[1, 52, 5]","[1, 1500, 7]","[1, 403, 7]","[0, 52, 8]","[0, 52, 8]","[0, 1500, 14]","[0, 1500, 14]","[0, 680, 14]","[1, 52, 15]","[1, 116, 18]","[1, 150, 18]","[1, 532, 19]","[0, 52, 20]","[0, 52, 23]","[0, 52, 24]","[0, 573, 26]","[1, 52, 26]","[1, 83, 26]",322
"[1, 64, 0]","[0, 60, 5]","[1, 52, 6]","[1, 1500, 9]","[1, 403, 9]","[0, 52, 10]","[0, 52, 10]","[0, 1500, 14]","[0, 1500, 14]","[0, 679, 14]","[1, 52, 14]","[1, 116, 17]","[1, 150, 17]","[1, 532, 18]","[0, 52, 18]","[0, 52, 18]","[0, 573, 21]","[1, 52, 21]","[1, 83, 21]","[0, 52, 22]",322
"[1, 64, 0]","[0, 60, 5]","[1, 52, 5]","[1, 1500, 8]","[1, 371, 8]","[0, 52, 9]","[0, 52, 9]","[0, 1500, 15]","[0, 1500, 16]","[0, 678, 16]","[1, 52, 16]","[1, 52, 16]","[1, 116, 20]","[1, 150, 20]","[1, 532, 21]","[0, 52, 21]","[0, 52, 22]","[0, 52, 22]","[0, 564, 23]","[1, 52, 23]",322
"[1, 64, 0]","[0, 60, 8]","[1, 52, 8]","[1, 1500, 12]","[1, 339, 12]","[0, 52, 13]","[0, 52, 13]","[0, 1500, 20]","[0, 1500, 20]","[0, 679, 20]","[1, 52, 20]","[1, 116, 26]","[1, 150, 26]","[1, 532, 26]","[0, 52, 27]","[0, 52, 27]","[0, 52, 27]","[0, 573, 29]","[1, 52, 30]","[1, 83, 30]",322
"[1, 64, 0]","[0, 60, 5]","[1, 52, 5]","[1, 1500, 8]","[1, 371, 8]","[0, 52, 9]","[0, 1500, 14]","[0, 1500, 14]","[0, 679, 14]","[1, 52, 14]","[1, 52, 14]","[1, 116, 17]","[1, 150, 17]","[1, 532, 18]","[0, 52, 18]","[0, 52, 18]","[0, 52, 18]","[0, 564, 19]","[1, 52, 20]","[0, 83, 20]",322
"[1, 64, 0]","[0, 60, 5]","[1, 52, 5]","[1, 1500, 6]","[1, 403, 6]","[0, 52, 6]","[0, 52, 7]","[0, 1500, 12]","[0, 1500, 12]","[0, 679, 12]","[1, 52, 12]","[1, 52, 12]","[1, 116, 15]","[1, 150, 16]","[1, 532, 16]","[0, 52, 16]","[0, 52, 17]","[0, 52, 17]","[0, 573, 19]","[1, 52, 20]",322
"[1, 64, 0]","[0, 60, 6]","[1, 52, 6]","[1, 1500, 8]","[1, 403, 8]","[0, 52, 9]","[0, 52, 9]","[0, 1500, 15]","[0, 1500, 15]","[0, 678, 15]","[1, 52, 16]","[1, 116, 19]","[1, 150, 19]","[1, 532, 19]","[0, 52, 22]","[0, 52, 23]","[0, 52, 24]","[0, 573, 27]","[1, 52, 27]","[1, 83, 27]",322
"[1, 64, 0]","[0, 60, 6]","[1, 52, 6]","[1, 1500, 9]","[1, 403, 9]","[0, 52, 10]","[0, 52, 10]","[0, 1500, 15]","[0, 1500, 15]","[0, 680, 15]","[1, 52, 16]","[1, 116, 18]","[1, 150, 19]","[1, 532, 19]","[0, 52, 20]","[0, 52, 20]","[0, 52, 20]","[0, 573, 21]","[1, 52, 22]","[1, 83, 22]",322
"[1, 64, 0]","[0, 60, 5]","[1, 52, 5]","[1, 1500, 8]","[1, 339, 8]","[0, 52, 9]","[0, 52, 9]","[0, 1500, 18]","[0, 1500, 18]","[0, 679, 18]","[1, 52, 18]","[1, 52, 18]","[1, 116, 20]","[1, 150, 21]","[1, 532, 21]","[0, 52, 21]","[0, 52, 21]","[0, 52, 22]","[0, 573, 23]","[1, 52, 23]",322
"[1, 64, 0]","[0, 60, 6]","[1, 52, 7]","[1, 1500, 9]","[1, 371, 9]","[0, 52, 10]","[0, 52, 10]","[0, 1500, 20]","[0, 1500, 20]","[1, 52, 20]","[0, 679, 21]","[1, 52, 21]","[1, 116, 23]","[1, 150, 24]","[1, 532, 24]","[0, 52, 24]","[0, 564, 28]","[1, 52, 28]","[1, 83, 28]","[0, 52, 30]",322
"[1, 64, 0]","[0, 60, 4]","[1, 52, 5]","[1, 570, 5]","[0, 52, 6]","[0, 1500, 12]","[0, 1039, 12]","[1, 52, 13]","[1, 116, 23]","[1, 150, 23]","[1, 532, 24]","[0, 52, 24]","[0, 52, 24]","[0, 573, 26]","[1, 52, 26]","[1, 83, 27]","[0, 52, 28]","[0, 304, 33]","[0, 1500, 33]","[0, 1014, 33]",320
"[1, 64, 0]","[0, 60, 4]","[1, 52, 4]","[1, 597, 5]","[0, 52, 5]","[0, 1500, 9]","[0, 1039, 9]","[1, 52, 10]","[1, 116, 26]","[1, 150, 27]","[0, 52, 27]","[0, 52, 28]","[1, 532, 29]","[0, 564, 29]","[0, 83, 30]","[0, 52, 30]","[1, 52, 30]","[1, 83, 32]","[0, 52, 33]","[0, 304, 39]",320
"[1, 64, 0]","[0, 60, 4]","[1, 52, 4]","[1, 661, 5]","[0, 52, 5]","[0, 1500, 11]","[0, 1039, 11]","[1, 52, 11]","[1, 116, 33]","[1, 150, 33]","[0, 52, 34]","[0, 52, 34]","[1, 532, 34]","[0, 52, 36]","[0, 595, 36]","[1, 52, 36]","[1, 83, 36]","[0, 52, 37]","[0, 258, 44]","[0, 1489, 45]",320
"[1, 64, 0]","[0, 60, 5]","[1, 52, 5]","[1, 570, 6]","[0, 52, 6]","[0, 1500, 11]","[0, 1039, 11]","[1, 52, 11]","[1, 52, 11]","[1, 116, 20]","[0, 52, 21]","[0, 564, 22]","[1, 52, 23]","[1, 150, 64]","[0, 52, 65]","[1, 83, 65]","[1, 532, 65]","[0, 52, 66]","[0, 83, 67]","[1, 52, 67]",320
"[1, 64, 0]","[0, 60, 4]","[1, 52, 5]","[1, 629, 6]","[0, 52, 7]","[0, 1500, 10]","[0, 1039, 10]","[1, 52, 11]","[1, 116, 39]","[1, 150, 39]","[0, 52, 40]","[1, 532, 40]","[0, 52, 41]","[0, 52, 42]","[0, 564, 42]","[1, 52, 42]","[0, 83, 42]","[1, 52, 43]","[1, 83, 45]","[0, 52, 46]",320
"[1, 64, 0]","[0, 60, 4]","[1, 52, 4]","[1, 629, 5]","[0, 52, 5]","[0, 1500, 10]","[0, 1039, 10]","[1, 52, 10]","[1, 116, 17]","[1, 150, 17]","[1, 532, 18]","[0, 52, 18]","[0, 52, 19]","[0, 52, 19]","[0, 573, 21]","[1, 52, 21]","[1, 83, 22]","[0, 52, 23]","[0, 304, 27]","[1, 52, 27]",320
"[1, 64, 0]","[0, 60, 4]","[1, 52, 4]","[1, 570, 9]","[0, 52, 10]","[0, 1500, 15]","[0, 1040, 15]","[1, 52, 15]","[1, 116, 23]","[1, 150, 23]","[0, 52, 24]","[1, 532, 24]","[0, 52, 24]","[0, 52, 25]","[0, 573, 26]","[1, 52, 26]","[1, 83, 28]","[0, 52, 28]","[0, 304, 33]","[0, 1500, 33]",320
"[1, 64, 0]","[0, 60, 4]","[1, 52, 4]","[1, 597, 5]","[0, 52, 5]","[0, 1500, 10]","[0, 1039, 10]","[1, 52, 11]","[1, 116, 13]","[1, 150, 14]","[1, 532, 14]","[0, 52, 14]","[0, 52, 15]","[0, 52, 15]","[0, 573, 16]","[1, 52, 17]","[1, 83, 18]","[0, 52, 19]","[0, 258, 25]","[0, 1500, 25]",320
"[1, 64, 0]","[0, 60, 4]","[1, 52, 5]","[1, 597, 5]","[0, 52, 6]","[0, 1500, 9]","[0, 1039, 9]","[1, 52, 9]","[1, 116, 18]","[1, 150, 19]","[0, 52, 19]","[0, 52, 19]","[1, 532, 19]","[0, 52, 20]","[0, 564, 21]","[0, 83, 21]","[1, 52, 22]","[1, 83, 22]","[0, 52, 23]","[0, 305, 38]",320
"[1, 64, 0]","[0, 60, 4]","[1, 52, 4]","[1, 597, 5]","[0, 52, 5]","[0, 1500, 11]","[0, 1039, 11]","[1, 52, 11]","[1, 116, 23]","[1, 150, 23]","[1, 532, 24]","[0, 52, 24]","[0, 52, 24]","[0, 52, 25]","[0, 573, 26]","[1, 52, 27]","[1, 83, 28]","[0, 52, 29]","[0, 1500, 35]","[0, 1265, 35]",320
"[1, 64, 0]","[0, 60, 5]","[1, 52, 5]","[1, 661, 7]","[0, 52, 8]","[0, 1500, 12]","[0, 1039, 12]","[1, 52, 12]","[1, 116, 24]","[1, 150, 25]","[0, 52, 26]","[0, 52, 26]","[1, 532, 26]","[0, 52, 27]","[0, 564, 27]","[0, 83, 27]","[1, 52, 28]","[1, 52, 28]","[1, 83, 30]","[0, 52, 31]",320
"[1, 64, 0]","[0, 60, 5]","[1, 52, 5]","[1, 597, 6]","[0, 52, 7]","[0, 1500, 12]","[0, 1039, 12]","[1, 52, 12]","[1, 116, 16]","[1, 150, 16]","[0, 52, 17]","[0, 52, 17]","[1, 532, 17]","[0, 52, 18]","[0, 573, 19]","[1, 52, 19]","[1, 83, 19]","[0, 52, 20]","[0, 304, 27]","[0, 1500, 27]",320
"[1, 64, 0]","[0, 60, 4]","[1, 52, 5]","[1, 661, 8]","[0, 52, 9]","[0, 1500, 15]","[0, 1040, 15]","[1, 52, 15]","[1, 116, 64]","[1, 150, 65]","[1, 532, 65]","[0, 52, 65]","[0, 52, 66]","[0, 573, 68]","[1, 52, 68]","[1, 83, 68]","[0, 52, 70]","[0, 1500, 76]","[0, 1266, 76]","[1, 52, 76]",320
"[1, 64, 0]","[0, 60, 11]","[1, 52, 11]","[1, 597, 12]","[0, 52, 16]","[0, 1500, 20]","[0, 1040, 20]","[1, 52, 21]","[1, 116, 24]","[1, 150, 25]","[1, 532, 25]","[0, 52, 29]","[0, 52, 29]","[0, 52, 29]","[0, 573, 32]","[1, 52, 32]","[1, 83, 32]","[0, 52, 36]","[0, 1500, 42]","[0, 247, 42]",320
"[1, 64, 0]","[0, 60, 4]","[1, 52, 5]","[1, 661, 5]","[0, 52, 6]","[0, 1500, 12]","[0, 1040, 12]","[1, 52, 12]","[1, 52, 12]","[1, 116, 21]","[1, 150, 22]","[0, 52, 22]","[0, 52, 22]","[1, 532, 22]","[0, 52, 24]","[0, 595, 24]","[1, 52, 24]","[1, 83, 25]","[0, 52, 26]","[0, 304, 33]",320
"[1, 64, 0]","[0, 60, 4]","[1, 52, 5]","[1, 661, 6]","[0, 52, 7]","[0, 1500, 12]","[0, 1040, 12]","[1, 52, 13]","[1, 116, 43]","[1, 150, 43]","[1, 532, 43]","[0, 52, 44]","[0, 52, 44]","[0, 573, 46]","[1, 52, 47]","[1, 83, 47]","[0, 52, 48]","[0, 1500, 55]","[0, 1198, 55]","[0, 83, 55]",320
"[1, 64, 0]","[0, 60, 5]","[1, 52, 5]","[1, 661, 7]","[0, 52, 8]","[0, 1500, 14]","[0, 1039, 14]","[1, 52, 14]","[1, 116, 29]","[1, 150, 30]","[1, 532, 30]","[0, 52, 30]","[0, 52, 30]","[0, 52, 31]","[0, 564, 32]","[0, 83, 32]","[1, 52, 32]","[1, 83, 33]","[0, 52, 33]","[0, 1500, 39]",320
"[1, 64, 0]","[0, 60, 5]","[1, 52, 6]","[1, 597, 10]","[0, 52, 11]","[0, 1500, 16]","[0, 1039, 16]","[1, 52, 17]","[1, 116, 25]","[0, 52, 26]","[0, 564, 27]","[1, 150, 28]","[1, 52, 28]","[0, 52, 29]","[1, 532, 31]","[1, 83, 31]","[0, 83, 31]","[1, 52, 31]","[0, 52, 32]","[0, 52, 32]",320
"[1, 64, 0]","[0, 60, 6]","[1, 52, 6]","[1, 570, 6]","[0, 52, 7]","[0, 1500, 13]","[0, 1038, 13]","[1, 52, 13]","[1, 116, 25]","[1, 150, 26]","[0, 52, 27]","[0, 52, 27]","[1, 532, 27]","[0, 52, 28]","[0, 573, 29]","[1, 52, 29]","[1, 83, 29]","[0, 52, 30]","[0, 304, 36]","[0, 1500, 36]",320
"[1, 64, 0]","[0, 60, 4]","[1, 52, 4]","[1, 661, 5]","[0, 52, 6]","[0, 1500, 9]","[0, 1038, 9]","[1, 52, 10]","[1, 116, 20]","[1, 150, 20]","[1, 532, 21]","[0, 52, 21]","[0, 52, 21]","[0, 52, 22]","[0, 573, 23]","[1, 52, 23]","[1, 83, 24]","[0, 52, 25]","[0, 304, 34]","[0, 1500, 34]",320
"[1, 64, 0]","[0, 60, 4]","[1, 52, 5]","[1, 629, 6]","[0, 52, 7]","[0, 1500, 11]","[0, 1039, 11]","[1, 52, 11]","[1, 116, 27]","[1, 150, 28]","[1, 532, 28]","[0, 52, 29]","[0, 52, 29]","[0, 52, 29]","[0, 573, 31]","[1, 52, 32]","[1, 83, 32]","[0, 52, 33]","[0, 304, 41]","[0, 1500, 41]",320
"[1, 64, 0]","[0, 60, 4]","[1, 52, 5]","[1, 597, 5]","[0, 52, 6]","[0, 1500, 10]","[0, 1040, 10]","[1, 52, 11]","[1, 116, 15]","[1, 150, 15]","[1, 532, 15]","[0, 52, 15]","[0, 52, 16]","[0, 52, 16]","[0, 595, 17]","[1, 52, 18]","[1, 83, 18]","[0, 52, 19]","[0, 304, 28]","[0, 1500, 28]",320
"[1, 64, 0]","[0, 60, 4]","[1, 52, 4]","[1, 661, 6]","[0, 52, 7]","[0, 1500, 13]","[0, 1039, 13]","[1, 52, 13]","[1, 116, 21]","[1, 150, 22]","[0, 52, 22]","[0, 52, 22]","[1, 532, 22]","[0, 52, 23]","[0, 564, 23]","[1, 52, 24]","[0, 83, 24]","[1, 52, 24]","[1, 83, 24]","[0, 52, 25]",320
"[1, 64, 0]","[0, 60, 10]","[1, 52, 11]","[1, 629, 12]","[0, 52, 13]","[0, 1500, 19]","[0, 1039, 19]","[1, 52, 19]","[1, 116, 32]","[0, 52, 33]","[0, 564, 35]","[1, 52, 35]","[1, 150, 47]","[1, 83, 47]","[1, 532, 47]","[0, 52, 48]","[0, 52, 48]","[0, 52, 48]","[0, 83, 49]","[1, 52, 50]",320
"[1, 64, 0]","[0, 60, 4]","[1, 52, 5]","[1, 570, 5]","[0, 52, 6]","[0, 1500, 11]","[0, 1039, 11]","[1, 52, 11]","[1, 116, 103]","[1, 150, 103]","[1, 532, 104]","[0, 52, 104]","[0, 52, 104]","[0, 573, 106]","[1, 52, 106]","[1, 83, 107]","[0, 52, 107]","[0, 258, 113]","[0, 1443, 113]","[0, 1080, 114]",320
"[1, 64, 0]","[0, 60, 3]","[1, 52, 4]","[1, 629, 4]","[0, 52, 5]","[0, 1500, 10]","[0, 1038, 10]","[1, 52, 11]","[1, 116, 18]","[1, 150, 19]","[0, 52, 19]","[1, 532, 20]","[0, 52, 21]","[0, 573, 21]","[1, 52, 21]","[1, 83, 22]","[0, 52, 23]","[0, 304, 29]","[0, 1443, 29]","[0, 1069, 29]",320
"[1, 64, 0]","[0, 60, 4]","[1, 52, 4]","[1, 629, 5]","[0, 52, 6]","[0, 1500, 11]","[0, 1038, 11]","[1, 52, 11]","[1, 52, 12]","[1, 116, 23]","[1, 150, 23]","[0, 52, 23]","[0, 52, 24]","[1, 532, 24]","[0, 52, 25]","[0, 564, 25]","[0, 83, 25]","[1, 52, 25]","[1, 52, 26]","[1, 83, 27]",320
"[1, 64, 0]","[0, 60, 4]","[1, 52, 4]","[1, 629, 5]","[0, 52, 6]","[0, 1500, 15]","[0, 1038, 15]","[1, 52, 15]","[1, 52, 15]","[1, 116, 25]","[0, 52, 26]","[1, 150, 27]","[0, 52, 27]","[1, 532, 28]","[0, 564, 28]","[1, 52, 28]","[1, 83, 28]","[0, 52, 28]","[0, 52, 29]","[0, 83, 29]",320
"[1, 64, 0]","[0, 60, 4]","[1, 52, 4]","[1, 570, 4]","[0, 52, 5]","[0, 1500, 10]","[0, 1040, 10]","[1, 52, 10]","[1, 116, 28]","[1, 150, 28]","[1, 532, 29]","[0, 52, 29]","[0, 52, 29]","[0, 52, 29]","[0, 573, 30]","[1, 52, 31]","[1, 83, 31]","[0, 52, 32]","[0, 304, 38]","[0, 1443, 38]",320
"[1, 64, 0]","[0, 60, 4]","[1, 52, 4]","[1, 597, 4]","[0, 52, 5]","[0, 1500, 10]","[0, 1040, 10]","[1, 52, 11]","[1, 116, 26]","[0, 52, 27]","[1, 150, 27]","[0, 52, 27]","[1, 532, 27]","[0, 52, 28]","[0, 564, 28]","[0, 83, 29]","[1, 52, 29]","[1, 52, 29]","[1, 83, 29]","[0, 52, 30]",320
"[1, 64, 0]","[0, 60, 4]","[1, 52, 5]","[1, 629, 5]","[0, 52, 6]","[0, 1500, 13]","[0, 1040, 13]","[1, 52, 13]","[1, 116, 34]","[1, 150, 35]","[0, 52, 35]","[1, 532, 36]","[0, 52, 36]","[0, 52, 37]","[0, 564, 37]","[1, 52, 37]","[0, 83, 38]","[1, 83, 38]","[1, 52, 38]","[0, 52, 39]",320
"[1, 64, 0]","[0, 60, 4]","[1, 52, 5]","[1, 597, 5]","[0, 52, 6]","[0, 1500, 10]","[0, 1039, 10]","[1, 52, 10]","[1, 116, 23]","[1, 150, 24]","[1, 532, 24]","[0, 52, 25]","[0, 52, 25]","[0, 573, 27]","[1, 52, 27]","[1, 83, 27]","[0, 52, 28]","[0, 259, 44]","[0, 1500, 44]","[0, 1060, 44]",320
"[1, 64, 0]","[0, 60, 15]","[1, 52, 16]","[1, 661, 16]","[0, 52, 17]","[0, 1500, 49]","[0, 1038, 49]","[1, 52, 49]","[1, 116, 52]","[1, 150, 52]","[1, 532, 53]","[0, 52, 53]","[0, 52, 53]","[0, 52, 54]","[0, 573, 82]","[1, 52, 83]","[1, 83, 83]","[0, 52, 84]","[0, 1500, 93]","[0, 1266, 93]",320
"[1, 64, 0]","[0, 60, 4]","[1, 52, 5]","[1, 661, 9]","[0, 52, 10]","[0, 1500, 16]","[0, 1038, 16]","[1, 52, 16]","[1, 116, 40]","[1, 150, 41]","[0, 52, 42]","[1, 532, 42]","[0, 52, 42]","[0, 52, 43]","[0, 564, 43]","[0, 83, 44]","[1, 52, 44]","[1, 52, 44]","[1, 83, 45]","[0, 52, 45]",320
"[1, 64, 0]","[0, 60, 3]","[1, 52, 4]","[1, 597, 5]","[0, 52, 6]","[0, 1500, 11]","[0, 1038, 11]","[1, 52, 12]","[1, 116, 38]","[1, 150, 39]","[0, 52, 39]","[1, 532, 40]","[0, 52, 40]","[0, 52, 41]","[0, 564, 41]","[1, 52, 41]","[0, 83, 41]","[1, 52, 42]","[1, 83, 42]","[0, 52, 43]",320
"[1, 64, 0]","[0, 60, 5]","[1, 52, 6]","[1, 597, 7]","[0, 52, 8]","[0, 1500, 13]","[0, 1038, 13]","[1, 52, 13]","[1, 116, 34]","[1, 150, 35]","[0, 52, 35]","[0, 52, 35]","[1, 532, 35]","[0, 564, 36]","[0, 52, 36]","[1, 52, 37]","[0, 83, 37]","[1, 52, 37]","[1, 83, 37]","[0, 52, 38]",320
"[1, 64, 0]","[0, 60, 4]","[1, 52, 4]","[1, 629, 5]","[0, 52, 6]","[0, 1500, 10]","[1, 52, 11]","[0, 1039, 11]","[1, 52, 11]","[1, 116, 30]","[0, 52, 30]","[0, 564, 33]","[1, 52, 33]","[1, 150, 65]","[0, 52, 65]","[1, 83, 65]","[1, 532, 66]","[0, 52, 66]","[0, 52, 66]","[0, 83, 68]",320
"[1, 64, 0]","[0, 60, 4]","[1, 52, 4]","[1, 661, 8]","[0, 52, 9]","[0, 1500, 13]","[0, 1038, 13]","[1, 52, 13]","[1, 116, 29]","[0, 52, 31]","[0, 564, 32]","[1, 52, 33]","[1, 150, 63]","[1, 83, 63]","[1, 532, 64]","[0, 52, 64]","[0, 52, 64]","[0, 52, 65]","[0, 83, 66]","[1, 52, 66]",320
"[1, 64, 0]","[0, 60, 4]","[1, 52, 4]","[1, 570, 5]","[0, 52, 5]","[0, 1500, 11]","[0, 1040, 12]","[1, 52, 12]","[1, 116, 29]","[0, 52, 30]","[0, 564, 32]","[1, 52, 32]","[1, 150, 70]","[1, 83, 71]","[1, 532, 71]","[0, 52, 72]","[0, 52, 72]","[0, 52, 72]","[0, 83, 74]","[1, 52, 74]",320
"[1, 64, 0]","[0, 60, 5]","[1, 52, 6]","[1, 661, 7]","[0, 52, 7]","[0, 1500, 13]","[0, 1039, 13]","[1, 52, 13]","[1, 116, 24]","[0, 52, 25]","[0, 564, 27]","[1, 52, 28]","[1, 150, 116]","[1, 83, 117]","[1, 532, 117]","[0, 52, 117]","[0, 52, 117]","[0, 52, 117]","[0, 83, 119]","[1, 52, 119]",320
"[1, 64, 0]","[0, 60, 3]","[1, 52, 4]","[1, 597, 4]","[0, 52, 5]","[0, 1500, 9]","[0, 1039, 9]","[1, 52, 9]","[1, 116, 36]","[1, 150, 36]","[0, 52, 37]","[1, 532, 37]","[0, 52, 37]","[0, 52, 37]","[0, 595, 39]","[1, 52, 39]","[1, 83, 40]","[0, 52, 40]","[0, 258, 48]","[1, 52, 48]",320
"[1, 64, 0]","[0, 60, 4]","[1, 52, 4]","[1, 629, 8]","[0, 52, 9]","[0, 1500, 13]","[0, 1039, 13]","[1, 52, 13]","[1, 116, 38]","[1, 150, 39]","[1, 532, 39]","[0, 52, 39]","[0, 52, 39]","[0, 52, 40]","[0, 573, 42]","[1, 52, 42]","[1, 83, 43]","[0, 52, 44]","[0, 305, 54]","[0, 1500, 54]",320
"[1, 64, 0]","[0, 60, 4]","[1, 52, 5]","[1, 570, 5]","[0, 52, 6]","[0, 1500, 10]","[0, 1039, 10]","[1, 52, 10]","[1, 116, 19]","[1, 150, 20]","[0, 52, 20]","[0, 52, 20]","[1, 532, 21]","[0, 52, 22]","[0, 573, 22]","[1, 52, 23]","[1, 83, 23]","[0, 52, 24]","[0, 1500, 31]","[0, 1264, 31]",320
"[1, 64, 0]","[0, 60, 4]","[1, 52, 4]","[1, 597, 5]","[0, 52, 6]","[0, 1500, 11]","[0, 1038, 11]","[1, 52, 11]","[1, 116, 15]","[1, 150, 15]","[0, 52, 16]","[0, 52, 16]","[1, 532, 16]","[0, 52, 17]","[0, 564, 17]","[0, 83, 17]","[1, 52, 18]","[1, 83, 19]","[0, 52, 20]","[0, 258, 27]",320
"[1, 64, 0]","[0, 60, 5]","[1, 52, 5]","[1, 570, 6]","[0, 52, 7]","[0, 1500, 10]","[0, 1040, 10]","[1, 52, 11]","[1, 116, 20]","[0, 52, 21]","[0, 564, 23]","[1, 52, 24]","[1, 150, 29]","[1, 83, 29]","[1, 532, 29]","[0, 52, 30]","[0, 52, 30]","[0, 52, 30]","[0, 83, 32]","[1, 52, 32]",320
"[1, 64, 0]","[0, 60, 5]","[1, 52, 6]","[1, 597, 6]","[0, 52, 7]","[0, 1500, 15]","[0, 1038, 15]","[1, 52, 16]","[1, 116, 51]","[1, 150, 51]","[1, 532, 51]","[0, 52, 52]","[0, 52, 52]","[0, 573, 53]","[1, 52, 54]","[1, 83, 54]","[0, 52, 55]","[0, 1500, 62]","[0, 1264, 62]","[1, 52, 63]",320
"[1, 64, 0]","[0, 60, 5]","[1, 52, 5]","[1, 570, 6]","[0, 52, 7]","[0, 1500, 11]","[0, 1038, 11]","[1, 52, 12]","[1, 116, 23]","[1, 150, 23]","[0, 52, 23]","[1, 532, 24]","[0, 52, 24]","[0, 52, 24]","[0, 595, 25]","[1, 52, 26]","[1, 83, 26]","[0, 52, 27]","[0, 258, 34]","[1, 52, 34]",320
"[1, 64, 0]","[0, 60, 5]","[1, 52, 6]","[1, 570, 6]","[0, 52, 7]","[0, 1500, 11]","[0, 1039, 11]","[1, 52, 11]","[1, 52, 11]","[1, 116, 38]","[1, 150, 39]","[1, 532, 39]","[0, 52, 40]","[0, 52, 40]","[0, 573, 42]","[1, 52, 42]","[1, 83, 42]","[0, 52, 43]","[0, 1500, 51]","[0, 247, 52]",320
"[1, 64, 0]","[0, 60, 4]","[1, 52, 4]","[1, 597, 6]","[0, 52, 7]","[0, 1500, 11]","[0, 1039, 11]","[1, 52, 12]","[1, 52, 12]","[1, 116, 18]","[0, 52, 19]","[1, 150, 19]","[0, 52, 19]","[1, 532, 19]","[0, 564, 21]","[0, 52, 21]","[0, 83, 21]","[1, 52, 21]","[1, 52, 21]","[1, 83, 23]",320
"[1, 64, 0]","[0, 60, 3]","[1, 52, 4]","[1, 629, 5]","[0, 52, 5]","[0, 1500, 11]","[0, 1039, 11]","[1, 52, 11]","[1, 116, 45]","[1, 150, 46]","[1, 532, 46]","[0, 52, 46]","[0, 52, 46]","[0, 52, 47]","[0, 595, 60]","[1, 52, 60]","[1, 83, 61]","[0, 52, 62]","[0, 304, 69]","[0, 1500, 69]",320
"[1, 64, 0]","[0, 60, 4]","[1, 52, 4]","[1, 661, 5]","[0, 52, 6]","[0, 1500, 11]","[0, 1038, 11]","[1, 52, 12]","[1, 116, 28]","[1, 150, 28]","[1, 532, 29]","[0, 52, 29]","[0, 52, 29]","[0, 52, 29]","[0, 564, 31]","[0, 83, 31]","[1, 52, 31]","[1, 52, 31]","[1, 83, 32]","[0, 52, 33]",320
"[1, 64, 0]","[0, 60, 4]","[1, 52, 4]","[1, 570, 5]","[0, 52, 6]","[0, 1500, 9]","[0, 1039, 9]","[1, 52, 10]","[1, 116, 37]","[1, 150, 37]","[1, 532, 38]","[0, 52, 38]","[0, 52, 38]","[0, 52, 38]","[0, 573, 40]","[1, 52, 40]","[1, 83, 40]","[0, 52, 41]","[0, 258, 46]","[0, 1500, 46]",320
"[1, 64, 0]","[0, 60, 4]","[1, 52, 4]","[1, 570, 5]","[0, 52, 6]","[0, 1500, 12]","[0, 1040, 12]","[1, 52, 12]","[1, 116, 25]","[0, 52, 26]","[1, 150, 27]","[0, 52, 28]","[0, 564, 28]","[1, 532, 28]","[1, 52, 28]","[1, 83, 28]","[0, 52, 29]","[0, 83, 29]","[0, 52, 29]","[1, 52, 29]",320
"[1, 64, 0]","[0, 60, 4]","[1, 52, 4]","[1, 661, 5]","[0, 52, 6]","[0, 1500, 9]","[0, 1038, 9]","[1, 52, 9]","[1, 116, 23]","[1, 150, 24]","[1, 532, 24]","[0, 52, 25]","[0, 52, 25]","[0, 52, 25]","[0, 564, 26]","[0, 83, 27]","[1, 52, 27]","[1, 52, 27]","[1, 83, 28]","[0, 52, 28]",320
"[1, 64, 0]","[0, 60, 5]","[1, 52, 6]","[1, 570, 6]","[0, 52, 7]","[0, 1500, 12]","[0, 1040, 12]","[1, 52, 12]","[1, 116, 33]","[1, 150, 33]","[0, 52, 34]","[0, 52, 34]","[1, 532, 34]","[0, 52, 35]","[0, 573, 36]","[1, 52, 36]","[1, 83, 37]","[0, 52, 37]","[0, 258, 47]","[0, 1500, 47]",320
"[1, 64, 0]","[0, 60, 4]","[1, 52, 5]","[1, 629, 5]","[0, 52, 6]","[0, 1500, 12]","[0, 1038, 12]","[1, 52, 12]","[1, 116, 18]","[1, 150, 19]","[1, 532, 19]","[0, 52, 19]","[0, 52, 20]","[0, 564, 21]","[0, 83, 22]","[1, 52, 22]","[1, 83, 22]","[0, 52, 23]","[0, 258, 33]","[0, 1500, 33]",320
"[1, 64, 0]","[0, 60, 3]","[1, 52, 4]","[1, 597, 5]","[0, 52, 5]","[0, 1500, 11]","[0, 1040, 11]","[1, 52, 11]","[1, 116, 19]","[1, 150, 19]","[0, 52, 20]","[1, 532, 20]","[0, 52, 20]","[0, 52, 21]","[0, 564, 22]","[1, 52, 22]","[0, 83, 22]","[1, 52, 22]","[1, 83, 23]","[0, 52, 24]",320
"[1, 64, 0]","[0, 60, 4]","[1, 52, 4]","[1, 597, 8]","[0, 52, 8]","[0, 1500, 16]","[1, 52, 17]","[0, 1038, 17]","[1, 52, 17]","[1, 116, 20]","[1, 150, 21]","[1, 532, 21]","[0, 52, 23]","[0, 52, 23]","[0, 52, 24]","[0, 573, 25]","[1, 52, 26]","[1, 83, 27]","[0, 52, 28]","[0, 304, 32]",320
"[1, 64, 0]","[0, 60, 4]","[1, 52, 4]","[1, 570, 5]","[0, 52, 5]","[0, 1500, 11]","[0, 1038, 11]","[1, 52, 11]","[1, 116, 36]","[1, 150, 36]","[1, 532, 37]","[0, 52, 38]","[0, 573, 40]","[1, 52, 40]","[1, 83, 40]","[0, 52, 41]","[0, 258, 48]","[0, 1500, 48]","[0, 1022, 48]","[1, 52, 48]",320
"[1, 64, 0]","[0, 60, 4]","[1, 52, 4]","[1, 629, 5]","[0, 52, 6]","[0, 1500, 10]","[0, 1038, 10]","[1, 52, 11]","[1, 116, 51]","[0, 52, 52]","[0, 564, 54]","[1, 52, 54]","[1, 150, 69]","[1, 83, 70]","[0, 52, 70]","[1, 532, 70]","[0, 52, 71]","[0, 83, 71]","[1, 52, 71]","[0, 304, 78]",320
"[1, 64, 0]","[0, 60, 4]","[1, 52, 4]","[1, 629, 5]","[0, 52, 6]","[0, 1500, 12]","[0, 1038, 13]","[1, 52, 13]","[1, 116, 50]","[1, 150, 50]","[0, 52, 51]","[0, 52, 51]","[1, 532, 51]","[0, 52, 52]","[0, 564, 53]","[0, 83, 53]","[1, 52, 53]","[1, 52, 53]","[1, 83, 54]","[0, 52, 54]",320
"[1, 64, 0]","[0, 60, 3]","[1, 52, 4]","[1, 661, 4]","[0, 52, 5]","[0, 1500, 9]","[0, 1039, 9]","[1, 52, 10]","[1, 116, 28]","[1, 150, 28]","[1, 532, 29]","[0, 52, 29]","[0, 52, 29]","[0, 52, 30]","[0, 564, 31]","[1, 52, 31]","[0, 83, 31]","[1, 52, 31]","[1, 83, 32]","[0, 52, 33]",320
"[1, 64, 0]","[0, 60, 4]","[1, 52, 4]","[1, 661, 5]","[0, 52, 6]","[0, 1500, 11]","[0, 1038, 11]","[1, 52, 11]","[1, 52, 12]","[1, 116, 33]","[1, 150, 33]","[0, 52, 33]","[1, 532, 33]","[0, 52, 34]","[0, 52, 34]","[0, 564, 35]","[0, 83, 35]","[1, 52, 36]","[1, 83, 37]","[0, 52, 38]",320
"[1, 64, 0]","[0, 60, 5]","[1, 52, 5]","[1, 597, 8]","[0, 52, 8]","[0, 1500, 13]","[0, 1039, 13]","[1, 52, 14]","[1, 116, 39]","[1, 150, 39]","[0, 52, 39]","[1, 532, 40]","[0, 52, 40]","[0, 52, 40]","[0, 564, 41]","[0, 83, 41]","[1, 52, 42]","[1, 83, 42]","[0, 52, 43]","[0, 258, 50]",320
"[1, 64, 0]","[0, 60, 5]","[1, 52, 5]","[1, 570, 6]","[0, 52, 7]","[0, 1500, 11]","[0, 1038, 12]","[1, 52, 12]","[1, 52, 12]","[1, 116, 26]","[1, 150, 26]","[0, 52, 26]","[1, 532, 27]","[0, 52, 27]","[0, 52, 27]","[0, 564, 28]","[0, 83, 28]","[1, 52, 29]","[1, 83, 29]","[0, 52, 29]",320
"[1, 64, 0]","[0, 60, 5]","[1, 52, 5]","[1, 661, 9]","[0, 52, 11]","[0, 1500, 15]","[0, 1040, 15]","[1, 52, 16]","[1, 116, 29]","[1, 150, 30]","[0, 52, 30]","[1, 532, 31]","[0, 52, 31]","[0, 52, 32]","[0, 573, 32]","[1, 52, 33]","[1, 83, 33]","[0, 52, 34]","[0, 258, 40]","[0, 1489, 40]",320
"[1, 64, 0]","[0, 60, 4]","[1, 52, 5]","[1, 629, 5]","[0, 52, 6]","[0, 1500, 12]","[0, 1040, 12]","[1, 52, 12]","[1, 116, 18]","[0, 52, 19]","[1, 150, 19]","[1, 532, 19]","[0, 52, 20]","[0, 52, 20]","[0, 564, 21]","[1, 52, 21]","[0, 83, 21]","[1, 83, 21]","[1, 52, 22]","[0, 52, 22]",320
"[1, 64, 0]","[0, 60, 4]","[1, 52, 5]","[1, 661, 5]","[0, 52, 7]","[0, 1500, 10]","[0, 1038, 11]","[1, 52, 11]","[1, 52, 11]","[1, 116, 26]","[0, 52, 27]","[0, 564, 29]","[1, 52, 29]","[1, 150, 58]","[1, 83, 58]","[1, 532, 59]","[0, 52, 59]","[0, 52, 59]","[0, 52, 59]","[0, 83, 61]",320
"[1, 64, 0]","[0, 60, 4]","[1, 52, 5]","[1, 570, 5]","[0, 52, 6]","[0, 1500, 17]","[0, 1039, 17]","[1, 52, 17]","[1, 116, 26]","[1, 150, 27]","[1, 532, 28]","[0, 52, 43]","[0, 52, 43]","[0, 52, 43]","[0, 564, 52]","[0, 335, 52]","[1, 52, 52]","[1, 83, 54]","[0, 1443, 54]","[0, 1070, 54]",320
"[1, 64, 0]","[0, 60, 4]","[1, 52, 5]","[1, 597, 6]","[0, 52, 7]","[0, 1500, 12]","[0, 1039, 12]","[1, 52, 12]","[1, 116, 21]","[1, 150, 21]","[1, 532, 22]","[0, 52, 22]","[0, 52, 22]","[0, 52, 23]","[0, 564, 24]","[0, 83, 24]","[1, 52, 25]","[1, 83, 25]","[0, 52, 26]","[0, 258, 33]",320
"[1, 64, 0]","[0, 60, 5]","[1, 52, 5]","[1, 661, 6]","[0, 52, 6]","[0, 1500, 11]","[0, 1039, 11]","[1, 52, 12]","[1, 116, 33]","[0, 52, 34]","[0, 564, 36]","[1, 52, 37]","[1, 150, 50]","[1, 83, 50]","[0, 52, 50]","[1, 532, 50]","[0, 52, 51]","[0, 52, 51]","[0, 83, 52]","[1, 52, 53]",320
"[1, 64, 0]","[0, 60, 4]","[1, 52, 4]","[1, 629, 6]","[0, 52, 7]","[0, 1500, 11]","[0, 1039, 11]","[1, 52, 11]","[1, 116, 16]","[1, 150, 16]","[1, 532, 17]","[0, 52, 17]","[0, 52, 17]","[0, 52, 17]","[0, 564, 18]","[0, 83, 18]","[1, 52, 19]","[1, 83, 19]","[0, 52, 20]","[0, 258, 25]",320
"[1, 64, 0]","[0, 60, 3]","[1, 52, 4]","[1, 661, 4]","[0, 52, 5]","[0, 1500, 10]","[0, 1038, 10]","[1, 52, 10]","[1, 116, 21]","[1, 150, 22]","[0, 52, 22]","[0, 52, 23]","[1, 532, 23]","[0, 52, 23]","[0, 595, 24]","[1, 52, 25]","[1, 83, 25]","[0, 52, 26]","[0, 258, 37]","[1, 52, 37]",320
"[1, 64, 0]","[0, 60, 5]","[1, 52, 5]","[1, 661, 6]","[0, 52, 6]","[0, 1500, 11]","[0, 1039, 11]","[1, 52, 12]","[1, 52, 12]","[1, 116, 15]","[1, 150, 15]","[0, 52, 16]","[0, 52, 16]","[1, 532, 16]","[0, 52, 17]","[0, 564, 17]","[0, 83, 17]","[1, 52, 18]","[1, 83, 18]","[0, 52, 18]",320
"[1, 64, 0]","[0, 60, 3]","[1, 52, 4]","[1, 597, 5]","[0, 52, 5]","[0, 1500, 12]","[0, 1040, 12]","[1, 52, 13]","[1, 116, 26]","[0, 52, 28]","[0, 564, 29]","[1, 52, 30]","[1, 150, 45]","[0, 52, 46]","[1, 83, 46]","[1, 532, 47]","[0, 52, 47]","[0, 83, 47]","[0, 52, 48]","[1, 52, 48]",320
"[1, 64, 0]","[0, 60, 4]","[1, 52, 4]","[1, 597, 5]","[0, 52, 6]","[0, 1500, 11]","[0, 1039, 11]","[1, 52, 11]","[1, 116, 35]","[1, 150, 36]","[0, 52, 36]","[1, 532, 36]","[0, 52, 36]","[0, 52, 37]","[0, 573, 42]","[1, 52, 42]","[1, 83, 43]","[0, 52, 44]","[0, 1500, 48]","[0, 247, 48]",320
"[1, 64, 0]","[0, 60, 5]","[1, 52, 5]","[1, 597, 6]","[0, 52, 7]","[0, 1500, 12]","[0, 1040, 12]","[1, 52, 13]","[1, 116, 19]","[0, 52, 21]","[0, 564, 26]","[1, 52, 27]","[1, 150, 50]","[0, 52, 51]","[1, 83, 51]","[1, 532, 51]","[0, 52, 52]","[0, 52, 52]","[0, 83, 53]","[1, 52, 53]",320
"[1, 64, 0]","[0, 60, 3]","[1, 52, 4]","[1, 570, 5]","[0, 52, 5]","[0, 1500, 10]","[0, 1039, 10]","[1, 52, 10]","[1, 116, 37]","[0, 52, 38]","[1, 150, 38]","[0, 52, 38]","[1, 532, 39]","[0, 564, 39]","[1, 52, 39]","[0, 52, 40]","[0, 83, 40]","[1, 83, 40]","[1, 52, 40]","[0, 52, 41]",320
"[1, 64, 0]","[0, 60, 5]","[1, 52, 5]","[1, 597, 6]","[0, 52, 6]","[0, 1500, 11]","[0, 1038, 11]","[1, 52, 11]","[1, 116, 35]","[1, 150, 35]","[1, 532, 35]","[0, 52, 36]","[0, 52, 36]","[0, 573, 38]","[1, 52, 38]","[1, 83, 39]","[0, 52, 39]","[0, 1500, 49]","[0, 1229, 49]","[1, 52, 49]",320
"[1, 64, 0]","[0, 60, 3]","[1, 52, 3]","[1, 570, 4]","[0, 52, 5]","[0, 1500, 8]","[0, 1039, 8]","[1, 52, 9]","[1, 116, 14]","[0, 52, 15]","[0, 564, 16]","[1, 52, 17]","[1, 150, 135]","[0, 52, 136]","[1, 83, 137]","[1, 532, 137]","[0, 83, 138]","[0, 52, 138]","[0, 52, 138]","[1, 52, 138]",320
"[1, 64, 0]","[0, 60, 4]","[1, 52, 5]","[1, 629, 5]","[0, 52, 6]","[0, 1500, 12]","[0, 1038, 12]","[1, 52, 13]","[1, 116, 36]","[1, 150, 36]","[1, 532, 36]","[0, 52, 37]","[0, 52, 37]","[0, 573, 40]","[1, 52, 40]","[1, 83, 40]","[0, 52, 41]","[0, 1500, 47]","[0, 1265, 47]","[1, 52, 48]",320
"[1, 64, 0]","[0, 60, 4]","[1, 52, 5]","[1, 629, 13]","[0, 52, 14]","[0, 1500, 20]","[0, 1039, 20]","[1, 52, 20]","[1, 116, 50]","[1, 150, 50]","[1, 532, 50]","[0, 52, 51]","[0, 52, 51]","[0, 573, 53]","[1, 52, 53]","[1, 83, 54]","[0, 52, 54]","[0, 258, 63]","[1, 52, 64]","[0, 1500, 64]",320
"[1, 64, 0]","[0, 60, 5]","[1, 52, 5]","[1, 570, 6]","[0, 52, 7]","[0, 1500, 11]","[0, 1039, 11]","[1, 52, 11]","[1, 116, 31]","[1, 150, 32]","[0, 52, 32]","[0, 52, 32]","[1, 532, 33]","[0, 52, 34]","[0, 595, 35]","[1, 52, 36]","[1, 83, 36]","[0, 52, 37]","[0, 1500, 44]","[0, 247, 44]",320
"[1, 64, 0]","[0, 60, 4]","[1, 52, 4]","[1, 570, 5]","[0, 52, 6]","[0, 1500, 12]","[0, 1039, 12]","[1, 52, 12]","[1, 116, 18]","[0, 52, 19]","[0, 564, 20]","[1, 52, 21]","[1, 150, 26]","[1, 83, 26]","[1, 532, 26]","[0, 52, 27]","[0, 52, 27]","[0, 52, 27]","[0, 83, 28]","[1, 52, 28]",320
"[1, 64, 0]","[0, 60, 4]","[1, 52, 5]","[1, 597, 5]","[0, 52, 6]","[0, 1500, 14]","[0, 1039, 14]","[1, 52, 14]","[1, 116, 19]","[1, 150, 20]","[1, 532, 20]","[0, 52, 21]","[0, 52, 21]","[0, 52, 22]","[0, 564, 23]","[1, 52, 24]","[0, 83, 24]","[1, 52, 24]","[1, 83, 25]","[0, 52, 25]",320
"[1, 64, 0]","[0, 60, 4]","[1, 52, 4]","[1, 661, 5]","[0, 52, 5]","[0, 1500, 10]","[0, 1038, 10]","[1, 52, 11]","[1, 116, 20]","[0, 52, 21]","[1, 150, 21]","[1, 532, 21]","[0, 52, 21]","[0, 52, 22]","[0, 564, 22]","[1, 52, 23]","[0, 83, 23]","[1, 52, 24]","[1, 83, 24]","[0, 52, 25]",320
"[1, 64, 0]","[0, 60, 6]","[1, 52, 7]","[1, 661, 8]","[0, 52, 9]","[0, 1500, 13]","[0, 1038, 13]","[1, 52, 14]","[1, 116, 20]","[0, 52, 21]","[0, 564, 23]","[1, 150, 23]","[1, 52, 23]","[1, 83, 24]","[1, 532, 24]","[0, 52, 25]","[0, 52, 25]","[0, 83, 26]","[1, 52, 27]","[0, 1500, 35]",320
"[1, 64, 0]","[0, 60, 4]","[1, 52, 4]","[1, 661, 5]","[0, 52, 6]","[0, 1500, 12]","[0, 1040, 12]","[1, 52, 12]","[1, 116, 19]","[0, 52, 20]","[0, 564, 22]","[1, 52, 22]","[1, 150, 79]","[1, 83, 80]","[0, 52, 80]","[1, 532, 80]","[0, 52, 80]","[0, 52, 80]","[0, 83, 82]","[1, 52, 82]",320
"[1, 64, 0]","[0, 60, 4]","[1, 52, 5]","[1, 597, 5]","[0, 52, 6]","[0, 1500, 11]","[0, 1039, 11]","[1, 52, 11]","[1, 116, 26]","[1, 150, 26]","[1, 532, 27]","[0, 52, 28]","[0, 52, 28]","[0, 52, 28]","[0, 573, 30]","[1, 52, 30]","[1, 83, 30]","[0, 52, 32]","[0, 258, 39]","[0, 1500, 40]",320
"[1, 64, 0]","[0, 60, 4]","[1, 52, 4]","[1, 570, 9]","[0, 52, 10]","[0, 1500, 14]","[0, 1039, 14]","[1, 52, 15]","[1, 116, 35]","[1, 150, 36]","[0, 52, 36]","[1, 532, 37]","[0, 52, 37]","[0, 52, 37]","[0, 564, 38]","[0, 83, 38]","[1, 52, 38]","[1, 52, 39]","[1, 83, 41]","[0, 52, 42]",320
"[1, 64, 0]","[0, 60, 5]","[1, 52, 5]","[1, 570, 6]","[0, 52, 6]","[0, 1500, 11]","[0, 1040, 11]","[1, 52, 11]","[1, 116, 27]","[1, 150, 28]","[1, 532, 29]","[0, 52, 31]","[0, 52, 31]","[0, 52, 31]","[0, 573, 33]","[1, 52, 34]","[1, 83, 34]","[0, 52, 35]","[0, 258, 40]","[1, 52, 40]",320
"[1, 64, 0]","[0, 60, 16]","[1, 52, 17]","[1, 597, 18]","[0, 52, 19]","[0, 1500, 39]","[0, 1039, 39]","[1, 52, 40]","[1, 52, 40]","[1, 116, 42]","[1, 150, 43]","[1, 532, 43]","[0, 52, 43]","[0, 52, 44]","[0, 573, 50]","[1, 52, 50]","[1, 83, 50]","[0, 52, 51]","[0, 304, 53]","[0, 1500, 53]",320
"[1, 64, 0]","[0, 60, 4]","[1, 52, 5]","[1, 661, 5]","[0, 52, 6]","[0, 1500, 9]","[0, 1039, 10]","[1, 52, 10]","[1, 116, 23]","[1, 150, 23]","[1, 532, 24]","[0, 52, 24]","[0, 52, 25]","[0, 573, 27]","[1, 52, 27]","[1, 83, 27]","[0, 52, 28]","[0, 259, 51]","[0, 1500, 51]","[0, 1022, 51]",320
"[1, 64, 0]","[0, 60, 9]","[1, 52, 9]","[1, 661, 10]","[0, 52, 12]","[0, 1500, 17]","[0, 1038, 17]","[1, 52, 17]","[1, 116, 23]","[0, 52, 24]","[0, 564, 26]","[1, 52, 26]","[1, 150, 132]","[0, 52, 132]","[1, 83, 132]","[1, 532, 133]","[0, 52, 133]","[0, 83, 135]","[1, 52, 135]","[0, 1500, 144]",320
"[1, 64, 0]","[0, 60, 4]","[1, 52, 4]","[1, 629, 7]","[0, 52, 8]","[0, 1500, 12]","[0, 1040, 12]","[1, 52, 12]","[1, 116, 35]","[1, 150, 35]","[1, 532, 36]","[0, 52, 36]","[0, 52, 36]","[0, 52, 37]","[0, 573, 38]","[1, 52, 38]","[1, 83, 39]","[0, 52, 39]","[0, 1500, 49]","[0, 247, 49]",320
"[1, 64, 0]","[0, 60, 5]","[1, 52, 5]","[1, 629, 6]","[0, 52, 7]","[0, 1500, 10]","[0, 1040, 10]","[1, 52, 11]","[1, 116, 17]","[1, 150, 18]","[1, 532, 18]","[0, 52, 18]","[0, 52, 18]","[0, 52, 19]","[0, 564, 20]","[1, 52, 20]","[0, 83, 20]","[1, 52, 21]","[1, 83, 21]","[0, 52, 22]",320
"[1, 64, 0]","[0, 60, 4]","[1, 52, 5]","[1, 661, 5]","[0, 52, 5]","[0, 1500, 10]","[0, 1039, 10]","[1, 52, 11]","[1, 116, 24]","[1, 150, 25]","[1, 532, 25]","[0, 52, 26]","[0, 52, 26]","[0, 52, 26]","[0, 573, 27]","[1, 52, 28]","[1, 83, 28]","[0, 52, 29]","[0, 258, 35]","[0, 1500, 35]",320
"[1, 64, 0]","[0, 60, 4]","[1, 52, 5]","[1, 597, 5]","[0, 52, 5]","[0, 1500, 12]","[0, 1039, 12]","[1, 52, 12]","[1, 116, 16]","[1, 150, 16]","[0, 52, 17]","[1, 532, 17]","[0, 52, 17]","[0, 52, 18]","[0, 573, 19]","[1, 52, 20]","[1, 83, 21]","[0, 52, 21]","[0, 258, 28]","[1, 52, 28]",320
"[1, 64, 0]","[0, 60, 5]","[1, 52, 6]","[1, 570, 7]","[0, 52, 8]","[0, 1500, 13]","[0, 1040, 13]","[1, 52, 13]","[1, 116, 27]","[1, 150, 27]","[1, 532, 28]","[0, 52, 28]","[0, 52, 28]","[0, 573, 30]","[1, 52, 31]","[1, 83, 32]","[0, 52, 32]","[0, 1500, 38]","[0, 1265, 38]","[1, 52, 38]",320
"[1, 64, 0]","[0, 60, 5]","[1, 52, 5]","[1, 597, 6]","[0, 52, 7]","[0, 1500, 10]","[0, 1038, 11]","[1, 52, 11]","[1, 116, 17]","[1, 150, 18]","[0, 52, 18]","[1, 532, 18]","[0, 52, 18]","[0, 52, 19]","[0, 564, 20]","[1, 52, 20]","[1, 83, 21]","[0, 83, 21]","[1, 52, 21]","[0, 52, 22]",320
"[1, 64, 0]","[0, 60, 9]","[1, 52, 10]","[1, 1500, 15]","[1, 499, 15]","[0, 52, 19]","[0, 52, 19]","[0, 1500, 31]","[0, 1500, 32]","[0, 1467, 32]","[1, 52, 33]","[1, 52, 52]","[1, 116, 75]","[1, 222, 75]","[0, 52, 76]","[0, 52, 77]","[0, 573, 80]","[1, 52, 81]","[1, 83, 82]","[0, 52, 84]",311
"[1, 64, 0]","[0, 60, 6]","[1, 52, 7]","[1, 1500, 10]","[1, 499, 10]","[0, 52, 12]","[0, 1500, 17]","[0, 1500, 17]","[0, 1466, 17]","[1, 52, 18]","[1, 52, 19]","[1, 116, 29]","[1, 222, 29]","[1, 424, 29]","[0, 52, 31]","[0, 52, 31]","[0, 573, 56]","[1, 52, 57]","[1, 83, 59]","[0, 52, 60]",311
"[1, 64, 0]","[0, 60, 7]","[1, 52, 8]","[1, 1500, 25]","[1, 499, 25]","[0, 52, 28]","[0, 1500, 33]","[0, 1500, 33]","[0, 1467, 33]","[1, 52, 34]","[1, 52, 36]","[1, 116, 52]","[1, 222, 52]","[0, 52, 54]","[0, 573, 57]","[1, 52, 58]","[1, 83, 60]","[0, 52, 63]","[1, 424, 74]","[0, 52, 76]",311
"[1, 64, 0]","[0, 60, 5]","[1, 52, 5]","[1, 1500, 7]","[1, 499, 7]","[0, 52, 8]","[0, 1500, 19]","[0, 1500, 19]","[0, 1465, 19]","[1, 52, 20]","[1, 52, 21]","[1, 116, 34]","[1, 222, 35]","[0, 52, 35]","[0, 52, 36]","[0, 573, 41]","[1, 52, 41]","[1, 83, 42]","[0, 52, 43]","[1, 424, 64]",311
"[1, 64, 0]","[0, 60, 11]","[1, 52, 12]","[1, 1500, 13]","[1, 499, 13]","[0, 52, 15]","[0, 1500, 21]","[0, 1500, 21]","[0, 1465, 21]","[1, 52, 21]","[1, 52, 22]","[1, 52, 23]","[1, 116, 30]","[1, 222, 31]","[1, 424, 31]","[0, 52, 33]","[0, 52, 33]","[0, 573, 41]","[1, 52, 42]","[1, 83, 42]",311
"[1, 64, 0]","[0, 60, 4]","[1, 52, 5]","[1, 1500, 7]","[1, 499, 7]","[0, 52, 9]","[0, 1500, 13]","[0, 1500, 13]","[0, 1466, 13]","[1, 52, 13]","[1, 52, 14]","[1, 116, 21]","[1, 222, 22]","[0, 52, 22]","[0, 52, 23]","[1, 424, 24]","[0, 52, 25]","[0, 595, 25]","[1, 52, 26]","[1, 83, 28]",311
"[1, 64, 0]","[0, 60, 6]","[1, 52, 7]","[1, 1500, 9]","[1, 499, 9]","[0, 52, 10]","[0, 1500, 14]","[0, 1500, 14]","[0, 1467, 14]","[1, 52, 15]","[1, 52, 16]","[1, 116, 22]","[1, 222, 22]","[1, 424, 23]","[0, 52, 23]","[0, 52, 23]","[0, 573, 25]","[1, 52, 26]","[1, 83, 28]","[0, 52, 29]",311
"[1, 64, 0]","[0, 60, 6]","[1, 52, 7]","[1, 1500, 8]","[1, 499, 8]","[0, 52, 9]","[0, 1500, 15]","[0, 1500, 16]","[0, 1466, 16]","[1, 52, 16]","[1, 52, 17]","[1, 116, 25]","[1, 222, 25]","[1, 424, 25]","[0, 52, 26]","[0, 52, 26]","[0, 52, 26]","[0, 595, 28]","[1, 52, 29]","[1, 83, 31]",311
"[1, 64, 0]","[0, 60, 5]","[1, 52, 7]","[1, 1500, 8]","[1, 499, 8]","[0, 52, 9]","[0, 1500, 15]","[0, 1500, 15]","[0, 1466, 15]","[1, 52, 15]","[1, 52, 16]","[1, 116, 23]","[1, 222, 24]","[0, 52, 25]","[0, 573, 27]","[1, 52, 27]","[1, 83, 29]","[0, 52, 30]","[1, 424, 34]","[0, 52, 35]",311
"[1, 64, 0]","[0, 60, 5]","[1, 52, 6]","[1, 1500, 8]","[1, 499, 8]","[0, 52, 10]","[0, 1500, 14]","[0, 1500, 14]","[1, 52, 14]","[0, 1465, 14]","[1, 52, 15]","[1, 52, 16]","[1, 116, 25]","[1, 222, 26]","[0, 52, 27]","[0, 52, 27]","[0, 573, 29]","[1, 52, 30]","[1, 83, 31]","[0, 52, 32]",311
"[1, 64, 0]","[0, 60, 8]","[1, 52, 9]","[1, 1500, 11]","[1, 499, 11]","[0, 52, 12]","[0, 52, 12]","[0, 1500, 21]","[0, 1500, 21]","[0, 1466, 21]","[1, 52, 22]","[1, 52, 22]","[1, 116, 29]","[1, 222, 29]","[0, 52, 30]","[0, 52, 30]","[0, 573, 33]","[1, 52, 34]","[1, 83, 35]","[0, 52, 36]",311
"[1, 64, 0]","[0, 60, 4]","[1, 52, 5]","[1, 1500, 7]","[1, 499, 7]","[0, 52, 8]","[0, 52, 9]","[0, 1500, 13]","[0, 1500, 14]","[0, 1465, 14]","[1, 52, 14]","[1, 52, 17]","[1, 116, 24]","[1, 222, 24]","[1, 424, 24]","[0, 52, 25]","[0, 564, 32]","[0, 52, 32]","[0, 52, 33]","[1, 52, 33]",311
"[1, 64, 0]","[0, 60, 5]","[1, 52, 6]","[1, 1500, 7]","[1, 499, 7]","[0, 52, 8]","[0, 52, 9]","[0, 1500, 14]","[0, 1500, 14]","[0, 1466, 14]","[1, 52, 15]","[1, 52, 16]","[1, 116, 26]","[1, 222, 27]","[1, 424, 29]","[0, 52, 29]","[0, 52, 29]","[0, 52, 30]","[0, 573, 32]","[1, 52, 33]",311
"[1, 64, 0]","[0, 60, 7]","[1, 52, 7]","[1, 1500, 11]","[1, 499, 11]","[0, 52, 17]","[0, 52, 17]","[0, 1500, 23]","[0, 1500, 23]","[0, 1467, 23]","[1, 52, 24]","[1, 52, 29]","[1, 116, 49]","[1, 222, 49]","[0, 52, 50]","[0, 52, 51]","[0, 564, 52]","[0, 83, 53]","[1, 52, 54]","[1, 83, 57]",311
"[1, 64, 0]","[0, 60, 7]","[1, 52, 8]","[1, 1500, 9]","[1, 499, 9]","[0, 52, 10]","[0, 52, 10]","[0, 1500, 14]","[0, 1500, 14]","[0, 1466, 14]","[1, 52, 15]","[1, 52, 15]","[1, 116, 21]","[1, 222, 21]","[1, 424, 21]","[0, 52, 22]","[0, 52, 23]","[0, 573, 26]","[1, 52, 27]","[1, 83, 29]",311
"[1, 64, 0]","[0, 60, 9]","[1, 52, 10]","[1, 1500, 13]","[1, 499, 13]","[0, 52, 16]","[0, 1500, 22]","[0, 1500, 23]","[0, 1465, 23]","[1, 52, 23]","[1, 52, 24]","[1, 116, 31]","[1, 222, 31]","[1, 424, 31]","[0, 52, 32]","[0, 52, 32]","[0, 573, 36]","[1, 52, 37]","[1, 83, 38]","[0, 52, 39]",311
"[1, 64, 0]","[0, 60, 6]","[1, 52, 6]","[1, 1500, 9]","[1, 499, 9]","[0, 52, 10]","[0, 52, 10]","[0, 1500, 14]","[0, 1500, 15]","[0, 1467, 15]","[1, 52, 15]","[1, 52, 16]","[1, 116, 24]","[0, 52, 25]","[1, 222, 25]","[0, 52, 26]","[0, 564, 28]","[1, 52, 28]","[1, 83, 29]","[0, 83, 30]",311
"[1, 64, 0]","[0, 60, 8]","[1, 52, 9]","[1, 1500, 10]","[1, 499, 10]","[0, 52, 13]","[0, 1500, 18]","[0, 1500, 18]","[0, 1465, 18]","[1, 52, 19]","[1, 52, 20]","[1, 116, 40]","[1, 222, 41]","[1, 424, 41]","[0, 52, 42]","[0, 52, 43]","[0, 564, 45]","[0, 83, 46]","[1, 52, 46]","[1, 52, 48]",311
"[1, 64, 0]","[0, 60, 7]","[1, 52, 8]","[1, 1500, 22]","[1, 499, 22]","[0, 52, 23]","[0, 52, 23]","[0, 1500, 30]","[0, 1500, 30]","[0, 1465, 30]","[1, 52, 31]","[1, 52, 32]","[1, 116, 38]","[1, 222, 39]","[0, 52, 42]","[0, 52, 42]","[0, 573, 45]","[1, 52, 45]","[1, 83, 47]","[0, 52, 48]",311
"[1, 64, 0]","[0, 60, 8]","[1, 52, 8]","[1, 1500, 13]","[1, 499, 13]","[0, 52, 14]","[0, 52, 14]","[0, 1500, 20]","[0, 1500, 21]","[0, 1467, 21]","[1, 52, 21]","[1, 52, 25]","[1, 116, 35]","[1, 222, 36]","[0, 52, 36]","[0, 52, 37]","[0, 595, 54]","[1, 52, 54]","[1, 83, 63]","[0, 52, 64]",311
"[1, 64, 0]","[0, 60, 7]","[1, 52, 8]","[1, 1500, 21]","[1, 499, 21]","[0, 52, 23]","[0, 1500, 27]","[0, 1500, 27]","[0, 1466, 27]","[1, 52, 28]","[1, 52, 28]","[1, 116, 39]","[1, 222, 40]","[0, 52, 41]","[0, 52, 41]","[0, 573, 43]","[1, 52, 44]","[1, 83, 46]","[0, 52, 47]","[1, 424, 94]",311
"[1, 64, 0]","[0, 60, 5]","[1, 52, 6]","[1, 1500, 7]","[1, 499, 7]","[0, 52, 8]","[0, 1500, 15]","[0, 1500, 15]","[0, 1465, 15]","[1, 52, 15]","[1, 52, 18]","[1, 116, 26]","[1, 222, 26]","[1, 424, 26]","[0, 52, 27]","[0, 52, 27]","[0, 573, 29]","[1, 52, 29]","[1, 83, 31]","[0, 52, 32]",311
"[1, 64, 0]","[0, 60, 6]","[1, 52, 6]","[1, 1500, 8]","[1, 499, 8]","[0, 52, 9]","[0, 52, 9]","[0, 1500, 17]","[0, 1500, 17]","[0, 1467, 17]","[1, 52, 18]","[1, 52, 18]","[1, 116, 25]","[1, 222, 26]","[0, 52, 27]","[0, 52, 27]","[0, 573, 29]","[1, 52, 30]","[1, 83, 31]","[1, 424, 32]",311
"[1, 64, 0]","[0, 60, 15]","[1, 52, 16]","[1, 1500, 17]","[1, 499, 17]","[0, 52, 18]","[0, 52, 19]","[0, 1500, 24]","[0, 1500, 24]","[0, 1466, 24]","[1, 52, 24]","[1, 52, 25]","[1, 52, 26]","[1, 116, 33]","[1, 222, 33]","[1, 424, 33]","[0, 52, 34]","[0, 52, 34]","[0, 52, 35]","[0, 564, 37]",311
"[1, 64, 0]","[0, 60, 6]","[1, 52, 7]","[1, 1500, 9]","[1, 499, 9]","[0, 52, 11]","[0, 52, 11]","[0, 1500, 17]","[0, 1500, 18]","[0, 1465, 18]","[1, 52, 19]","[1, 52, 22]","[1, 116, 37]","[1, 222, 38]","[0, 52, 39]","[1, 424, 39]","[0, 52, 40]","[0, 52, 41]","[0, 573, 44]","[1, 52, 45]",311
"[1, 64, 0]","[0, 60, 11]","[1, 52, 11]","[1, 1500, 12]","[1, 499, 12]","[0, 52, 13]","[0, 52, 13]","[0, 1500, 18]","[0, 1500, 18]","[0, 1466, 18]","[1, 52, 18]","[1, 52, 19]","[1, 116, 26]","[1, 222, 26]","[0, 52, 27]","[0, 573, 29]","[1, 52, 30]","[1, 83, 31]","[0, 52, 32]","[1, 424, 36]",311
"[1, 64, 0]","[0, 60, 7]","[1, 52, 8]","[1, 1500, 9]","[1, 499, 9]","[0, 52, 11]","[0, 52, 11]","[0, 1500, 23]","[0, 1500, 24]","[0, 1466, 24]","[1, 52, 24]","[1, 52, 27]","[1, 116, 37]","[1, 222, 37]","[0, 52, 39]","[0, 52, 39]","[0, 573, 46]","[1, 52, 47]","[1, 83, 49]","[0, 52, 52]",311
"[1, 64, 0]","[0, 60, 6]","[1, 52, 6]","[1, 1500, 8]","[1, 499, 8]","[0, 52, 9]","[0, 52, 10]","[0, 1500, 20]","[0, 1500, 20]","[0, 1466, 20]","[1, 52, 21]","[1, 52, 22]","[1, 116, 37]","[1, 222, 37]","[1, 424, 37]","[0, 52, 38]","[0, 52, 38]","[0, 52, 39]","[0, 573, 41]","[1, 52, 41]",311
"[1, 64, 0]","[0, 60, 8]","[1, 52, 9]","[1, 1500, 12]","[1, 499, 12]","[0, 52, 13]","[0, 52, 13]","[0, 1500, 18]","[0, 1500, 18]","[0, 1466, 18]","[1, 52, 19]","[1, 52, 20]","[1, 116, 34]","[1, 222, 34]","[0, 52, 35]","[0, 52, 35]","[0, 573, 62]","[1, 52, 62]","[1, 83, 65]","[0, 52, 66]",311
"[1, 64, 0]","[0, 60, 4]","[1, 52, 5]","[1, 1500, 8]","[1, 499, 8]","[0, 52, 9]","[0, 1500, 13]","[0, 1500, 13]","[0, 1467, 13]","[1, 52, 15]","[1, 52, 16]","[1, 116, 27]","[0, 52, 28]","[1, 222, 28]","[0, 52, 29]","[0, 564, 30]","[1, 52, 31]","[0, 83, 31]","[1, 52, 31]","[1, 83, 32]",311
"[1, 64, 0]","[0, 60, 19]","[1, 52, 19]","[1, 1500, 21]","[1, 499, 21]","[0, 52, 25]","[0, 52, 25]","[0, 1500, 35]","[0, 1500, 35]","[0, 1466, 35]","[1, 52, 36]","[1, 52, 37]","[1, 116, 58]","[1, 222, 59]","[1, 424, 59]","[0, 52, 65]","[0, 52, 65]","[0, 52, 65]","[0, 573, 76]","[1, 52, 77]",311
"[1, 64, 0]","[0, 60, 5]","[1, 52, 6]","[1, 1500, 7]","[1, 499, 7]","[0, 52, 10]","[0, 52, 10]","[0, 1500, 14]","[0, 1500, 14]","[0, 1466, 14]","[1, 52, 14]","[1, 52, 14]","[1, 52, 15]","[1, 116, 23]","[1, 222, 23]","[0, 52, 25]","[0, 52, 25]","[0, 573, 27]","[1, 52, 28]","[1, 83, 29]",311
"[1, 64, 0]","[0, 60, 5]","[1, 52, 5]","[1, 1500, 7]","[1, 499, 7]","[0, 52, 8]","[0, 52, 8]","[0, 1500, 12]","[0, 1500, 12]","[0, 1466, 12]","[1, 52, 13]","[1, 52, 13]","[1, 116, 19]","[1, 222, 20]","[0, 52, 20]","[0, 52, 21]","[0, 595, 23]","[1, 52, 23]","[1, 83, 24]","[0, 52, 25]",311
"[1, 64, 0]","[0, 60, 8]","[1, 52, 8]","[1, 1500, 10]","[1, 499, 10]","[0, 52, 11]","[0, 1500, 20]","[0, 1500, 20]","[0, 1466, 20]","[1, 52, 21]","[1, 52, 23]","[1, 116, 31]","[1, 222, 32]","[0, 52, 32]","[0, 52, 33]","[0, 564, 34]","[1, 52, 35]","[0, 83, 35]","[1, 52, 36]","[1, 83, 37]",311
"[1, 64, 0]","[0, 60, 19]","[1, 52, 19]","[1, 1500, 21]","[1, 499, 21]","[0, 52, 23]","[0, 52, 23]","[0, 1500, 33]","[0, 1500, 33]","[0, 1467, 33]","[1, 52, 33]","[1, 52, 34]","[1, 116, 41]","[1, 222, 42]","[0, 52, 43]","[0, 52, 44]","[0, 573, 47]","[1, 52, 47]","[1, 83, 50]","[0, 52, 52]",311
"[1, 64, 0]","[0, 60, 7]","[1, 52, 8]","[1, 1500, 9]","[1, 499, 9]","[0, 52, 10]","[0, 1500, 17]","[0, 1500, 17]","[0, 1467, 17]","[1, 52, 17]","[1, 52, 18]","[1, 116, 26]","[1, 222, 26]","[0, 52, 27]","[0, 52, 28]","[0, 564, 29]","[1, 52, 30]","[1, 424, 30]","[0, 52, 31]","[1, 83, 31]",311
"[1, 64, 0]","[0, 60, 5]","[1, 52, 6]","[1, 1500, 8]","[1, 499, 8]","[0, 52, 9]","[0, 52, 9]","[0, 1500, 18]","[0, 1500, 19]","[0, 1466, 19]","[1, 52, 19]","[1, 52, 22]","[1, 116, 37]","[1, 222, 37]","[1, 424, 37]","[0, 52, 38]","[0, 52, 38]","[0, 573, 48]","[1, 52, 48]","[1, 83, 49]",311
"[1, 64, 0]","[0, 60, 17]","[1, 52, 18]","[1, 1500, 20]","[1, 499, 20]","[0, 52, 24]","[0, 52, 24]","[0, 1500, 33]","[0, 1500, 33]","[0, 1467, 33]","[1, 52, 34]","[1, 52, 35]","[1, 116, 53]","[1, 222, 54]","[0, 52, 59]","[0, 52, 59]","[0, 573, 62]","[1, 52, 63]","[1, 83, 67]","[0, 52, 72]",311
"[1, 64, 0]","[0, 60, 9]","[1, 52, 11]","[1, 1500, 16]","[1, 499, 16]","[0, 52, 19]","[0, 1500, 25]","[0, 1500, 25]","[0, 1466, 25]","[1, 52, 25]","[1, 52, 27]","[1, 116, 36]","[1, 222, 37]","[0, 52, 38]","[0, 52, 38]","[0, 595, 40]","[1, 52, 40]","[1, 83, 41]","[0, 52, 42]","[1, 424, 88]",311
"[1, 64, 0]","[0, 60, 7]","[1, 52, 7]","[1, 1500, 13]","[1, 499, 13]","[0, 52, 14]","[0, 1500, 23]","[0, 1500, 23]","[0, 1466, 23]","[1, 52, 23]","[1, 52, 24]","[1, 116, 29]","[0, 52, 30]","[1, 222, 31]","[0, 52, 32]","[0, 573, 36]","[1, 52, 37]","[1, 83, 38]","[0, 52, 39]","[1, 424, 65]",311
"[1, 64, 0]","[0, 60, 7]","[1, 52, 7]","[1, 1500, 11]","[1, 499, 11]","[0, 52, 12]","[0, 1500, 19]","[0, 1500, 19]","[0, 1467, 19]","[1, 52, 20]","[1, 52, 21]","[1, 116, 30]","[1, 222, 31]","[0, 52, 32]","[0, 52, 32]","[0, 573, 50]","[1, 52, 50]","[1, 83, 51]","[0, 52, 52]","[1, 424, 66]",311
"[1, 64, 0]","[0, 60, 6]","[1, 52, 6]","[1, 1500, 9]","[1, 499, 9]","[0, 52, 10]","[0, 1500, 21]","[0, 1500, 21]","[0, 1466, 21]","[1, 52, 21]","[1, 52, 22]","[1, 116, 32]","[1, 222, 32]","[0, 52, 33]","[0, 52, 33]","[0, 595, 36]","[1, 52, 36]","[1, 83, 38]","[0, 52, 39]","[1, 424, 76]",311
"[1, 64, 0]","[0, 60, 7]","[1, 52, 8]","[1, 1500, 9]","[1, 499, 9]","[0, 52, 10]","[0, 1500, 15]","[0, 1500, 15]","[0, 1465, 15]","[1, 52, 16]","[1, 52, 17]","[1, 116, 22]","[1, 222, 23]","[0, 52, 23]","[0, 52, 24]","[0, 595, 26]","[1, 52, 26]","[1, 83, 28]","[0, 52, 29]","[1, 424, 41]",311
"[1, 64, 0]","[0, 60, 8]","[1, 52, 9]","[1, 1500, 10]","[1, 499, 10]","[0, 52, 14]","[0, 52, 14]","[0, 1500, 20]","[0, 1500, 20]","[0, 1466, 20]","[1, 52, 21]","[1, 52, 22]","[1, 116, 31]","[1, 222, 32]","[1, 424, 32]","[0, 52, 32]","[0, 52, 32]","[0, 52, 32]","[0, 595, 35]","[1, 52, 36]",311
"[1, 64, 0]","[0, 60, 6]","[1, 52, 7]","[1, 1500, 12]","[1, 499, 12]","[0, 52, 13]","[0, 52, 13]","[0, 1500, 18]","[0, 1500, 19]","[0, 1466, 19]","[1, 52, 19]","[1, 52, 19]","[1, 52, 20]","[1, 116, 28]","[1, 222, 28]","[0, 52, 29]","[0, 573, 32]","[1, 52, 32]","[1, 83, 34]","[0, 52, 35]",311
"[1, 64, 0]","[0, 60, 7]","[1, 52, 8]","[1, 1500, 11]","[1, 499, 11]","[0, 52, 13]","[0, 52, 13]","[0, 1500, 18]","[0, 1500, 18]","[0, 1466, 18]","[1, 52, 18]","[1, 52, 19]","[1, 116, 29]","[1, 222, 30]","[0, 52, 31]","[0, 52, 31]","[0, 564, 33]","[0, 83, 33]","[1, 52, 34]","[1, 83, 35]",311
"[1, 64, 0]","[0, 60, 7]","[1, 52, 7]","[1, 1500, 9]","[1, 499, 9]","[0, 52, 10]","[0, 52, 10]","[0, 1500, 16]","[0, 1500, 16]","[0, 1466, 16]","[1, 52, 16]","[1, 52, 19]","[1, 116, 28]","[1, 222, 29]","[0, 52, 29]","[0, 52, 30]","[0, 564, 34]","[0, 83, 34]","[1, 52, 34]","[1, 83, 36]",311
"[1, 64, 0]","[0, 60, 7]","[1, 52, 8]","[1, 1500, 13]","[1, 499, 13]","[0, 52, 14]","[0, 1500, 26]","[0, 1500, 26]","[0, 1465, 26]","[1, 52, 28]","[1, 52, 32]","[1, 116, 46]","[1, 222, 48]","[0, 52, 49]","[0, 52, 50]","[0, 564, 52]","[1, 52, 53]","[0, 83, 56]","[1, 52, 57]","[1, 83, 63]",311
"[1, 64, 0]","[0, 60, 16]","[1, 52, 17]","[1, 1500, 18]","[1, 499, 18]","[0, 52, 19]","[0, 52, 19]","[0, 1500, 23]","[0, 1500, 23]","[0, 1467, 23]","[1, 52, 24]","[1, 52, 24]","[1, 116, 33]","[1, 222, 33]","[1, 424, 33]","[0, 52, 34]","[0, 52, 34]","[0, 52, 34]","[0, 573, 41]","[1, 52, 41]",311
"[1, 64, 0]","[0, 60, 5]","[1, 52, 6]","[1, 1500, 9]","[1, 499, 9]","[0, 52, 11]","[0, 1500, 17]","[0, 1500, 17]","[0, 1466, 17]","[1, 52, 18]","[1, 52, 19]","[1, 116, 30]","[1, 222, 30]","[0, 52, 31]","[0, 52, 31]","[0, 573, 34]","[1, 52, 34]","[1, 83, 37]","[0, 52, 38]","[1, 424, 146]",311
"[1, 64, 0]","[0, 60, 11]","[1, 52, 11]","[1, 1500, 13]","[1, 499, 13]","[0, 52, 14]","[0, 52, 14]","[0, 1500, 24]","[0, 1500, 25]","[0, 1467, 25]","[1, 52, 25]","[1, 52, 27]","[1, 116, 37]","[1, 222, 38]","[0, 52, 42]","[0, 52, 45]","[0, 573, 47]","[1, 52, 47]","[1, 83, 48]","[0, 52, 49]",311
"[1, 64, 0]","[0, 60, 7]","[1, 52, 8]","[1, 1500, 10]","[1, 499, 10]","[0, 52, 12]","[0, 52, 13]","[0, 1500, 20]","[0, 1500, 20]","[0, 1467, 20]","[1, 52, 20]","[1, 52, 21]","[1, 116, 30]","[1, 222, 30]","[1, 424, 30]","[0, 52, 32]","[0, 52, 32]","[0, 52, 32]","[0, 573, 46]","[1, 52, 46]",311
"[1, 64, 0]","[0, 60, 6]","[1, 52, 7]","[1, 1500, 8]","[1, 499, 8]","[0, 52, 9]","[0, 52, 9]","[0, 1500, 15]","[0, 1500, 15]","[0, 1466, 15]","[1, 52, 15]","[1, 52, 17]","[1, 116, 23]","[1, 222, 23]","[1, 424, 23]","[0, 52, 25]","[0, 52, 25]","[0, 52, 26]","[0, 573, 28]","[1, 52, 28]",311
"[1, 64, 0]","[0, 60, 4]","[1, 52, 5]","[1, 1500, 6]","[1, 499, 6]","[0, 52, 7]","[0, 1500, 12]","[0, 1500, 12]","[0, 1466, 12]","[1, 52, 13]","[1, 52, 14]","[1, 116, 23]","[1, 222, 24]","[0, 52, 25]","[0, 52, 25]","[0, 573, 27]","[1, 52, 28]","[1, 83, 30]","[0, 52, 32]","[1, 424, 156]",311
"[1, 64, 0]","[0, 60, 7]","[1, 52, 8]","[1, 1500, 9]","[1, 499, 9]","[0, 52, 10]","[0, 1500, 14]","[0, 1500, 15]","[0, 1466, 15]","[1, 52, 15]","[1, 52, 16]","[1, 116, 24]","[1, 222, 24]","[0, 52, 26]","[0, 52, 27]","[0, 595, 29]","[1, 52, 29]","[1, 83, 31]","[0, 52, 32]","[1, 424, 42]",311
"[1, 64, 0]","[0, 60, 7]","[1, 52, 7]","[1, 1500, 9]","[1, 499, 9]","[0, 52, 10]","[0, 52, 11]","[0, 1500, 19]","[0, 1500, 19]","[0, 1466, 19]","[1, 52, 20]","[1, 52, 21]","[1, 116, 28]","[1, 222, 29]","[1, 424, 29]","[0, 52, 30]","[0, 52, 30]","[0, 52, 30]","[0, 573, 32]","[1, 52, 33]",311
"[1, 64, 0]","[0, 60, 9]","[1, 52, 9]","[1, 1500, 10]","[1, 499, 10]","[0, 52, 12]","[0, 52, 12]","[0, 1500, 18]","[0, 1500, 18]","[0, 1467, 18]","[1, 52, 18]","[1, 52, 19]","[1, 116, 25]","[1, 222, 25]","[0, 52, 26]","[0, 52, 26]","[0, 564, 28]","[1, 52, 29]","[0, 83, 29]","[1, 52, 29]",311
"[1, 64, 0]","[0, 60, 6]","[1, 52, 7]","[1, 1500, 9]","[1, 499, 9]","[0, 52, 11]","[0, 52, 11]","[0, 1500, 16]","[0, 1500, 17]","[0, 1466, 17]","[1, 52, 18]","[1, 52, 18]","[1, 116, 28]","[1, 222, 28]","[1, 424, 29]","[0, 52, 30]","[0, 52, 30]","[0, 52, 31]","[0, 573, 33]","[1, 52, 33]",311
"[1, 64, 0]","[0, 60, 7]","[1, 52, 8]","[1, 1500, 11]","[1, 499, 11]","[0, 52, 13]","[0, 52, 13]","[0, 1500, 19]","[0, 1500, 19]","[0, 1465, 19]","[1, 52, 19]","[1, 52, 20]","[1, 116, 41]","[1, 222, 42]","[1, 424, 42]","[0, 52, 43]","[0, 52, 43]","[0, 52, 44]","[0, 564, 45]","[1, 52, 45]",311
"[1, 64, 0]","[0, 60, 10]","[1, 52, 11]","[1, 1500, 12]","[1, 499, 12]","[0, 52, 14]","[0, 52, 14]","[0, 1500, 19]","[0, 1500, 19]","[0, 1466, 19]","[1, 52, 20]","[1, 52, 21]","[1, 116, 27]","[1, 222, 28]","[0, 52, 29]","[0, 52, 29]","[0, 564, 31]","[0, 83, 32]","[1, 52, 32]","[1, 52, 33]",311
"[1, 64, 0]","[0, 60, 6]","[1, 52, 7]","[1, 1500, 8]","[1, 499, 8]","[0, 52, 10]","[0, 52, 10]","[0, 1500, 16]","[0, 1500, 16]","[0, 1466, 16]","[1, 52, 17]","[1, 52, 17]","[1, 116, 23]","[1, 222, 23]","[1, 424, 23]","[0, 52, 24]","[0, 52, 24]","[0, 52, 24]","[0, 573, 27]","[1, 52, 28]",311
"[1, 64, 0]","[0, 60, 9]","[1, 52, 10]","[1, 1500, 12]","[1, 499, 12]","[0, 52, 15]","[0, 52, 15]","[0, 1500, 20]","[0, 1500, 20]","[0, 1465, 20]","[1, 52, 21]","[1, 52, 22]","[1, 116, 33]","[1, 222, 33]","[0, 52, 34]","[0, 52, 34]","[0, 573, 37]","[1, 52, 38]","[1, 83, 40]","[0, 52, 41]",311
"[1, 64, 0]","[0, 60, 16]","[1, 52, 18]","[1, 1500, 27]","[1, 499, 27]","[0, 52, 33]","[0, 52, 33]","[0, 1500, 39]","[0, 1500, 39]","[0, 1466, 39]","[1, 52, 40]","[1, 52, 46]","[1, 116, 72]","[0, 52, 75]","[0, 564, 78]","[1, 222, 78]","[1, 52, 79]","[0, 52, 80]","[1, 83, 83]","[0, 83, 84]",311
"[1, 64, 0]","[0, 60, 8]","[1, 52, 8]","[1, 1500, 10]","[1, 499, 10]","[0, 52, 11]","[0, 1500, 16]","[0, 1500, 17]","[0, 1465, 17]","[1, 52, 17]","[1, 52, 20]","[1, 116, 27]","[1, 222, 27]","[1, 424, 27]","[0, 52, 28]","[0, 52, 28]","[0, 52, 28]","[0, 595, 31]","[1, 52, 31]","[1, 83, 32]",311
"[1, 64, 0]","[0, 60, 9]","[1, 52, 9]","[1, 1500, 12]","[1, 499, 12]","[0, 52, 13]","[0, 1500, 17]","[0, 1500, 17]","[0, 1467, 17]","[1, 52, 17]","[1, 52, 18]","[1, 116, 25]","[1, 222, 26]","[0, 52, 27]","[0, 52, 27]","[0, 595, 29]","[1, 52, 30]","[1, 83, 31]","[0, 52, 32]","[1, 424, 43]",311
"[1, 64, 0]","[0, 60, 5]","[1, 52, 6]","[1, 1500, 8]","[1, 499, 8]","[0, 52, 10]","[0, 1500, 16]","[0, 1500, 17]","[0, 1466, 17]","[1, 52, 17]","[1, 52, 18]","[1, 116, 28]","[1, 222, 28]","[0, 52, 29]","[0, 573, 32]","[1, 424, 32]","[1, 52, 32]","[0, 52, 33]","[1, 83, 33]","[0, 52, 34]",311
"[1, 64, 0]","[0, 60, 4]","[1, 52, 5]","[1, 1500, 6]","[1, 499, 6]","[0, 52, 7]","[0, 52, 8]","[0, 1500, 12]","[0, 1500, 12]","[0, 1465, 13]","[1, 52, 13]","[1, 52, 13]","[1, 52, 15]","[1, 116, 21]","[1, 222, 21]","[1, 424, 21]","[0, 52, 23]","[0, 52, 23]","[0, 52, 23]","[0, 573, 26]",311
"[1, 64, 0]","[0, 60, 5]","[1, 52, 6]","[1, 1500, 9]","[1, 499, 9]","[0, 52, 11]","[0, 52, 11]","[0, 1500, 16]","[0, 1500, 16]","[0, 1466, 17]","[1, 52, 18]","[1, 52, 20]","[1, 116, 28]","[1, 222, 28]","[0, 52, 29]","[0, 52, 29]","[0, 595, 32]","[1, 52, 32]","[1, 83, 34]","[0, 52, 35]",311
"[1, 64, 0]","[0, 60, 7]","[1, 52, 7]","[1, 1500, 12]","[1, 499, 12]","[0, 52, 13]","[0, 52, 13]","[0, 1500, 19]","[0, 1500, 20]","[0, 1466, 20]","[1, 52, 20]","[1, 52, 21]","[1, 116, 28]","[1, 222, 28]","[0, 52, 29]","[0, 52, 29]","[1, 424, 29]","[0, 52, 30]","[0, 573, 31]","[1, 52, 32]",311
"[1, 64, 0]","[0, 60, 8]","[1, 52, 8]","[1, 1500, 10]","[1, 499, 10]","[0, 52, 11]","[0, 52, 11]","[0, 1500, 18]","[0, 1500, 18]","[0, 1465, 18]","[1, 52, 19]","[1, 52, 20]","[1, 116, 26]","[1, 222, 26]","[1, 424, 26]","[0, 52, 28]","[0, 52, 28]","[0, 52, 28]","[0, 573, 56]","[1, 52, 56]",311
"[1, 64, 0]","[0, 60, 4]","[1, 52, 5]","[1, 1500, 18]","[1, 499, 18]","[0, 52, 19]","[0, 1500, 24]","[0, 1500, 24]","[0, 1465, 24]","[1, 52, 25]","[1, 52, 26]","[1, 116, 32]","[1, 222, 33]","[1, 424, 33]","[0, 52, 36]","[0, 52, 36]","[0, 52, 36]","[0, 595, 38]","[1, 52, 38]","[1, 83, 39]",311
"[1, 64, 0]","[0, 60, 8]","[1, 52, 12]","[1, 1500, 18]","[1, 499, 18]","[0, 52, 20]","[0, 52, 21]","[0, 1500, 26]","[0, 1500, 26]","[0, 1466, 26]","[1, 52, 27]","[1, 52, 29]","[1, 116, 47]","[1, 222, 47]","[0, 52, 49]","[0, 573, 52]","[1, 52, 53]","[1, 83, 55]","[0, 52, 57]","[1, 424, 73]",311
"[1, 64, 0]","[0, 60, 10]","[1, 52, 11]","[1, 1500, 14]","[1, 499, 14]","[0, 52, 16]","[0, 52, 16]","[0, 1500, 20]","[0, 1500, 20]","[0, 1465, 20]","[1, 52, 21]","[1, 52, 22]","[1, 116, 36]","[1, 222, 37]","[0, 52, 38]","[0, 52, 38]","[0, 595, 42]","[1, 424, 42]","[1, 52, 43]","[0, 52, 45]",311
"[1, 64, 0]","[0, 60, 5]","[1, 52, 6]","[1, 1500, 7]","[1, 499, 7]","[0, 52, 8]","[0, 52, 8]","[0, 1500, 22]","[0, 1500, 23]","[1, 52, 23]","[1, 52, 23]","[0, 1466, 23]","[1, 52, 24]","[1, 52, 26]","[1, 116, 35]","[1, 222, 35]","[0, 52, 36]","[0, 52, 37]","[0, 573, 43]","[1, 52, 44]",311
"[1, 64, 0]","[0, 60, 7]","[1, 52, 8]","[1, 1500, 11]","[1, 499, 11]","[0, 52, 12]","[0, 1500, 18]","[0, 1500, 18]","[0, 1465, 18]","[1, 52, 19]","[1, 52, 21]","[1, 116, 28]","[1, 222, 28]","[0, 52, 30]","[0, 573, 32]","[1, 52, 32]","[1, 83, 33]","[0, 52, 35]","[1, 424, 78]","[0, 52, 80]",311
"[1, 64, 0]","[0, 60, 6]","[1, 52, 6]","[1, 1500, 19]","[1, 499, 19]","[0, 52, 20]","[0, 1500, 26]","[0, 1500, 26]","[0, 1465, 26]","[1, 52, 26]","[1, 52, 27]","[1, 116, 34]","[1, 222, 34]","[1, 424, 34]","[0, 52, 35]","[0, 52, 35]","[0, 52, 35]","[0, 595, 37]","[1, 52, 38]","[1, 83, 39]",311
"[1, 64, 0]","[0, 60, 6]","[1, 52, 7]","[1, 1500, 8]","[1, 499, 8]","[0, 52, 9]","[0, 52, 9]","[0, 1500, 14]","[0, 1500, 15]","[0, 1466, 15]","[1, 52, 15]","[1, 52, 16]","[1, 116, 23]","[1, 222, 24]","[0, 52, 24]","[0, 52, 25]","[0, 573, 27]","[1, 52, 28]","[1, 83, 29]","[0, 52, 30]",311
"[1, 64, 0]","[0, 60, 4]","[1, 52, 5]","[1, 1500, 7]","[1, 499, 7]","[0, 52, 8]","[0, 52, 8]","[0, 1500, 14]","[0, 1500, 14]","[0, 1467, 14]","[1, 52, 15]","[1, 52, 16]","[1, 116, 25]","[1, 222, 25]","[1, 424, 25]","[0, 52, 28]","[0, 52, 28]","[0, 52, 28]","[0, 573, 31]","[1, 52, 32]",311
"[1, 64, 0]","[0, 60, 8]","[1, 52, 9]","[1, 1500, 11]","[1, 499, 11]","[0, 52, 12]","[0, 52, 12]","[0, 1500, 19]","[0, 1500, 19]","[0, 1465, 19]","[1, 52, 20]","[1, 52, 40]","[1, 116, 50]","[1, 222, 50]","[0, 52, 51]","[0, 52, 51]","[0, 595, 54]","[1, 52, 55]","[1, 83, 62]","[0, 52, 63]",311
"[1, 64, 0]","[0, 60, 33]","[1, 52, 34]","[1, 1500, 37]","[1, 499, 37]","[0, 52, 40]","[0, 52, 40]","[0, 1500, 45]","[0, 1500, 46]","[0, 1467, 46]","[1, 52, 47]","[1, 52, 48]","[1, 116, 78]","[1, 222, 79]","[0, 52, 82]","[0, 52, 82]","[0, 595, 85]","[1, 52, 88]","[1, 83, 95]","[0, 52, 98]",311
"[1, 64, 0]","[0, 60, 7]","[1, 52, 8]","[1, 1500, 9]","[1, 499, 9]","[0, 52, 10]","[0, 52, 11]","[0, 1500, 16]","[0, 1500, 16]","[0, 1467, 16]","[1, 52, 17]","[1, 52, 18]","[1, 116, 27]","[1, 222, 28]","[1, 424, 29]","[0, 52, 36]","[0, 52, 36]","[0, 52, 37]","[0, 573, 40]","[1, 52, 40]",311
"[1, 64, 0]","[0, 60, 5]","[1, 52, 6]","[1, 1500, 10]","[1, 499, 10]","[0, 52, 12]","[0, 52, 12]","[0, 1500, 17]","[0, 1500, 17]","[0, 1466, 17]","[1, 52, 18]","[1, 52, 20]","[1, 116, 32]","[1, 222, 33]","[0, 52, 34]","[0, 52, 34]","[0, 595, 38]","[1, 52, 40]","[1, 83, 49]","[0, 52, 51]",311
"[1, 64, 0]","[0, 60, 5]","[1, 52, 6]","[1, 1500, 8]","[1, 499, 8]","[0, 52, 9]","[0, 52, 10]","[0, 1500, 22]","[0, 1500, 22]","[0, 1465, 22]","[1, 52, 23]","[1, 52, 24]","[1, 116, 30]","[1, 222, 30]","[1, 424, 31]","[0, 52, 34]","[0, 52, 34]","[0, 52, 34]","[0, 573, 37]","[1, 52, 37]",311
"[1, 64, 0]","[0, 60, 9]","[1, 52, 10]","[1, 1500, 11]","[1, 499, 11]","[0, 52, 12]","[0, 52, 13]","[0, 1500, 18]","[0, 1500, 18]","[0, 1466, 18]","[1, 52, 18]","[1, 52, 19]","[1, 116, 26]","[1, 222, 26]","[0, 52, 27]","[0, 52, 27]","[0, 573, 30]","[1, 52, 30]","[1, 83, 32]","[0, 52, 33]",311
"[1, 64, 0]","[0, 60, 7]","[1, 52, 8]","[1, 1500, 9]","[1, 499, 9]","[0, 52, 11]","[0, 52, 11]","[0, 1500, 15]","[0, 1500, 15]","[0, 1465, 15]","[1, 52, 15]","[1, 52, 16]","[1, 116, 24]","[1, 222, 24]","[0, 52, 26]","[0, 52, 26]","[0, 573, 28]","[1, 52, 28]","[1, 83, 29]","[0, 52, 30]",311
"[1, 64, 0]","[0, 60, 7]","[1, 52, 7]","[1, 1500, 9]","[1, 499, 9]","[0, 52, 10]","[0, 1500, 16]","[0, 1500, 16]","[0, 1467, 16]","[1, 52, 16]","[1, 52, 17]","[1, 116, 26]","[1, 222, 26]","[0, 52, 27]","[0, 573, 29]","[1, 52, 30]","[1, 83, 31]","[0, 52, 32]","[1, 424, 62]","[0, 52, 64]",311
"[1, 64, 0]","[0, 60, 11]","[1, 52, 11]","[1, 1500, 13]","[1, 499, 13]","[0, 52, 14]","[0, 1500, 20]","[0, 1500, 20]","[0, 1465, 20]","[1, 52, 21]","[1, 52, 22]","[1, 116, 32]","[1, 222, 33]","[0, 52, 36]","[0, 573, 39]","[1, 52, 39]","[1, 83, 41]","[0, 52, 42]","[1, 424, 94]","[0, 52, 95]",311
"[1, 64, 0]","[0, 60, 5]","[1, 52, 5]","[1, 1500, 6]","[1, 499, 6]","[0, 52, 7]","[0, 52, 7]","[0, 1500, 13]","[0, 1500, 13]","[0, 1466, 13]","[1, 52, 14]","[1, 52, 14]","[1, 116, 20]","[1, 222, 21]","[0, 52, 22]","[0, 52, 22]","[0, 564, 24]","[0, 83, 24]","[1, 52, 25]","[1, 83, 26]",311
"[1, 64, 0]","[0, 60, 6]","[1, 52, 6]","[1, 1500, 8]","[1, 499, 8]","[0, 52, 10]","[0, 1500, 17]","[0, 1500, 17]","[0, 1467, 17]","[1, 52, 18]","[1, 52, 19]","[1, 116, 24]","[1, 222, 24]","[1, 424, 25]","[0, 52, 27]","[0, 52, 27]","[0, 573, 30]","[1, 52, 30]","[1, 83, 31]","[0, 52, 33]",311
"[1, 64, 0]","[0, 60, 6]","[1, 52, 7]","[1, 1500, 9]","[1, 499, 9]","[0, 52, 10]","[0, 52, 10]","[0, 1500, 15]","[0, 1500, 15]","[0, 1466, 15]","[1, 52, 16]","[1, 52, 17]","[1, 116, 23]","[1, 222, 24]","[0, 52, 25]","[0, 52, 25]","[0, 595, 28]","[1, 52, 28]","[1, 424, 29]","[1, 83, 29]",311
"[1, 64, 0]","[0, 60, 7]","[1, 52, 7]","[1, 1500, 9]","[1, 499, 9]","[0, 52, 10]","[0, 1500, 15]","[0, 1500, 15]","[0, 1466, 15]","[1, 52, 15]","[1, 52, 17]","[1, 116, 24]","[1, 222, 25]","[0, 52, 25]","[0, 52, 26]","[1, 424, 26]","[0, 52, 27]","[0, 564, 27]","[1, 52, 28]","[0, 83, 28]",311
"[1, 64, 0]","[0, 60, 5]","[1, 52, 5]","[1, 1500, 6]","[1, 499, 6]","[0, 52, 7]","[0, 1500, 12]","[0, 1500, 13]","[0, 1467, 13]","[1, 52, 13]","[1, 52, 14]","[1, 116, 21]","[1, 222, 21]","[0, 52, 22]","[0, 52, 23]","[0, 595, 25]","[1, 52, 25]","[1, 83, 26]","[0, 52, 27]","[1, 424, 42]",311
"[1, 64, 0]","[0, 60, 4]","[1, 52, 5]","[1, 1500, 7]","[1, 499, 7]","[0, 52, 8]","[0, 1500, 13]","[0, 1500, 13]","[0, 1466, 13]","[1, 52, 14]","[1, 52, 15]","[1, 116, 31]","[1, 222, 32]","[1, 424, 32]","[0, 52, 33]","[0, 52, 33]","[0, 573, 35]","[1, 52, 36]","[1, 83, 37]","[0, 52, 38]",311
"[1, 64, 0]","[0, 60, 5]","[1, 52, 6]","[1, 1500, 8]","[1, 499, 8]","[0, 52, 9]","[0, 1500, 17]","[0, 1500, 17]","[0, 1466, 17]","[1, 52, 17]","[1, 52, 18]","[1, 116, 29]","[1, 222, 30]","[0, 52, 31]","[0, 52, 31]","[0, 573, 34]","[1, 52, 35]","[1, 83, 41]","[0, 52, 43]","[1, 424, 101]",311
"[1, 64, 0]","[0, 60, 7]","[1, 52, 7]","[1, 1500, 9]","[1, 499, 9]","[0, 52, 10]","[0, 1500, 15]","[0, 1500, 15]","[0, 1466, 15]","[1, 52, 16]","[1, 52, 17]","[1, 116, 26]","[1, 222, 27]","[0, 52, 28]","[1, 424, 29]","[0, 573, 31]","[0, 52, 32]","[1, 52, 32]","[1, 83, 33]","[0, 52, 34]",311
"[1, 64, 0]","[0, 60, 14]","[1, 52, 15]","[1, 1500, 16]","[1, 499, 16]","[0, 52, 17]","[0, 52, 17]","[0, 1500, 24]","[0, 1500, 24]","[0, 1466, 24]","[1, 52, 25]","[1, 52, 26]","[1, 116, 34]","[1, 222, 35]","[1, 424, 35]","[0, 52, 35]","[0, 52, 36]","[0, 52, 36]","[0, 564, 38]","[0, 83, 38]",311
"[1, 64, 0]","[0, 60, 4]","[1, 52, 5]","[1, 1500, 6]","[1, 499, 6]","[0, 52, 7]","[0, 1500, 13]","[0, 1500, 14]","[0, 1466, 14]","[1, 52, 14]","[1, 52, 15]","[1, 116, 22]","[1, 222, 22]","[0, 52, 23]","[0, 573, 25]","[1, 52, 26]","[1, 83, 27]","[0, 52, 28]","[1, 424, 29]","[0, 52, 30]",311
"[1, 64, 0]","[0, 60, 7]","[1, 52, 8]","[1, 1500, 9]","[1, 499, 9]","[0, 52, 10]","[0, 1500, 15]","[0, 1500, 15]","[0, 1467, 15]","[1, 52, 16]","[1, 52, 16]","[1, 116, 22]","[1, 222, 22]","[1, 424, 23]","[0, 52, 24]","[0, 52, 24]","[0, 52, 25]","[0, 573, 26]","[1, 52, 26]","[1, 83, 28]",311
"[1, 64, 0]","[0, 60, 6]","[1, 52, 6]","[1, 1500, 18]","[1, 499, 18]","[0, 52, 19]","[0, 1500, 24]","[0, 1500, 24]","[0, 1467, 24]","[1, 52, 24]","[1, 52, 26]","[1, 116, 34]","[0, 52, 35]","[1, 222, 35]","[0, 52, 36]","[0, 564, 37]","[1, 52, 37]","[0, 83, 38]","[1, 52, 39]","[1, 83, 41]",311
"[1, 64, 0]","[0, 60, 5]","[1, 52, 5]","[1, 1500, 7]","[1, 499, 7]","[0, 52, 8]","[0, 1500, 17]","[0, 1500, 17]","[0, 1465, 17]","[1, 52, 17]","[1, 52, 19]","[1, 116, 28]","[1, 222, 28]","[0, 52, 29]","[1, 424, 31]","[0, 52, 32]","[0, 573, 34]","[1, 52, 35]","[1, 83, 36]","[0, 52, 37]",311
"[1, 64, 0]","[0, 60, 5]","[1, 52, 5]","[1, 1500, 13]","[1, 514, 13]","[0, 52, 15]","[0, 52, 15]","[0, 1500, 21]","[0, 1500, 21]","[0, 679, 21]","[1, 52, 21]","[1, 116, 32]","[0, 52, 33]","[0, 564, 35]","[1, 52, 35]","[1, 144, 35]","[0, 52, 36]","[1, 389, 37]","[1, 83, 37]","[0, 83, 37]",312
"[1, 64, 0]","[0, 60, 6]","[1, 52, 7]","[1, 1500, 7]","[1, 514, 7]","[0, 52, 14]","[0, 52, 14]","[0, 1500, 21]","[0, 1500, 21]","[0, 679, 21]","[1, 52, 21]","[1, 116, 30]","[1, 144, 31]","[1, 389, 31]","[0, 52, 31]","[0, 52, 31]","[0, 52, 32]","[0, 573, 33]","[1, 52, 33]","[1, 83, 34]",312
"[1, 64, 0]","[0, 60, 4]","[1, 52, 5]","[1, 1500, 6]","[1, 514, 6]","[0, 52, 7]","[0, 1500, 12]","[0, 1500, 12]","[0, 678, 12]","[1, 52, 12]","[1, 52, 12]","[1, 116, 16]","[1, 144, 16]","[1, 389, 16]","[0, 52, 16]","[0, 52, 17]","[0, 52, 17]","[0, 564, 18]","[1, 52, 18]","[1, 83, 19]",312
"[1, 64, 0]","[0, 60, 6]","[1, 52, 6]","[1, 1500, 7]","[1, 514, 7]","[0, 52, 7]","[0, 1500, 12]","[0, 1500, 12]","[0, 678, 12]","[1, 52, 12]","[1, 116, 15]","[1, 144, 15]","[1, 389, 16]","[0, 52, 16]","[0, 52, 16]","[0, 52, 17]","[0, 573, 19]","[1, 52, 19]","[1, 83, 19]","[0, 52, 20]",312
"[1, 64, 0]","[0, 60, 6]","[1, 52, 6]","[1, 1500, 7]","[1, 514, 7]","[0, 52, 8]","[0, 52, 8]","[0, 1500, 16]","[0, 1500, 16]","[0, 678, 16]","[1, 52, 17]","[1, 116, 20]","[1, 144, 20]","[1, 389, 20]","[0, 52, 21]","[0, 52, 21]","[0, 52, 21]","[0, 573, 24]","[1, 52, 24]","[1, 83, 25]",312
"[1, 64, 0]","[0, 60, 4]","[1, 52, 5]","[1, 1500, 6]","[1, 514, 6]","[0, 52, 7]","[0, 52, 7]","[0, 1500, 12]","[0, 1500, 12]","[0, 679, 12]","[1, 52, 13]","[1, 116, 17]","[1, 144, 17]","[1, 389, 17]","[0, 52, 18]","[0, 52, 18]","[0, 52, 19]","[0, 564, 19]","[1, 52, 20]","[0, 83, 20]",312
"[1, 64, 0]","[0, 60, 5]","[1, 52, 5]","[1, 1500, 6]","[1, 514, 6]","[0, 52, 7]","[0, 52, 7]","[0, 1500, 12]","[0, 1500, 12]","[0, 678, 12]","[1, 52, 12]","[1, 116, 15]","[1, 144, 15]","[1, 389, 15]","[0, 52, 16]","[0, 52, 16]","[0, 52, 16]","[0, 573, 18]","[1, 52, 19]","[1, 83, 19]",312
"[1, 64, 0]","[0, 60, 4]","[1, 52, 5]","[1, 1500, 5]","[1, 514, 5]","[0, 52, 6]","[0, 52, 6]","[0, 1500, 10]","[0, 1500, 11]","[0, 680, 11]","[1, 52, 11]","[1, 116, 14]","[1, 144, 15]","[1, 389, 15]","[0, 52, 15]","[0, 52, 15]","[0, 52, 16]","[0, 573, 17]","[1, 52, 18]","[1, 83, 19]",312
"[1, 64, 0]","[0, 60, 5]","[1, 52, 6]","[1, 1500, 7]","[1, 514, 7]","[0, 52, 7]","[0, 52, 7]","[0, 1500, 13]","[0, 1500, 13]","[0, 680, 13]","[1, 52, 14]","[1, 116, 17]","[1, 144, 17]","[1, 389, 17]","[0, 52, 18]","[0, 52, 18]","[0, 52, 18]","[0, 573, 20]","[1, 52, 20]","[1, 83, 21]",312
"[1, 64, 0]","[0, 60, 4]","[1, 52, 5]","[1, 1500, 5]","[1, 514, 5]","[0, 52, 6]","[0, 52, 6]","[0, 1500, 13]","[1, 52, 13]","[0, 1500, 13]","[1, 52, 13]","[0, 678, 13]","[1, 52, 13]","[1, 116, 16]","[1, 144, 16]","[0, 52, 17]","[0, 52, 17]","[1, 389, 17]","[0, 52, 18]","[0, 564, 18]",312
"[1, 64, 0]","[0, 60, 5]","[1, 52, 5]","[1, 1500, 8]","[1, 514, 8]","[0, 52, 8]","[0, 52, 8]","[0, 1500, 14]","[0, 1500, 14]","[0, 680, 14]","[1, 52, 14]","[1, 116, 37]","[1, 144, 37]","[1, 389, 37]","[0, 52, 38]","[0, 52, 38]","[0, 52, 39]","[0, 573, 41]","[1, 52, 41]","[1, 83, 43]",312
"[1, 64, 0]","[0, 60, 7]","[1, 52, 8]","[1, 1500, 12]","[1, 514, 12]","[0, 52, 13]","[0, 52, 13]","[0, 1500, 29]","[0, 1500, 29]","[0, 679, 29]","[1, 52, 29]","[1, 116, 34]","[1, 144, 34]","[1, 389, 34]","[0, 52, 35]","[0, 52, 35]","[0, 573, 36]","[1, 52, 37]","[1, 83, 37]","[0, 52, 38]",312
"[1, 64, 0]","[0, 60, 4]","[1, 52, 4]","[1, 1500, 5]","[1, 514, 5]","[0, 52, 6]","[0, 52, 6]","[0, 1500, 10]","[0, 1500, 10]","[0, 679, 10]","[1, 52, 11]","[1, 116, 13]","[1, 144, 14]","[1, 389, 14]","[0, 52, 14]","[0, 52, 15]","[0, 52, 15]","[0, 564, 16]","[0, 83, 16]","[1, 52, 17]",312
"[1, 64, 0]","[0, 60, 4]","[1, 52, 7]","[1, 1500, 7]","[1, 514, 7]","[0, 52, 12]","[0, 1500, 18]","[0, 1500, 18]","[1, 52, 18]","[1, 52, 18]","[0, 678, 19]","[1, 52, 19]","[1, 116, 25]","[1, 144, 25]","[1, 389, 25]","[0, 52, 25]","[0, 52, 26]","[0, 52, 26]","[0, 564, 27]","[0, 83, 28]",312
"[1, 64, 0]","[0, 60, 4]","[1, 52, 5]","[1, 1500, 8]","[1, 514, 8]","[0, 52, 9]","[0, 52, 9]","[0, 1500, 14]","[0, 1500, 14]","[0, 679, 14]","[1, 52, 15]","[1, 116, 31]","[1, 144, 31]","[1, 389, 31]","[0, 52, 32]","[0, 52, 32]","[0, 573, 34]","[1, 52, 34]","[1, 83, 36]","[0, 52, 37]",312
"[1, 64, 0]","[0, 60, 5]","[1, 52, 5]","[1, 1500, 7]","[1, 514, 7]","[0, 52, 8]","[0, 52, 9]","[0, 1500, 15]","[0, 1500, 15]","[0, 680, 15]","[1, 52, 15]","[1, 116, 21]","[1, 144, 21]","[1, 389, 21]","[0, 52, 22]","[0, 52, 22]","[0, 52, 22]","[0, 564, 25]","[0, 83, 25]","[1, 52, 26]",312
"[1, 64, 0]","[0, 60, 4]","[1, 52, 4]","[1, 1500, 5]","[1, 514, 5]","[0, 52, 5]","[0, 52, 5]","[0, 1500, 11]","[0, 1500, 11]","[0, 679, 11]","[1, 52, 11]","[1, 116, 14]","[1, 144, 14]","[1, 389, 15]","[0, 52, 15]","[0, 52, 15]","[0, 52, 15]","[0, 573, 17]","[1, 52, 18]","[1, 83, 18]",312
"[1, 64, 0]","[0, 60, 5]","[1, 52, 6]","[1, 1500, 6]","[1, 514, 6]","[0, 52, 7]","[0, 52, 7]","[0, 1500, 12]","[0, 1500, 12]","[0, 680, 12]","[1, 52, 13]","[1, 116, 16]","[1, 144, 16]","[1, 389, 16]","[0, 52, 17]","[0, 52, 17]","[0, 52, 17]","[0, 564, 18]","[1, 52, 19]","[0, 83, 19]",312
"[1, 64, 0]","[0, 60, 4]","[1, 52, 4]","[1, 1500, 5]","[1, 514, 5]","[0, 52, 5]","[0, 52, 5]","[0, 1500, 11]","[0, 1500, 12]","[0, 679, 12]","[1, 52, 12]","[1, 116, 15]","[1, 144, 15]","[1, 389, 15]","[0, 52, 24]","[0, 52, 24]","[0, 52, 25]","[0, 573, 26]","[1, 52, 26]","[1, 83, 27]",312
"[1, 64, 0]","[0, 60, 6]","[1, 52, 7]","[1, 1500, 7]","[1, 514, 7]","[0, 52, 8]","[0, 52, 8]","[0, 1500, 19]","[0, 1500, 19]","[1, 52, 19]","[0, 679, 19]","[1, 52, 20]","[1, 116, 25]","[0, 52, 25]","[1, 144, 28]","[1, 389, 28]","[0, 52, 28]","[0, 564, 58]","[1, 52, 58]","[1, 83, 59]",312
"[1, 64, 0]","[0, 60, 4]","[1, 52, 4]","[1, 1500, 6]","[1, 514, 6]","[0, 52, 6]","[0, 52, 6]","[0, 1500, 12]","[0, 1500, 12]","[0, 680, 12]","[1, 52, 13]","[1, 116, 18]","[1, 144, 18]","[0, 52, 19]","[0, 52, 19]","[0, 564, 20]","[0, 83, 20]","[1, 52, 21]","[1, 83, 21]","[0, 52, 22]",312
"[1, 64, 0]","[0, 60, 4]","[1, 52, 4]","[1, 1500, 5]","[1, 514, 5]","[0, 52, 6]","[0, 52, 6]","[0, 1500, 10]","[0, 1500, 10]","[0, 680, 10]","[1, 52, 10]","[1, 116, 13]","[1, 144, 14]","[1, 389, 14]","[0, 52, 15]","[0, 52, 15]","[0, 52, 15]","[0, 573, 17]","[1, 52, 18]","[1, 83, 18]",312
"[1, 64, 0]","[0, 60, 5]","[1, 52, 5]","[1, 1500, 6]","[1, 514, 6]","[0, 52, 12]","[0, 52, 12]","[0, 1500, 18]","[0, 1500, 18]","[0, 679, 18]","[1, 52, 19]","[1, 116, 22]","[1, 144, 22]","[1, 389, 22]","[0, 52, 23]","[0, 52, 23]","[0, 52, 23]","[0, 564, 24]","[0, 83, 24]","[1, 52, 25]",312
"[1, 64, 0]","[0, 60, 6]","[1, 52, 6]","[1, 1500, 7]","[1, 514, 7]","[0, 52, 9]","[0, 52, 9]","[0, 1500, 14]","[0, 1500, 14]","[0, 680, 14]","[1, 52, 14]","[1, 116, 17]","[1, 144, 17]","[1, 389, 17]","[0, 52, 18]","[0, 52, 18]","[0, 52, 19]","[0, 573, 20]","[1, 52, 21]","[1, 83, 21]",312
"[1, 64, 0]","[0, 60, 5]","[1, 52, 5]","[1, 1500, 6]","[1, 514, 6]","[0, 52, 7]","[0, 52, 7]","[0, 1500, 12]","[0, 1500, 13]","[1, 52, 13]","[0, 678, 13]","[1, 52, 13]","[1, 116, 16]","[1, 144, 17]","[0, 52, 18]","[0, 52, 18]","[0, 573, 19]","[1, 52, 20]","[1, 83, 21]","[0, 52, 22]",312
"[1, 64, 0]","[0, 60, 4]","[1, 52, 4]","[1, 1500, 5]","[1, 514, 5]","[0, 52, 5]","[0, 52, 6]","[0, 1500, 11]","[1, 52, 12]","[0, 1500, 12]","[1, 52, 12]","[0, 679, 13]","[1, 52, 13]","[1, 116, 16]","[1, 144, 16]","[1, 389, 16]","[0, 52, 17]","[0, 52, 17]","[0, 52, 17]","[0, 564, 18]",312
"[1, 64, 0]","[0, 60, 5]","[1, 52, 6]","[1, 1500, 6]","[1, 514, 6]","[0, 52, 7]","[0, 1500, 13]","[0, 1500, 13]","[0, 680, 13]","[1, 52, 13]","[1, 116, 16]","[1, 144, 16]","[1, 389, 16]","[0, 52, 17]","[0, 52, 17]","[0, 52, 17]","[0, 573, 18]","[1, 52, 19]","[1, 83, 19]","[0, 52, 20]",312
"[1, 64, 0]","[0, 60, 5]","[1, 52, 5]","[1, 1500, 6]","[1, 514, 6]","[0, 52, 6]","[0, 52, 7]","[0, 1500, 12]","[0, 1500, 12]","[0, 678, 12]","[1, 52, 12]","[1, 116, 16]","[1, 144, 16]","[1, 389, 16]","[0, 52, 17]","[0, 52, 17]","[0, 52, 17]","[0, 573, 19]","[1, 52, 19]","[1, 83, 19]",312
"[1, 64, 0]","[0, 60, 5]","[1, 52, 6]","[1, 1500, 7]","[1, 514, 7]","[0, 52, 19]","[0, 1500, 19]","[0, 1500, 19]","[1, 52, 19]","[0, 679, 22]","[1, 52, 23]","[1, 116, 25]","[1, 144, 26]","[1, 389, 26]","[0, 52, 27]","[0, 52, 27]","[0, 52, 28]","[0, 573, 30]","[1, 52, 30]","[1, 83, 30]",312
"[1, 64, 0]","[0, 60, 4]","[1, 52, 4]","[1, 1500, 7]","[1, 514, 7]","[0, 52, 7]","[0, 1500, 12]","[0, 1500, 12]","[0, 679, 12]","[1, 52, 13]","[1, 116, 18]","[1, 144, 18]","[1, 389, 18]","[0, 52, 18]","[0, 52, 19]","[0, 52, 19]","[0, 564, 20]","[1, 52, 20]","[0, 83, 20]","[1, 52, 20]",312
"[1, 64, 0]","[0, 60, 5]","[1, 52, 5]","[1, 1500, 6]","[1, 514, 6]","[0, 52, 7]","[0, 52, 7]","[0, 1500, 12]","[0, 1500, 12]","[0, 680, 12]","[1, 52, 12]","[1, 116, 15]","[1, 144, 16]","[1, 389, 16]","[0, 52, 17]","[0, 52, 17]","[0, 52, 17]","[0, 573, 18]","[1, 52, 19]","[1, 83, 19]",312
"[1, 64, 0]","[0, 60, 5]","[1, 52, 5]","[1, 1500, 6]","[1, 514, 6]","[0, 52, 6]","[0, 1500, 12]","[0, 1500, 12]","[0, 679, 12]","[1, 52, 12]","[1, 116, 16]","[1, 144, 16]","[0, 52, 17]","[0, 52, 17]","[0, 564, 18]","[0, 83, 19]","[1, 52, 19]","[1, 83, 20]","[0, 52, 20]","[1, 389, 24]",312
"[1, 64, 0]","[0, 60, 5]","[1, 52, 5]","[1, 1500, 6]","[1, 514, 6]","[0, 52, 7]","[0, 52, 7]","[0, 1500, 11]","[0, 1500, 11]","[0, 678, 11]","[1, 52, 11]","[1, 116, 14]","[1, 144, 15]","[1, 389, 15]","[0, 52, 15]","[0, 52, 16]","[0, 52, 16]","[0, 564, 16]","[1, 52, 17]","[1, 83, 17]",312
"[1, 64, 0]","[0, 60, 7]","[1, 52, 7]","[1, 1500, 8]","[1, 514, 8]","[0, 52, 10]","[0, 52, 10]","[0, 1500, 15]","[0, 1500, 15]","[0, 680, 15]","[1, 52, 15]","[1, 116, 19]","[1, 144, 19]","[0, 52, 20]","[0, 52, 20]","[0, 573, 22]","[1, 52, 22]","[1, 83, 23]","[0, 52, 24]","[1, 389, 109]",312
"[1, 64, 0]","[0, 60, 6]","[1, 52, 7]","[1, 1500, 8]","[1, 514, 8]","[0, 52, 9]","[0, 1500, 16]","[0, 1500, 16]","[0, 680, 16]","[1, 52, 16]","[1, 116, 20]","[1, 144, 20]","[1, 389, 20]","[0, 52, 21]","[0, 52, 21]","[0, 52, 21]","[0, 573, 23]","[1, 52, 24]","[1, 83, 24]","[0, 52, 25]",312
"[1, 64, 0]","[0, 60, 5]","[1, 52, 7]","[1, 1500, 7]","[1, 514, 7]","[0, 52, 8]","[0, 52, 8]","[0, 1500, 14]","[0, 1500, 14]","[0, 678, 14]","[1, 52, 14]","[1, 116, 18]","[1, 144, 18]","[1, 389, 18]","[0, 52, 19]","[0, 52, 19]","[0, 52, 20]","[0, 564, 20]","[1, 52, 21]","[1, 83, 21]",312
"[1, 64, 0]","[0, 60, 5]","[1, 52, 5]","[1, 1500, 5]","[1, 514, 5]","[0, 52, 6]","[0, 52, 6]","[0, 1500, 11]","[0, 1500, 11]","[0, 678, 11]","[1, 52, 12]","[1, 116, 15]","[1, 144, 15]","[1, 389, 15]","[0, 52, 16]","[0, 52, 16]","[0, 573, 18]","[1, 52, 18]","[1, 83, 19]","[0, 52, 20]",312
"[1, 64, 0]","[0, 60, 6]","[1, 52, 6]","[1, 1500, 7]","[1, 514, 7]","[0, 52, 7]","[0, 52, 7]","[0, 1500, 12]","[0, 1500, 13]","[0, 680, 13]","[1, 52, 13]","[1, 116, 16]","[1, 144, 16]","[1, 389, 16]","[0, 52, 17]","[0, 52, 17]","[0, 52, 17]","[0, 573, 18]","[1, 52, 18]","[1, 83, 19]",312
"[1, 64, 0]","[0, 60, 5]","[1, 52, 6]","[1, 1500, 6]","[1, 514, 6]","[0, 52, 7]","[0, 52, 7]","[0, 1500, 14]","[1, 52, 15]","[0, 1500, 15]","[1, 52, 16]","[0, 679, 17]","[1, 52, 17]","[1, 116, 20]","[1, 144, 20]","[0, 52, 20]","[0, 52, 21]","[0, 564, 23]","[0, 83, 23]","[1, 52, 23]",312
"[1, 64, 0]","[0, 60, 4]","[1, 52, 5]","[1, 1500, 6]","[1, 514, 6]","[0, 52, 7]","[0, 52, 7]","[0, 1500, 12]","[0, 1500, 12]","[0, 680, 12]","[1, 52, 13]","[1, 116, 16]","[1, 144, 16]","[1, 389, 16]","[0, 52, 16]","[0, 52, 17]","[0, 573, 18]","[1, 52, 19]","[1, 83, 19]","[0, 52, 20]",312
"[1, 64, 0]","[1, 64, 31]","[1, 64, 61]","[1, 64, 94]","[1, 64, 126]","[0, 60, 135]","[1, 52, 136]","[1, 1500, 136]","[1, 514, 136]","[0, 52, 137]","[0, 52, 137]","[0, 52, 137]","[0, 1500, 149]","[0, 1500, 149]","[0, 679, 149]","[1, 52, 150]","[1, 116, 153]","[1, 144, 153]","[1, 389, 153]","[0, 52, 162]",312
"[1, 64, 0]","[0, 60, 5]","[1, 52, 5]","[1, 1500, 6]","[1, 514, 6]","[0, 52, 7]","[0, 52, 7]","[0, 1500, 12]","[0, 1500, 12]","[0, 680, 12]","[1, 52, 12]","[1, 116, 20]","[1, 144, 21]","[1, 389, 21]","[0, 52, 21]","[0, 52, 22]","[0, 52, 22]","[0, 595, 24]","[1, 52, 24]","[1, 83, 25]",312
"[1, 64, 0]","[0, 60, 5]","[1, 52, 5]","[1, 1500, 6]","[1, 514, 6]","[0, 52, 7]","[0, 52, 7]","[0, 1500, 13]","[0, 1500, 14]","[0, 679, 14]","[1, 52, 14]","[1, 116, 17]","[1, 144, 18]","[0, 52, 18]","[1, 389, 18]","[0, 52, 19]","[0, 52, 20]","[0, 573, 21]","[1, 52, 21]","[1, 83, 22]",312
"[1, 64, 0]","[0, 60, 4]","[1, 52, 5]","[1, 1500, 6]","[1, 514, 6]","[0, 52, 6]","[0, 52, 7]","[0, 1500, 14]","[0, 1500, 14]","[0, 680, 14]","[1, 52, 14]","[1, 116, 17]","[1, 144, 17]","[1, 389, 17]","[0, 52, 18]","[0, 52, 18]","[0, 52, 18]","[0, 573, 20]","[1, 52, 20]","[1, 83, 20]",312
"[1, 64, 0]","[0, 60, 5]","[1, 52, 5]","[1, 1500, 5]","[1, 514, 5]","[0, 52, 6]","[0, 52, 6]","[0, 1500, 12]","[0, 1500, 12]","[0, 678, 12]","[1, 52, 12]","[1, 116, 21]","[1, 144, 21]","[1, 389, 21]","[0, 52, 22]","[0, 52, 22]","[0, 52, 23]","[0, 573, 24]","[1, 52, 25]","[1, 83, 25]",312
"[1, 64, 0]","[0, 60, 5]","[1, 52, 5]","[1, 1500, 6]","[1, 514, 6]","[0, 52, 7]","[0, 52, 7]","[0, 1500, 11]","[0, 1500, 11]","[0, 679, 11]","[1, 52, 11]","[1, 116, 15]","[1, 144, 15]","[1, 389, 15]","[0, 52, 15]","[0, 52, 16]","[0, 564, 17]","[0, 83, 17]","[1, 52, 17]","[1, 83, 18]",312
"[1, 64, 0]","[0, 60, 4]","[1, 52, 5]","[1, 1500, 5]","[1, 514, 5]","[0, 52, 6]","[0, 52, 6]","[0, 1500, 12]","[0, 1500, 12]","[0, 680, 12]","[1, 52, 12]","[1, 116, 16]","[1, 144, 16]","[1, 389, 16]","[0, 52, 16]","[0, 52, 16]","[0, 52, 17]","[0, 573, 19]","[1, 52, 19]","[1, 83, 20]",312
"[1, 64, 0]","[0, 60, 4]","[1, 52, 4]","[1, 1500, 5]","[1, 514, 5]","[0, 52, 6]","[0, 52, 6]","[0, 1500, 11]","[0, 1500, 11]","[0, 680, 11]","[1, 52, 11]","[1, 116, 15]","[1, 144, 15]","[1, 389, 16]","[0, 52, 16]","[0, 52, 17]","[0, 52, 17]","[0, 573, 18]","[1, 52, 19]","[1, 83, 20]",312
"[1, 64, 0]","[0, 60, 4]","[1, 52, 5]","[1, 1500, 6]","[1, 514, 6]","[0, 52, 6]","[0, 52, 7]","[0, 1500, 11]","[0, 1500, 11]","[0, 678, 11]","[1, 52, 12]","[1, 116, 15]","[1, 144, 15]","[1, 389, 15]","[0, 52, 16]","[0, 52, 16]","[0, 573, 18]","[1, 52, 18]","[1, 83, 19]","[0, 52, 20]",312
"[1, 64, 0]","[0, 60, 6]","[1, 52, 6]","[1, 1500, 7]","[1, 514, 7]","[0, 52, 7]","[0, 52, 7]","[0, 1500, 14]","[0, 1500, 14]","[0, 679, 14]","[1, 52, 14]","[1, 116, 21]","[1, 144, 21]","[1, 389, 21]","[0, 52, 22]","[0, 52, 22]","[0, 52, 22]","[0, 573, 25]","[1, 52, 25]","[1, 83, 26]",312
"[1, 64, 0]","[0, 60, 4]","[1, 52, 4]","[1, 1500, 5]","[1, 514, 5]","[0, 52, 5]","[0, 52, 5]","[0, 1500, 10]","[0, 1500, 11]","[0, 679, 11]","[1, 52, 11]","[1, 116, 14]","[0, 52, 14]","[1, 144, 15]","[0, 52, 15]","[1, 389, 15]","[0, 52, 16]","[0, 564, 16]","[1, 52, 16]","[1, 83, 17]",312
"[1, 64, 0]","[0, 60, 4]","[1, 52, 5]","[1, 1500, 8]","[1, 514, 8]","[0, 52, 9]","[0, 52, 9]","[0, 1500, 16]","[0, 1500, 16]","[0, 679, 16]","[1, 52, 16]","[1, 116, 31]","[1, 144, 31]","[1, 389, 31]","[0, 52, 32]","[0, 573, 33]","[1, 52, 34]","[1, 83, 37]","[0, 52, 38]","[0, 1500, 44]",312
"[1, 64, 0]","[0, 60, 4]","[1, 52, 4]","[1, 1500, 5]","[1, 514, 5]","[0, 52, 6]","[0, 52, 6]","[0, 1500, 10]","[1, 52, 11]","[0, 1500, 11]","[1, 52, 11]","[0, 678, 12]","[1, 52, 12]","[1, 116, 14]","[1, 144, 14]","[1, 389, 15]","[0, 52, 16]","[0, 52, 16]","[0, 52, 16]","[0, 573, 17]",312
"[1, 64, 0]","[0, 60, 3]","[1, 52, 4]","[1, 1500, 4]","[1, 514, 4]","[0, 52, 5]","[0, 52, 5]","[0, 1500, 10]","[0, 1500, 10]","[0, 679, 10]","[1, 52, 10]","[1, 116, 14]","[1, 144, 14]","[1, 389, 14]","[0, 52, 18]","[0, 52, 18]","[0, 52, 19]","[0, 573, 22]","[1, 52, 23]","[1, 83, 23]",312
"[1, 64, 0]","[0, 60, 5]","[1, 52, 6]","[1, 1500, 8]","[1, 514, 8]","[0, 52, 9]","[0, 52, 10]","[0, 1500, 15]","[0, 1500, 15]","[0, 679, 15]","[1, 52, 17]","[1, 116, 20]","[1, 144, 21]","[1, 389, 21]","[0, 52, 21]","[0, 52, 22]","[0, 52, 22]","[0, 564, 23]","[0, 83, 23]","[1, 52, 24]",312
"[1, 64, 0]","[0, 60, 37]","[1, 52, 37]","[1, 1500, 38]","[1, 514, 38]","[0, 52, 39]","[0, 1500, 44]","[0, 1500, 44]","[0, 677, 44]","[1, 52, 44]","[1, 116, 48]","[1, 144, 49]","[1, 389, 49]","[0, 52, 49]","[0, 52, 49]","[0, 52, 50]","[0, 564, 51]","[0, 83, 51]","[1, 52, 51]","[1, 83, 52]",312
"[1, 64, 0]","[0, 60, 5]","[1, 52, 6]","[1, 1500, 6]","[1, 514, 7]","[0, 52, 8]","[0, 52, 8]","[0, 1500, 12]","[0, 1500, 12]","[1, 52, 13]","[0, 679, 13]","[1, 52, 13]","[1, 116, 26]","[1, 144, 26]","[1, 389, 26]","[0, 52, 27]","[0, 52, 27]","[0, 52, 28]","[0, 573, 33]","[1, 52, 34]",312
"[1, 64, 0]","[0, 60, 5]","[1, 52, 5]","[1, 1500, 6]","[1, 514, 6]","[0, 52, 6]","[0, 52, 6]","[0, 1500, 11]","[0, 1500, 11]","[0, 679, 11]","[1, 52, 12]","[1, 116, 16]","[1, 144, 16]","[1, 389, 16]","[0, 52, 17]","[0, 52, 17]","[0, 52, 17]","[0, 573, 19]","[1, 52, 19]","[1, 83, 20]",312
"[1, 64, 0]","[0, 60, 4]","[1, 52, 5]","[1, 1500, 6]","[1, 514, 6]","[0, 52, 7]","[0, 52, 8]","[0, 1500, 12]","[0, 1500, 12]","[0, 679, 12]","[1, 52, 12]","[1, 116, 15]","[1, 144, 16]","[1, 389, 16]","[0, 52, 16]","[0, 52, 16]","[0, 52, 16]","[0, 564, 18]","[0, 83, 18]","[1, 52, 18]",312
"[1, 64, 0]","[0, 60, 51]","[1, 52, 51]","[1, 1500, 52]","[1, 514, 52]","[0, 52, 53]","[0, 1500, 59]","[0, 1500, 59]","[0, 678, 59]","[1, 52, 59]","[1, 116, 62]","[1, 144, 62]","[1, 389, 63]","[0, 52, 63]","[0, 52, 63]","[0, 52, 63]","[0, 564, 65]","[0, 83, 65]","[1, 52, 65]","[1, 83, 65]",312
"[1, 64, 0]","[0, 60, 5]","[1, 52, 5]","[1, 1500, 6]","[1, 514, 6]","[0, 52, 7]","[0, 52, 7]","[0, 1500, 12]","[0, 1500, 12]","[0, 679, 12]","[1, 52, 13]","[1, 116, 16]","[1, 144, 16]","[1, 389, 16]","[0, 52, 17]","[0, 52, 17]","[0, 52, 17]","[0, 564, 20]","[1, 52, 20]","[0, 83, 20]",312
"[1, 64, 0]","[0, 60, 6]","[1, 52, 6]","[1, 1500, 7]","[1, 514, 7]","[0, 52, 7]","[0, 52, 8]","[0, 1500, 14]","[0, 1500, 14]","[0, 680, 14]","[1, 52, 14]","[1, 116, 18]","[1, 144, 18]","[1, 389, 18]","[0, 52, 19]","[0, 52, 19]","[0, 52, 19]","[0, 573, 20]","[1, 52, 21]","[1, 83, 21]",312
"[1, 64, 0]","[0, 60, 4]","[1, 52, 4]","[1, 1500, 5]","[1, 514, 5]","[0, 52, 6]","[0, 52, 6]","[0, 1500, 12]","[0, 1500, 12]","[0, 680, 12]","[1, 52, 12]","[1, 116, 18]","[1, 144, 18]","[1, 389, 18]","[0, 52, 19]","[0, 52, 19]","[0, 52, 19]","[0, 573, 20]","[1, 52, 21]","[1, 83, 21]",312
"[1, 64, 0]","[0, 60, 5]","[1, 52, 6]","[1, 1500, 6]","[1, 514, 6]","[0, 52, 7]","[0, 52, 7]","[0, 1500, 12]","[0, 1500, 12]","[0, 680, 12]","[1, 52, 12]","[1, 116, 15]","[1, 144, 15]","[1, 389, 15]","[0, 52, 16]","[0, 573, 18]","[1, 52, 18]","[1, 83, 18]","[0, 52, 19]","[0, 258, 27]",312
"[1, 64, 0]","[0, 60, 6]","[1, 52, 6]","[1, 1500, 7]","[1, 514, 7]","[0, 52, 8]","[0, 52, 8]","[0, 1500, 14]","[0, 1500, 14]","[0, 678, 14]","[1, 52, 14]","[1, 116, 18]","[1, 144, 18]","[1, 389, 18]","[0, 52, 19]","[0, 573, 21]","[1, 52, 21]","[1, 83, 22]","[0, 52, 23]","[0, 258, 29]",312
"[1, 64, 0]","[0, 60, 4]","[1, 52, 5]","[1, 1500, 5]","[1, 514, 5]","[0, 52, 6]","[0, 52, 6]","[0, 1500, 12]","[0, 1500, 12]","[0, 679, 12]","[1, 52, 13]","[1, 116, 16]","[1, 144, 16]","[1, 389, 17]","[0, 52, 17]","[0, 52, 17]","[0, 52, 18]","[0, 573, 20]","[1, 52, 20]","[1, 83, 21]",312
"[1, 64, 0]","[0, 60, 4]","[1, 52, 5]","[1, 1500, 6]","[1, 514, 6]","[0, 52, 6]","[0, 52, 7]","[0, 1500, 13]","[0, 1500, 13]","[0, 679, 13]","[1, 52, 14]","[1, 116, 18]","[1, 144, 18]","[1, 389, 19]","[0, 52, 19]","[0, 52, 19]","[0, 52, 19]","[0, 573, 21]","[1, 52, 21]","[1, 83, 22]",312
"[1, 64, 0]","[0, 60, 4]","[1, 52, 4]","[1, 1500, 5]","[1, 514, 5]","[0, 52, 6]","[0, 52, 6]","[0, 1500, 16]","[0, 1500, 16]","[0, 679, 16]","[1, 52, 16]","[1, 116, 20]","[1, 144, 20]","[1, 389, 20]","[0, 52, 21]","[0, 52, 21]","[0, 52, 22]","[0, 564, 22]","[1, 52, 22]","[1, 83, 23]",312
"[1, 64, 0]","[0, 60, 5]","[1, 52, 5]","[1, 1500, 6]","[1, 514, 6]","[0, 52, 7]","[0, 1500, 12]","[0, 1500, 12]","[0, 680, 12]","[1, 52, 12]","[1, 116, 15]","[1, 144, 16]","[1, 389, 16]","[0, 52, 16]","[0, 52, 17]","[0, 564, 18]","[1, 52, 18]","[0, 83, 18]","[1, 83, 18]","[1, 52, 19]",312
"[1, 64, 0]","[0, 60, 7]","[1, 52, 7]","[1, 1500, 8]","[1, 514, 8]","[0, 52, 9]","[0, 52, 9]","[0, 1500, 15]","[0, 1500, 15]","[0, 678, 15]","[1, 52, 15]","[1, 116, 25]","[0, 52, 25]","[1, 144, 26]","[1, 389, 26]","[0, 52, 26]","[0, 52, 27]","[0, 564, 27]","[1, 52, 27]","[1, 83, 28]",312
"[1, 64, 0]","[0, 60, 5]","[1, 52, 5]","[1, 1500, 7]","[1, 514, 7]","[0, 52, 8]","[0, 52, 8]","[0, 1500, 15]","[0, 1500, 15]","[1, 52, 15]","[1, 52, 15]","[0, 679, 15]","[1, 52, 15]","[1, 116, 22]","[1, 144, 23]","[1, 389, 23]","[0, 52, 23]","[0, 52, 24]","[0, 564, 25]","[1, 52, 25]",312
"[1, 64, 0]","[0, 60, 7]","[1, 52, 7]","[1, 1500, 8]","[1, 514, 8]","[0, 52, 9]","[0, 52, 9]","[0, 1500, 16]","[0, 1500, 16]","[0, 679, 16]","[1, 52, 17]","[1, 116, 19]","[1, 144, 20]","[1, 389, 20]","[0, 52, 20]","[0, 52, 20]","[0, 52, 21]","[0, 573, 25]","[1, 52, 25]","[1, 83, 26]",312
"[1, 64, 0]","[0, 60, 5]","[1, 52, 5]","[1, 1500, 6]","[1, 514, 6]","[0, 52, 6]","[0, 1500, 11]","[0, 1500, 11]","[0, 679, 11]","[1, 52, 11]","[1, 116, 14]","[1, 144, 14]","[1, 389, 15]","[0, 52, 15]","[0, 52, 15]","[0, 573, 17]","[1, 52, 17]","[1, 83, 18]","[0, 52, 19]","[0, 258, 32]",312
"[1, 64, 0]","[0, 60, 4]","[1, 52, 5]","[1, 1500, 7]","[1, 514, 7]","[0, 52, 8]","[0, 52, 8]","[0, 1500, 14]","[0, 1500, 14]","[0, 679, 14]","[1, 52, 15]","[1, 116, 17]","[1, 144, 17]","[0, 52, 18]","[1, 389, 18]","[0, 52, 18]","[0, 52, 19]","[0, 573, 21]","[1, 52, 22]","[1, 83, 22]",312
"[1, 64, 0]","[0, 60, 6]","[1, 52, 6]","[1, 1500, 7]","[1, 514, 7]","[0, 52, 9]","[0, 1500, 14]","[0, 1500, 14]","[0, 679, 14]","[1, 52, 15]","[1, 116, 19]","[1, 144, 19]","[1, 389, 19]","[0, 52, 20]","[0, 52, 20]","[0, 573, 22]","[1, 52, 23]","[1, 83, 23]","[0, 52, 24]","[0, 304, 29]",312
"[1, 64, 0]","[0, 60, 4]","[1, 52, 4]","[1, 1500, 8]","[1, 514, 8]","[0, 52, 8]","[0, 52, 8]","[0, 1500, 14]","[0, 1500, 14]","[0, 680, 14]","[1, 52, 14]","[1, 116, 17]","[1, 144, 17]","[0, 52, 18]","[0, 52, 18]","[0, 564, 20]","[0, 83, 20]","[1, 52, 20]","[1, 52, 20]","[1, 83, 20]",312
"[1, 64, 0]","[0, 60, 5]","[1, 52, 5]","[1, 1500, 6]","[1, 514, 6]","[0, 52, 7]","[0, 52, 7]","[0, 1500, 12]","[0, 1500, 12]","[1, 52, 12]","[0, 680, 13]","[1, 52, 13]","[1, 116, 15]","[1, 144, 16]","[0, 52, 16]","[0, 52, 16]","[1, 389, 16]","[0, 52, 17]","[0, 564, 18]","[0, 83, 18]",312
"[1, 64, 0]","[0, 60, 6]","[1, 52, 6]","[1, 1500, 7]","[1, 514, 7]","[0, 52, 7]","[0, 52, 7]","[0, 1500, 12]","[0, 1500, 12]","[0, 680, 12]","[1, 52, 12]","[1, 116, 28]","[1, 144, 29]","[1, 389, 29]","[0, 52, 29]","[0, 52, 30]","[0, 564, 31]","[0, 83, 31]","[1, 52, 31]","[1, 52, 32]",312
"[1, 64, 0]","[0, 60, 4]","[1, 52, 5]","[1, 1500, 6]","[1, 514, 6]","[0, 52, 7]","[0, 52, 7]","[0, 1500, 14]","[0, 1500, 14]","[0, 679, 14]","[1, 52, 14]","[1, 116, 20]","[1, 144, 20]","[1, 389, 20]","[0, 52, 23]","[0, 52, 23]","[0, 52, 24]","[0, 573, 27]","[1, 52, 27]","[1, 83, 27]",312
"[1, 64, 0]","[0, 60, 5]","[1, 52, 6]","[1, 1500, 7]","[1, 514, 7]","[0, 52, 8]","[0, 52, 8]","[0, 1500, 14]","[0, 1500, 14]","[0, 678, 14]","[1, 52, 14]","[1, 116, 17]","[1, 144, 17]","[1, 389, 17]","[0, 52, 18]","[0, 52, 18]","[0, 52, 18]","[0, 573, 20]","[1, 52, 20]","[1, 83, 21]",312
"[1, 64, 0]","[1, 64, 30]","[0, 60, 30]","[1, 52, 31]","[1, 1500, 31]","[1, 514, 31]","[0, 52, 32]","[0, 52, 33]","[0, 52, 33]","[0, 1500, 50]","[0, 1500, 50]","[0, 679, 50]","[1, 52, 50]","[1, 116, 54]","[1, 144, 54]","[1, 389, 54]","[0, 52, 54]","[0, 52, 55]","[0, 52, 55]","[0, 564, 56]",312
"[1, 64, 0]","[0, 60, 6]","[1, 52, 6]","[1, 1500, 7]","[1, 514, 7]","[0, 52, 8]","[0, 52, 8]","[0, 1500, 13]","[0, 1500, 13]","[1, 52, 13]","[0, 679, 13]","[1, 52, 13]","[1, 116, 19]","[1, 144, 20]","[1, 389, 20]","[0, 52, 20]","[0, 573, 23]","[1, 52, 23]","[1, 83, 24]","[0, 52, 24]",312
"[1, 64, 0]","[0, 60, 5]","[1, 52, 6]","[1, 1500, 7]","[1, 514, 7]","[0, 52, 8]","[0, 52, 8]","[0, 1500, 14]","[0, 1500, 14]","[1, 52, 14]","[0, 678, 15]","[1, 52, 15]","[1, 116, 22]","[1, 144, 23]","[1, 389, 23]","[0, 52, 24]","[0, 52, 24]","[0, 52, 24]","[0, 573, 26]","[1, 52, 26]",312
"[1, 64, 0]","[0, 60, 8]","[1, 52, 8]","[1, 1500, 9]","[1, 514, 9]","[0, 52, 10]","[0, 52, 10]","[0, 1500, 14]","[0, 1500, 14]","[0, 679, 15]","[1, 52, 15]","[1, 52, 15]","[1, 116, 21]","[1, 144, 22]","[1, 389, 22]","[0, 52, 24]","[0, 52, 25]","[0, 52, 26]","[0, 573, 34]","[1, 52, 34]",312
"[1, 64, 0]","[0, 60, 5]","[1, 52, 6]","[1, 1500, 7]","[1, 514, 7]","[0, 52, 8]","[0, 52, 8]","[0, 1500, 14]","[0, 1500, 14]","[0, 679, 14]","[1, 52, 14]","[1, 116, 18]","[1, 144, 18]","[0, 52, 19]","[0, 52, 19]","[0, 573, 21]","[1, 52, 21]","[1, 83, 22]","[0, 52, 22]","[1, 389, 25]",312
"[1, 64, 0]","[0, 60, 5]","[1, 52, 6]","[1, 1500, 6]","[1, 514, 6]","[0, 52, 7]","[0, 52, 8]","[0, 1500, 14]","[0, 1500, 14]","[0, 680, 14]","[1, 52, 14]","[1, 116, 17]","[1, 144, 18]","[1, 389, 18]","[0, 52, 18]","[0, 52, 19]","[0, 573, 21]","[1, 52, 21]","[1, 83, 23]","[0, 52, 24]",312
"[1, 64, 0]","[0, 60, 4]","[1, 52, 4]","[1, 1500, 5]","[1, 514, 5]","[0, 52, 6]","[0, 52, 6]","[0, 1500, 12]","[0, 1500, 12]","[0, 679, 12]","[1, 52, 13]","[1, 116, 16]","[1, 144, 16]","[1, 389, 16]","[0, 52, 17]","[0, 52, 17]","[0, 52, 18]","[0, 573, 19]","[1, 52, 19]","[1, 83, 20]",312
"[1, 64, 0]","[0, 60, 4]","[1, 52, 5]","[1, 1500, 5]","[1, 514, 5]","[0, 52, 6]","[0, 52, 6]","[0, 1500, 10]","[0, 1500, 10]","[0, 679, 10]","[1, 52, 11]","[1, 116, 14]","[1, 144, 14]","[1, 389, 14]","[0, 52, 15]","[0, 52, 15]","[0, 52, 15]","[0, 573, 17]","[1, 52, 17]","[1, 83, 18]",312
"[1, 64, 0]","[0, 60, 4]","[1, 52, 4]","[1, 1500, 5]","[1, 514, 5]","[0, 52, 6]","[0, 52, 6]","[0, 1500, 11]","[0, 1500, 11]","[0, 678, 11]","[1, 52, 12]","[1, 116, 15]","[1, 144, 16]","[0, 52, 16]","[0, 52, 16]","[1, 389, 16]","[0, 52, 17]","[0, 564, 18]","[1, 52, 18]","[0, 83, 19]",312
"[1, 64, 0]","[0, 60, 10]","[1, 52, 10]","[1, 1500, 10]","[1, 514, 10]","[0, 52, 15]","[0, 52, 15]","[0, 1500, 21]","[0, 1500, 22]","[0, 679, 22]","[1, 52, 22]","[1, 116, 25]","[1, 144, 25]","[1, 389, 25]","[0, 52, 26]","[0, 52, 26]","[0, 52, 26]","[0, 573, 27]","[1, 52, 27]","[1, 83, 28]",312
"[1, 64, 0]","[0, 60, 5]","[1, 52, 6]","[1, 1500, 9]","[1, 514, 9]","[0, 52, 10]","[0, 52, 11]","[0, 1500, 17]","[0, 1500, 17]","[1, 52, 17]","[0, 679, 17]","[1, 52, 17]","[1, 116, 25]","[1, 144, 26]","[1, 389, 26]","[0, 52, 27]","[0, 573, 29]","[1, 52, 30]","[1, 83, 31]","[0, 52, 32]",312
"[1, 64, 0]","[0, 60, 5]","[1, 52, 5]","[1, 1500, 7]","[1, 514, 7]","[0, 52, 7]","[0, 52, 7]","[0, 1500, 11]","[0, 1500, 12]","[0, 678, 12]","[1, 52, 12]","[1, 116, 16]","[1, 144, 16]","[0, 52, 17]","[0, 52, 17]","[0, 564, 19]","[0, 83, 19]","[1, 52, 19]","[1, 83, 20]","[0, 52, 21]",312
"[1, 64, 0]","[0, 60, 5]","[1, 52, 5]","[1, 1500, 6]","[1, 514, 6]","[0, 52, 6]","[0, 52, 6]","[0, 1500, 12]","[0, 1500, 12]","[0, 678, 12]","[1, 52, 12]","[1, 116, 15]","[1, 144, 16]","[1, 389, 16]","[0, 52, 16]","[0, 52, 16]","[0, 52, 17]","[0, 564, 18]","[0, 83, 18]","[1, 52, 18]",312
"[1, 64, 0]","[0, 60, 4]","[1, 52, 5]","[1, 1500, 6]","[1, 514, 6]","[0, 52, 6]","[0, 52, 7]","[0, 1500, 11]","[0, 1500, 11]","[0, 679, 11]","[1, 52, 11]","[1, 116, 14]","[1, 144, 15]","[0, 52, 15]","[0, 52, 15]","[0, 564, 16]","[1, 52, 17]","[0, 83, 17]","[1, 52, 18]","[1, 83, 19]",312
"[1, 64, 0]","[0, 60, 4]","[1, 52, 5]","[1, 1500, 7]","[1, 514, 7]","[0, 52, 13]","[0, 52, 13]","[0, 1500, 17]","[0, 1500, 17]","[0, 679, 17]","[1, 52, 18]","[1, 116, 24]","[1, 144, 25]","[1, 389, 25]","[0, 52, 26]","[0, 52, 26]","[0, 573, 30]","[1, 52, 31]","[1, 83, 32]","[0, 52, 33]",312
"[1, 64, 0]","[0, 60, 5]","[1, 52, 5]","[1, 1500, 6]","[1, 514, 6]","[0, 52, 6]","[0, 1500, 10]","[0, 1500, 10]","[0, 678, 11]","[1, 52, 11]","[1, 52, 11]","[1, 116, 14]","[1, 144, 14]","[0, 52, 14]","[0, 52, 14]","[0, 573, 16]","[1, 52, 16]","[1, 83, 17]","[0, 52, 18]","[1, 389, 32]",312
"[1, 64, 0]","[0, 60, 5]","[1, 52, 5]","[1, 1500, 6]","[1, 514, 6]","[0, 52, 7]","[0, 1500, 13]","[0, 1500, 13]","[1, 52, 13]","[0, 679, 13]","[1, 52, 14]","[1, 116, 17]","[1, 144, 17]","[1, 389, 17]","[0, 52, 18]","[0, 52, 18]","[0, 52, 18]","[0, 564, 19]","[0, 83, 19]","[1, 52, 19]",312
"[1, 64, 0]","[0, 60, 4]","[1, 52, 4]","[1, 1500, 5]","[1, 514, 5]","[0, 52, 6]","[0, 52, 6]","[0, 1500, 12]","[0, 1500, 12]","[0, 679, 12]","[1, 52, 12]","[1, 116, 15]","[1, 144, 16]","[1, 389, 16]","[0, 52, 16]","[0, 52, 16]","[0, 52, 17]","[0, 564, 18]","[0, 83, 18]","[1, 52, 18]",312
"[1, 64, 0]","[0, 60, 18]","[1, 52, 18]","[1, 1500, 19]","[1, 514, 19]","[0, 52, 20]","[0, 1500, 26]","[0, 1500, 26]","[0, 679, 26]","[1, 52, 26]","[1, 116, 29]","[1, 144, 30]","[1, 389, 30]","[0, 52, 30]","[0, 52, 30]","[0, 52, 30]","[0, 564, 31]","[1, 52, 32]","[0, 83, 32]","[1, 52, 32]",312
"[1, 64, 0]","[0, 60, 6]","[1, 52, 6]","[1, 1500, 7]","[1, 514, 7]","[0, 52, 7]","[0, 52, 8]","[0, 1500, 14]","[0, 1500, 14]","[0, 678, 14]","[1, 52, 14]","[1, 116, 17]","[1, 144, 17]","[1, 389, 17]","[0, 52, 18]","[0, 52, 18]","[0, 573, 38]","[1, 52, 38]","[1, 83, 39]","[0, 52, 40]",312
"[1, 64, 0]","[0, 60, 6]","[1, 52, 7]","[1, 725, 8]","[0, 52, 10]","[0, 1500, 16]","[0, 1500, 17]","[1, 52, 17]","[0, 377, 17]","[1, 52, 17]","[1, 116, 37]","[1, 222, 38]","[1, 424, 38]","[0, 52, 39]","[0, 52, 39]","[0, 52, 40]","[0, 573, 42]","[1, 52, 42]","[0, 1500, 51]","[0, 1263, 51]",310
"[1, 64, 0]","[0, 60, 39]","[1, 52, 40]","[1, 725, 44]","[0, 52, 45]","[0, 1500, 52]","[0, 1500, 52]","[0, 379, 52]","[1, 52, 53]","[1, 116, 63]","[1, 222, 63]","[0, 52, 64]","[0, 52, 65]","[0, 573, 68]","[1, 52, 69]","[1, 83, 70]","[0, 52, 72]","[1, 424, 100]","[0, 52, 101]","[0, 1500, 111]",310
"[1, 64, 0]","[0, 60, 5]","[1, 52, 6]","[1, 725, 7]","[0, 52, 8]","[0, 1500, 14]","[0, 1500, 14]","[0, 378, 14]","[1, 52, 14]","[1, 116, 21]","[1, 222, 21]","[0, 52, 22]","[0, 52, 22]","[0, 595, 24]","[1, 52, 25]","[1, 83, 27]","[0, 52, 28]","[1, 424, 31]","[0, 52, 32]","[0, 1500, 42]",310
"[1, 64, 0]","[0, 60, 8]","[1, 52, 9]","[1, 725, 11]","[0, 52, 12]","[0, 1500, 23]","[0, 1500, 23]","[0, 379, 23]","[1, 52, 24]","[1, 116, 30]","[1, 222, 30]","[0, 52, 31]","[0, 52, 31]","[0, 573, 35]","[1, 52, 36]","[1, 83, 37]","[0, 52, 38]","[1, 424, 119]","[0, 52, 120]","[0, 1500, 130]",310
"[1, 64, 0]","[0, 60, 31]","[1, 52, 32]","[1, 725, 34]","[0, 52, 35]","[0, 1500, 42]","[0, 1500, 42]","[0, 379, 42]","[1, 52, 42]","[1, 116, 58]","[1, 222, 58]","[0, 52, 60]","[0, 573, 62]","[1, 52, 63]","[1, 83, 64]","[0, 52, 66]","[1, 424, 103]","[0, 52, 103]","[0, 1500, 118]","[0, 1296, 118]",310
"[1, 64, 0]","[0, 60, 10]","[1, 52, 11]","[1, 725, 12]","[0, 52, 13]","[0, 1500, 45]","[0, 1500, 45]","[0, 377, 45]","[1, 52, 46]","[1, 116, 52]","[1, 222, 52]","[1, 424, 52]","[0, 52, 53]","[0, 52, 53]","[0, 52, 53]","[0, 573, 57]","[1, 52, 57]","[1, 83, 59]","[0, 52, 59]","[0, 1500, 63]",310
"[1, 64, 0]","[0, 60, 20]","[1, 52, 21]","[1, 725, 25]","[0, 52, 33]","[0, 1500, 41]","[0, 1500, 41]","[0, 379, 41]","[1, 52, 42]","[1, 116, 66]","[1, 222, 68]","[0, 52, 75]","[0, 52, 75]","[0, 573, 81]","[1, 52, 82]","[1, 83, 85]","[0, 52, 91]","[1, 424, 108]","[0, 52, 117]","[0, 1500, 134]",310
"[1, 64, 0]","[0, 60, 12]","[1, 52, 14]","[1, 725, 18]","[0, 52, 24]","[0, 1500, 30]","[0, 1500, 30]","[0, 378, 30]","[1, 52, 32]","[1, 116, 71]","[0, 52, 78]","[0, 564, 83]","[1, 52, 84]","[1, 222, 87]","[0, 52, 96]","[0, 83, 101]","[1, 83, 102]","[1, 52, 102]","[0, 52, 115]","[1, 424, 537]",310
"[1, 64, 0]","[0, 60, 6]","[1, 52, 7]","[1, 725, 17]","[0, 52, 18]","[0, 1500, 23]","[0, 1500, 23]","[0, 378, 23]","[1, 52, 24]","[1, 116, 31]","[1, 222, 32]","[0, 52, 33]","[0, 52, 33]","[0, 573, 35]","[1, 52, 36]","[1, 83, 37]","[0, 52, 38]","[1, 424, 95]","[0, 52, 97]","[0, 1500, 126]",310
"[1, 64, 0]","[0, 60, 5]","[1, 52, 6]","[1, 725, 7]","[0, 52, 8]","[0, 1500, 14]","[0, 1500, 14]","[0, 377, 14]","[1, 52, 15]","[1, 116, 26]","[1, 222, 27]","[0, 52, 28]","[0, 52, 28]","[0, 573, 30]","[1, 52, 31]","[1, 83, 41]","[0, 52, 43]","[1, 424, 90]","[0, 52, 92]","[0, 1500, 102]",310
"[1, 64, 0]","[0, 60, 5]","[1, 52, 5]","[1, 725, 8]","[0, 52, 8]","[0, 1500, 14]","[0, 1500, 14]","[0, 379, 14]","[1, 52, 14]","[1, 116, 22]","[1, 222, 22]","[0, 52, 23]","[0, 52, 23]","[0, 595, 25]","[1, 52, 26]","[1, 83, 28]","[0, 52, 29]","[1, 424, 61]","[0, 52, 62]","[0, 1500, 72]",310
"[1, 64, 0]","[0, 60, 6]","[1, 52, 6]","[1, 725, 8]","[0, 52, 9]","[0, 1500, 14]","[0, 1500, 14]","[0, 377, 14]","[1, 52, 15]","[1, 116, 23]","[1, 222, 23]","[0, 52, 24]","[0, 52, 25]","[0, 564, 28]","[1, 52, 28]","[0, 83, 29]","[1, 83, 30]","[1, 52, 30]","[0, 52, 31]","[1, 424, 79]",310
"[1, 64, 0]","[0, 60, 10]","[1, 52, 11]","[1, 725, 16]","[0, 52, 17]","[0, 1500, 25]","[0, 1500, 25]","[0, 378, 26]","[1, 52, 26]","[1, 52, 26]","[1, 116, 35]","[1, 222, 35]","[1, 424, 35]","[0, 52, 38]","[0, 573, 41]","[1, 52, 42]","[1, 83, 45]","[0, 1500, 49]","[0, 1265, 49]","[0, 52, 49]",310
"[1, 64, 0]","[0, 60, 17]","[1, 52, 18]","[1, 725, 22]","[0, 52, 23]","[0, 1500, 31]","[0, 1500, 31]","[0, 379, 31]","[1, 52, 32]","[1, 116, 40]","[1, 222, 41]","[1, 424, 41]","[0, 52, 41]","[0, 52, 42]","[0, 52, 42]","[0, 564, 44]","[1, 52, 44]","[1, 83, 45]","[0, 83, 46]","[1, 52, 47]",310
"[1, 64, 0]","[0, 60, 9]","[1, 52, 10]","[1, 725, 13]","[0, 52, 14]","[0, 1500, 19]","[0, 1500, 19]","[0, 378, 19]","[1, 52, 20]","[1, 116, 30]","[1, 222, 31]","[1, 424, 31]","[0, 52, 31]","[0, 52, 32]","[0, 52, 32]","[0, 595, 34]","[1, 52, 34]","[1, 83, 36]","[0, 52, 38]","[0, 258, 50]",310
"[1, 64, 0]","[0, 60, 6]","[1, 52, 7]","[1, 725, 8]","[0, 52, 10]","[0, 1500, 14]","[0, 1500, 14]","[0, 379, 14]","[1, 52, 15]","[1, 116, 25]","[1, 222, 26]","[0, 52, 27]","[0, 52, 27]","[0, 595, 31]","[1, 52, 31]","[1, 83, 33]","[0, 52, 34]","[1, 424, 36]","[0, 52, 37]","[0, 1500, 57]",310
"[1, 64, 0]","[0, 60, 11]","[1, 52, 14]","[1, 725, 16]","[0, 52, 19]","[0, 1500, 25]","[0, 1500, 26]","[0, 377, 26]","[1, 52, 28]","[1, 116, 55]","[1, 222, 55]","[0, 52, 58]","[0, 573, 65]","[1, 52, 68]","[1, 83, 75]","[0, 52, 79]","[1, 424, 153]","[0, 52, 157]","[0, 1500, 223]","[0, 1265, 224]",310
"[1, 64, 0]","[0, 60, 9]","[1, 52, 10]","[1, 725, 14]","[0, 52, 18]","[0, 1500, 22]","[0, 1500, 23]","[0, 379, 23]","[1, 52, 24]","[1, 116, 48]","[1, 222, 50]","[1, 424, 50]","[0, 52, 51]","[0, 52, 52]","[0, 564, 54]","[1, 52, 55]","[0, 83, 60]","[1, 52, 61]","[0, 1500, 68]","[0, 1296, 68]",310
"[1, 64, 0]","[0, 60, 10]","[1, 52, 12]","[1, 725, 15]","[0, 52, 18]","[0, 1500, 23]","[0, 1500, 23]","[0, 378, 23]","[1, 52, 25]","[1, 116, 43]","[1, 222, 43]","[0, 52, 46]","[0, 52, 46]","[0, 564, 50]","[0, 83, 50]","[1, 52, 52]","[1, 83, 55]","[0, 52, 59]","[1, 424, 92]","[0, 52, 95]",310
"[1, 64, 0]","[0, 60, 6]","[1, 52, 7]","[1, 725, 23]","[0, 52, 24]","[0, 1500, 29]","[0, 1500, 29]","[0, 377, 29]","[1, 52, 30]","[1, 116, 45]","[1, 222, 46]","[0, 52, 48]","[0, 52, 48]","[0, 595, 51]","[1, 52, 52]","[1, 83, 54]","[0, 52, 57]","[1, 424, 67]","[0, 52, 70]","[0, 1500, 81]",310
"[1, 64, 0]","[0, 60, 5]","[1, 52, 5]","[1, 725, 6]","[0, 52, 7]","[0, 1500, 12]","[0, 1500, 12]","[0, 377, 12]","[1, 52, 13]","[1, 116, 20]","[1, 222, 21]","[0, 52, 21]","[0, 52, 22]","[0, 595, 24]","[1, 52, 25]","[1, 83, 32]","[0, 52, 33]","[1, 424, 185]","[0, 52, 189]","[0, 1500, 202]",310
"[1, 64, 0]","[0, 60, 10]","[1, 52, 10]","[1, 725, 13]","[0, 52, 16]","[0, 1500, 20]","[0, 1500, 20]","[0, 377, 20]","[1, 52, 20]","[1, 116, 30]","[1, 222, 31]","[1, 424, 31]","[0, 52, 37]","[0, 52, 37]","[0, 52, 37]","[0, 573, 42]","[1, 52, 42]","[1, 83, 45]","[0, 1500, 51]","[0, 1230, 51]",310
"[1, 64, 0]","[0, 60, 6]","[1, 52, 6]","[1, 725, 8]","[0, 52, 9]","[0, 1500, 14]","[0, 1500, 14]","[0, 379, 14]","[1, 52, 14]","[1, 116, 23]","[1, 222, 23]","[1, 424, 23]","[0, 52, 24]","[0, 52, 24]","[0, 573, 27]","[1, 52, 27]","[1, 83, 28]","[0, 52, 30]","[0, 1500, 34]","[0, 1266, 35]",310
"[1, 64, 0]","[0, 60, 4]","[1, 52, 5]","[1, 725, 6]","[0, 52, 6]","[0, 1500, 10]","[0, 1500, 11]","[0, 379, 11]","[1, 52, 11]","[1, 116, 18]","[1, 222, 19]","[0, 52, 19]","[0, 52, 20]","[0, 595, 22]","[1, 52, 22]","[1, 83, 24]","[0, 52, 24]","[1, 424, 30]","[0, 52, 31]","[0, 1500, 47]",310
"[1, 64, 0]","[0, 60, 5]","[1, 52, 6]","[1, 725, 9]","[0, 52, 10]","[0, 1500, 16]","[0, 1500, 16]","[0, 379, 16]","[1, 52, 16]","[1, 116, 25]","[1, 222, 26]","[0, 52, 26]","[0, 52, 26]","[0, 595, 29]","[1, 52, 30]","[1, 83, 31]","[0, 52, 32]","[1, 424, 115]","[0, 52, 117]","[0, 1500, 126]",310
"[1, 64, 0]","[0, 60, 6]","[1, 52, 6]","[1, 725, 7]","[0, 52, 8]","[0, 1500, 14]","[0, 1500, 14]","[0, 377, 14]","[1, 52, 14]","[1, 116, 22]","[1, 222, 22]","[1, 424, 22]","[0, 52, 23]","[0, 52, 24]","[0, 573, 27]","[1, 52, 28]","[1, 83, 29]","[0, 52, 31]","[0, 1500, 40]","[0, 1261, 40]",310
"[1, 64, 0]","[0, 60, 8]","[1, 52, 9]","[1, 725, 12]","[0, 52, 15]","[0, 1500, 21]","[1, 52, 21]","[0, 1500, 21]","[0, 378, 21]","[1, 52, 22]","[1, 116, 48]","[0, 52, 51]","[0, 564, 54]","[1, 52, 55]","[1, 222, 73]","[1, 83, 75]","[0, 52, 75]","[0, 52, 77]","[1, 424, 88]","[0, 52, 89]",310
"[1, 64, 0]","[0, 60, 5]","[1, 52, 6]","[1, 725, 8]","[0, 52, 10]","[0, 1500, 13]","[0, 1500, 14]","[0, 377, 14]","[1, 52, 14]","[1, 116, 24]","[1, 222, 25]","[0, 52, 26]","[0, 52, 26]","[0, 595, 28]","[1, 52, 29]","[1, 83, 30]","[0, 52, 32]","[1, 424, 136]","[0, 52, 138]","[0, 1500, 147]",310
"[1, 64, 0]","[0, 60, 6]","[1, 52, 8]","[1, 725, 11]","[0, 52, 13]","[0, 1500, 22]","[0, 1500, 22]","[0, 378, 22]","[1, 52, 23]","[1, 116, 35]","[1, 222, 35]","[0, 52, 36]","[0, 52, 36]","[0, 595, 40]","[1, 52, 41]","[1, 83, 44]","[0, 52, 46]","[1, 424, 95]","[0, 52, 98]","[0, 1500, 115]",310
"[1, 64, 0]","[0, 60, 6]","[1, 52, 7]","[1, 725, 8]","[0, 52, 9]","[0, 1500, 13]","[0, 1500, 14]","[0, 378, 14]","[1, 52, 14]","[1, 116, 22]","[1, 222, 22]","[0, 52, 23]","[0, 52, 23]","[0, 595, 26]","[1, 52, 27]","[1, 83, 29]","[0, 52, 31]","[1, 424, 34]","[0, 52, 36]","[0, 1500, 49]",310
"[1, 64, 0]","[0, 60, 12]","[1, 52, 13]","[1, 725, 15]","[0, 52, 17]","[0, 1500, 22]","[0, 1500, 22]","[0, 378, 22]","[1, 52, 23]","[1, 116, 48]","[1, 222, 48]","[0, 52, 50]","[0, 573, 52]","[1, 52, 53]","[1, 83, 55]","[0, 52, 56]","[1, 424, 109]","[0, 52, 111]","[0, 1500, 122]","[0, 1267, 122]",310
"[1, 64, 0]","[0, 60, 6]","[1, 52, 6]","[1, 725, 10]","[0, 52, 11]","[0, 1500, 16]","[0, 1500, 17]","[0, 379, 17]","[1, 52, 17]","[1, 116, 25]","[1, 222, 26]","[0, 52, 27]","[0, 52, 27]","[0, 564, 29]","[1, 52, 30]","[0, 83, 30]","[1, 52, 31]","[1, 83, 32]","[0, 52, 34]","[1, 424, 65]",310
"[1, 64, 0]","[0, 60, 5]","[1, 52, 6]","[1, 725, 7]","[0, 52, 9]","[0, 1500, 17]","[0, 1500, 17]","[0, 379, 17]","[1, 52, 18]","[1, 116, 25]","[0, 52, 27]","[1, 222, 28]","[1, 424, 29]","[0, 564, 30]","[0, 52, 31]","[1, 52, 31]","[0, 52, 32]","[0, 83, 33]","[1, 52, 34]","[1, 83, 37]",310
"[1, 64, 0]","[0, 60, 24]","[1, 52, 25]","[1, 725, 27]","[0, 52, 30]","[0, 1500, 46]","[0, 1500, 46]","[0, 378, 46]","[1, 52, 47]","[1, 116, 56]","[1, 222, 56]","[0, 52, 58]","[1, 424, 68]","[0, 52, 69]","[0, 573, 70]","[1, 52, 71]","[1, 83, 73]","[0, 52, 75]","[0, 1500, 85]","[0, 1266, 85]",310
"[1, 64, 0]","[0, 60, 31]","[1, 52, 32]","[1, 725, 34]","[0, 52, 35]","[0, 1500, 39]","[0, 1500, 40]","[0, 378, 40]","[1, 52, 40]","[1, 116, 61]","[1, 222, 61]","[1, 424, 61]","[0, 52, 62]","[0, 52, 62]","[0, 52, 62]","[0, 573, 65]","[1, 52, 65]","[1, 83, 67]","[0, 52, 68]","[0, 1500, 106]",310
"[1, 64, 0]","[0, 60, 9]","[1, 52, 11]","[1, 725, 13]","[0, 52, 16]","[0, 1500, 21]","[0, 1500, 22]","[0, 377, 22]","[1, 52, 23]","[1, 116, 38]","[1, 222, 38]","[0, 52, 41]","[0, 573, 44]","[1, 52, 45]","[1, 83, 48]","[0, 52, 51]","[1, 424, 65]","[0, 52, 69]","[0, 1500, 85]","[0, 1260, 85]",310
"[1, 64, 0]","[0, 60, 6]","[1, 52, 7]","[1, 725, 8]","[0, 52, 9]","[0, 1500, 13]","[0, 1500, 13]","[0, 378, 13]","[1, 52, 14]","[1, 52, 14]","[1, 116, 21]","[1, 222, 22]","[0, 52, 23]","[0, 52, 24]","[0, 564, 25]","[1, 52, 25]","[0, 83, 26]","[1, 52, 26]","[1, 83, 27]","[0, 52, 28]",310
"[1, 64, 0]","[0, 60, 5]","[1, 52, 6]","[1, 725, 7]","[0, 52, 8]","[0, 1500, 14]","[0, 1500, 15]","[0, 378, 15]","[1, 52, 15]","[1, 116, 22]","[1, 222, 22]","[0, 52, 23]","[0, 52, 23]","[0, 573, 26]","[1, 52, 26]","[1, 83, 27]","[0, 52, 29]","[1, 424, 52]","[0, 52, 54]","[0, 1500, 65]",310
"[1, 64, 0]","[0, 60, 5]","[1, 52, 6]","[1, 725, 7]","[0, 52, 8]","[0, 1500, 13]","[0, 1500, 13]","[0, 379, 13]","[1, 52, 14]","[1, 116, 21]","[1, 222, 21]","[1, 424, 21]","[0, 52, 23]","[0, 573, 25]","[1, 52, 26]","[1, 83, 27]","[0, 52, 29]","[0, 1500, 33]","[0, 1229, 34]","[1, 52, 35]",310
"[1, 64, 0]","[0, 60, 40]","[1, 52, 41]","[1, 725, 46]","[0, 52, 47]","[0, 1500, 52]","[0, 1500, 52]","[0, 379, 52]","[1, 52, 53]","[1, 116, 64]","[1, 222, 65]","[1, 424, 65]","[0, 52, 66]","[0, 52, 68]","[0, 564, 69]","[0, 83, 70]","[1, 52, 71]","[1, 52, 72]","[1, 83, 662]","[0, 1500, 664]",310
"[1, 64, 0]","[0, 60, 20]","[1, 52, 21]","[1, 725, 22]","[0, 52, 24]","[0, 1500, 28]","[0, 1500, 28]","[0, 378, 28]","[1, 52, 29]","[1, 116, 36]","[1, 222, 36]","[1, 424, 37]","[0, 52, 38]","[0, 52, 38]","[0, 52, 38]","[0, 573, 41]","[1, 52, 41]","[1, 83, 43]","[0, 52, 44]","[0, 1500, 48]",310
"[1, 64, 0]","[0, 60, 5]","[1, 52, 6]","[1, 725, 8]","[0, 52, 10]","[0, 1500, 17]","[0, 1500, 17]","[0, 377, 17]","[1, 52, 18]","[1, 116, 24]","[1, 222, 24]","[1, 424, 24]","[0, 52, 26]","[0, 573, 28]","[1, 52, 29]","[1, 83, 33]","[0, 52, 34]","[0, 1500, 38]","[0, 1230, 38]","[1, 52, 39]",310
"[1, 64, 0]","[0, 60, 8]","[1, 52, 9]","[1, 725, 11]","[0, 52, 20]","[0, 1500, 35]","[0, 1500, 36]","[0, 378, 36]","[1, 52, 37]","[1, 116, 56]","[1, 222, 57]","[1, 424, 58]","[0, 52, 65]","[0, 52, 65]","[0, 52, 65]","[0, 573, 75]","[1, 52, 76]","[1, 83, 79]","[0, 1500, 82]","[0, 1266, 82]",310
"[1, 64, 0]","[0, 60, 5]","[1, 52, 5]","[1, 725, 7]","[0, 52, 8]","[0, 1500, 14]","[0, 1500, 14]","[0, 379, 14]","[1, 52, 15]","[1, 116, 24]","[1, 222, 25]","[1, 424, 25]","[0, 52, 25]","[0, 52, 26]","[0, 52, 26]","[0, 564, 29]","[0, 83, 30]","[1, 52, 30]","[1, 52, 30]","[1, 83, 33]",310
"[1, 64, 0]","[0, 60, 5]","[1, 52, 6]","[1, 725, 7]","[0, 52, 8]","[0, 1500, 14]","[0, 1500, 15]","[0, 379, 15]","[1, 52, 15]","[1, 116, 34]","[1, 222, 34]","[0, 52, 37]","[0, 573, 42]","[1, 52, 44]","[1, 83, 46]","[0, 52, 49]","[1, 424, 77]","[0, 52, 80]","[0, 1500, 90]","[0, 1261, 90]",310
"[1, 64, 0]","[0, 60, 5]","[1, 52, 6]","[1, 725, 8]","[0, 52, 9]","[0, 1500, 13]","[0, 1500, 13]","[0, 378, 13]","[1, 52, 14]","[1, 116, 21]","[1, 222, 21]","[0, 52, 23]","[0, 52, 23]","[0, 573, 25]","[1, 52, 26]","[1, 83, 28]","[0, 52, 29]","[1, 424, 233]","[0, 52, 235]","[0, 1500, 245]",310
"[1, 64, 0]","[0, 60, 8]","[1, 52, 9]","[1, 725, 11]","[0, 52, 13]","[0, 1500, 21]","[0, 1500, 21]","[0, 377, 21]","[1, 52, 22]","[1, 116, 32]","[1, 222, 32]","[0, 52, 34]","[0, 573, 36]","[1, 52, 37]","[1, 83, 38]","[0, 52, 39]","[1, 424, 52]","[0, 52, 55]","[0, 1500, 64]","[0, 1266, 65]",310
"[1, 64, 0]","[0, 60, 6]","[1, 52, 7]","[1, 725, 9]","[0, 52, 12]","[0, 1500, 19]","[0, 1500, 19]","[0, 378, 19]","[1, 52, 20]","[1, 116, 34]","[1, 222, 35]","[0, 52, 36]","[0, 52, 37]","[0, 564, 39]","[1, 52, 40]","[0, 83, 41]","[1, 52, 43]","[1, 83, 45]","[0, 52, 47]","[1, 424, 61]",310
"[1, 64, 0]","[0, 60, 10]","[1, 52, 11]","[1, 725, 13]","[0, 52, 15]","[0, 1500, 41]","[0, 1500, 41]","[0, 377, 41]","[1, 52, 42]","[1, 116, 52]","[1, 222, 53]","[1, 424, 53]","[0, 52, 54]","[0, 52, 54]","[0, 52, 54]","[0, 573, 67]","[1, 52, 67]","[1, 83, 69]","[0, 52, 70]","[0, 1500, 77]",310
"[1, 64, 0]","[0, 60, 7]","[1, 52, 9]","[1, 725, 13]","[0, 52, 16]","[0, 1500, 28]","[0, 1500, 29]","[0, 379, 29]","[1, 52, 30]","[1, 116, 37]","[1, 222, 37]","[1, 424, 37]","[0, 52, 38]","[0, 573, 42]","[1, 52, 43]","[1, 83, 44]","[0, 52, 45]","[0, 1500, 49]","[0, 1261, 49]","[1, 52, 50]",310
"[1, 64, 0]","[0, 60, 9]","[1, 52, 11]","[1, 725, 15]","[0, 52, 17]","[0, 1500, 31]","[0, 1500, 31]","[0, 378, 31]","[1, 52, 32]","[1, 116, 55]","[1, 222, 57]","[0, 52, 57]","[1, 424, 59]","[0, 52, 59]","[0, 564, 60]","[1, 52, 61]","[0, 52, 62]","[0, 83, 62]","[1, 52, 64]","[1, 83, 66]",310
"[1, 64, 0]","[0, 60, 10]","[1, 52, 11]","[1, 725, 14]","[0, 52, 17]","[0, 1500, 27]","[0, 1500, 27]","[0, 379, 27]","[1, 52, 27]","[1, 116, 42]","[1, 222, 42]","[0, 52, 44]","[0, 573, 47]","[1, 52, 48]","[1, 83, 51]","[0, 52, 53]","[1, 424, 55]","[0, 52, 56]","[0, 1500, 65]","[0, 1265, 65]",310
"[1, 64, 0]","[0, 60, 9]","[1, 52, 12]","[1, 725, 17]","[0, 52, 22]","[0, 1500, 24]","[0, 1500, 24]","[0, 378, 24]","[1, 52, 25]","[1, 116, 45]","[1, 222, 45]","[0, 52, 48]","[0, 52, 48]","[0, 573, 51]","[1, 52, 52]","[1, 83, 58]","[0, 52, 61]","[1, 424, 80]","[0, 52, 83]","[0, 1500, 102]",310
"[1, 64, 0]","[0, 60, 11]","[1, 52, 13]","[1, 725, 22]","[0, 52, 26]","[0, 1500, 30]","[0, 1500, 30]","[0, 377, 30]","[1, 52, 32]","[1, 116, 52]","[0, 52, 54]","[1, 222, 54]","[0, 564, 57]","[0, 52, 57]","[1, 52, 59]","[0, 83, 59]","[1, 52, 60]","[1, 83, 63]","[0, 52, 66]","[1, 424, 267]",310
"[1, 64, 0]","[0, 60, 6]","[1, 52, 8]","[1, 725, 11]","[0, 52, 15]","[0, 1500, 20]","[0, 1500, 21]","[0, 378, 21]","[1, 52, 23]","[1, 116, 33]","[1, 222, 33]","[0, 52, 36]","[0, 52, 36]","[0, 573, 38]","[1, 52, 40]","[1, 83, 44]","[0, 52, 47]","[1, 424, 74]","[0, 52, 77]","[0, 1500, 91]",310
"[1, 64, 0]","[0, 60, 4]","[1, 52, 5]","[1, 725, 6]","[0, 52, 8]","[0, 1500, 14]","[0, 1500, 14]","[0, 378, 14]","[1, 52, 14]","[1, 116, 21]","[1, 222, 22]","[0, 52, 23]","[0, 52, 23]","[0, 573, 26]","[1, 52, 26]","[1, 83, 27]","[0, 52, 28]","[1, 424, 108]","[0, 52, 109]","[0, 1500, 124]",310
"[1, 64, 0]","[0, 60, 6]","[1, 52, 6]","[1, 725, 8]","[0, 52, 9]","[0, 1500, 15]","[0, 1500, 15]","[0, 378, 15]","[1, 52, 15]","[1, 116, 24]","[1, 222, 24]","[1, 424, 25]","[0, 52, 26]","[0, 52, 26]","[0, 573, 28]","[1, 52, 29]","[1, 83, 30]","[0, 52, 31]","[0, 1500, 40]","[0, 1229, 41]",310
"[1, 64, 0]","[0, 60, 7]","[1, 52, 8]","[1, 725, 10]","[0, 52, 11]","[0, 1500, 15]","[0, 1500, 15]","[0, 378, 15]","[1, 52, 16]","[1, 116, 25]","[1, 222, 26]","[0, 52, 27]","[0, 52, 27]","[0, 595, 30]","[1, 52, 31]","[1, 83, 32]","[0, 52, 34]","[1, 424, 42]","[0, 52, 44]","[0, 1500, 54]",310
"[1, 64, 0]","[0, 60, 10]","[1, 52, 11]","[1, 725, 12]","[0, 52, 13]","[0, 1500, 18]","[0, 1500, 18]","[0, 377, 18]","[1, 52, 19]","[1, 116, 26]","[1, 222, 26]","[0, 52, 27]","[0, 52, 28]","[0, 573, 36]","[1, 52, 37]","[1, 83, 38]","[0, 52, 39]","[1, 424, 184]","[0, 52, 186]","[0, 1500, 196]",310
"[1, 64, 0]","[0, 60, 12]","[1, 52, 13]","[1, 725, 14]","[0, 52, 16]","[0, 1500, 22]","[0, 1500, 22]","[0, 378, 22]","[1, 52, 23]","[1, 116, 32]","[1, 222, 33]","[1, 424, 33]","[0, 52, 34]","[0, 52, 34]","[0, 573, 40]","[1, 52, 40]","[1, 83, 42]","[0, 52, 44]","[0, 1500, 48]","[0, 1228, 48]",310
"[1, 64, 0]","[0, 60, 6]","[1, 52, 7]","[1, 725, 8]","[0, 52, 9]","[0, 1500, 19]","[0, 1500, 19]","[0, 379, 19]","[1, 52, 20]","[1, 116, 26]","[1, 222, 26]","[0, 52, 27]","[0, 52, 27]","[0, 573, 33]","[1, 52, 33]","[1, 83, 35]","[0, 52, 36]","[1, 424, 122]","[0, 52, 124]","[0, 1500, 134]",310
"[1, 64, 0]","[0, 60, 7]","[1, 52, 7]","[1, 725, 10]","[0, 52, 12]","[0, 1500, 20]","[0, 1500, 20]","[0, 378, 20]","[1, 52, 21]","[1, 116, 35]","[1, 222, 36]","[0, 52, 38]","[0, 52, 39]","[0, 564, 43]","[0, 83, 44]","[1, 52, 45]","[1, 83, 56]","[0, 52, 59]","[1, 424, 76]","[0, 52, 77]",310
"[1, 64, 0]","[0, 60, 7]","[1, 52, 8]","[1, 725, 10]","[0, 52, 11]","[0, 1500, 22]","[0, 1500, 22]","[0, 378, 22]","[1, 52, 22]","[1, 116, 29]","[1, 222, 30]","[0, 52, 30]","[0, 52, 31]","[0, 595, 33]","[1, 424, 33]","[1, 52, 34]","[0, 52, 35]","[1, 83, 36]","[0, 52, 38]","[0, 1500, 46]",310
"[1, 64, 0]","[0, 60, 6]","[1, 52, 6]","[1, 725, 11]","[0, 52, 13]","[0, 1500, 20]","[0, 1500, 20]","[0, 379, 20]","[1, 52, 21]","[1, 116, 31]","[1, 222, 32]","[0, 52, 33]","[0, 52, 34]","[0, 595, 36]","[1, 52, 36]","[1, 83, 39]","[0, 52, 42]","[1, 424, 68]","[0, 52, 70]","[0, 258, 79]",310
"[1, 64, 0]","[0, 60, 5]","[1, 52, 5]","[1, 725, 8]","[0, 52, 9]","[0, 1500, 19]","[0, 1500, 19]","[0, 378, 19]","[1, 52, 20]","[1, 116, 28]","[1, 222, 29]","[0, 52, 29]","[0, 52, 30]","[0, 564, 32]","[1, 52, 32]","[0, 83, 32]","[1, 52, 33]","[1, 83, 34]","[0, 52, 35]","[1, 424, 139]",310
"[1, 64, 0]","[0, 60, 7]","[1, 52, 8]","[1, 725, 9]","[0, 52, 11]","[0, 1500, 17]","[0, 1500, 17]","[0, 378, 17]","[1, 52, 17]","[1, 116, 24]","[1, 222, 24]","[1, 424, 24]","[0, 52, 26]","[0, 573, 28]","[1, 52, 29]","[1, 83, 30]","[0, 52, 31]","[0, 1500, 39]","[0, 1266, 39]","[1, 52, 39]",310
"[1, 64, 0]","[0, 60, 7]","[1, 52, 8]","[1, 725, 10]","[0, 52, 12]","[0, 1500, 17]","[0, 1500, 18]","[1, 52, 18]","[0, 378, 18]","[1, 52, 18]","[1, 52, 18]","[1, 116, 25]","[1, 222, 26]","[0, 52, 27]","[0, 52, 27]","[0, 573, 29]","[1, 52, 30]","[1, 83, 31]","[0, 52, 32]","[1, 424, 41]",310
"[1, 64, 0]","[0, 60, 5]","[1, 52, 6]","[1, 725, 8]","[0, 52, 10]","[0, 1500, 14]","[0, 1500, 14]","[0, 379, 14]","[1, 52, 15]","[1, 116, 22]","[1, 222, 23]","[1, 424, 23]","[0, 52, 24]","[0, 52, 24]","[0, 573, 26]","[1, 52, 27]","[1, 83, 28]","[0, 52, 29]","[0, 1500, 44]","[0, 247, 44]",310
"[1, 64, 0]","[0, 60, 5]","[1, 52, 5]","[1, 725, 7]","[0, 52, 7]","[0, 1500, 14]","[0, 1500, 14]","[0, 377, 14]","[1, 52, 14]","[1, 116, 24]","[1, 222, 25]","[0, 52, 25]","[0, 52, 26]","[0, 595, 28]","[1, 52, 28]","[1, 83, 30]","[0, 52, 31]","[1, 424, 135]","[0, 52, 136]","[0, 1500, 146]",310
"[1, 64, 0]","[0, 60, 8]","[1, 52, 9]","[1, 725, 10]","[0, 52, 11]","[0, 1500, 16]","[0, 1500, 16]","[0, 379, 16]","[1, 52, 17]","[1, 116, 24]","[1, 222, 24]","[0, 52, 25]","[0, 52, 25]","[0, 573, 28]","[1, 52, 28]","[1, 83, 29]","[1, 424, 30]","[0, 52, 30]","[0, 52, 31]","[0, 1500, 41]",310
"[1, 64, 0]","[0, 60, 5]","[1, 52, 5]","[1, 725, 6]","[0, 52, 7]","[0, 1500, 12]","[0, 1500, 13]","[0, 378, 13]","[1, 52, 13]","[1, 116, 20]","[1, 222, 20]","[0, 52, 21]","[0, 52, 21]","[0, 573, 24]","[1, 52, 24]","[1, 83, 25]","[0, 52, 26]","[1, 424, 91]","[0, 52, 92]","[0, 1500, 105]",310
"[1, 64, 0]","[0, 60, 6]","[1, 52, 7]","[1, 725, 8]","[0, 52, 11]","[0, 1500, 15]","[0, 1500, 15]","[0, 378, 15]","[1, 52, 16]","[1, 116, 23]","[1, 222, 24]","[0, 52, 25]","[0, 52, 25]","[0, 573, 27]","[1, 52, 28]","[1, 83, 37]","[0, 52, 39]","[1, 424, 327]","[0, 52, 329]","[0, 1500, 346]",310
"[1, 64, 0]","[0, 60, 5]","[1, 52, 6]","[1, 725, 7]","[0, 52, 9]","[0, 1500, 15]","[0, 1500, 15]","[0, 379, 15]","[1, 52, 15]","[1, 116, 22]","[1, 222, 22]","[0, 52, 24]","[0, 573, 27]","[1, 52, 28]","[1, 83, 29]","[0, 52, 30]","[1, 424, 79]","[0, 52, 81]","[0, 1500, 92]","[0, 1297, 92]",310
"[1, 64, 0]","[0, 60, 9]","[1, 52, 11]","[1, 725, 14]","[0, 52, 17]","[0, 1500, 22]","[0, 1500, 22]","[0, 377, 22]","[1, 52, 23]","[1, 116, 59]","[1, 222, 60]","[0, 52, 62]","[0, 573, 66]","[1, 52, 67]","[1, 83, 73]","[0, 52, 77]","[1, 424, 296]","[0, 52, 298]","[0, 1500, 311]","[0, 1230, 312]",310
"[1, 64, 0]","[0, 60, 7]","[1, 52, 8]","[1, 725, 9]","[0, 52, 11]","[0, 1500, 17]","[0, 1500, 17]","[0, 377, 17]","[1, 52, 18]","[1, 116, 27]","[1, 222, 28]","[0, 52, 29]","[0, 52, 29]","[0, 595, 32]","[1, 424, 34]","[1, 52, 34]","[0, 52, 38]","[1, 83, 39]","[0, 52, 41]","[0, 1500, 52]",310
"[1, 64, 0]","[0, 60, 7]","[1, 52, 8]","[1, 725, 10]","[0, 52, 11]","[0, 1500, 19]","[0, 1500, 19]","[0, 379, 19]","[1, 52, 19]","[1, 116, 29]","[1, 222, 29]","[1, 424, 30]","[0, 52, 30]","[0, 52, 30]","[0, 52, 31]","[0, 573, 34]","[1, 52, 35]","[1, 83, 36]","[0, 52, 37]","[0, 1500, 42]",310
"[1, 64, 0]","[0, 60, 5]","[1, 52, 6]","[1, 725, 7]","[0, 52, 8]","[0, 1500, 12]","[0, 1500, 12]","[0, 377, 12]","[1, 52, 12]","[1, 116, 19]","[1, 222, 19]","[0, 52, 20]","[0, 52, 21]","[0, 573, 23]","[1, 52, 24]","[1, 83, 26]","[0, 52, 27]","[1, 424, 32]","[0, 52, 33]","[0, 1500, 45]",310
"[1, 64, 0]","[0, 60, 5]","[1, 52, 6]","[1, 725, 7]","[0, 52, 8]","[0, 1500, 12]","[0, 1500, 12]","[0, 377, 12]","[1, 52, 13]","[1, 116, 20]","[1, 222, 20]","[1, 424, 20]","[0, 52, 21]","[0, 52, 21]","[0, 52, 21]","[0, 573, 25]","[1, 52, 26]","[1, 83, 27]","[0, 52, 28]","[0, 1500, 37]",310
"[1, 64, 0]","[0, 60, 5]","[1, 52, 5]","[1, 725, 8]","[0, 52, 10]","[0, 1500, 15]","[0, 1500, 15]","[0, 378, 15]","[1, 52, 16]","[1, 116, 26]","[1, 222, 26]","[0, 52, 28]","[0, 573, 30]","[1, 52, 31]","[1, 83, 33]","[0, 52, 34]","[1, 424, 38]","[0, 52, 40]","[0, 1500, 49]","[0, 1259, 49]",310
"[1, 64, 0]","[0, 60, 7]","[1, 52, 8]","[1, 725, 10]","[0, 52, 11]","[0, 1500, 15]","[0, 1500, 15]","[0, 379, 15]","[1, 52, 16]","[1, 52, 16]","[1, 116, 26]","[0, 52, 27]","[1, 222, 29]","[0, 564, 30]","[0, 52, 30]","[1, 52, 30]","[1, 83, 32]","[0, 83, 32]","[1, 52, 33]","[0, 52, 33]",310
"[1, 64, 0]","[0, 60, 8]","[1, 52, 9]","[1, 725, 10]","[0, 52, 11]","[0, 1500, 17]","[0, 1500, 18]","[0, 377, 18]","[1, 52, 18]","[1, 116, 28]","[1, 222, 28]","[0, 52, 30]","[0, 52, 30]","[0, 573, 35]","[1, 52, 35]","[1, 83, 37]","[0, 52, 38]","[1, 424, 51]","[0, 52, 53]","[0, 1500, 68]",310
"[1, 64, 0]","[0, 60, 5]","[1, 52, 6]","[1, 725, 7]","[0, 52, 8]","[0, 1500, 17]","[0, 1500, 17]","[0, 378, 17]","[1, 52, 18]","[1, 116, 29]","[1, 222, 29]","[0, 52, 31]","[0, 52, 31]","[0, 573, 34]","[1, 52, 34]","[1, 83, 38]","[0, 52, 39]","[1, 424, 133]","[0, 52, 135]","[0, 1500, 147]",310
"[1, 64, 0]","[0, 60, 5]","[1, 52, 6]","[1, 725, 9]","[0, 52, 11]","[0, 1500, 18]","[0, 1500, 18]","[0, 377, 18]","[1, 52, 19]","[1, 116, 31]","[1, 222, 32]","[0, 52, 34]","[0, 52, 34]","[0, 595, 37]","[1, 52, 39]","[1, 83, 41]","[0, 52, 44]","[1, 424, 52]","[0, 52, 55]","[0, 1500, 64]",310
"[1, 64, 0]","[0, 60, 7]","[1, 52, 7]","[1, 725, 9]","[0, 52, 10]","[0, 1500, 15]","[0, 1500, 15]","[0, 379, 15]","[1, 52, 16]","[1, 116, 33]","[1, 222, 33]","[0, 52, 35]","[0, 573, 42]","[1, 52, 43]","[1, 83, 47]","[0, 52, 48]","[1, 424, 125]","[0, 52, 126]","[0, 1500, 136]","[0, 1265, 136]",310
"[1, 64, 0]","[0, 60, 4]","[1, 52, 5]","[1, 725, 6]","[0, 52, 8]","[0, 1500, 12]","[0, 1500, 12]","[0, 378, 12]","[1, 52, 13]","[1, 116, 22]","[1, 222, 23]","[1, 424, 24]","[0, 52, 24]","[0, 52, 24]","[0, 52, 25]","[0, 573, 27]","[1, 52, 28]","[1, 83, 29]","[0, 52, 30]","[0, 1500, 34]",310
"[1, 64, 0]","[0, 60, 6]","[1, 52, 6]","[1, 725, 8]","[0, 52, 9]","[0, 1500, 14]","[0, 1500, 14]","[0, 378, 14]","[1, 52, 15]","[1, 116, 22]","[1, 222, 23]","[0, 52, 24]","[0, 52, 24]","[0, 573, 26]","[1, 52, 27]","[1, 83, 28]","[0, 52, 30]","[1, 424, 60]","[0, 52, 62]","[0, 1500, 70]",310
"[1, 64, 0]","[0, 60, 6]","[1, 52, 6]","[1, 725, 8]","[0, 52, 9]","[0, 1500, 13]","[0, 1500, 13]","[0, 378, 13]","[1, 52, 13]","[1, 116, 23]","[1, 222, 24]","[0, 52, 25]","[0, 52, 25]","[0, 573, 27]","[1, 52, 28]","[1, 83, 29]","[0, 52, 30]","[1, 424, 31]","[0, 52, 32]","[0, 1500, 52]",310
"[1, 64, 0]","[0, 60, 32]","[1, 52, 32]","[1, 725, 35]","[0, 52, 36]","[0, 1500, 43]","[0, 1500, 43]","[0, 377, 43]","[1, 52, 43]","[1, 116, 51]","[1, 222, 51]","[1, 424, 51]","[0, 52, 53]","[0, 52, 53]","[0, 573, 55]","[1, 52, 56]","[1, 83, 57]","[0, 52, 58]","[0, 1500, 65]","[0, 1260, 65]",310
"[1, 64, 0]","[0, 60, 5]","[1, 52, 6]","[1, 725, 8]","[0, 52, 9]","[0, 1500, 13]","[0, 1500, 13]","[0, 376, 13]","[1, 52, 14]","[1, 116, 23]","[1, 222, 23]","[1, 424, 23]","[0, 52, 24]","[0, 52, 25]","[0, 52, 25]","[0, 564, 26]","[1, 52, 27]","[0, 83, 27]","[1, 52, 27]","[1, 83, 29]",310
"[1, 64, 0]","[0, 60, 6]","[1, 52, 6]","[1, 725, 8]","[0, 52, 9]","[0, 1500, 14]","[0, 1500, 14]","[0, 378, 14]","[1, 52, 15]","[1, 116, 21]","[1, 222, 21]","[0, 52, 23]","[0, 573, 25]","[1, 424, 26]","[1, 52, 26]","[0, 52, 27]","[1, 83, 27]","[0, 52, 28]","[0, 1500, 36]","[0, 1264, 37]",310
"[1, 64, 0]","[0, 60, 5]","[1, 52, 6]","[1, 725, 8]","[0, 52, 9]","[0, 1500, 14]","[0, 1500, 14]","[0, 379, 14]","[1, 52, 15]","[1, 116, 31]","[0, 52, 32]","[1, 222, 32]","[1, 424, 33]","[0, 52, 34]","[0, 52, 34]","[0, 564, 35]","[1, 52, 35]","[0, 83, 36]","[1, 52, 36]","[1, 83, 37]",310
"[1, 64, 0]","[0, 60, 5]","[1, 52, 6]","[1, 725, 7]","[0, 52, 8]","[0, 1500, 14]","[0, 1500, 14]","[0, 377, 14]","[1, 52, 15]","[1, 116, 49]","[1, 222, 50]","[0, 52, 50]","[0, 52, 51]","[0, 595, 56]","[1, 52, 56]","[1, 83, 59]","[0, 52, 60]","[1, 424, 214]","[0, 52, 215]","[0, 1500, 226]",310
"[1, 64, 0]","[0, 60, 7]","[1, 52, 9]","[1, 725, 11]","[0, 52, 14]","[0, 1500, 22]","[0, 1500, 22]","[0, 377, 22]","[1, 52, 23]","[1, 116, 34]","[1, 222, 34]","[0, 52, 37]","[0, 52, 37]","[0, 573, 44]","[1, 52, 45]","[1, 83, 46]","[0, 52, 49]","[1, 424, 72]","[0, 52, 75]","[0, 1500, 90]",310
"[1, 64, 0]","[0, 60, 10]","[1, 52, 10]","[1, 725, 12]","[0, 52, 13]","[0, 1500, 18]","[0, 1500, 18]","[0, 379, 18]","[1, 52, 18]","[1, 116, 26]","[1, 222, 26]","[1, 424, 26]","[0, 52, 27]","[0, 52, 27]","[0, 573, 31]","[1, 52, 32]","[1, 83, 33]","[0, 52, 34]","[0, 1500, 39]","[0, 1265, 40]",310
"[1, 64, 0]","[0, 60, 6]","[1, 52, 7]","[1, 725, 9]","[0, 52, 11]","[0, 1500, 16]","[0, 1500, 16]","[0, 379, 16]","[1, 52, 16]","[1, 116, 24]","[1, 222, 24]","[0, 52, 26]","[0, 573, 29]","[1, 52, 30]","[1, 83, 31]","[0, 52, 32]","[1, 424, 74]","[0, 52, 76]","[0, 1500, 86]","[0, 1296, 86]",310
"[1, 64, 0]","[0, 60, 5]","[1, 52, 6]","[1, 725, 8]","[0, 52, 9]","[0, 1500, 14]","[0, 1500, 14]","[0, 379, 14]","[1, 52, 14]","[1, 116, 23]","[1, 222, 24]","[0, 52, 25]","[0, 52, 25]","[0, 573, 28]","[1, 52, 29]","[1, 83, 31]","[0, 52, 32]","[1, 424, 41]","[0, 52, 43]","[0, 1500, 55]",310
"[1, 64, 0]","[0, 60, 7]","[1, 52, 7]","[1, 725, 8]","[0, 52, 10]","[0, 1500, 14]","[0, 1500, 14]","[0, 378, 14]","[1, 52, 15]","[1, 116, 21]","[1, 222, 22]","[0, 52, 23]","[0, 52, 23]","[0, 595, 25]","[1, 52, 25]","[1, 83, 26]","[0, 52, 27]","[1, 424, 52]","[0, 52, 54]","[0, 1500, 72]",310
"[1, 64, 0]","[0, 60, 8]","[1, 52, 9]","[1, 725, 11]","[0, 52, 13]","[0, 1500, 18]","[0, 1500, 19]","[0, 379, 19]","[1, 52, 19]","[1, 116, 28]","[1, 222, 29]","[0, 52, 30]","[0, 52, 30]","[0, 573, 33]","[1, 52, 33]","[1, 83, 47]","[0, 52, 49]","[1, 424, 83]","[0, 52, 84]","[0, 1500, 95]",310
"[1, 64, 0]","[0, 60, 9]","[1, 52, 11]","[1, 725, 15]","[0, 52, 16]","[0, 1500, 21]","[0, 1500, 21]","[0, 377, 21]","[1, 52, 21]","[1, 52, 22]","[1, 116, 32]","[1, 222, 32]","[0, 52, 34]","[0, 52, 34]","[0, 573, 36]","[1, 52, 36]","[1, 83, 37]","[0, 52, 38]","[1, 424, 146]","[0, 52, 148]",310
"[1, 64, 0]","[0, 60, 9]","[1, 52, 9]","[1, 725, 10]","[0, 52, 12]","[0, 1500, 17]","[0, 1500, 17]","[0, 379, 17]","[1, 52, 18]","[1, 116, 25]","[1, 222, 25]","[0, 52, 27]","[0, 573, 29]","[1, 52, 30]","[1, 83, 31]","[0, 52, 32]","[1, 424, 39]","[0, 52, 41]","[0, 1500, 56]","[0, 1296, 56]",310
"[1, 52, 0]","[0, 48, 5]","[1, 40, 6]","[1, 1807, 12]","[0, 40, 13]","[0, 1500, 18]","[0, 1500, 19]","[0, 641, 19]","[1, 40, 20]","[1, 104, 78]","[0, 40, 79]","[0, 552, 81]","[1, 40, 93]","[1, 132, 293]","[0, 40, 295]","[0, 71, 297]","[1, 71, 297]","[0, 40, 298]","[1, 518, 300]","[0, 40, 301]",221
"[1, 52, 0]","[0, 48, 4]","[1, 40, 5]","[1, 1775, 8]","[0, 40, 8]","[0, 40, 9]","[0, 1500, 15]","[0, 1500, 15]","[0, 642, 15]","[1, 40, 15]","[1, 104, 22]","[0, 40, 23]","[0, 552, 25]","[1, 40, 36]","[1, 132, 92]","[1, 71, 92]","[0, 40, 92]","[0, 40, 92]","[1, 518, 92]","[0, 40, 93]",221
"[1, 52, 0]","[0, 48, 4]","[1, 40, 5]","[1, 1807, 7]","[0, 40, 8]","[0, 40, 8]","[0, 1500, 15]","[0, 1500, 15]","[0, 641, 15]","[1, 40, 15]","[1, 104, 21]","[0, 40, 22]","[0, 552, 24]","[1, 40, 34]","[1, 132, 234]","[0, 40, 234]","[0, 71, 237]","[1, 71, 244]","[0, 40, 245]","[1, 518, 246]",221
"[1, 52, 0]","[0, 48, 4]","[1, 40, 5]","[1, 1839, 12]","[0, 40, 14]","[0, 40, 14]","[0, 1500, 20]","[0, 1500, 21]","[0, 643, 21]","[1, 40, 23]","[1, 104, 37]","[0, 40, 38]","[0, 552, 41]","[1, 40, 51]","[1, 132, 233]","[0, 40, 233]","[1, 71, 234]","[1, 518, 234]","[0, 40, 234]","[0, 40, 235]",221
"[1, 52, 0]","[0, 48, 4]","[1, 40, 5]","[1, 1807, 11]","[0, 40, 12]","[0, 40, 12]","[0, 1500, 17]","[0, 1500, 17]","[0, 643, 17]","[1, 40, 17]","[1, 104, 25]","[0, 40, 26]","[0, 552, 28]","[1, 40, 39]","[1, 132, 208]","[0, 40, 209]","[1, 71, 210]","[0, 71, 210]","[0, 40, 211]","[1, 518, 212]",221
"[1, 52, 0]","[0, 48, 5]","[1, 40, 7]","[1, 1807, 17]","[0, 40, 18]","[0, 40, 18]","[0, 1500, 24]","[0, 1500, 24]","[0, 643, 24]","[1, 40, 24]","[1, 104, 32]","[0, 40, 33]","[0, 552, 35]","[1, 40, 46]","[1, 132, 249]","[0, 40, 252]","[0, 71, 253]","[1, 40, 265]","[1, 71, 267]","[0, 40, 268]",221
"[1, 52, 0]","[0, 48, 4]","[1, 40, 5]","[1, 1839, 8]","[0, 40, 9]","[0, 40, 9]","[0, 1500, 13]","[0, 1500, 13]","[0, 643, 13]","[1, 40, 14]","[1, 104, 21]","[0, 40, 22]","[0, 552, 24]","[1, 40, 35]","[1, 132, 175]","[0, 40, 175]","[0, 71, 177]","[1, 71, 180]","[0, 40, 181]","[1, 518, 185]",221
"[1, 52, 0]","[0, 48, 6]","[1, 40, 7]","[1, 1807, 15]","[0, 40, 16]","[0, 40, 16]","[0, 1500, 21]","[0, 1500, 21]","[0, 642, 21]","[1, 40, 22]","[1, 104, 34]","[0, 40, 36]","[0, 552, 37]","[1, 40, 48]","[1, 132, 142]","[1, 71, 143]","[0, 40, 143]","[1, 518, 143]","[0, 40, 144]","[0, 40, 144]",221
"[1, 52, 0]","[0, 48, 4]","[1, 40, 5]","[1, 1775, 18]","[0, 40, 19]","[0, 1500, 24]","[0, 1500, 24]","[0, 642, 24]","[1, 40, 25]","[1, 104, 35]","[0, 40, 36]","[0, 552, 38]","[1, 40, 48]","[1, 132, 100]","[0, 40, 101]","[0, 71, 102]","[1, 71, 107]","[0, 40, 108]","[1, 518, 115]","[0, 40, 116]",221
"[1, 52, 0]","[0, 48, 4]","[1, 40, 5]","[1, 1839, 12]","[0, 40, 13]","[0, 40, 13]","[0, 1500, 18]","[0, 1500, 19]","[0, 641, 19]","[1, 40, 19]","[1, 104, 27]","[0, 40, 28]","[0, 552, 30]","[1, 40, 40]","[1, 132, 133]","[0, 40, 134]","[0, 71, 136]","[1, 71, 140]","[0, 40, 141]","[1, 518, 141]",221
"[1, 52, 0]","[0, 48, 4]","[1, 40, 5]","[1, 1839, 34]","[0, 40, 35]","[0, 40, 35]","[0, 1500, 41]","[0, 1500, 41]","[0, 642, 41]","[1, 40, 42]","[1, 104, 79]","[0, 40, 80]","[0, 552, 82]","[1, 40, 94]","[1, 132, 232]","[0, 40, 233]","[1, 71, 234]","[0, 71, 235]","[0, 40, 235]","[1, 518, 237]",221
"[1, 52, 0]","[0, 48, 4]","[1, 40, 5]","[1, 1775, 10]","[0, 40, 11]","[0, 40, 11]","[0, 1500, 16]","[0, 1500, 16]","[0, 641, 16]","[1, 40, 17]","[1, 104, 24]","[0, 40, 25]","[0, 552, 27]","[1, 40, 39]","[1, 132, 348]","[0, 40, 349]","[1, 71, 349]","[0, 40, 351]","[0, 71, 351]","[1, 518, 351]",221
"[1, 52, 0]","[0, 48, 4]","[1, 40, 4]","[1, 1775, 6]","[0, 40, 7]","[0, 40, 7]","[0, 1500, 13]","[0, 1500, 13]","[0, 641, 13]","[1, 40, 14]","[1, 104, 19]","[0, 40, 20]","[0, 552, 22]","[1, 40, 33]","[1, 132, 102]","[0, 40, 103]","[1, 71, 104]","[1, 518, 104]","[0, 40, 105]","[0, 71, 105]",221
"[1, 52, 0]","[0, 48, 5]","[1, 40, 5]","[1, 1839, 8]","[0, 40, 9]","[0, 40, 9]","[0, 1500, 15]","[0, 1500, 15]","[0, 642, 15]","[1, 40, 16]","[1, 104, 21]","[0, 40, 22]","[0, 552, 24]","[1, 40, 34]","[1, 132, 114]","[0, 40, 115]","[1, 71, 116]","[0, 71, 116]","[0, 40, 117]","[1, 518, 117]",221
"[1, 52, 0]","[0, 48, 5]","[1, 40, 6]","[1, 1775, 7]","[0, 40, 8]","[0, 40, 8]","[0, 1500, 13]","[0, 1500, 13]","[0, 641, 13]","[1, 40, 13]","[1, 104, 20]","[0, 40, 21]","[0, 552, 23]","[1, 40, 35]","[1, 132, 76]","[0, 40, 77]","[0, 71, 79]","[1, 71, 83]","[0, 40, 83]","[1, 518, 87]",221
"[1, 52, 0]","[0, 48, 4]","[1, 40, 5]","[1, 1807, 54]","[0, 40, 55]","[0, 1500, 61]","[0, 1500, 61]","[0, 642, 61]","[1, 40, 61]","[1, 104, 75]","[0, 40, 76]","[0, 552, 77]","[1, 40, 88]","[1, 132, 299]","[0, 40, 300]","[0, 71, 301]","[1, 40, 311]","[1, 71, 325]","[1, 518, 326]","[0, 40, 326]",221
"[1, 52, 0]","[0, 48, 3]","[1, 40, 5]","[1, 1871, 14]","[0, 40, 15]","[0, 40, 15]","[0, 1500, 19]","[0, 1500, 19]","[0, 642, 20]","[1, 40, 20]","[1, 104, 27]","[0, 40, 28]","[0, 552, 31]","[1, 40, 41]","[1, 132, 93]","[0, 40, 94]","[0, 71, 97]","[1, 40, 107]","[1, 71, 108]","[0, 40, 108]",221
"[1, 52, 0]","[0, 48, 4]","[1, 40, 5]","[1, 1871, 9]","[0, 40, 10]","[0, 1500, 15]","[0, 1500, 15]","[0, 643, 15]","[1, 40, 16]","[1, 104, 24]","[0, 40, 25]","[0, 552, 27]","[1, 40, 38]","[1, 132, 181]","[0, 40, 181]","[1, 71, 181]","[1, 518, 181]","[0, 40, 182]","[0, 40, 182]","[0, 71, 184]",221
"[1, 52, 0]","[0, 48, 5]","[1, 40, 7]","[1, 1775, 11]","[0, 40, 12]","[0, 40, 12]","[0, 1500, 17]","[0, 1500, 17]","[0, 642, 17]","[1, 40, 17]","[1, 104, 23]","[0, 40, 25]","[0, 552, 26]","[1, 40, 36]","[1, 132, 160]","[0, 40, 161]","[1, 71, 162]","[0, 40, 162]","[1, 518, 163]","[0, 71, 163]",221
"[1, 52, 0]","[0, 48, 4]","[1, 40, 4]","[1, 1775, 6]","[0, 40, 7]","[0, 1500, 12]","[0, 1500, 13]","[0, 642, 13]","[1, 40, 13]","[1, 104, 19]","[0, 40, 20]","[0, 552, 22]","[1, 40, 33]","[1, 132, 153]","[0, 40, 154]","[0, 71, 156]","[1, 40, 168]","[1, 71, 185]","[1, 518, 187]","[0, 40, 187]",221
"[1, 52, 0]","[0, 48, 5]","[1, 40, 6]","[1, 1871, 8]","[0, 40, 9]","[0, 1500, 14]","[0, 1500, 14]","[0, 641, 14]","[1, 40, 15]","[1, 104, 22]","[0, 40, 23]","[0, 552, 25]","[1, 40, 35]","[1, 132, 97]","[1, 71, 98]","[0, 40, 98]","[0, 40, 98]","[0, 71, 99]","[1, 518, 101]","[0, 40, 103]",221
"[1, 52, 0]","[0, 48, 3]","[1, 40, 4]","[1, 1807, 6]","[0, 40, 7]","[0, 1500, 11]","[0, 1500, 11]","[0, 642, 11]","[1, 40, 12]","[1, 104, 18]","[0, 40, 19]","[0, 552, 21]","[1, 40, 32]","[1, 132, 171]","[0, 40, 171]","[0, 71, 173]","[1, 71, 177]","[0, 40, 178]","[1, 518, 178]","[0, 40, 179]",221
"[1, 52, 0]","[0, 48, 3]","[1, 40, 4]","[1, 1871, 6]","[0, 40, 7]","[0, 40, 7]","[0, 1500, 12]","[0, 1500, 12]","[0, 643, 13]","[1, 40, 13]","[1, 104, 19]","[0, 40, 20]","[0, 552, 22]","[1, 40, 32]","[1, 132, 233]","[0, 40, 233]","[1, 71, 233]","[1, 518, 234]","[0, 40, 234]","[0, 40, 234]",221
"[1, 52, 0]","[0, 48, 6]","[1, 40, 6]","[1, 1871, 8]","[0, 40, 9]","[0, 1500, 24]","[0, 1500, 24]","[0, 643, 24]","[1, 40, 25]","[1, 104, 36]","[0, 40, 37]","[0, 552, 39]","[1, 40, 49]","[1, 132, 160]","[0, 40, 161]","[1, 71, 162]","[0, 71, 163]","[0, 40, 163]","[1, 518, 165]","[0, 40, 171]",221
"[1, 52, 0]","[0, 48, 5]","[1, 40, 6]","[1, 1807, 9]","[0, 40, 10]","[0, 40, 10]","[0, 1500, 16]","[0, 1500, 16]","[0, 643, 16]","[1, 40, 18]","[1, 104, 31]","[0, 40, 33]","[0, 552, 34]","[1, 40, 46]","[1, 132, 132]","[0, 40, 133]","[0, 71, 134]","[1, 40, 145]","[1, 71, 148]","[1, 518, 148]",221
"[1, 52, 0]","[0, 48, 3]","[1, 40, 4]","[1, 1871, 8]","[0, 40, 9]","[0, 40, 9]","[0, 1500, 18]","[0, 1500, 18]","[0, 641, 18]","[1, 40, 21]","[1, 104, 43]","[0, 40, 45]","[0, 552, 47]","[1, 40, 57]","[1, 132, 194]","[1, 71, 195]","[0, 40, 195]","[1, 518, 196]","[0, 40, 196]","[0, 71, 196]",221
"[1, 52, 0]","[0, 48, 4]","[1, 40, 5]","[1, 1839, 8]","[0, 40, 9]","[0, 1500, 14]","[0, 1500, 15]","[0, 642, 15]","[1, 40, 15]","[1, 104, 21]","[0, 40, 22]","[0, 552, 24]","[1, 40, 35]","[1, 132, 160]","[0, 40, 161]","[0, 71, 163]","[1, 40, 174]","[1, 71, 198]","[1, 518, 199]","[0, 40, 199]",221
"[1, 52, 0]","[0, 48, 5]","[1, 40, 5]","[1, 1807, 12]","[0, 40, 13]","[0, 40, 14]","[0, 1500, 19]","[0, 1500, 19]","[0, 642, 19]","[1, 40, 20]","[1, 104, 34]","[0, 40, 35]","[0, 552, 37]","[1, 40, 47]","[1, 132, 168]","[0, 40, 169]","[0, 71, 171]","[1, 40, 181]","[1, 71, 210]","[1, 518, 212]",221
"[1, 52, 0]","[0, 48, 4]","[1, 40, 5]","[1, 1839, 6]","[0, 40, 7]","[0, 40, 7]","[0, 1500, 13]","[0, 1500, 13]","[0, 641, 13]","[1, 40, 13]","[1, 104, 19]","[0, 40, 20]","[0, 552, 22]","[1, 40, 33]","[1, 132, 162]","[0, 40, 163]","[0, 71, 164]","[1, 71, 169]","[0, 40, 170]","[1, 518, 170]",221
"[1, 52, 0]","[0, 48, 3]","[1, 40, 4]","[1, 1839, 6]","[0, 40, 6]","[0, 40, 6]","[0, 1500, 10]","[0, 1500, 10]","[0, 642, 10]","[1, 40, 11]","[1, 104, 17]","[0, 40, 18]","[0, 552, 20]","[1, 40, 31]","[1, 132, 202]","[0, 40, 203]","[1, 71, 203]","[0, 40, 204]","[1, 518, 204]","[0, 71, 205]",221
"[1, 52, 0]","[0, 48, 4]","[1, 40, 5]","[1, 1839, 7]","[0, 40, 8]","[0, 40, 8]","[0, 1500, 13]","[0, 1500, 13]","[0, 642, 13]","[1, 40, 13]","[1, 104, 19]","[0, 40, 20]","[0, 552, 22]","[1, 40, 33]","[1, 132, 110]","[0, 40, 111]","[1, 71, 113]","[0, 71, 113]","[0, 40, 113]","[1, 518, 115]",221
"[1, 52, 0]","[0, 48, 4]","[1, 40, 4]","[1, 1871, 7]","[0, 40, 8]","[0, 40, 8]","[0, 1500, 14]","[0, 1500, 14]","[0, 642, 14]","[1, 40, 15]","[1, 104, 24]","[0, 40, 25]","[0, 552, 27]","[1, 40, 39]","[1, 132, 107]","[0, 40, 108]","[1, 71, 109]","[0, 71, 110]","[0, 40, 110]","[1, 518, 113]",221
"[1, 52, 0]","[0, 48, 4]","[1, 40, 5]","[1, 1807, 11]","[0, 40, 12]","[0, 1500, 17]","[0, 1500, 18]","[0, 643, 18]","[1, 40, 18]","[1, 104, 23]","[0, 40, 24]","[0, 552, 26]","[1, 40, 37]","[1, 132, 247]","[1, 71, 247]","[1, 518, 247]","[0, 40, 247]","[0, 71, 249]","[0, 292, 258]","[0, 1500, 258]",221
"[1, 52, 0]","[0, 48, 6]","[1, 40, 6]","[1, 1807, 8]","[0, 40, 9]","[0, 40, 9]","[0, 1500, 14]","[0, 1500, 15]","[0, 642, 15]","[1, 40, 15]","[1, 104, 22]","[0, 40, 23]","[0, 552, 25]","[1, 40, 36]","[1, 132, 191]","[0, 40, 192]","[1, 71, 192]","[0, 40, 193]","[1, 518, 193]","[0, 71, 194]",221
"[1, 52, 0]","[0, 48, 4]","[1, 40, 4]","[1, 1871, 7]","[0, 40, 8]","[0, 40, 8]","[0, 1500, 13]","[0, 1500, 13]","[0, 642, 13]","[1, 40, 13]","[1, 104, 23]","[0, 40, 24]","[0, 552, 27]","[1, 40, 38]","[1, 132, 186]","[0, 40, 186]","[0, 71, 188]","[1, 71, 195]","[0, 40, 196]","[1, 518, 197]",221
"[1, 52, 0]","[0, 48, 4]","[1, 40, 4]","[1, 1871, 7]","[0, 40, 8]","[0, 40, 8]","[0, 1500, 13]","[0, 1500, 13]","[0, 643, 13]","[1, 40, 13]","[1, 104, 18]","[0, 40, 19]","[0, 552, 21]","[1, 40, 32]","[1, 132, 223]","[0, 40, 224]","[0, 71, 225]","[1, 40, 236]","[1, 71, 239]","[0, 40, 240]",221
"[1, 52, 0]","[0, 48, 4]","[1, 40, 5]","[1, 1871, 8]","[0, 40, 9]","[0, 1500, 12]","[0, 1500, 12]","[0, 642, 12]","[1, 40, 14]","[1, 104, 20]","[0, 40, 22]","[0, 552, 23]","[1, 40, 35]","[1, 132, 131]","[0, 40, 132]","[0, 71, 133]","[1, 71, 134]","[0, 40, 135]","[1, 518, 135]","[0, 40, 136]",221
"[1, 52, 0]","[0, 48, 4]","[1, 40, 6]","[1, 1775, 18]","[0, 40, 19]","[0, 1500, 24]","[0, 1500, 24]","[0, 641, 24]","[1, 40, 25]","[1, 104, 104]","[0, 40, 106]","[0, 552, 108]","[1, 40, 118]","[1, 132, 237]","[0, 40, 238]","[1, 71, 239]","[0, 71, 240]","[0, 40, 240]","[1, 518, 240]","[0, 40, 241]",221
"[1, 52, 0]","[0, 48, 4]","[1, 40, 6]","[1, 1807, 11]","[0, 40, 12]","[0, 40, 12]","[0, 1500, 17]","[0, 1500, 17]","[0, 642, 17]","[1, 40, 18]","[1, 104, 30]","[0, 40, 31]","[0, 552, 33]","[1, 40, 44]","[1, 132, 138]","[0, 40, 139]","[0, 71, 140]","[1, 71, 144]","[0, 40, 145]","[1, 518, 148]",221
"[1, 52, 0]","[0, 48, 4]","[1, 40, 4]","[1, 1839, 7]","[0, 40, 8]","[0, 40, 8]","[0, 1500, 14]","[0, 1500, 14]","[0, 642, 14]","[1, 40, 15]","[1, 104, 20]","[0, 40, 21]","[0, 552, 23]","[1, 40, 35]","[1, 132, 225]","[0, 40, 225]","[1, 71, 226]","[1, 518, 226]","[0, 40, 226]","[0, 40, 226]",221
"[1, 52, 0]","[0, 48, 4]","[1, 40, 5]","[1, 1807, 21]","[0, 40, 22]","[0, 1500, 27]","[0, 1500, 27]","[0, 642, 27]","[1, 40, 28]","[1, 104, 35]","[0, 40, 36]","[0, 552, 38]","[1, 40, 50]","[1, 132, 260]","[0, 40, 261]","[0, 71, 263]","[1, 71, 265]","[0, 40, 265]","[1, 518, 266]","[0, 40, 268]",221
"[1, 52, 0]","[0, 48, 4]","[1, 40, 5]","[1, 1775, 10]","[0, 40, 11]","[0, 40, 11]","[0, 1500, 15]","[0, 1500, 16]","[0, 642, 16]","[1, 40, 16]","[1, 104, 26]","[0, 40, 27]","[0, 552, 29]","[1, 40, 39]","[1, 132, 130]","[0, 40, 131]","[0, 71, 134]","[1, 71, 143]","[0, 40, 144]","[1, 518, 144]",221
"[1, 52, 0]","[0, 48, 4]","[1, 40, 5]","[1, 1775, 8]","[0, 40, 9]","[0, 1500, 13]","[0, 1500, 13]","[0, 642, 14]","[1, 40, 17]","[1, 104, 23]","[0, 40, 24]","[0, 552, 26]","[1, 40, 36]","[1, 132, 119]","[0, 40, 120]","[1, 71, 121]","[0, 71, 122]","[0, 40, 122]","[1, 518, 123]","[0, 40, 123]",221
"[1, 52, 0]","[0, 48, 3]","[1, 40, 4]","[1, 1839, 18]","[0, 40, 19]","[0, 1500, 24]","[0, 1500, 24]","[0, 641, 24]","[1, 40, 24]","[1, 104, 33]","[0, 40, 34]","[0, 552, 36]","[1, 40, 47]","[1, 132, 152]","[0, 40, 153]","[0, 71, 155]","[1, 40, 166]","[1, 71, 180]","[0, 40, 181]","[1, 518, 182]",221
"[1, 52, 0]","[0, 48, 4]","[1, 40, 5]","[1, 1839, 12]","[0, 40, 13]","[0, 40, 14]","[0, 1500, 19]","[0, 1500, 19]","[0, 641, 19]","[1, 40, 20]","[1, 104, 71]","[0, 40, 72]","[0, 552, 74]","[1, 132, 80]","[0, 40, 81]","[1, 71, 81]","[0, 40, 82]","[0, 71, 83]","[1, 518, 83]","[0, 40, 84]",221
"[1, 52, 0]","[0, 48, 4]","[1, 40, 5]","[1, 1807, 49]","[0, 40, 50]","[0, 1500, 56]","[0, 1500, 56]","[0, 641, 56]","[1, 40, 57]","[1, 104, 75]","[0, 40, 76]","[0, 552, 78]","[1, 40, 88]","[1, 132, 284]","[0, 40, 285]","[0, 71, 286]","[1, 71, 286]","[0, 40, 288]","[1, 518, 289]","[0, 40, 290]",221
"[1, 52, 0]","[0, 48, 4]","[1, 40, 5]","[1, 1839, 6]","[0, 40, 7]","[0, 40, 7]","[0, 1500, 12]","[0, 1500, 12]","[0, 642, 12]","[1, 40, 12]","[1, 104, 19]","[0, 40, 20]","[0, 552, 21]","[1, 40, 33]","[1, 132, 148]","[0, 40, 148]","[1, 71, 149]","[1, 518, 149]","[0, 40, 149]","[0, 71, 150]",221
"[1, 52, 0]","[0, 48, 4]","[1, 40, 7]","[1, 1839, 13]","[0, 40, 13]","[0, 40, 13]","[0, 1500, 19]","[0, 1500, 19]","[0, 643, 19]","[1, 40, 20]","[1, 104, 31]","[0, 40, 32]","[0, 552, 34]","[1, 40, 44]","[1, 132, 157]","[0, 40, 158]","[1, 71, 159]","[1, 518, 159]","[0, 40, 159]","[0, 71, 160]",221
"[1, 52, 0]","[0, 48, 4]","[1, 40, 5]","[1, 1871, 7]","[0, 40, 8]","[0, 1500, 12]","[0, 1500, 13]","[0, 641, 13]","[1, 40, 13]","[1, 104, 19]","[0, 40, 20]","[0, 552, 21]","[1, 40, 31]","[1, 132, 214]","[0, 40, 215]","[1, 71, 215]","[0, 40, 216]","[1, 518, 217]","[0, 71, 217]","[0, 40, 217]",221
"[1, 52, 0]","[0, 48, 4]","[1, 40, 6]","[1, 1839, 54]","[0, 40, 55]","[0, 1500, 61]","[0, 1500, 61]","[0, 642, 62]","[1, 40, 62]","[1, 104, 82]","[0, 40, 83]","[0, 552, 84]","[1, 40, 95]","[1, 132, 338]","[0, 40, 338]","[0, 71, 341]","[1, 71, 345]","[0, 40, 346]","[1, 518, 348]","[0, 40, 349]",221
"[1, 52, 0]","[0, 48, 3]","[1, 40, 4]","[1, 1839, 7]","[0, 40, 8]","[0, 1500, 13]","[0, 1500, 13]","[0, 643, 14]","[1, 40, 14]","[1, 104, 25]","[0, 40, 26]","[0, 552, 28]","[1, 40, 39]","[1, 132, 241]","[0, 40, 242]","[0, 71, 244]","[1, 40, 256]","[1, 71, 263]","[0, 40, 264]","[1, 518, 265]",221
"[1, 52, 0]","[0, 48, 5]","[1, 40, 6]","[1, 1775, 16]","[0, 40, 17]","[0, 40, 17]","[0, 1500, 22]","[0, 1500, 22]","[0, 642, 22]","[1, 40, 23]","[1, 104, 68]","[0, 40, 69]","[0, 552, 71]","[1, 40, 81]","[1, 132, 314]","[0, 40, 315]","[1, 71, 316]","[0, 71, 317]","[0, 40, 317]","[1, 518, 320]",221
"[1, 52, 0]","[0, 48, 4]","[1, 40, 6]","[1, 1871, 14]","[0, 40, 15]","[0, 1500, 20]","[0, 1500, 20]","[0, 642, 20]","[1, 40, 21]","[1, 104, 32]","[0, 40, 33]","[0, 552, 34]","[1, 40, 48]","[1, 132, 115]","[0, 40, 116]","[0, 71, 117]","[1, 71, 117]","[0, 40, 118]","[1, 518, 120]","[0, 40, 121]",221
"[1, 52, 0]","[0, 48, 4]","[1, 40, 9]","[1, 1871, 13]","[0, 40, 14]","[0, 1500, 19]","[0, 1500, 20]","[0, 643, 20]","[1, 40, 20]","[1, 104, 30]","[0, 40, 30]","[0, 552, 33]","[1, 40, 44]","[1, 132, 102]","[0, 40, 103]","[0, 71, 104]","[1, 40, 130]","[1, 71, 149]","[0, 40, 150]","[1, 518, 151]",221
"[1, 52, 0]","[0, 48, 4]","[1, 40, 5]","[1, 1807, 11]","[0, 40, 12]","[0, 40, 12]","[0, 1500, 17]","[0, 1500, 17]","[0, 641, 17]","[1, 40, 18]","[1, 104, 26]","[0, 40, 27]","[0, 552, 29]","[1, 40, 41]","[1, 132, 173]","[0, 40, 173]","[0, 71, 175]","[1, 71, 176]","[0, 40, 177]","[1, 518, 177]",221
"[1, 52, 0]","[0, 48, 4]","[1, 40, 5]","[1, 1807, 14]","[0, 40, 15]","[0, 1500, 21]","[0, 1500, 21]","[0, 643, 21]","[1, 40, 21]","[1, 104, 30]","[0, 40, 31]","[0, 552, 33]","[1, 40, 44]","[1, 132, 223]","[0, 40, 224]","[0, 71, 226]","[1, 71, 228]","[0, 40, 229]","[1, 518, 253]","[0, 40, 255]",221
"[1, 52, 0]","[0, 48, 4]","[1, 40, 4]","[1, 1775, 16]","[0, 40, 18]","[0, 40, 18]","[0, 1500, 23]","[0, 1500, 23]","[0, 642, 23]","[1, 40, 25]","[1, 104, 36]","[0, 40, 37]","[0, 552, 39]","[1, 40, 49]","[1, 132, 305]","[0, 40, 305]","[0, 71, 307]","[1, 40, 318]","[1, 71, 347]","[1, 518, 347]",221
"[1, 52, 0]","[0, 48, 5]","[1, 40, 6]","[1, 1807, 24]","[0, 40, 25]","[0, 1500, 31]","[0, 1500, 31]","[0, 643, 31]","[1, 40, 32]","[1, 104, 48]","[0, 40, 49]","[0, 552, 50]","[1, 40, 61]","[1, 132, 359]","[0, 40, 361]","[0, 71, 362]","[1, 71, 365]","[0, 40, 366]","[1, 518, 366]","[0, 40, 367]",221
"[1, 52, 0]","[0, 48, 4]","[1, 40, 5]","[1, 1871, 27]","[0, 40, 28]","[0, 40, 28]","[0, 1500, 36]","[0, 1500, 36]","[0, 642, 36]","[1, 40, 36]","[1, 104, 42]","[0, 40, 43]","[0, 552, 44]","[1, 40, 55]","[1, 132, 123]","[0, 40, 124]","[1, 71, 124]","[0, 40, 125]","[1, 518, 125]","[0, 40, 126]",221
"[1, 52, 0]","[0, 48, 5]","[1, 40, 6]","[1, 1839, 14]","[0, 40, 15]","[0, 40, 15]","[0, 1500, 20]","[0, 1500, 20]","[0, 642, 20]","[1, 40, 21]","[1, 104, 29]","[0, 40, 29]","[0, 552, 32]","[1, 40, 42]","[1, 132, 149]","[0, 40, 150]","[0, 71, 152]","[1, 40, 162]","[1, 71, 170]","[0, 40, 171]",221
"[1, 52, 0]","[0, 48, 4]","[1, 40, 4]","[1, 1775, 7]","[0, 40, 8]","[0, 40, 8]","[0, 1500, 14]","[0, 1500, 14]","[0, 642, 14]","[1, 40, 15]","[1, 104, 23]","[0, 40, 24]","[0, 552, 26]","[1, 40, 37]","[1, 132, 79]","[0, 40, 80]","[0, 71, 82]","[1, 71, 90]","[0, 40, 92]","[1, 518, 92]",221
"[1, 52, 0]","[0, 48, 5]","[1, 40, 6]","[1, 1807, 25]","[0, 40, 26]","[0, 40, 26]","[0, 1500, 32]","[0, 1500, 32]","[0, 643, 32]","[1, 40, 33]","[1, 104, 47]","[0, 40, 48]","[0, 552, 50]","[1, 40, 61]","[1, 132, 154]","[0, 40, 155]","[0, 71, 157]","[1, 71, 165]","[0, 40, 166]","[1, 518, 179]",221
"[1, 52, 0]","[0, 48, 6]","[1, 40, 7]","[1, 1871, 13]","[0, 40, 14]","[0, 40, 14]","[0, 1500, 20]","[0, 1500, 20]","[0, 641, 20]","[1, 40, 21]","[1, 104, 32]","[0, 40, 33]","[0, 552, 35]","[1, 40, 46]","[1, 132, 233]","[0, 40, 234]","[0, 71, 236]","[1, 71, 238]","[0, 40, 239]","[1, 518, 244]",221
"[1, 52, 0]","[0, 48, 5]","[1, 40, 6]","[1, 1871, 11]","[0, 40, 12]","[0, 40, 12]","[0, 1500, 17]","[0, 1500, 17]","[0, 643, 17]","[1, 40, 18]","[1, 104, 28]","[0, 40, 29]","[0, 552, 32]","[1, 40, 42]","[1, 132, 78]","[0, 40, 78]","[1, 71, 79]","[0, 40, 79]","[1, 518, 79]","[0, 40, 80]",221
"[1, 52, 0]","[0, 48, 5]","[1, 40, 6]","[1, 1775, 10]","[0, 40, 11]","[0, 40, 11]","[0, 1500, 18]","[0, 1500, 18]","[0, 643, 18]","[1, 40, 18]","[1, 104, 24]","[0, 40, 25]","[0, 552, 27]","[1, 40, 37]","[1, 132, 169]","[0, 40, 169]","[1, 71, 170]","[0, 40, 171]","[0, 71, 172]","[1, 518, 173]",221
"[1, 52, 0]","[0, 48, 4]","[1, 40, 5]","[1, 1775, 6]","[0, 40, 7]","[0, 40, 7]","[0, 1500, 14]","[0, 1500, 14]","[0, 642, 14]","[1, 40, 14]","[1, 104, 19]","[0, 40, 20]","[0, 552, 23]","[1, 40, 33]","[1, 132, 116]","[0, 40, 116]","[1, 71, 117]","[1, 518, 117]","[0, 40, 118]","[0, 71, 118]",221
"[1, 52, 0]","[0, 48, 5]","[1, 40, 5]","[1, 1871, 11]","[0, 40, 12]","[0, 40, 12]","[0, 1500, 19]","[0, 1500, 20]","[0, 642, 20]","[1, 40, 20]","[1, 104, 28]","[0, 40, 29]","[0, 552, 30]","[1, 40, 41]","[1, 132, 126]","[0, 40, 127]","[1, 71, 128]","[0, 71, 129]","[0, 40, 129]","[1, 518, 130]",221
"[1, 52, 0]","[0, 48, 4]","[1, 40, 5]","[1, 1839, 7]","[0, 40, 8]","[0, 40, 8]","[0, 1500, 13]","[0, 1500, 13]","[0, 641, 13]","[1, 40, 14]","[1, 104, 19]","[0, 40, 20]","[0, 552, 21]","[1, 40, 32]","[1, 132, 106]","[1, 71, 107]","[0, 40, 107]","[1, 518, 107]","[0, 40, 107]","[0, 40, 108]",221
"[1, 52, 0]","[0, 48, 3]","[1, 40, 4]","[1, 1775, 6]","[0, 40, 7]","[0, 1500, 12]","[0, 1500, 12]","[0, 642, 12]","[1, 40, 13]","[1, 104, 17]","[0, 40, 18]","[0, 552, 20]","[1, 40, 31]","[1, 132, 128]","[0, 40, 129]","[0, 71, 130]","[1, 71, 132]","[0, 40, 133]","[1, 518, 133]","[0, 40, 134]",221
"[1, 52, 0]","[0, 48, 5]","[1, 40, 6]","[1, 1839, 14]","[0, 40, 14]","[0, 40, 15]","[0, 1500, 20]","[0, 1500, 20]","[0, 641, 20]","[1, 40, 21]","[1, 104, 41]","[0, 40, 42]","[0, 552, 43]","[1, 40, 54]","[1, 132, 184]","[0, 40, 185]","[1, 71, 186]","[1, 518, 186]","[0, 71, 186]","[0, 40, 186]",221
"[1, 52, 0]","[0, 48, 3]","[1, 40, 4]","[1, 1775, 5]","[0, 40, 6]","[0, 40, 6]","[0, 1500, 11]","[0, 1500, 11]","[0, 643, 11]","[1, 40, 12]","[1, 104, 24]","[0, 40, 25]","[0, 552, 27]","[1, 40, 38]","[1, 132, 96]","[0, 40, 97]","[1, 71, 98]","[0, 40, 98]","[0, 71, 99]","[1, 518, 107]",221
"[1, 52, 0]","[0, 48, 5]","[1, 40, 6]","[1, 1839, 9]","[0, 40, 10]","[0, 1500, 15]","[0, 1500, 15]","[0, 641, 15]","[1, 40, 16]","[1, 104, 22]","[0, 40, 23]","[0, 552, 25]","[1, 40, 35]","[1, 132, 119]","[0, 40, 119]","[1, 71, 120]","[0, 71, 121]","[1, 518, 121]","[0, 40, 121]","[0, 40, 122]",221
"[1, 52, 0]","[0, 48, 4]","[1, 40, 5]","[1, 1871, 6]","[0, 40, 7]","[0, 40, 7]","[0, 1500, 13]","[0, 1500, 13]","[0, 643, 13]","[1, 40, 14]","[1, 104, 19]","[0, 40, 19]","[0, 552, 21]","[1, 40, 32]","[1, 132, 165]","[0, 40, 166]","[1, 71, 166]","[0, 40, 167]","[1, 518, 167]","[0, 71, 168]",221
"[1, 52, 0]","[0, 48, 3]","[1, 40, 4]","[1, 1871, 7]","[0, 40, 7]","[0, 40, 7]","[0, 1500, 14]","[0, 1500, 14]","[0, 642, 14]","[1, 40, 14]","[1, 104, 18]","[0, 40, 19]","[0, 552, 21]","[1, 40, 31]","[1, 132, 243]","[1, 71, 246]","[1, 518, 247]","[0, 40, 248]","[0, 40, 249]","[0, 40, 250]",221
"[1, 52, 0]","[0, 48, 5]","[1, 40, 5]","[1, 1871, 8]","[0, 40, 9]","[0, 1500, 15]","[0, 1500, 15]","[0, 642, 15]","[1, 40, 17]","[1, 104, 29]","[0, 40, 30]","[0, 552, 32]","[1, 40, 42]","[1, 132, 111]","[1, 71, 112]","[0, 40, 113]","[0, 40, 113]","[1, 518, 114]","[0, 71, 114]","[0, 40, 115]",221
"[1, 52, 0]","[0, 48, 7]","[1, 40, 8]","[1, 1871, 15]","[0, 40, 16]","[0, 40, 16]","[0, 1500, 22]","[0, 1500, 22]","[0, 643, 22]","[1, 40, 23]","[1, 104, 29]","[0, 40, 30]","[0, 552, 32]","[1, 40, 44]","[1, 132, 199]","[0, 40, 200]","[1, 71, 201]","[0, 71, 202]","[0, 40, 202]","[1, 518, 207]",221
"[1, 52, 0]","[0, 48, 4]","[1, 40, 5]","[1, 1839, 11]","[0, 40, 12]","[0, 1500, 16]","[0, 1500, 16]","[0, 642, 16]","[1, 40, 17]","[1, 104, 22]","[0, 40, 23]","[0, 552, 24]","[1, 40, 35]","[1, 132, 164]","[0, 40, 165]","[1, 71, 166]","[0, 71, 166]","[0, 40, 166]","[1, 518, 167]","[0, 40, 168]",221
"[1, 52, 0]","[0, 48, 6]","[1, 40, 6]","[1, 1807, 15]","[0, 40, 16]","[0, 40, 17]","[0, 1500, 23]","[0, 1500, 23]","[0, 642, 23]","[1, 40, 24]","[1, 104, 37]","[0, 40, 38]","[0, 552, 41]","[1, 40, 52]","[1, 132, 227]","[0, 40, 228]","[1, 71, 229]","[0, 40, 229]","[0, 71, 230]","[1, 518, 233]",221
"[1, 52, 0]","[0, 48, 4]","[1, 40, 5]","[1, 1839, 7]","[0, 40, 8]","[0, 40, 8]","[0, 1500, 13]","[0, 1500, 13]","[0, 642, 13]","[1, 40, 13]","[1, 104, 18]","[0, 40, 20]","[0, 552, 22]","[1, 40, 33]","[1, 132, 105]","[0, 40, 106]","[1, 71, 107]","[0, 40, 108]","[0, 71, 108]","[1, 518, 108]",221
"[1, 52, 0]","[0, 48, 4]","[1, 40, 5]","[1, 1775, 7]","[0, 40, 8]","[0, 1500, 14]","[0, 1500, 14]","[0, 642, 14]","[1, 40, 15]","[1, 104, 21]","[0, 40, 22]","[0, 552, 24]","[1, 40, 34]","[1, 132, 356]","[0, 40, 356]","[0, 71, 359]","[1, 71, 363]","[0, 40, 364]","[1, 518, 365]","[0, 40, 366]",221
"[1, 52, 0]","[0, 48, 4]","[1, 40, 5]","[1, 1839, 8]","[0, 40, 9]","[0, 40, 9]","[0, 1500, 14]","[0, 1500, 14]","[0, 642, 14]","[1, 40, 15]","[1, 104, 20]","[0, 40, 21]","[0, 552, 23]","[1, 40, 34]","[1, 132, 216]","[0, 40, 217]","[0, 71, 219]","[1, 71, 221]","[0, 40, 222]","[1, 518, 222]",221
"[1, 52, 0]","[0, 48, 4]","[1, 40, 5]","[1, 1839, 8]","[0, 40, 9]","[0, 1500, 15]","[0, 1500, 15]","[0, 641, 15]","[1, 40, 15]","[1, 104, 22]","[0, 40, 23]","[0, 552, 25]","[1, 40, 35]","[1, 132, 210]","[0, 40, 211]","[0, 71, 213]","[1, 71, 217]","[0, 40, 218]","[1, 518, 223]","[0, 40, 224]",221
"[1, 52, 0]","[0, 48, 5]","[1, 40, 6]","[1, 1871, 20]","[0, 40, 21]","[0, 40, 22]","[0, 1500, 28]","[0, 1500, 28]","[0, 642, 28]","[1, 40, 29]","[1, 104, 37]","[0, 40, 38]","[0, 552, 40]","[1, 40, 51]","[1, 132, 140]","[0, 40, 141]","[1, 71, 142]","[0, 40, 143]","[1, 518, 143]","[0, 71, 144]",221
"[1, 52, 0]","[0, 48, 5]","[1, 40, 6]","[1, 1839, 9]","[0, 40, 9]","[0, 1500, 14]","[0, 1500, 14]","[0, 642, 14]","[1, 40, 15]","[1, 104, 24]","[0, 40, 25]","[0, 552, 27]","[1, 40, 38]","[1, 132, 273]","[0, 40, 274]","[1, 71, 274]","[0, 71, 275]","[0, 40, 275]","[1, 518, 278]","[0, 40, 279]",221
"[1, 52, 0]","[0, 48, 4]","[1, 40, 5]","[1, 1775, 20]","[0, 40, 21]","[0, 40, 21]","[0, 1500, 27]","[0, 1500, 27]","[0, 643, 27]","[1, 40, 28]","[1, 104, 48]","[0, 40, 49]","[0, 552, 51]","[1, 40, 61]","[1, 132, 92]","[0, 40, 93]","[0, 71, 94]","[1, 71, 104]","[0, 40, 105]","[1, 518, 106]",221
"[1, 52, 0]","[0, 48, 3]","[1, 40, 5]","[1, 1871, 14]","[0, 40, 14]","[0, 1500, 19]","[0, 1500, 20]","[0, 642, 20]","[1, 40, 20]","[1, 104, 27]","[0, 40, 28]","[0, 552, 30]","[1, 40, 40]","[1, 132, 124]","[1, 71, 124]","[1, 518, 125]","[0, 40, 125]","[0, 40, 125]","[0, 40, 125]","[0, 71, 127]",221
"[1, 52, 0]","[0, 48, 4]","[1, 40, 5]","[1, 1775, 10]","[0, 40, 10]","[0, 40, 10]","[0, 1500, 16]","[0, 1500, 16]","[0, 641, 16]","[1, 40, 17]","[1, 104, 25]","[0, 40, 26]","[0, 552, 28]","[1, 40, 39]","[1, 132, 115]","[0, 40, 116]","[0, 71, 118]","[1, 71, 118]","[0, 40, 119]","[1, 40, 130]",221
"[1, 52, 0]","[0, 48, 4]","[1, 40, 4]","[1, 1839, 12]","[0, 40, 13]","[0, 40, 13]","[0, 1500, 19]","[0, 1500, 19]","[0, 642, 19]","[1, 40, 20]","[1, 104, 25]","[0, 40, 25]","[0, 552, 27]","[1, 40, 38]","[1, 132, 251]","[0, 40, 252]","[1, 71, 253]","[0, 71, 254]","[0, 40, 254]","[1, 518, 256]",221
"[1, 52, 0]","[0, 48, 5]","[1, 40, 6]","[1, 1807, 10]","[0, 40, 11]","[0, 40, 11]","[0, 1500, 17]","[0, 1500, 18]","[0, 643, 18]","[1, 40, 18]","[1, 104, 27]","[0, 40, 28]","[0, 552, 29]","[1, 40, 41]","[1, 132, 96]","[1, 71, 96]","[0, 40, 97]","[0, 40, 97]","[1, 518, 98]","[0, 71, 98]",221
"[1, 52, 0]","[0, 48, 4]","[1, 40, 6]","[1, 1871, 17]","[0, 40, 18]","[0, 1500, 23]","[0, 1500, 23]","[0, 642, 23]","[1, 40, 23]","[1, 104, 32]","[0, 40, 33]","[0, 552, 35]","[1, 40, 46]","[1, 132, 244]","[0, 40, 245]","[0, 71, 247]","[1, 71, 254]","[0, 40, 255]","[1, 518, 259]","[0, 40, 261]",221
"[1, 52, 0]","[0, 48, 4]","[1, 40, 5]","[1, 1839, 8]","[0, 40, 8]","[0, 1500, 14]","[0, 1500, 14]","[0, 641, 14]","[1, 40, 15]","[1, 104, 23]","[0, 40, 24]","[0, 552, 26]","[1, 40, 36]","[1, 132, 361]","[0, 40, 361]","[0, 71, 363]","[1, 71, 368]","[0, 40, 369]","[1, 518, 370]","[0, 40, 371]",221
"[1, 52, 0]","[0, 48, 4]","[1, 40, 4]","[1, 1839, 7]","[0, 40, 8]","[0, 40, 8]","[0, 1500, 13]","[0, 1500, 13]","[0, 642, 13]","[1, 40, 14]","[1, 104, 20]","[0, 40, 21]","[0, 552, 23]","[1, 40, 36]","[1, 132, 145]","[0, 40, 146]","[1, 71, 147]","[0, 71, 147]","[0, 40, 148]","[1, 518, 148]",221
"[1, 52, 0]","[0, 48, 4]","[1, 40, 5]","[1, 1871, 8]","[0, 40, 9]","[0, 40, 9]","[0, 1500, 14]","[0, 1500, 15]","[0, 642, 15]","[1, 40, 15]","[1, 104, 20]","[0, 40, 21]","[0, 552, 23]","[1, 40, 33]","[1, 132, 71]","[0, 40, 71]","[1, 71, 72]","[1, 518, 72]","[0, 40, 72]","[0, 71, 73]",221
"[1, 52, 0]","[0, 48, 4]","[1, 40, 5]","[1, 1775, 7]","[0, 40, 8]","[0, 1500, 13]","[0, 1500, 13]","[0, 642, 13]","[1, 40, 14]","[1, 40, 24]","[1, 104, 30]","[0, 40, 31]","[0, 552, 32]","[1, 40, 44]","[1, 132, 243]","[0, 40, 243]","[1, 71, 245]","[0, 71, 245]","[0, 40, 245]","[1, 518, 248]",221
"[1, 52, 0]","[0, 48, 3]","[1, 40, 4]","[1, 1871, 8]","[0, 40, 9]","[0, 40, 9]","[0, 1500, 15]","[0, 1500, 15]","[0, 642, 15]","[1, 40, 15]","[1, 104, 22]","[0, 40, 23]","[0, 552, 25]","[1, 40, 37]","[1, 132, 104]","[0, 40, 105]","[0, 71, 107]","[1, 71, 116]","[0, 40, 117]","[1, 518, 118]",221
"[1, 52, 0]","[0, 48, 3]","[1, 40, 4]","[1, 1775, 7]","[0, 40, 8]","[0, 1500, 14]","[0, 1500, 14]","[0, 641, 14]","[1, 40, 14]","[1, 104, 23]","[0, 40, 25]","[0, 552, 26]","[1, 40, 37]","[1, 132, 132]","[0, 40, 133]","[0, 71, 135]","[1, 71, 135]","[0, 40, 136]","[1, 518, 139]","[0, 40, 140]",221
"[1, 52, 0]","[0, 48, 5]","[1, 40, 6]","[1, 1775, 9]","[0, 40, 10]","[0, 40, 10]","[0, 1500, 15]","[0, 1500, 15]","[0, 642, 15]","[1, 40, 16]","[1, 104, 33]","[0, 40, 34]","[0, 552, 36]","[1, 40, 47]","[1, 132, 121]","[0, 40, 121]","[1, 71, 123]","[0, 71, 123]","[0, 40, 124]","[1, 518, 130]",221
"[1, 52, 0]","[0, 48, 3]","[1, 40, 6]","[1, 1871, 13]","[0, 40, 14]","[0, 40, 14]","[0, 1500, 20]","[0, 1500, 20]","[0, 642, 20]","[1, 40, 21]","[1, 104, 29]","[0, 40, 30]","[0, 552, 32]","[1, 40, 44]","[1, 132, 131]","[0, 40, 132]","[0, 71, 134]","[1, 71, 140]","[1, 518, 140]","[0, 40, 141]",221
"[1, 52, 0]","[0, 48, 3]","[1, 40, 4]","[1, 1807, 9]","[0, 40, 10]","[0, 40, 10]","[0, 1500, 15]","[0, 1500, 16]","[0, 643, 16]","[1, 40, 16]","[1, 104, 25]","[0, 40, 26]","[0, 552, 27]","[1, 40, 39]","[1, 132, 141]","[1, 71, 141]","[0, 40, 142]","[1, 518, 142]","[0, 40, 142]","[0, 40, 143]",221
"[1, 52, 0]","[0, 48, 4]","[1, 40, 5]","[1, 1775, 11]","[0, 40, 12]","[0, 40, 12]","[0, 1500, 18]","[0, 1500, 18]","[0, 641, 18]","[1, 40, 19]","[1, 40, 28]","[1, 104, 30]","[0, 40, 31]","[0, 552, 33]","[1, 40, 44]","[1, 132, 64]","[0, 40, 66]","[1, 71, 66]","[1, 518, 67]","[0, 71, 67]",221
"[1, 52, 0]","[0, 48, 6]","[1, 40, 6]","[1, 1807, 11]","[0, 40, 12]","[0, 40, 13]","[0, 1500, 18]","[0, 1500, 18]","[0, 641, 18]","[1, 40, 19]","[1, 104, 490]","[0, 40, 491]","[0, 552, 493]","[1, 40, 505]","[1, 132, 704]","[0, 40, 705]","[1, 71, 707]","[0, 71, 707]","[0, 40, 707]","[1, 518, 708]",222
"[1, 52, 0]","[0, 48, 3]","[1, 40, 4]","[1, 2078, 5]","[0, 40, 6]","[0, 1415, 11]","[1, 104, 14]","[1, 132, 15]","[0, 40, 15]","[0, 40, 15]","[1, 518, 16]","[0, 40, 16]","[0, 552, 17]","[0, 71, 17]","[1, 40, 17]","[1, 71, 19]","[0, 40, 20]","[0, 292, 28]","[0, 1500, 28]","[0, 989, 28]",222
"[1, 52, 0]","[0, 48, 5]","[1, 40, 6]","[1, 1775, 11]","[0, 40, 12]","[0, 40, 13]","[0, 1500, 17]","[0, 1500, 17]","[0, 643, 17]","[1, 40, 18]","[1, 104, 25]","[1, 132, 26]","[0, 40, 26]","[0, 40, 27]","[0, 552, 28]","[1, 518, 28]","[0, 71, 29]","[0, 40, 29]","[1, 40, 30]","[1, 71, 32]",222
"[1, 52, 0]","[0, 48, 5]","[1, 40, 5]","[1, 1775, 7]","[0, 40, 8]","[0, 1500, 13]","[0, 1500, 13]","[0, 642, 14]","[1, 40, 14]","[1, 104, 22]","[1, 132, 23]","[0, 40, 23]","[1, 518, 24]","[0, 40, 24]","[0, 40, 24]","[0, 552, 25]","[0, 71, 25]","[1, 40, 26]","[1, 71, 27]","[0, 40, 28]",222
"[1, 52, 0]","[0, 48, 6]","[1, 40, 7]","[1, 2078, 12]","[0, 40, 13]","[0, 1415, 18]","[1, 40, 29]","[1, 104, 81]","[1, 132, 82]","[0, 40, 82]","[0, 40, 83]","[1, 465, 84]","[0, 561, 84]","[0, 40, 84]","[1, 40, 85]","[1, 118, 86]","[1, 107, 86]","[0, 40, 86]","[0, 40, 87]","[1, 71, 88]",222
"[1, 52, 0]","[0, 48, 4]","[1, 40, 4]","[1, 2078, 11]","[0, 40, 12]","[0, 40, 12]","[0, 1415, 17]","[1, 104, 21]","[0, 40, 22]","[1, 132, 23]","[0, 40, 23]","[1, 518, 24]","[0, 552, 24]","[0, 40, 25]","[1, 40, 25]","[0, 71, 25]","[1, 40, 26]","[1, 71, 27]","[0, 40, 28]","[0, 293, 36]",222
"[1, 52, 0]","[0, 48, 5]","[1, 40, 5]","[1, 2078, 8]","[0, 40, 8]","[0, 1415, 12]","[1, 40, 22]","[1, 104, 31]","[0, 40, 32]","[1, 132, 32]","[0, 40, 33]","[0, 552, 34]","[1, 518, 34]","[0, 71, 35]","[1, 40, 35]","[0, 40, 35]","[1, 40, 35]","[1, 71, 37]","[0, 40, 37]","[0, 1500, 44]",222
"[1, 52, 0]","[0, 48, 4]","[1, 40, 5]","[1, 1807, 9]","[0, 40, 11]","[0, 1500, 15]","[0, 1500, 15]","[0, 642, 15]","[1, 40, 16]","[1, 104, 23]","[0, 40, 25]","[0, 552, 26]","[1, 40, 37]","[1, 132, 221]","[0, 40, 222]","[1, 71, 223]","[0, 71, 224]","[0, 40, 224]","[1, 40, 236]","[1, 518, 241]",222
"[1, 52, 0]","[0, 48, 5]","[1, 40, 6]","[1, 2014, 9]","[0, 40, 10]","[0, 40, 10]","[0, 1415, 14]","[1, 104, 18]","[1, 132, 18]","[1, 518, 19]","[0, 40, 19]","[0, 40, 19]","[0, 40, 19]","[0, 583, 21]","[1, 71, 22]","[0, 40, 23]","[0, 246, 34]","[0, 1500, 34]","[0, 1031, 34]","[1, 40, 35]",222
"[1, 52, 0]","[0, 48, 4]","[1, 40, 5]","[1, 2014, 10]","[0, 40, 11]","[0, 40, 11]","[0, 1415, 15]","[1, 104, 20]","[1, 132, 20]","[1, 518, 20]","[0, 40, 21]","[0, 40, 21]","[0, 561, 23]","[1, 71, 24]","[0, 40, 25]","[0, 246, 35]","[0, 1500, 35]","[0, 1000, 35]","[1, 40, 36]","[1, 205, 74]",222
"[1, 52, 0]","[0, 48, 4]","[1, 40, 5]","[1, 1871, 9]","[0, 40, 10]","[0, 1500, 15]","[0, 1500, 15]","[0, 643, 15]","[1, 40, 16]","[1, 40, 26]","[1, 104, 96]","[0, 40, 97]","[0, 552, 98]","[1, 40, 109]","[1, 132, 219]","[0, 40, 220]","[1, 71, 220]","[0, 40, 221]","[1, 518, 221]","[0, 71, 221]",222
"[1, 52, 0]","[0, 48, 3]","[1, 40, 4]","[1, 1871, 5]","[0, 40, 6]","[0, 40, 6]","[0, 1500, 11]","[0, 1500, 11]","[0, 641, 11]","[1, 40, 12]","[1, 104, 16]","[0, 40, 16]","[0, 552, 18]","[1, 40, 29]","[1, 132, 40]","[0, 40, 41]","[1, 71, 42]","[1, 518, 42]","[0, 40, 43]","[0, 71, 43]",222
"[1, 52, 0]","[0, 48, 4]","[1, 40, 5]","[1, 1775, 8]","[0, 40, 9]","[0, 40, 9]","[0, 1500, 14]","[0, 1500, 14]","[0, 642, 15]","[1, 40, 15]","[1, 104, 19]","[1, 132, 19]","[0, 40, 20]","[0, 40, 20]","[0, 552, 22]","[0, 71, 22]","[1, 40, 22]","[1, 518, 23]","[0, 40, 24]","[1, 71, 25]",222
"[1, 52, 0]","[0, 48, 4]","[1, 40, 5]","[1, 1839, 21]","[0, 40, 22]","[0, 1500, 27]","[0, 1500, 27]","[0, 642, 27]","[1, 40, 28]","[1, 104, 88]","[0, 40, 89]","[0, 552, 91]","[1, 40, 101]","[1, 132, 105]","[1, 71, 106]","[0, 40, 106]","[0, 40, 106]","[0, 71, 108]","[1, 518, 110]","[0, 40, 111]",222
"[1, 52, 0]","[0, 48, 5]","[1, 40, 6]","[1, 1807, 8]","[0, 40, 9]","[0, 1500, 15]","[0, 1500, 15]","[0, 641, 15]","[1, 40, 15]","[1, 104, 123]","[0, 40, 123]","[0, 552, 125]","[1, 40, 137]","[1, 132, 348]","[0, 40, 348]","[1, 71, 349]","[0, 40, 350]","[0, 71, 350]","[1, 518, 350]","[0, 40, 351]",222
"[1, 52, 0]","[0, 48, 4]","[1, 40, 5]","[1, 2046, 6]","[0, 40, 7]","[0, 40, 7]","[0, 1415, 13]","[1, 104, 19]","[1, 132, 19]","[0, 40, 20]","[0, 40, 20]","[1, 518, 21]","[0, 561, 22]","[0, 40, 22]","[1, 40, 22]","[1, 71, 28]","[0, 40, 29]","[0, 292, 32]","[0, 1500, 32]","[0, 989, 32]",222
"[1, 52, 0]","[0, 48, 5]","[1, 40, 6]","[1, 2014, 8]","[0, 40, 9]","[0, 1415, 14]","[1, 104, 20]","[0, 40, 21]","[1, 132, 22]","[0, 552, 23]","[1, 518, 23]","[0, 40, 23]","[0, 40, 24]","[1, 40, 24]","[0, 71, 25]","[1, 71, 25]","[0, 40, 26]","[0, 292, 33]","[0, 1500, 33]","[0, 990, 33]",222
"[1, 52, 0]","[0, 48, 4]","[1, 40, 5]","[1, 2110, 6]","[0, 40, 7]","[0, 40, 7]","[0, 1415, 11]","[1, 104, 17]","[1, 132, 17]","[0, 40, 17]","[0, 40, 18]","[1, 518, 18]","[0, 40, 19]","[0, 552, 19]","[0, 71, 19]","[1, 40, 20]","[1, 71, 26]","[0, 40, 27]","[0, 292, 28]","[0, 1500, 28]",222
"[1, 52, 0]","[0, 48, 4]","[1, 40, 6]","[1, 1871, 31]","[0, 40, 32]","[0, 40, 32]","[0, 1500, 37]","[0, 1500, 37]","[0, 643, 37]","[1, 40, 37]","[1, 104, 41]","[1, 132, 42]","[0, 40, 43]","[0, 40, 43]","[0, 552, 44]","[0, 71, 44]","[1, 518, 45]","[1, 40, 45]","[0, 40, 45]","[1, 71, 48]",222
"[1, 52, 0]","[0, 48, 4]","[1, 40, 5]","[1, 2078, 8]","[0, 40, 9]","[0, 40, 10]","[0, 1415, 14]","[1, 40, 25]","[1, 104, 48]","[1, 132, 49]","[1, 518, 49]","[0, 40, 50]","[0, 40, 50]","[0, 40, 50]","[0, 552, 51]","[0, 71, 51]","[1, 40, 52]","[1, 71, 53]","[0, 40, 54]","[0, 292, 60]",222
"[1, 52, 0]","[0, 48, 4]","[1, 40, 5]","[1, 1839, 9]","[0, 40, 10]","[0, 40, 10]","[0, 1500, 17]","[0, 1500, 17]","[0, 642, 17]","[1, 40, 19]","[1, 104, 55]","[0, 40, 57]","[0, 552, 58]","[1, 40, 69]","[1, 132, 91]","[0, 40, 92]","[0, 71, 93]","[1, 71, 93]","[1, 518, 94]","[0, 40, 94]",222
"[1, 52, 0]","[0, 48, 5]","[1, 40, 6]","[1, 2014, 12]","[0, 40, 13]","[0, 1415, 17]","[1, 40, 29]","[1, 104, 55]","[0, 40, 56]","[1, 132, 57]","[0, 552, 58]","[0, 40, 58]","[1, 40, 59]","[1, 518, 59]","[0, 71, 60]","[0, 40, 60]","[1, 71, 62]","[0, 40, 63]","[0, 246, 77]","[0, 1500, 77]",222
"[1, 52, 0]","[0, 48, 4]","[1, 40, 5]","[1, 1871, 6]","[0, 40, 8]","[0, 1500, 11]","[0, 1500, 11]","[0, 641, 11]","[1, 40, 12]","[1, 104, 17]","[1, 132, 18]","[0, 40, 19]","[1, 518, 19]","[0, 40, 19]","[0, 40, 20]","[0, 552, 20]","[0, 71, 20]","[1, 40, 21]","[1, 71, 22]","[0, 40, 23]",222
"[1, 52, 0]","[0, 48, 4]","[1, 40, 5]","[1, 1807, 7]","[0, 40, 8]","[0, 40, 8]","[0, 1500, 13]","[0, 1500, 13]","[0, 642, 13]","[1, 40, 14]","[1, 104, 39]","[0, 40, 40]","[0, 552, 42]","[1, 132, 49]","[0, 40, 50]","[1, 71, 50]","[1, 518, 51]","[0, 40, 52]","[0, 71, 52]","[1, 40, 63]",222
"[1, 52, 0]","[0, 48, 4]","[1, 40, 4]","[1, 1871, 13]","[0, 40, 14]","[0, 40, 14]","[0, 1500, 19]","[0, 1500, 19]","[0, 641, 19]","[1, 40, 20]","[1, 104, 92]","[0, 40, 93]","[0, 552, 95]","[1, 132, 103]","[1, 71, 104]","[1, 518, 104]","[0, 40, 105]","[0, 40, 105]","[0, 40, 106]","[0, 71, 106]",222
"[1, 52, 0]","[0, 48, 3]","[1, 40, 4]","[1, 2078, 6]","[0, 40, 7]","[0, 40, 7]","[0, 1415, 11]","[1, 104, 14]","[1, 132, 14]","[0, 40, 15]","[0, 40, 15]","[1, 518, 15]","[0, 40, 15]","[0, 552, 16]","[0, 71, 16]","[1, 40, 17]","[1, 71, 18]","[0, 40, 19]","[0, 246, 25]","[0, 1500, 25]",222
"[1, 52, 0]","[0, 48, 5]","[1, 40, 5]","[1, 2014, 7]","[0, 40, 8]","[0, 40, 8]","[0, 1415, 13]","[1, 104, 17]","[1, 132, 18]","[0, 40, 18]","[1, 518, 19]","[0, 40, 19]","[0, 40, 19]","[0, 552, 20]","[0, 71, 20]","[1, 40, 21]","[1, 71, 21]","[0, 40, 22]","[0, 292, 29]","[0, 1500, 29]",222
"[1, 52, 0]","[0, 48, 4]","[1, 40, 4]","[1, 2046, 6]","[0, 40, 7]","[0, 40, 7]","[0, 1415, 12]","[1, 104, 17]","[1, 132, 18]","[0, 40, 18]","[1, 518, 18]","[0, 40, 19]","[0, 40, 19]","[0, 552, 20]","[0, 71, 20]","[1, 40, 21]","[1, 71, 21]","[0, 40, 22]","[0, 246, 30]","[0, 1500, 30]",222
"[1, 52, 0]","[0, 48, 4]","[1, 40, 5]","[1, 1839, 8]","[0, 40, 9]","[0, 40, 9]","[0, 1500, 14]","[0, 1500, 14]","[0, 642, 14]","[1, 40, 15]","[1, 104, 36]","[0, 40, 38]","[0, 552, 39]","[1, 40, 50]","[1, 132, 167]","[0, 40, 168]","[0, 71, 169]","[1, 40, 180]","[1, 71, 200]","[0, 40, 201]",222
"[1, 52, 0]","[0, 48, 4]","[1, 40, 4]","[1, 1871, 42]","[0, 40, 43]","[0, 40, 43]","[0, 1500, 48]","[0, 1500, 48]","[0, 643, 48]","[1, 40, 49]","[1, 104, 63]","[0, 40, 65]","[0, 552, 66]","[1, 40, 78]","[1, 132, 106]","[0, 40, 107]","[1, 71, 108]","[0, 71, 109]","[0, 40, 109]","[1, 518, 109]",222
"[1, 52, 0]","[0, 48, 4]","[1, 40, 5]","[1, 2014, 8]","[0, 40, 8]","[0, 1415, 13]","[1, 104, 17]","[0, 40, 18]","[0, 552, 20]","[1, 132, 20]","[1, 40, 21]","[0, 40, 21]","[1, 518, 22]","[0, 71, 23]","[0, 40, 23]","[1, 71, 25]","[0, 40, 27]","[0, 246, 34]","[0, 1500, 34]","[0, 999, 34]",222
"[1, 52, 0]","[0, 48, 4]","[1, 40, 5]","[1, 2110, 7]","[0, 40, 8]","[0, 1415, 12]","[1, 104, 17]","[1, 132, 18]","[0, 40, 18]","[1, 518, 18]","[0, 40, 19]","[0, 40, 19]","[0, 552, 20]","[0, 71, 20]","[1, 40, 21]","[1, 71, 22]","[0, 40, 23]","[0, 246, 34]","[0, 1431, 34]","[0, 1104, 34]",222
"[1, 52, 0]","[0, 48, 5]","[1, 40, 6]","[1, 1775, 46]","[0, 40, 48]","[0, 1500, 53]","[0, 1500, 53]","[0, 643, 53]","[1, 40, 54]","[1, 104, 163]","[0, 40, 165]","[0, 552, 166]","[1, 40, 178]","[1, 132, 224]","[1, 71, 225]","[0, 40, 225]","[0, 40, 226]","[0, 71, 227]","[1, 40, 238]","[1, 518, 258]",222
"[1, 52, 0]","[0, 48, 4]","[1, 40, 5]","[1, 1871, 8]","[0, 40, 9]","[0, 40, 9]","[0, 1500, 14]","[0, 1500, 14]","[0, 642, 14]","[1, 40, 15]","[1, 104, 21]","[0, 40, 22]","[0, 552, 24]","[1, 40, 35]","[1, 132, 86]","[0, 40, 87]","[1, 71, 87]","[1, 518, 88]","[0, 40, 88]","[0, 71, 88]",222
"[1, 52, 0]","[0, 48, 4]","[1, 40, 5]","[1, 1839, 6]","[0, 40, 7]","[0, 40, 7]","[0, 1500, 13]","[0, 1500, 13]","[0, 643, 13]","[1, 40, 14]","[1, 104, 39]","[0, 40, 40]","[0, 552, 42]","[1, 40, 52]","[1, 132, 74]","[1, 71, 75]","[0, 40, 75]","[0, 40, 76]","[1, 518, 76]","[0, 71, 76]",222
"[1, 52, 0]","[0, 48, 3]","[1, 40, 4]","[1, 2110, 5]","[0, 40, 6]","[0, 40, 6]","[0, 1415, 13]","[1, 104, 16]","[1, 132, 17]","[1, 518, 17]","[0, 40, 18]","[0, 40, 18]","[0, 40, 18]","[0, 583, 20]","[1, 71, 21]","[0, 40, 22]","[0, 292, 28]","[0, 1500, 28]","[1, 40, 28]","[0, 990, 28]",222
"[1, 52, 0]","[0, 48, 3]","[1, 40, 4]","[1, 2110, 6]","[0, 40, 7]","[0, 40, 7]","[0, 1415, 12]","[1, 104, 16]","[1, 132, 16]","[1, 518, 16]","[0, 40, 17]","[0, 40, 17]","[0, 561, 19]","[1, 71, 29]","[0, 40, 30]","[0, 292, 30]","[0, 1431, 30]","[1, 40, 31]","[0, 1059, 31]","[1, 40, 42]",222
"[1, 52, 0]","[0, 48, 4]","[1, 40, 5]","[1, 2046, 14]","[0, 40, 15]","[0, 1415, 19]","[1, 40, 29]","[1, 104, 31]","[0, 40, 32]","[1, 132, 32]","[1, 518, 33]","[0, 40, 33]","[0, 40, 34]","[0, 552, 34]","[0, 71, 35]","[1, 40, 35]","[1, 71, 37]","[0, 40, 38]","[0, 293, 51]","[0, 1500, 51]",222
"[1, 52, 0]","[0, 48, 5]","[1, 40, 6]","[1, 2078, 10]","[0, 40, 11]","[0, 40, 11]","[0, 1415, 15]","[1, 104, 19]","[0, 40, 20]","[1, 132, 20]","[1, 518, 21]","[0, 40, 21]","[0, 40, 22]","[0, 552, 22]","[0, 71, 23]","[1, 71, 23]","[0, 40, 24]","[0, 292, 29]","[0, 1500, 29]","[1, 40, 30]",222
"[1, 52, 0]","[0, 48, 4]","[1, 40, 5]","[1, 1775, 8]","[0, 40, 9]","[0, 40, 9]","[0, 1500, 15]","[0, 1500, 15]","[0, 643, 15]","[1, 40, 16]","[1, 104, 62]","[0, 40, 64]","[0, 552, 66]","[1, 132, 66]","[0, 40, 66]","[1, 518, 67]","[0, 40, 67]","[0, 71, 68]","[1, 71, 68]","[0, 40, 69]",222
"[1, 52, 0]","[0, 48, 4]","[1, 40, 4]","[1, 2014, 6]","[0, 40, 7]","[0, 40, 7]","[0, 1415, 11]","[1, 104, 16]","[1, 132, 17]","[0, 40, 17]","[0, 40, 18]","[0, 552, 19]","[0, 71, 19]","[1, 518, 20]","[1, 40, 20]","[0, 40, 21]","[1, 71, 24]","[0, 40, 25]","[0, 247, 41]","[0, 1500, 41]",222
"[1, 52, 0]","[0, 48, 3]","[1, 40, 4]","[1, 1839, 7]","[0, 40, 8]","[0, 40, 8]","[0, 1500, 13]","[0, 1500, 13]","[0, 642, 13]","[1, 40, 14]","[1, 104, 39]","[0, 40, 40]","[0, 552, 42]","[1, 40, 53]","[1, 132, 162]","[0, 40, 163]","[1, 71, 164]","[1, 518, 164]","[0, 71, 165]","[0, 40, 165]",222
"[1, 52, 0]","[0, 48, 5]","[1, 40, 5]","[1, 1807, 12]","[0, 40, 13]","[0, 1500, 19]","[0, 1500, 19]","[0, 642, 19]","[1, 40, 20]","[1, 104, 26]","[0, 40, 27]","[0, 552, 29]","[1, 40, 40]","[1, 132, 74]","[1, 71, 75]","[0, 40, 75]","[0, 40, 75]","[0, 71, 76]","[1, 518, 77]","[0, 40, 77]",222
"[1, 52, 0]","[0, 48, 5]","[1, 40, 6]","[1, 1807, 9]","[0, 40, 10]","[0, 1500, 15]","[0, 1500, 15]","[0, 642, 15]","[1, 40, 16]","[1, 104, 196]","[1, 132, 197]","[0, 40, 197]","[1, 518, 197]","[0, 40, 198]","[0, 40, 198]","[0, 552, 199]","[0, 71, 199]","[1, 40, 200]","[1, 71, 202]","[0, 40, 203]",222
"[1, 52, 0]","[0, 48, 5]","[1, 40, 6]","[1, 2078, 7]","[0, 40, 8]","[0, 40, 8]","[0, 1415, 13]","[1, 104, 16]","[0, 40, 17]","[1, 132, 17]","[1, 518, 17]","[0, 40, 18]","[0, 40, 18]","[0, 552, 19]","[0, 71, 19]","[1, 40, 20]","[1, 71, 21]","[0, 40, 21]","[0, 1500, 28]","[0, 1242, 28]",222
"[1, 52, 0]","[0, 48, 5]","[1, 40, 6]","[1, 1807, 10]","[0, 40, 11]","[0, 40, 11]","[0, 1500, 20]","[0, 1500, 20]","[0, 642, 20]","[1, 40, 21]","[1, 104, 138]","[0, 40, 139]","[0, 552, 142]","[1, 40, 151]","[1, 132, 170]","[0, 40, 171]","[1, 71, 171]","[0, 40, 171]","[1, 518, 171]","[0, 40, 172]",222
"[1, 52, 0]","[0, 48, 3]","[1, 40, 4]","[1, 2110, 8]","[0, 40, 9]","[0, 1415, 14]","[1, 104, 19]","[1, 132, 20]","[0, 40, 20]","[0, 40, 21]","[1, 518, 21]","[0, 583, 22]","[0, 40, 22]","[1, 40, 23]","[1, 71, 24]","[0, 40, 25]","[0, 246, 34]","[0, 86, 34]","[0, 1431, 34]","[0, 1058, 34]",222
"[1, 52, 0]","[0, 48, 4]","[1, 40, 5]","[1, 2078, 9]","[0, 40, 9]","[0, 40, 10]","[0, 1415, 14]","[1, 104, 18]","[1, 132, 19]","[0, 40, 19]","[0, 40, 20]","[1, 518, 20]","[0, 40, 21]","[0, 561, 21]","[1, 71, 23]","[0, 40, 23]","[0, 1500, 39]","[0, 1207, 39]","[1, 40, 40]","[1, 205, 78]",222
"[1, 52, 0]","[0, 48, 4]","[1, 40, 4]","[1, 1871, 7]","[0, 40, 7]","[0, 40, 8]","[0, 1500, 12]","[0, 1500, 12]","[0, 642, 12]","[1, 40, 12]","[1, 104, 21]","[0, 40, 22]","[0, 552, 23]","[1, 40, 34]","[1, 132, 158]","[0, 40, 159]","[1, 71, 159]","[1, 518, 160]","[0, 40, 160]","[0, 71, 160]",222
"[1, 52, 0]","[0, 48, 5]","[1, 40, 6]","[1, 2078, 8]","[0, 40, 9]","[0, 40, 9]","[0, 1415, 15]","[1, 104, 20]","[1, 132, 21]","[0, 40, 22]","[0, 40, 22]","[1, 518, 23]","[0, 552, 23]","[0, 71, 23]","[0, 40, 24]","[1, 40, 24]","[1, 40, 24]","[1, 71, 25]","[0, 40, 26]","[0, 247, 42]",222
"[1, 52, 0]","[0, 48, 6]","[1, 40, 7]","[1, 2110, 8]","[0, 40, 9]","[0, 40, 9]","[0, 1415, 15]","[1, 104, 18]","[1, 132, 19]","[0, 40, 19]","[1, 518, 19]","[0, 40, 19]","[0, 40, 20]","[0, 552, 21]","[0, 71, 21]","[1, 40, 21]","[1, 71, 22]","[0, 40, 23]","[0, 292, 31]","[0, 1500, 31]",222
"[1, 52, 0]","[0, 48, 5]","[1, 40, 5]","[1, 2110, 7]","[0, 40, 8]","[0, 40, 8]","[0, 1415, 12]","[1, 104, 15]","[1, 132, 16]","[0, 40, 16]","[1, 518, 17]","[0, 40, 17]","[0, 40, 17]","[0, 583, 18]","[1, 71, 19]","[0, 40, 20]","[0, 292, 27]","[0, 1431, 28]","[0, 1059, 28]","[1, 40, 28]",222
"[1, 52, 0]","[0, 48, 5]","[1, 40, 6]","[1, 2110, 8]","[0, 40, 9]","[0, 1415, 15]","[1, 104, 23]","[0, 40, 24]","[0, 552, 26]","[1, 132, 27]","[0, 40, 28]","[1, 518, 29]","[1, 71, 29]","[0, 71, 30]","[0, 40, 30]","[0, 40, 30]","[0, 292, 40]","[0, 1500, 40]","[0, 990, 40]","[1, 40, 41]",222
"[1, 52, 0]","[0, 48, 5]","[1, 40, 5]","[1, 2110, 9]","[0, 40, 10]","[0, 40, 10]","[0, 1415, 13]","[1, 104, 17]","[1, 132, 18]","[0, 40, 18]","[0, 40, 19]","[1, 518, 19]","[0, 40, 20]","[0, 561, 20]","[1, 71, 22]","[0, 40, 23]","[0, 247, 35]","[0, 1500, 36]","[0, 1033, 36]","[1, 40, 36]",222
"[1, 52, 0]","[0, 48, 4]","[1, 40, 5]","[1, 1839, 10]","[0, 40, 11]","[0, 40, 11]","[0, 1500, 16]","[0, 1500, 16]","[0, 643, 16]","[1, 40, 17]","[1, 104, 73]","[0, 40, 75]","[0, 552, 76]","[1, 40, 86]","[1, 132, 192]","[0, 40, 193]","[1, 71, 193]","[1, 518, 194]","[0, 40, 194]","[0, 71, 194]",222
"[1, 52, 0]","[0, 48, 4]","[1, 40, 5]","[1, 1871, 101]","[0, 40, 103]","[0, 40, 103]","[0, 1500, 109]","[0, 1500, 109]","[0, 643, 109]","[1, 40, 110]","[1, 104, 126]","[1, 132, 126]","[0, 40, 127]","[0, 40, 127]","[1, 518, 127]","[0, 40, 128]","[0, 552, 129]","[0, 71, 129]","[1, 40, 129]","[1, 71, 131]",222
"[1, 52, 0]","[0, 48, 5]","[1, 40, 6]","[1, 2110, 15]","[0, 40, 16]","[0, 40, 16]","[0, 1415, 20]","[1, 104, 24]","[0, 40, 25]","[1, 132, 26]","[1, 470, 27]","[0, 40, 27]","[1, 1463, 27]","[0, 552, 27]","[0, 40, 28]","[0, 40, 28]","[1, 40, 28]","[0, 71, 29]","[1, 40, 29]","[1, 71, 30]",222
"[1, 52, 0]","[0, 48, 4]","[1, 40, 4]","[1, 1775, 7]","[0, 40, 8]","[0, 40, 8]","[0, 1500, 14]","[0, 1500, 14]","[0, 642, 14]","[1, 40, 15]","[1, 104, 20]","[0, 40, 21]","[1, 132, 22]","[0, 552, 23]","[0, 40, 23]","[0, 71, 25]","[1, 518, 25]","[0, 40, 26]","[1, 71, 28]","[0, 40, 30]",222
"[1, 52, 0]","[0, 48, 4]","[1, 40, 5]","[1, 1839, 11]","[0, 40, 13]","[0, 40, 13]","[0, 1500, 18]","[0, 1500, 18]","[0, 643, 18]","[1, 40, 18]","[1, 104, 53]","[0, 40, 54]","[0, 552, 56]","[1, 40, 67]","[1, 132, 67]","[1, 71, 68]","[0, 40, 68]","[1, 518, 68]","[0, 40, 68]","[0, 40, 69]",222
"[1, 52, 0]","[0, 48, 4]","[1, 40, 5]","[1, 1807, 7]","[0, 40, 8]","[0, 40, 8]","[0, 1500, 14]","[0, 1500, 14]","[0, 641, 14]","[1, 40, 15]","[1, 104, 18]","[0, 40, 19]","[0, 552, 20]","[1, 132, 23]","[0, 40, 24]","[1, 71, 25]","[0, 71, 26]","[1, 518, 26]","[0, 40, 27]","[0, 40, 27]",222
"[1, 52, 0]","[0, 48, 4]","[1, 40, 5]","[1, 2110, 6]","[0, 40, 7]","[0, 40, 7]","[0, 1415, 12]","[1, 104, 16]","[1, 132, 17]","[0, 40, 17]","[0, 40, 18]","[1, 518, 18]","[0, 40, 19]","[0, 583, 19]","[1, 71, 20]","[0, 40, 21]","[0, 292, 29]","[0, 1500, 29]","[0, 1019, 29]","[1, 40, 30]",222
"[1, 52, 0]","[0, 48, 5]","[1, 40, 6]","[1, 2110, 9]","[0, 40, 11]","[0, 40, 11]","[0, 1415, 14]","[1, 40, 25]","[1, 104, 32]","[0, 40, 33]","[1, 132, 33]","[0, 40, 34]","[1, 518, 35]","[0, 552, 35]","[1, 40, 36]","[0, 71, 36]","[0, 40, 36]","[1, 40, 36]","[1, 71, 37]","[0, 40, 38]",222
"[1, 52, 0]","[0, 48, 4]","[1, 40, 5]","[1, 1839, 8]","[0, 40, 9]","[0, 40, 9]","[0, 1500, 15]","[0, 1500, 15]","[0, 643, 15]","[1, 40, 16]","[1, 104, 24]","[0, 40, 25]","[1, 132, 26]","[0, 40, 27]","[0, 552, 27]","[1, 518, 28]","[0, 40, 29]","[1, 71, 29]","[0, 40, 30]","[0, 71, 65]",222
"[1, 52, 0]","[0, 48, 5]","[1, 40, 5]","[1, 1775, 8]","[0, 40, 9]","[0, 40, 9]","[0, 1500, 14]","[0, 1500, 14]","[0, 641, 14]","[1, 40, 15]","[1, 104, 20]","[0, 40, 21]","[0, 552, 23]","[1, 40, 34]","[1, 132, 117]","[0, 40, 118]","[0, 71, 119]","[1, 71, 130]","[0, 40, 131]","[1, 518, 147]",222
"[1, 52, 0]","[0, 48, 4]","[1, 40, 5]","[1, 2014, 6]","[0, 40, 7]","[0, 40, 7]","[0, 1415, 10]","[1, 40, 22]","[1, 104, 58]","[1, 132, 58]","[0, 40, 59]","[0, 40, 60]","[1, 420, 60]","[1, 170, 60]","[0, 40, 60]","[1, 100, 61]","[0, 561, 61]","[0, 40, 61]","[1, 40, 62]","[0, 40, 62]",222
"[1, 52, 0]","[0, 48, 4]","[1, 40, 4]","[1, 2110, 5]","[0, 40, 6]","[0, 40, 6]","[0, 1415, 11]","[1, 104, 15]","[1, 132, 15]","[1, 518, 16]","[0, 40, 16]","[0, 40, 16]","[0, 40, 17]","[0, 583, 18]","[1, 71, 19]","[0, 40, 20]","[0, 292, 27]","[0, 1431, 27]","[0, 1059, 27]","[1, 40, 28]",222
"[1, 52, 0]","[0, 48, 5]","[1, 40, 5]","[1, 2078, 7]","[0, 40, 8]","[0, 40, 8]","[0, 1415, 12]","[1, 40, 23]","[1, 104, 46]","[0, 40, 48]","[1, 132, 49]","[0, 552, 49]","[0, 40, 50]","[1, 40, 50]","[1, 518, 51]","[0, 71, 52]","[0, 40, 52]","[1, 71, 55]","[0, 40, 56]","[0, 246, 62]",222
"[1, 52, 0]","[0, 48, 3]","[1, 40, 4]","[1, 1871, 5]","[0, 40, 6]","[0, 1500, 11]","[0, 1500, 11]","[0, 641, 11]","[1, 40, 12]","[1, 104, 24]","[0, 40, 25]","[0, 552, 27]","[1, 40, 38]","[1, 132, 150]","[0, 40, 151]","[1, 71, 152]","[0, 40, 153]","[1, 518, 153]","[0, 71, 154]","[0, 40, 154]",222
"[1, 52, 0]","[0, 48, 3]","[1, 40, 4]","[1, 1871, 6]","[0, 40, 7]","[0, 40, 7]","[0, 1500, 12]","[0, 1500, 12]","[0, 643, 12]","[1, 40, 13]","[1, 104, 24]","[0, 40, 25]","[1, 132, 25]","[0, 40, 26]","[1, 518, 26]","[0, 552, 27]","[0, 40, 28]","[0, 71, 28]","[1, 71, 29]","[0, 40, 29]",222
"[1, 52, 0]","[0, 48, 4]","[1, 40, 5]","[1, 2014, 7]","[0, 40, 8]","[0, 40, 8]","[0, 1415, 12]","[1, 104, 16]","[0, 40, 17]","[0, 552, 19]","[1, 132, 22]","[0, 40, 23]","[0, 71, 25]","[1, 71, 27]","[1, 518, 27]","[0, 40, 28]","[0, 40, 28]","[0, 292, 38]","[0, 1500, 39]","[0, 990, 39]",222
"[1, 52, 0]","[0, 48, 4]","[1, 40, 4]","[1, 2046, 7]","[0, 40, 9]","[0, 40, 9]","[0, 1415, 13]","[1, 104, 16]","[1, 132, 16]","[0, 40, 17]","[0, 40, 17]","[1, 518, 17]","[0, 40, 18]","[0, 552, 18]","[0, 71, 18]","[1, 40, 19]","[1, 71, 19]","[0, 40, 20]","[0, 246, 28]","[0, 1500, 28]",222
"[1, 52, 0]","[0, 48, 4]","[1, 40, 5]","[1, 1775, 17]","[0, 40, 18]","[0, 40, 18]","[0, 1500, 24]","[0, 1500, 24]","[0, 642, 24]","[1, 40, 25]","[1, 104, 28]","[0, 40, 29]","[1, 132, 30]","[0, 40, 31]","[0, 552, 31]","[0, 71, 33]","[1, 40, 33]","[1, 518, 37]","[1, 71, 37]","[0, 40, 39]",222
"[1, 52, 0]","[0, 48, 4]","[1, 40, 5]","[1, 2046, 19]","[0, 40, 20]","[0, 40, 20]","[0, 1415, 25]","[1, 104, 33]","[1, 132, 34]","[0, 40, 35]","[0, 40, 35]","[1, 518, 36]","[0, 40, 36]","[0, 552, 36]","[0, 71, 36]","[1, 40, 37]","[1, 71, 38]","[0, 40, 39]","[0, 246, 47]","[0, 1477, 47]",222
"[1, 52, 0]","[0, 48, 5]","[1, 40, 5]","[1, 1775, 7]","[0, 40, 8]","[0, 40, 8]","[0, 1500, 12]","[0, 1500, 12]","[0, 641, 12]","[1, 40, 13]","[1, 104, 22]","[0, 40, 23]","[0, 552, 25]","[1, 40, 36]","[1, 132, 91]","[0, 40, 92]","[0, 71, 94]","[1, 40, 105]","[1, 71, 130]","[0, 40, 131]",222
"[1, 52, 0]","[0, 48, 5]","[1, 40, 6]","[1, 2014, 9]","[0, 40, 10]","[0, 40, 10]","[0, 1415, 14]","[1, 40, 26]","[1, 104, 62]","[1, 132, 63]","[0, 40, 63]","[0, 40, 63]","[0, 561, 65]","[1, 40, 76]","[1, 465, 77]","[1, 118, 77]","[1, 107, 77]","[0, 40, 77]","[0, 40, 78]","[0, 40, 78]",222
"[1, 52, 0]","[0, 48, 5]","[1, 40, 6]","[1, 1775, 9]","[0, 40, 10]","[0, 1500, 14]","[0, 1500, 14]","[1, 40, 14]","[0, 642, 14]","[1, 40, 25]","[1, 104, 178]","[0, 40, 179]","[0, 552, 181]","[1, 40, 192]","[1, 132, 214]","[0, 40, 215]","[1, 71, 216]","[0, 71, 217]","[0, 40, 217]","[1, 518, 217]",222
"[1, 52, 0]","[0, 48, 4]","[1, 40, 5]","[1, 2014, 7]","[0, 40, 8]","[0, 1415, 13]","[1, 104, 17]","[1, 132, 17]","[0, 40, 17]","[0, 40, 18]","[1, 518, 18]","[0, 40, 19]","[0, 552, 19]","[0, 71, 19]","[1, 40, 20]","[1, 71, 21]","[0, 40, 22]","[0, 246, 30]","[0, 1500, 31]","[0, 1001, 31]",222
"[1, 52, 0]","[0, 48, 5]","[1, 40, 5]","[1, 2046, 9]","[0, 40, 11]","[0, 1415, 15]","[1, 104, 18]","[1, 132, 19]","[0, 40, 19]","[1, 518, 20]","[0, 40, 20]","[0, 40, 20]","[0, 552, 21]","[0, 71, 22]","[1, 40, 22]","[1, 71, 23]","[0, 40, 24]","[0, 292, 30]","[0, 1500, 30]","[0, 989, 30]",222
"[1, 52, 0]","[0, 48, 3]","[1, 40, 4]","[1, 2110, 8]","[0, 40, 9]","[0, 1415, 14]","[1, 104, 17]","[1, 132, 18]","[0, 40, 18]","[0, 40, 19]","[1, 518, 19]","[0, 40, 20]","[0, 552, 20]","[0, 71, 20]","[1, 40, 20]","[1, 71, 21]","[0, 40, 22]","[0, 292, 29]","[0, 1500, 29]","[0, 988, 29]",222
"[1, 52, 0]","[0, 48, 3]","[1, 40, 4]","[1, 1807, 5]","[0, 40, 6]","[0, 40, 6]","[0, 1500, 12]","[0, 1500, 12]","[0, 643, 12]","[1, 40, 13]","[1, 104, 26]","[0, 40, 27]","[0, 552, 29]","[1, 40, 39]","[1, 132, 53]","[1, 71, 53]","[0, 40, 53]","[1, 518, 54]","[0, 40, 54]","[0, 40, 54]",222
"[1, 52, 0]","[0, 48, 5]","[1, 40, 6]","[1, 2046, 10]","[0, 40, 12]","[0, 40, 12]","[0, 1415, 17]","[1, 104, 22]","[1, 132, 22]","[0, 40, 23]","[0, 40, 23]","[1, 518, 23]","[0, 552, 25]","[0, 71, 25]","[0, 40, 25]","[1, 40, 25]","[1, 71, 27]","[0, 40, 28]","[0, 292, 36]","[0, 1500, 36]",222
"[1, 52, 0]","[0, 48, 4]","[1, 40, 5]","[1, 1775, 10]","[0, 40, 11]","[0, 40, 11]","[0, 1500, 16]","[0, 1500, 16]","[0, 642, 16]","[1, 40, 17]","[1, 104, 24]","[0, 40, 25]","[0, 552, 27]","[1, 40, 38]","[1, 132, 85]","[1, 71, 86]","[0, 40, 86]","[0, 40, 86]","[1, 518, 86]","[0, 40, 87]",222
"[1, 52, 0]","[0, 48, 5]","[1, 40, 8]","[1, 1871, 128]","[0, 40, 129]","[0, 1500, 136]","[0, 1500, 136]","[0, 642, 136]","[1, 40, 137]","[1, 104, 256]","[0, 40, 258]","[0, 552, 260]","[1, 132, 271]","[1, 71, 272]","[1, 518, 272]","[0, 40, 273]","[0, 40, 273]","[0, 40, 273]","[0, 71, 275]","[0, 1500, 285]",222
"[1, 52, 0]","[0, 48, 4]","[1, 40, 6]","[1, 2046, 17]","[0, 40, 18]","[0, 1415, 23]","[1, 40, 33]","[1, 104, 120]","[1, 132, 121]","[0, 40, 121]","[0, 40, 122]","[1, 465, 122]","[0, 40, 123]","[1, 118, 123]","[1, 107, 123]","[0, 561, 123]","[1, 40, 124]","[0, 40, 124]","[0, 40, 124]","[1, 71, 125]",222
"[1, 52, 0]","[0, 48, 3]","[1, 40, 4]","[1, 2110, 6]","[0, 40, 7]","[0, 1415, 10]","[1, 104, 14]","[1, 132, 14]","[0, 40, 15]","[1, 518, 15]","[0, 40, 15]","[0, 561, 20]","[1, 71, 22]","[0, 40, 24]","[0, 292, 25]","[0, 1431, 25]","[0, 1089, 25]","[1, 40, 26]","[1, 205, 49]","[0, 40, 51]",222
"[1, 52, 0]","[0, 48, 9]","[1, 40, 10]","[1, 2110, 13]","[0, 40, 14]","[0, 40, 15]","[0, 1415, 18]","[1, 104, 21]","[1, 132, 22]","[0, 40, 22]","[1, 518, 23]","[0, 40, 23]","[0, 40, 23]","[0, 583, 24]","[1, 71, 25]","[0, 40, 26]","[0, 246, 32]","[0, 1500, 32]","[0, 1000, 33]","[1, 40, 33]",222
"[1, 52, 0]","[0, 48, 4]","[1, 40, 4]","[1, 2078, 6]","[0, 40, 7]","[0, 1415, 12]","[1, 104, 16]","[0, 40, 17]","[0, 552, 18]","[1, 132, 18]","[0, 40, 19]","[1, 40, 19]","[0, 71, 21]","[1, 40, 21]","[1, 518, 24]","[1, 71, 25]","[0, 40, 25]","[0, 40, 26]","[0, 247, 37]","[0, 1500, 38]",222
"[1, 52, 0]","[0, 48, 3]","[1, 40, 4]","[1, 2014, 6]","[0, 40, 7]","[0, 40, 7]","[0, 1415, 11]","[1, 104, 15]","[0, 40, 15]","[1, 132, 17]","[0, 552, 17]","[1, 40, 18]","[0, 40, 18]","[1, 518, 18]","[0, 40, 19]","[0, 71, 19]","[1, 71, 21]","[0, 40, 22]","[0, 246, 28]","[0, 1431, 28]",222
"[1, 52, 0]","[0, 48, 3]","[1, 40, 4]","[1, 2046, 7]","[0, 40, 8]","[0, 1415, 12]","[1, 104, 17]","[1, 132, 17]","[0, 40, 18]","[1, 518, 18]","[0, 40, 18]","[0, 40, 19]","[0, 561, 20]","[1, 71, 21]","[0, 40, 22]","[0, 292, 28]","[0, 1500, 28]","[0, 989, 28]","[1, 40, 28]","[1, 205, 74]",222
"[1, 52, 0]","[0, 48, 4]","[1, 40, 6]","[1, 1807, 8]","[0, 40, 10]","[0, 1500, 14]","[0, 1500, 14]","[0, 643, 14]","[1, 40, 15]","[1, 104, 114]","[0, 40, 115]","[0, 552, 117]","[1, 40, 127]","[1, 132, 138]","[0, 40, 139]","[1, 71, 139]","[0, 40, 140]","[1, 518, 140]","[0, 40, 141]","[0, 71, 141]",222
"[1, 52, 0]","[0, 48, 5]","[1, 40, 6]","[1, 1775, 28]","[0, 40, 30]","[0, 1500, 35]","[0, 1500, 35]","[0, 642, 36]","[1, 40, 36]","[1, 40, 47]","[1, 104, 174]","[0, 40, 175]","[0, 552, 176]","[1, 40, 188]","[1, 132, 247]","[1, 71, 248]","[0, 40, 248]","[0, 40, 249]","[0, 71, 250]","[1, 518, 250]",222
"[1, 52, 0]","[0, 48, 5]","[1, 40, 7]","[1, 2078, 12]","[0, 40, 13]","[0, 1415, 17]","[1, 104, 23]","[0, 40, 24]","[1, 132, 25]","[0, 552, 26]","[0, 40, 26]","[1, 40, 26]","[0, 71, 28]","[1, 40, 28]","[1, 470, 30]","[1, 1455, 30]","[0, 40, 31]","[1, 71, 31]","[0, 40, 31]","[0, 40, 32]",222
"[1, 52, 0]","[0, 48, 5]","[1, 40, 5]","[1, 1775, 10]","[0, 40, 11]","[0, 40, 11]","[0, 1500, 15]","[0, 1500, 15]","[0, 642, 15]","[1, 40, 16]","[1, 104, 22]","[1, 132, 23]","[1, 518, 23]","[0, 40, 24]","[0, 40, 24]","[0, 40, 24]","[0, 561, 25]","[1, 71, 27]","[0, 40, 29]","[0, 292, 36]",222
"[1, 52, 0]","[0, 48, 4]","[1, 40, 6]","[1, 1839, 9]","[0, 40, 10]","[0, 40, 10]","[0, 1500, 16]","[0, 1500, 16]","[0, 642, 16]","[1, 40, 16]","[1, 104, 59]","[1, 132, 59]","[0, 40, 60]","[0, 40, 60]","[1, 518, 61]","[0, 552, 62]","[0, 71, 62]","[0, 40, 62]","[1, 40, 63]","[1, 71, 64]",222
"[1, 52, 0]","[0, 48, 4]","[1, 40, 5]","[1, 1871, 7]","[0, 40, 8]","[0, 40, 8]","[0, 1500, 13]","[0, 1500, 14]","[0, 642, 14]","[1, 40, 14]","[1, 104, 19]","[1, 132, 20]","[0, 40, 20]","[1, 518, 21]","[0, 40, 21]","[0, 40, 21]","[0, 552, 23]","[0, 71, 23]","[1, 40, 23]","[1, 71, 24]",222
"[1, 52, 0]","[0, 48, 5]","[1, 40, 6]","[1, 1839, 7]","[0, 40, 9]","[0, 40, 9]","[0, 1500, 13]","[0, 1500, 13]","[0, 642, 13]","[1, 40, 14]","[1, 104, 101]","[0, 40, 103]","[0, 552, 104]","[1, 132, 111]","[0, 40, 112]","[1, 71, 112]","[1, 518, 112]","[0, 40, 113]","[0, 71, 114]","[1, 40, 124]",222
"[1, 52, 0]","[0, 48, 4]","[1, 40, 5]","[1, 1839, 9]","[0, 40, 11]","[0, 40, 11]","[0, 1500, 17]","[0, 1500, 17]","[0, 641, 17]","[1, 40, 18]","[1, 104, 28]","[0, 40, 30]","[0, 552, 31]","[1, 40, 43]","[1, 132, 72]","[1, 71, 72]","[0, 40, 73]","[1, 518, 74]","[0, 40, 74]","[0, 40, 75]",222
"[1, 52, 0]","[0, 48, 5]","[1, 40, 6]","[1, 2078, 15]","[0, 40, 16]","[0, 40, 16]","[0, 1415, 20]","[1, 104, 29]","[0, 40, 30]","[0, 552, 31]","[1, 132, 33]","[0, 40, 34]","[0, 71, 36]","[1, 518, 36]","[1, 71, 37]","[0, 40, 37]","[0, 40, 37]","[0, 247, 50]","[0, 1500, 51]","[0, 1030, 51]",222
"[1, 52, 0]","[0, 48, 5]","[1, 40, 6]","[1, 2046, 7]","[0, 40, 8]","[0, 40, 8]","[0, 1415, 12]","[1, 104, 18]","[1, 132, 18]","[0, 40, 19]","[1, 518, 20]","[0, 40, 21]","[0, 561, 21]","[1, 71, 22]","[0, 40, 23]","[0, 292, 32]","[0, 1500, 32]","[0, 990, 32]","[1, 40, 33]","[1, 205, 106]",222
"[1, 52, 0]","[0, 48, 4]","[1, 40, 5]","[1, 2078, 7]","[0, 40, 8]","[0, 40, 8]","[0, 1415, 12]","[1, 104, 16]","[1, 132, 17]","[1, 518, 17]","[0, 40, 18]","[0, 40, 18]","[0, 40, 19]","[0, 561, 19]","[1, 71, 20]","[0, 40, 21]","[0, 292, 30]","[0, 1500, 30]","[0, 948, 30]","[0, 112, 30]",222
"[1, 52, 0]","[0, 48, 4]","[1, 40, 5]","[1, 649, 8]","[0, 40, 9]","[0, 1500, 16]","[0, 1014, 16]","[1, 40, 17]","[1, 104, 26]","[0, 40, 27]","[0, 552, 29]","[1, 40, 40]","[1, 132, 267]","[0, 40, 269]","[0, 71, 270]","[1, 40, 282]","[1, 71, 291]","[0, 40, 292]","[1, 518, 298]","[0, 40, 299]",220
"[1, 52, 0]","[0, 48, 5]","[1, 40, 6]","[1, 585, 29]","[0, 40, 30]","[0, 1500, 34]","[0, 1013, 34]","[1, 40, 35]","[1, 104, 54]","[0, 40, 55]","[0, 552, 57]","[1, 40, 67]","[1, 132, 128]","[0, 40, 128]","[1, 71, 129]","[0, 71, 130]","[0, 40, 130]","[1, 518, 136]","[0, 40, 137]","[0, 246, 152]",220
"[1, 52, 0]","[0, 48, 5]","[1, 40, 6]","[1, 585, 15]","[0, 40, 17]","[0, 1500, 22]","[0, 1014, 22]","[1, 40, 22]","[1, 104, 83]","[0, 40, 85]","[0, 552, 87]","[1, 40, 99]","[1, 132, 265]","[0, 40, 266]","[0, 71, 268]","[1, 71, 276]","[0, 40, 277]","[1, 518, 281]","[0, 40, 282]","[0, 292, 293]",220
"[1, 52, 0]","[0, 48, 4]","[1, 40, 5]","[1, 649, 7]","[0, 40, 8]","[0, 1500, 14]","[0, 1015, 14]","[1, 40, 14]","[1, 104, 24]","[0, 40, 25]","[0, 552, 27]","[1, 40, 39]","[1, 132, 144]","[1, 71, 145]","[0, 40, 145]","[1, 518, 146]","[0, 40, 146]","[0, 40, 147]","[0, 71, 147]","[0, 246, 157]",220
"[1, 52, 0]","[0, 48, 4]","[1, 40, 5]","[1, 585, 8]","[0, 40, 9]","[0, 1500, 14]","[0, 1014, 14]","[1, 40, 15]","[1, 104, 21]","[0, 40, 22]","[0, 552, 24]","[1, 40, 36]","[1, 132, 152]","[0, 40, 153]","[0, 71, 154]","[1, 71, 154]","[0, 40, 155]","[1, 518, 156]","[0, 40, 157]","[0, 246, 168]",220
"[1, 52, 0]","[0, 48, 4]","[1, 40, 4]","[1, 617, 9]","[0, 40, 11]","[0, 1500, 15]","[0, 1014, 15]","[1, 40, 16]","[1, 104, 25]","[0, 40, 26]","[0, 552, 28]","[1, 40, 38]","[1, 132, 191]","[0, 40, 192]","[0, 71, 194]","[1, 40, 204]","[1, 71, 219]","[0, 40, 220]","[1, 518, 227]","[0, 40, 228]",220
"[1, 52, 0]","[0, 48, 4]","[1, 40, 5]","[1, 558, 16]","[0, 40, 17]","[0, 1500, 25]","[0, 1013, 25]","[1, 40, 26]","[1, 104, 32]","[0, 40, 33]","[0, 552, 35]","[1, 40, 45]","[1, 132, 297]","[0, 40, 298]","[0, 71, 300]","[1, 71, 301]","[0, 40, 302]","[1, 518, 306]","[0, 40, 308]","[0, 292, 318]",220
"[1, 52, 0]","[0, 48, 4]","[1, 40, 5]","[1, 617, 7]","[0, 40, 7]","[0, 1500, 11]","[0, 1015, 11]","[1, 40, 12]","[1, 104, 16]","[0, 40, 17]","[0, 552, 18]","[1, 40, 29]","[1, 132, 157]","[0, 40, 159]","[0, 71, 160]","[1, 40, 171]","[1, 71, 189]","[1, 518, 191]","[0, 40, 191]","[0, 40, 191]",220
"[1, 52, 0]","[0, 48, 5]","[1, 40, 5]","[1, 558, 7]","[0, 40, 8]","[0, 1500, 15]","[0, 1013, 15]","[1, 40, 16]","[1, 104, 79]","[0, 40, 80]","[0, 552, 82]","[1, 40, 91]","[1, 132, 187]","[0, 40, 188]","[0, 71, 190]","[1, 71, 197]","[0, 40, 198]","[1, 518, 202]","[0, 40, 203]","[0, 246, 213]",220
"[1, 52, 0]","[0, 48, 4]","[1, 40, 4]","[1, 558, 12]","[0, 40, 13]","[0, 1500, 18]","[0, 1014, 18]","[1, 40, 19]","[1, 104, 26]","[0, 40, 27]","[0, 552, 29]","[1, 40, 40]","[1, 132, 176]","[0, 40, 176]","[1, 71, 178]","[0, 71, 178]","[1, 518, 178]","[0, 40, 179]","[0, 40, 179]","[1, 40, 190]",220
"[1, 52, 0]","[0, 48, 4]","[1, 40, 5]","[1, 558, 19]","[0, 40, 21]","[0, 1500, 26]","[0, 1014, 26]","[1, 40, 27]","[1, 104, 38]","[0, 40, 39]","[0, 552, 42]","[1, 40, 53]","[1, 132, 279]","[0, 40, 280]","[0, 71, 281]","[1, 71, 289]","[0, 40, 290]","[1, 518, 292]","[0, 40, 293]","[0, 292, 303]",220
"[1, 52, 0]","[0, 48, 5]","[1, 40, 5]","[1, 617, 10]","[0, 40, 11]","[0, 1500, 16]","[0, 1013, 16]","[1, 40, 17]","[1, 104, 22]","[0, 40, 23]","[0, 552, 25]","[1, 40, 36]","[1, 132, 128]","[0, 40, 129]","[0, 71, 130]","[1, 71, 132]","[0, 40, 133]","[1, 518, 133]","[0, 40, 134]","[0, 246, 144]",220
"[1, 52, 0]","[0, 48, 4]","[1, 40, 5]","[1, 558, 26]","[0, 40, 27]","[0, 1500, 32]","[0, 1014, 32]","[1, 40, 33]","[1, 104, 106]","[0, 40, 106]","[0, 552, 109]","[1, 40, 120]","[1, 132, 327]","[1, 71, 327]","[0, 40, 327]","[1, 518, 328]","[0, 40, 328]","[0, 40, 328]","[0, 71, 330]","[0, 292, 340]",220
"[1, 52, 0]","[0, 48, 4]","[1, 40, 6]","[1, 558, 9]","[0, 40, 11]","[0, 1500, 15]","[0, 1014, 16]","[1, 40, 17]","[1, 104, 36]","[0, 40, 37]","[0, 552, 39]","[1, 40, 50]","[1, 132, 249]","[1, 71, 249]","[1, 518, 249]","[0, 40, 249]","[0, 40, 250]","[0, 40, 250]","[0, 71, 251]","[1, 40, 261]",220
"[1, 52, 0]","[0, 48, 4]","[1, 40, 5]","[1, 558, 69]","[0, 40, 70]","[0, 1500, 75]","[0, 1015, 75]","[1, 40, 75]","[1, 104, 110]","[0, 40, 112]","[0, 552, 113]","[1, 40, 124]","[1, 132, 422]","[0, 40, 423]","[0, 71, 425]","[1, 71, 432]","[0, 40, 433]","[1, 518, 437]","[0, 40, 438]","[0, 246, 448]",220
"[1, 52, 0]","[0, 48, 5]","[1, 40, 5]","[1, 585, 26]","[0, 40, 28]","[0, 1500, 33]","[0, 1014, 33]","[1, 40, 35]","[1, 104, 88]","[0, 40, 89]","[0, 552, 91]","[1, 40, 103]","[1, 132, 327]","[0, 40, 328]","[1, 71, 329]","[0, 71, 329]","[0, 40, 330]","[1, 518, 339]","[0, 40, 340]","[0, 246, 350]",220
"[1, 52, 0]","[0, 48, 5]","[1, 40, 5]","[1, 558, 7]","[0, 40, 8]","[0, 1500, 13]","[0, 1013, 13]","[1, 40, 14]","[1, 104, 18]","[0, 40, 19]","[0, 552, 21]","[1, 40, 32]","[1, 132, 93]","[0, 40, 94]","[0, 71, 96]","[1, 71, 97]","[0, 40, 98]","[1, 518, 100]","[0, 40, 100]","[0, 293, 116]",220
"[1, 52, 0]","[0, 48, 5]","[1, 40, 6]","[1, 558, 9]","[0, 40, 10]","[0, 1500, 15]","[0, 1014, 15]","[1, 40, 15]","[1, 104, 20]","[0, 40, 21]","[0, 552, 23]","[1, 40, 34]","[1, 132, 143]","[0, 40, 144]","[0, 71, 145]","[1, 71, 152]","[0, 40, 153]","[1, 518, 155]","[0, 40, 155]","[0, 293, 166]",220
"[1, 52, 0]","[0, 48, 5]","[1, 40, 6]","[1, 617, 12]","[0, 40, 13]","[0, 1500, 17]","[0, 1014, 17]","[1, 40, 17]","[1, 104, 29]","[0, 40, 30]","[0, 552, 32]","[1, 40, 43]","[1, 132, 364]","[0, 40, 365]","[0, 71, 367]","[1, 71, 369]","[0, 40, 370]","[1, 518, 375]","[0, 40, 376]","[0, 292, 388]",220
"[1, 52, 0]","[0, 48, 4]","[1, 40, 5]","[1, 558, 15]","[0, 40, 16]","[0, 1500, 22]","[0, 1014, 22]","[1, 40, 23]","[1, 104, 30]","[0, 40, 32]","[0, 552, 34]","[1, 40, 46]","[1, 132, 167]","[0, 40, 168]","[1, 71, 168]","[1, 518, 168]","[0, 40, 169]","[0, 40, 169]","[0, 71, 169]","[0, 292, 180]",220
"[1, 52, 0]","[0, 48, 5]","[1, 40, 5]","[1, 649, 8]","[0, 40, 9]","[0, 1500, 14]","[0, 1014, 14]","[1, 40, 15]","[1, 104, 22]","[0, 40, 23]","[0, 552, 24]","[1, 40, 35]","[1, 132, 169]","[0, 40, 170]","[1, 71, 171]","[0, 71, 172]","[0, 40, 172]","[1, 518, 173]","[0, 40, 174]","[0, 292, 183]",220
"[1, 52, 0]","[0, 48, 4]","[1, 40, 6]","[1, 585, 12]","[0, 40, 13]","[0, 1500, 18]","[0, 1014, 18]","[1, 40, 19]","[1, 104, 90]","[0, 40, 91]","[0, 552, 93]","[1, 132, 100]","[1, 71, 100]","[0, 40, 100]","[0, 40, 100]","[1, 518, 101]","[0, 40, 102]","[0, 71, 102]","[0, 293, 110]","[0, 1500, 110]",220
"[1, 52, 0]","[0, 48, 5]","[1, 40, 6]","[1, 585, 10]","[0, 40, 11]","[0, 1500, 16]","[0, 1015, 16]","[1, 40, 17]","[1, 104, 32]","[0, 40, 33]","[0, 552, 35]","[1, 40, 46]","[1, 132, 143]","[0, 40, 144]","[0, 71, 147]","[1, 40, 158]","[1, 71, 188]","[0, 40, 189]","[1, 518, 190]","[0, 40, 190]",220
"[1, 52, 0]","[0, 48, 4]","[1, 40, 4]","[1, 649, 15]","[0, 40, 15]","[0, 1500, 20]","[0, 1014, 20]","[1, 40, 21]","[1, 104, 32]","[0, 40, 34]","[0, 552, 35]","[1, 40, 47]","[1, 132, 278]","[1, 71, 278]","[0, 40, 279]","[1, 518, 279]","[0, 40, 279]","[0, 40, 280]","[0, 71, 280]","[1, 40, 290]",220
"[1, 52, 0]","[0, 48, 5]","[1, 40, 6]","[1, 585, 13]","[0, 40, 13]","[0, 1500, 18]","[0, 1015, 18]","[1, 40, 19]","[1, 104, 27]","[0, 40, 29]","[0, 552, 31]","[1, 40, 42]","[1, 132, 297]","[0, 40, 298]","[0, 71, 300]","[1, 71, 300]","[0, 40, 301]","[1, 518, 305]","[0, 40, 307]","[0, 247, 322]",220
"[1, 52, 0]","[0, 48, 5]","[1, 40, 7]","[1, 558, 23]","[0, 40, 25]","[0, 1500, 30]","[0, 1013, 30]","[1, 40, 32]","[1, 104, 48]","[0, 40, 50]","[0, 552, 51]","[1, 40, 64]","[1, 132, 331]","[0, 40, 332]","[0, 71, 334]","[1, 71, 340]","[1, 518, 341]","[0, 40, 341]","[0, 40, 343]","[0, 292, 352]",220
"[1, 52, 0]","[0, 48, 4]","[1, 40, 4]","[1, 558, 6]","[0, 40, 7]","[0, 1500, 12]","[0, 1014, 13]","[1, 40, 13]","[1, 104, 18]","[0, 40, 19]","[0, 552, 21]","[1, 40, 32]","[1, 132, 325]","[1, 71, 326]","[0, 40, 326]","[0, 40, 327]","[1, 518, 327]","[0, 71, 328]","[0, 40, 328]","[0, 246, 338]",220
"[1, 52, 0]","[0, 48, 4]","[1, 40, 5]","[1, 585, 20]","[0, 40, 21]","[0, 1500, 26]","[0, 1014, 26]","[1, 40, 27]","[1, 104, 36]","[0, 40, 36]","[0, 552, 38]","[1, 40, 49]","[1, 132, 246]","[0, 40, 247]","[1, 71, 248]","[0, 40, 249]","[0, 71, 249]","[1, 518, 252]","[0, 40, 253]","[0, 293, 263]",220
"[1, 52, 0]","[0, 48, 5]","[1, 40, 6]","[1, 649, 11]","[0, 40, 12]","[0, 1500, 16]","[0, 1014, 17]","[1, 40, 17]","[1, 104, 30]","[0, 40, 31]","[0, 552, 33]","[1, 40, 44]","[1, 132, 257]","[0, 40, 258]","[1, 71, 259]","[0, 71, 259]","[0, 40, 259]","[1, 518, 265]","[0, 40, 266]","[0, 292, 279]",220
"[1, 52, 0]","[0, 48, 3]","[1, 40, 4]","[1, 649, 11]","[0, 40, 12]","[0, 1500, 16]","[0, 1015, 16]","[1, 40, 16]","[1, 104, 28]","[0, 40, 28]","[0, 552, 30]","[1, 40, 42]","[1, 132, 375]","[0, 40, 376]","[1, 71, 378]","[0, 71, 378]","[0, 40, 379]","[1, 518, 380]","[0, 40, 382]","[0, 292, 392]",220
"[1, 52, 0]","[0, 48, 4]","[1, 40, 5]","[1, 585, 10]","[0, 40, 11]","[0, 1500, 15]","[0, 1014, 15]","[1, 40, 16]","[1, 104, 25]","[0, 40, 26]","[0, 552, 27]","[1, 40, 38]","[1, 132, 232]","[0, 40, 234]","[0, 71, 235]","[1, 71, 237]","[0, 40, 238]","[1, 518, 241]","[0, 40, 242]","[0, 1500, 254]",220
"[1, 52, 0]","[0, 48, 3]","[1, 40, 4]","[1, 649, 7]","[0, 40, 8]","[0, 1500, 13]","[0, 1014, 13]","[1, 40, 14]","[1, 104, 21]","[0, 40, 22]","[0, 552, 24]","[1, 40, 35]","[1, 132, 129]","[0, 40, 130]","[1, 71, 130]","[1, 518, 131]","[0, 40, 131]","[0, 71, 131]","[0, 40, 132]","[0, 292, 141]",220
"[1, 52, 0]","[0, 48, 4]","[1, 40, 6]","[1, 617, 9]","[0, 40, 10]","[0, 1500, 15]","[0, 1014, 15]","[1, 40, 17]","[1, 104, 59]","[0, 40, 60]","[0, 552, 62]","[1, 40, 74]","[1, 132, 289]","[0, 40, 290]","[0, 71, 292]","[1, 71, 295]","[0, 40, 295]","[1, 518, 297]","[0, 40, 298]","[0, 292, 308]",220
"[1, 52, 0]","[0, 48, 4]","[1, 40, 5]","[1, 617, 7]","[0, 40, 7]","[0, 1500, 12]","[0, 1013, 12]","[1, 40, 13]","[1, 104, 18]","[0, 40, 19]","[0, 552, 21]","[1, 40, 32]","[1, 132, 217]","[0, 40, 218]","[1, 71, 219]","[0, 71, 220]","[0, 40, 221]","[1, 518, 223]","[0, 40, 224]","[0, 292, 238]",220
"[1, 52, 0]","[0, 48, 4]","[1, 40, 5]","[1, 585, 10]","[0, 40, 11]","[0, 1500, 15]","[0, 1015, 15]","[1, 40, 16]","[1, 104, 28]","[0, 40, 29]","[0, 552, 31]","[1, 40, 41]","[1, 132, 108]","[0, 40, 108]","[1, 71, 109]","[0, 40, 110]","[0, 71, 110]","[1, 518, 117]","[0, 40, 118]","[0, 246, 130]",220
"[1, 52, 0]","[0, 48, 5]","[1, 40, 5]","[1, 558, 8]","[0, 40, 9]","[0, 1500, 16]","[0, 1015, 16]","[1, 40, 16]","[1, 104, 27]","[0, 40, 29]","[0, 552, 30]","[1, 40, 42]","[1, 132, 202]","[0, 40, 202]","[0, 71, 204]","[1, 71, 207]","[0, 40, 208]","[1, 518, 208]","[0, 40, 209]","[0, 247, 221]",220
"[1, 52, 0]","[0, 48, 4]","[1, 40, 5]","[1, 617, 9]","[0, 40, 10]","[0, 1500, 15]","[0, 1013, 15]","[1, 40, 16]","[1, 104, 24]","[0, 40, 25]","[0, 552, 27]","[1, 40, 38]","[1, 132, 239]","[0, 40, 240]","[0, 71, 242]","[1, 71, 244]","[1, 518, 244]","[0, 40, 244]","[0, 40, 244]","[0, 292, 255]",220
"[1, 52, 0]","[0, 48, 4]","[1, 40, 5]","[1, 649, 6]","[0, 40, 7]","[0, 1500, 12]","[0, 1014, 12]","[1, 40, 13]","[1, 104, 23]","[0, 40, 24]","[0, 552, 26]","[1, 40, 38]","[1, 132, 431]","[0, 40, 432]","[1, 71, 433]","[0, 71, 434]","[0, 40, 434]","[1, 518, 435]","[0, 40, 436]","[0, 292, 445]",220
"[1, 52, 0]","[0, 48, 4]","[1, 40, 5]","[1, 558, 14]","[0, 40, 15]","[0, 1500, 19]","[0, 1014, 19]","[1, 40, 20]","[1, 104, 28]","[0, 40, 28]","[0, 552, 30]","[1, 40, 40]","[1, 132, 306]","[0, 40, 306]","[0, 71, 308]","[1, 71, 311]","[0, 40, 311]","[1, 518, 320]","[0, 40, 321]","[0, 292, 332]",220
"[1, 52, 0]","[0, 48, 5]","[1, 40, 6]","[1, 558, 20]","[0, 40, 22]","[0, 1500, 28]","[0, 1013, 28]","[1, 40, 29]","[1, 104, 57]","[0, 40, 58]","[0, 552, 60]","[1, 40, 72]","[1, 132, 308]","[0, 40, 309]","[0, 71, 310]","[1, 71, 318]","[0, 40, 319]","[1, 518, 320]","[0, 40, 321]","[0, 246, 333]",220
"[1, 52, 0]","[0, 48, 4]","[1, 40, 6]","[1, 649, 9]","[0, 40, 10]","[0, 1500, 15]","[0, 1015, 15]","[1, 40, 15]","[1, 104, 24]","[0, 40, 25]","[0, 552, 27]","[1, 40, 37]","[1, 132, 174]","[0, 40, 175]","[0, 71, 177]","[1, 71, 179]","[1, 518, 180]","[0, 40, 180]","[0, 40, 181]","[0, 292, 191]",220
"[1, 52, 0]","[0, 48, 5]","[1, 40, 5]","[1, 617, 9]","[0, 40, 10]","[0, 1500, 15]","[0, 1015, 15]","[1, 40, 16]","[1, 104, 28]","[0, 40, 29]","[0, 552, 31]","[1, 40, 41]","[1, 132, 124]","[0, 40, 125]","[1, 71, 126]","[0, 40, 126]","[0, 71, 127]","[1, 518, 130]","[0, 40, 130]","[0, 293, 140]",220
"[1, 52, 0]","[0, 48, 4]","[1, 40, 5]","[1, 585, 7]","[0, 40, 8]","[0, 1500, 12]","[0, 1014, 13]","[1, 40, 13]","[1, 104, 22]","[0, 40, 23]","[0, 552, 25]","[1, 40, 37]","[1, 132, 126]","[0, 40, 127]","[0, 71, 129]","[1, 71, 130]","[0, 40, 131]","[1, 518, 131]","[0, 40, 132]","[0, 292, 145]",220
"[1, 52, 0]","[0, 48, 4]","[1, 40, 5]","[1, 558, 13]","[0, 40, 13]","[0, 1500, 20]","[0, 1014, 20]","[1, 40, 21]","[1, 104, 29]","[0, 40, 30]","[0, 552, 32]","[1, 40, 43]","[1, 132, 177]","[1, 71, 177]","[0, 40, 178]","[1, 518, 178]","[0, 40, 178]","[0, 40, 178]","[0, 71, 179]","[0, 246, 189]",220
"[1, 52, 0]","[0, 48, 5]","[1, 40, 8]","[1, 585, 13]","[0, 40, 14]","[0, 1500, 18]","[0, 1014, 18]","[1, 40, 19]","[1, 104, 25]","[0, 40, 26]","[0, 552, 28]","[1, 40, 39]","[1, 132, 112]","[0, 40, 113]","[1, 71, 113]","[1, 518, 114]","[0, 40, 114]","[0, 71, 114]","[0, 40, 115]","[1, 40, 125]",220
"[1, 52, 0]","[0, 48, 4]","[1, 40, 5]","[1, 649, 8]","[0, 40, 8]","[0, 1500, 13]","[0, 1013, 14]","[1, 40, 14]","[1, 104, 19]","[0, 40, 20]","[0, 552, 22]","[1, 40, 33]","[1, 132, 257]","[0, 40, 258]","[1, 71, 258]","[0, 71, 259]","[0, 40, 259]","[1, 518, 259]","[0, 40, 260]","[1, 40, 269]",220
"[1, 52, 0]","[0, 48, 5]","[1, 40, 5]","[1, 585, 50]","[0, 40, 51]","[0, 1500, 57]","[0, 1014, 57]","[1, 40, 58]","[1, 104, 65]","[0, 40, 66]","[0, 552, 68]","[1, 40, 79]","[1, 132, 259]","[0, 40, 260]","[1, 71, 261]","[0, 71, 262]","[0, 40, 262]","[1, 518, 269]","[0, 40, 270]","[0, 292, 279]",220
"[1, 52, 0]","[0, 48, 8]","[1, 40, 9]","[1, 558, 14]","[0, 40, 15]","[0, 1500, 20]","[0, 1015, 20]","[1, 40, 21]","[1, 104, 33]","[0, 40, 34]","[0, 552, 36]","[1, 40, 46]","[1, 132, 1304]","[0, 40, 1305]","[0, 71, 1307]","[1, 71, 1316]","[0, 40, 1317]","[1, 518, 1317]","[0, 40, 1318]","[0, 1500, 1329]",220
"[1, 52, 0]","[0, 48, 4]","[1, 40, 5]","[1, 649, 11]","[0, 40, 12]","[0, 1500, 16]","[0, 1015, 16]","[1, 40, 17]","[1, 104, 24]","[0, 40, 25]","[0, 552, 27]","[1, 40, 38]","[1, 132, 201]","[0, 40, 202]","[1, 71, 203]","[1, 518, 203]","[0, 40, 204]","[0, 71, 204]","[0, 40, 205]","[1, 40, 216]",220
"[1, 52, 0]","[0, 48, 6]","[1, 40, 8]","[1, 585, 16]","[0, 40, 17]","[0, 1500, 23]","[0, 1013, 23]","[1, 40, 25]","[1, 104, 39]","[0, 40, 40]","[0, 552, 41]","[1, 40, 52]","[1, 132, 205]","[0, 40, 207]","[0, 71, 210]","[1, 71, 211]","[0, 40, 213]","[1, 518, 216]","[0, 40, 217]","[0, 246, 228]",220
"[1, 52, 0]","[0, 48, 5]","[1, 40, 6]","[1, 617, 7]","[0, 40, 8]","[0, 1500, 14]","[0, 1014, 14]","[1, 40, 15]","[1, 104, 52]","[0, 40, 53]","[0, 552, 55]","[1, 40, 66]","[1, 132, 175]","[0, 40, 176]","[1, 71, 176]","[1, 518, 176]","[0, 40, 176]","[0, 40, 176]","[0, 71, 177]","[0, 292, 186]",220
"[1, 52, 0]","[0, 48, 4]","[1, 40, 5]","[1, 617, 7]","[0, 40, 8]","[0, 1500, 13]","[0, 1014, 13]","[1, 40, 14]","[1, 104, 20]","[0, 40, 22]","[0, 552, 24]","[1, 40, 35]","[1, 132, 263]","[1, 71, 265]","[1, 518, 266]","[0, 40, 266]","[0, 40, 267]","[0, 40, 267]","[0, 71, 268]","[0, 246, 277]",220
"[1, 52, 0]","[0, 48, 4]","[1, 40, 5]","[1, 585, 8]","[0, 40, 9]","[0, 1500, 18]","[0, 1014, 18]","[1, 40, 19]","[1, 104, 27]","[0, 40, 28]","[0, 552, 30]","[1, 40, 40]","[1, 132, 212]","[0, 40, 213]","[0, 71, 215]","[1, 40, 227]","[1, 71, 235]","[0, 40, 236]","[1, 518, 242]","[0, 40, 243]",220
"[1, 52, 0]","[0, 48, 5]","[1, 40, 5]","[1, 585, 8]","[0, 40, 8]","[0, 1500, 14]","[0, 1014, 14]","[1, 40, 15]","[1, 104, 22]","[0, 40, 24]","[0, 552, 25]","[1, 40, 37]","[1, 132, 150]","[0, 40, 151]","[0, 71, 153]","[1, 71, 161]","[0, 40, 162]","[1, 518, 163]","[0, 40, 164]","[0, 246, 178]",220
"[1, 52, 0]","[0, 48, 4]","[1, 40, 5]","[1, 585, 17]","[0, 40, 18]","[0, 1500, 23]","[0, 1013, 23]","[1, 40, 24]","[1, 104, 32]","[0, 40, 33]","[0, 552, 34]","[1, 40, 45]","[1, 132, 269]","[0, 40, 270]","[0, 71, 271]","[1, 71, 273]","[0, 40, 274]","[1, 518, 274]","[0, 40, 275]","[0, 292, 286]",220
"[1, 52, 0]","[0, 48, 3]","[1, 40, 5]","[1, 649, 41]","[0, 40, 42]","[0, 1500, 47]","[0, 1014, 47]","[1, 40, 48]","[1, 104, 58]","[0, 40, 59]","[0, 552, 61]","[1, 40, 72]","[1, 132, 247]","[0, 40, 248]","[1, 71, 250]","[0, 71, 250]","[0, 40, 251]","[1, 40, 260]","[1, 518, 279]","[0, 40, 281]",220
"[1, 52, 0]","[0, 48, 5]","[1, 40, 6]","[1, 617, 9]","[0, 40, 10]","[0, 1500, 15]","[0, 1014, 16]","[1, 40, 17]","[1, 104, 23]","[0, 40, 24]","[0, 552, 26]","[1, 40, 38]","[1, 132, 217]","[0, 40, 218]","[0, 71, 220]","[1, 71, 227]","[0, 40, 228]","[1, 518, 228]","[0, 40, 229]","[0, 292, 239]",220
"[1, 52, 0]","[0, 48, 5]","[1, 40, 6]","[1, 558, 7]","[0, 40, 8]","[0, 1500, 14]","[0, 1014, 14]","[1, 40, 15]","[1, 104, 23]","[0, 40, 24]","[0, 552, 25]","[1, 40, 36]","[1, 132, 124]","[0, 40, 125]","[0, 71, 127]","[1, 71, 131]","[0, 40, 132]","[1, 518, 134]","[0, 40, 134]","[0, 246, 148]",220
"[1, 52, 0]","[0, 48, 4]","[1, 40, 5]","[1, 585, 19]","[0, 40, 20]","[0, 1500, 24]","[0, 1015, 24]","[1, 40, 24]","[1, 104, 101]","[0, 40, 102]","[0, 552, 104]","[1, 40, 115]","[1, 132, 178]","[0, 40, 179]","[0, 71, 181]","[1, 71, 182]","[0, 40, 182]","[1, 518, 183]","[0, 40, 184]","[0, 246, 197]",220
"[1, 52, 0]","[0, 48, 5]","[1, 40, 6]","[1, 585, 11]","[0, 40, 12]","[0, 1500, 18]","[0, 1013, 18]","[1, 40, 19]","[1, 104, 27]","[0, 40, 28]","[0, 552, 30]","[1, 40, 40]","[1, 132, 253]","[0, 40, 254]","[0, 71, 255]","[1, 71, 256]","[0, 40, 256]","[1, 518, 257]","[0, 40, 257]","[0, 292, 268]",220
"[1, 52, 0]","[0, 48, 4]","[1, 40, 6]","[1, 649, 16]","[0, 40, 16]","[0, 1500, 21]","[0, 1014, 21]","[1, 40, 22]","[1, 104, 31]","[0, 40, 32]","[0, 552, 34]","[1, 40, 45]","[1, 132, 263]","[0, 40, 264]","[0, 71, 265]","[1, 71, 268]","[0, 40, 269]","[1, 518, 270]","[0, 40, 272]","[0, 246, 281]",220
"[1, 52, 0]","[0, 48, 5]","[1, 40, 5]","[1, 585, 7]","[0, 40, 7]","[0, 1500, 13]","[0, 1015, 13]","[1, 40, 14]","[1, 104, 20]","[0, 40, 21]","[0, 552, 23]","[1, 40, 34]","[1, 132, 101]","[0, 40, 102]","[1, 71, 102]","[0, 40, 104]","[0, 71, 104]","[1, 518, 109]","[0, 40, 110]","[0, 292, 121]",220
"[1, 52, 0]","[0, 48, 3]","[1, 40, 4]","[1, 649, 10]","[0, 40, 11]","[0, 1500, 16]","[0, 1013, 16]","[1, 40, 17]","[1, 104, 29]","[0, 40, 30]","[0, 552, 32]","[1, 40, 44]","[1, 132, 145]","[0, 40, 146]","[1, 71, 147]","[0, 71, 147]","[0, 40, 147]","[1, 518, 149]","[0, 40, 150]","[0, 292, 160]",220
"[1, 52, 0]","[0, 48, 4]","[1, 40, 10]","[1, 558, 13]","[0, 40, 14]","[0, 1500, 18]","[0, 1014, 18]","[1, 40, 18]","[1, 104, 25]","[0, 40, 26]","[0, 552, 28]","[1, 40, 39]","[1, 132, 258]","[0, 40, 258]","[1, 71, 259]","[1, 518, 259]","[0, 40, 259]","[0, 40, 260]","[0, 71, 260]","[1, 40, 271]",220
"[1, 52, 0]","[0, 48, 5]","[1, 40, 5]","[1, 649, 9]","[0, 40, 10]","[0, 1500, 15]","[0, 1013, 15]","[1, 40, 15]","[1, 104, 22]","[0, 40, 23]","[0, 552, 25]","[1, 40, 35]","[1, 132, 91]","[0, 40, 92]","[1, 71, 93]","[0, 71, 93]","[0, 40, 93]","[1, 518, 94]","[0, 40, 95]","[0, 292, 106]",220
"[1, 52, 0]","[0, 48, 3]","[1, 40, 4]","[1, 558, 7]","[0, 40, 7]","[0, 1500, 14]","[0, 1014, 14]","[1, 40, 15]","[1, 104, 23]","[0, 40, 24]","[0, 552, 26]","[1, 40, 37]","[1, 132, 172]","[0, 40, 172]","[1, 71, 173]","[1, 518, 173]","[0, 40, 173]","[0, 40, 173]","[0, 71, 174]","[1, 40, 186]",220
"[1, 52, 0]","[0, 48, 6]","[1, 40, 7]","[1, 649, 14]","[0, 40, 16]","[0, 1500, 21]","[0, 1014, 21]","[1, 40, 22]","[1, 104, 39]","[0, 40, 41]","[0, 552, 42]","[1, 40, 53]","[1, 132, 161]","[0, 40, 162]","[1, 71, 163]","[0, 71, 163]","[0, 40, 164]","[1, 518, 166]","[0, 40, 167]","[0, 293, 178]",220
"[1, 52, 0]","[0, 48, 3]","[1, 40, 4]","[1, 617, 7]","[0, 40, 7]","[0, 1500, 14]","[0, 1013, 14]","[1, 40, 15]","[1, 104, 25]","[0, 40, 27]","[0, 552, 29]","[1, 40, 41]","[1, 132, 300]","[0, 40, 301]","[0, 71, 303]","[1, 71, 308]","[0, 40, 310]","[1, 518, 310]","[0, 40, 311]","[0, 292, 321]",220
"[1, 52, 0]","[0, 48, 4]","[1, 40, 6]","[1, 617, 12]","[0, 40, 12]","[0, 1500, 18]","[0, 1014, 18]","[1, 40, 18]","[1, 104, 26]","[0, 40, 28]","[0, 552, 29]","[1, 40, 41]","[1, 132, 245]","[0, 40, 246]","[0, 71, 248]","[1, 71, 250]","[0, 40, 251]","[1, 518, 252]","[0, 40, 252]","[0, 247, 267]",220
"[1, 52, 0]","[0, 48, 4]","[1, 40, 5]","[1, 585, 8]","[0, 40, 8]","[0, 1500, 14]","[0, 1015, 14]","[1, 40, 16]","[1, 104, 20]","[0, 40, 21]","[0, 552, 23]","[1, 40, 34]","[1, 132, 249]","[0, 40, 250]","[1, 71, 251]","[0, 71, 252]","[0, 40, 252]","[1, 518, 252]","[0, 40, 253]","[0, 246, 263]",220
"[1, 52, 0]","[0, 48, 4]","[1, 40, 5]","[1, 617, 8]","[0, 40, 8]","[0, 1500, 13]","[0, 1013, 13]","[1, 40, 13]","[1, 104, 20]","[0, 40, 21]","[0, 552, 23]","[1, 40, 33]","[1, 132, 116]","[0, 40, 117]","[0, 71, 118]","[1, 71, 124]","[0, 40, 125]","[1, 518, 127]","[0, 40, 128]","[0, 292, 139]",220
"[1, 52, 0]","[0, 48, 3]","[1, 40, 4]","[1, 585, 10]","[0, 40, 11]","[0, 1500, 14]","[0, 1014, 15]","[1, 40, 15]","[1, 104, 22]","[0, 40, 23]","[0, 552, 24]","[1, 40, 36]","[1, 132, 266]","[0, 40, 267]","[0, 71, 269]","[1, 40, 280]","[1, 71, 293]","[0, 40, 294]","[1, 518, 295]","[0, 40, 297]",220
"[1, 52, 0]","[0, 48, 5]","[1, 40, 5]","[1, 585, 40]","[0, 40, 42]","[0, 1500, 46]","[0, 1014, 46]","[1, 40, 46]","[1, 104, 148]","[0, 40, 150]","[0, 552, 152]","[1, 40, 162]","[1, 132, 180]","[0, 40, 180]","[0, 71, 182]","[1, 71, 183]","[0, 40, 184]","[1, 518, 184]","[0, 40, 185]","[0, 292, 199]",220
"[1, 52, 0]","[0, 48, 9]","[1, 40, 10]","[1, 617, 13]","[0, 40, 14]","[0, 1500, 20]","[0, 1014, 20]","[1, 40, 22]","[1, 104, 48]","[0, 40, 48]","[0, 552, 52]","[1, 40, 93]","[1, 132, 180]","[0, 40, 181]","[0, 71, 183]","[1, 71, 183]","[0, 40, 185]","[1, 518, 197]","[0, 40, 198]","[0, 246, 208]",220
"[1, 52, 0]","[0, 48, 4]","[1, 40, 5]","[1, 617, 15]","[0, 40, 16]","[0, 1500, 22]","[0, 1014, 22]","[1, 40, 23]","[1, 104, 36]","[0, 40, 37]","[0, 552, 39]","[1, 40, 50]","[1, 132, 243]","[1, 71, 244]","[0, 40, 244]","[1, 518, 244]","[0, 40, 244]","[0, 40, 245]","[0, 71, 245]","[0, 292, 256]",220
"[1, 52, 0]","[0, 48, 5]","[1, 40, 6]","[1, 558, 14]","[0, 40, 15]","[0, 1500, 20]","[0, 1014, 20]","[1, 40, 21]","[1, 104, 30]","[0, 40, 31]","[0, 552, 33]","[1, 40, 46]","[1, 132, 325]","[0, 40, 326]","[1, 71, 327]","[0, 40, 327]","[0, 71, 327]","[1, 518, 332]","[0, 40, 333]","[0, 246, 344]",220
"[1, 52, 0]","[0, 48, 5]","[1, 40, 7]","[1, 617, 119]","[0, 40, 120]","[0, 1500, 125]","[0, 1013, 125]","[1, 40, 129]","[1, 104, 155]","[0, 40, 156]","[0, 552, 158]","[1, 40, 169]","[1, 132, 301]","[0, 40, 302]","[0, 71, 307]","[1, 40, 319]","[1, 71, 346]","[0, 40, 347]","[1, 518, 347]","[0, 40, 348]",220
"[1, 52, 0]","[0, 48, 6]","[1, 40, 6]","[1, 558, 8]","[0, 40, 9]","[0, 1500, 15]","[0, 1015, 15]","[1, 40, 16]","[1, 104, 21]","[0, 40, 22]","[0, 552, 24]","[1, 40, 36]","[1, 132, 196]","[1, 71, 196]","[0, 40, 196]","[1, 518, 196]","[0, 40, 197]","[0, 40, 197]","[0, 71, 198]","[0, 1500, 208]",220
"[1, 52, 0]","[0, 48, 4]","[1, 40, 5]","[1, 617, 15]","[0, 40, 16]","[0, 1500, 21]","[0, 1015, 21]","[1, 40, 23]","[1, 104, 34]","[0, 40, 35]","[0, 552, 37]","[1, 40, 49]","[1, 132, 276]","[0, 40, 277]","[0, 71, 279]","[1, 71, 288]","[0, 40, 289]","[1, 518, 297]","[0, 40, 298]","[0, 246, 312]",220
"[1, 52, 0]","[0, 48, 5]","[1, 40, 7]","[1, 558, 10]","[0, 40, 12]","[0, 1500, 19]","[0, 1014, 19]","[1, 40, 20]","[1, 104, 110]","[0, 40, 111]","[0, 552, 113]","[1, 40, 123]","[1, 132, 152]","[0, 40, 153]","[1, 71, 154]","[0, 71, 155]","[0, 40, 155]","[1, 518, 158]","[0, 40, 159]","[0, 248, 173]",220
"[1, 52, 0]","[0, 48, 4]","[1, 40, 5]","[1, 649, 13]","[0, 40, 16]","[0, 1500, 20]","[0, 1014, 21]","[1, 40, 22]","[1, 104, 44]","[0, 40, 46]","[0, 552, 48]","[1, 40, 59]","[1, 132, 242]","[0, 40, 243]","[1, 71, 244]","[0, 40, 245]","[0, 71, 245]","[1, 518, 245]","[0, 40, 246]","[0, 292, 256]",220
"[1, 52, 0]","[0, 48, 4]","[1, 40, 5]","[1, 649, 7]","[0, 40, 8]","[0, 1500, 14]","[0, 1014, 14]","[1, 40, 15]","[1, 104, 31]","[0, 40, 32]","[0, 552, 38]","[1, 40, 48]","[1, 132, 174]","[0, 40, 175]","[0, 71, 176]","[1, 71, 179]","[1, 518, 180]","[0, 40, 180]","[0, 40, 180]","[0, 293, 202]",220
"[1, 52, 0]","[0, 48, 4]","[1, 40, 5]","[1, 649, 6]","[0, 40, 7]","[0, 1500, 12]","[0, 1013, 12]","[1, 40, 13]","[1, 104, 102]","[0, 40, 103]","[0, 552, 105]","[1, 40, 115]","[1, 132, 254]","[0, 40, 254]","[1, 71, 256]","[0, 71, 256]","[0, 40, 256]","[1, 518, 257]","[0, 40, 257]","[1, 40, 266]",220
"[1, 52, 0]","[0, 48, 4]","[1, 40, 5]","[1, 617, 13]","[0, 40, 14]","[0, 1500, 17]","[0, 1013, 17]","[1, 40, 18]","[1, 104, 26]","[0, 40, 27]","[0, 552, 29]","[1, 40, 39]","[1, 132, 226]","[0, 40, 226]","[1, 71, 227]","[0, 71, 228]","[0, 40, 228]","[1, 518, 228]","[0, 40, 229]","[1, 40, 239]",220
"[1, 52, 0]","[0, 48, 3]","[1, 40, 3]","[1, 585, 7]","[0, 40, 7]","[0, 1500, 12]","[0, 1015, 12]","[1, 40, 13]","[1, 104, 19]","[0, 40, 20]","[0, 552, 22]","[1, 40, 32]","[1, 132, 82]","[0, 40, 82]","[0, 71, 84]","[1, 71, 84]","[0, 40, 85]","[1, 518, 86]","[0, 40, 87]","[0, 293, 101]",220
"[1, 52, 0]","[0, 48, 5]","[1, 40, 6]","[1, 585, 10]","[0, 40, 11]","[0, 1500, 16]","[0, 1014, 16]","[1, 40, 16]","[1, 104, 33]","[0, 40, 34]","[0, 552, 35]","[1, 40, 47]","[1, 132, 123]","[0, 40, 125]","[1, 71, 126]","[0, 71, 126]","[1, 518, 126]","[0, 40, 127]","[0, 40, 127]","[1, 40, 137]",220
"[1, 52, 0]","[0, 48, 5]","[1, 40, 5]","[1, 585, 7]","[0, 40, 8]","[0, 1500, 11]","[0, 1015, 12]","[1, 40, 12]","[1, 104, 18]","[0, 40, 19]","[0, 552, 21]","[1, 40, 34]","[1, 132, 124]","[1, 71, 124]","[0, 40, 124]","[0, 40, 125]","[1, 518, 125]","[0, 40, 125]","[0, 71, 126]","[1, 40, 136]",220
"[1, 52, 0]","[0, 48, 89]","[1, 40, 90]","[1, 649, 92]","[0, 40, 98]","[0, 1500, 103]","[0, 1014, 103]","[1, 40, 104]","[1, 104, 108]","[0, 40, 110]","[0, 552, 111]","[1, 40, 152]","[1, 132, 300]","[0, 40, 301]","[1, 71, 301]","[1, 518, 301]","[0, 40, 302]","[0, 40, 302]","[0, 71, 303]","[0, 246, 312]",220
"[1, 52, 0]","[0, 48, 4]","[1, 40, 5]","[1, 558, 6]","[0, 40, 7]","[0, 1500, 13]","[0, 1014, 13]","[1, 40, 14]","[1, 104, 19]","[0, 40, 20]","[0, 552, 22]","[1, 40, 33]","[1, 132, 143]","[0, 40, 144]","[1, 71, 145]","[0, 71, 146]","[0, 40, 147]","[1, 518, 148]","[0, 40, 148]","[0, 293, 171]",220
"[1, 52, 0]","[0, 48, 3]","[1, 40, 4]","[1, 617, 8]","[0, 40, 9]","[0, 1500, 14]","[0, 1014, 14]","[1, 40, 14]","[1, 104, 20]","[0, 40, 21]","[0, 552, 22]","[1, 40, 34]","[1, 132, 132]","[0, 40, 133]","[0, 71, 134]","[1, 40, 145]","[1, 71, 151]","[0, 40, 152]","[1, 518, 154]","[0, 40, 155]",220
"[1, 52, 0]","[0, 48, 4]","[1, 40, 5]","[1, 617, 21]","[0, 40, 22]","[0, 1500, 27]","[0, 1014, 27]","[1, 40, 28]","[1, 104, 35]","[0, 40, 37]","[0, 552, 38]","[1, 40, 49]","[1, 132, 75]","[0, 40, 76]","[0, 71, 78]","[1, 71, 80]","[1, 518, 81]","[0, 40, 81]","[0, 40, 82]","[0, 246, 92]",220
"[1, 52, 0]","[0, 48, 3]","[1, 40, 4]","[1, 649, 12]","[0, 40, 13]","[0, 1500, 17]","[0, 1014, 17]","[1, 40, 18]","[1, 104, 29]","[0, 40, 30]","[0, 552, 31]","[1, 40, 42]","[1, 132, 298]","[1, 71, 299]","[0, 40, 299]","[0, 40, 299]","[0, 71, 300]","[1, 518, 304]","[0, 40, 306]","[0, 292, 316]",220
"[1, 52, 0]","[0, 48, 3]","[1, 40, 4]","[1, 617, 7]","[0, 40, 8]","[0, 1500, 16]","[0, 1014, 16]","[1, 40, 17]","[1, 104, 22]","[0, 40, 23]","[0, 552, 25]","[1, 40, 36]","[1, 132, 195]","[0, 40, 195]","[0, 71, 197]","[1, 71, 205]","[0, 40, 206]","[1, 518, 207]","[0, 40, 208]","[0, 246, 216]",220
"[1, 52, 0]","[0, 48, 4]","[1, 40, 5]","[1, 617, 30]","[0, 40, 31]","[0, 1500, 36]","[0, 1014, 36]","[1, 40, 37]","[1, 104, 56]","[0, 40, 57]","[0, 552, 59]","[1, 40, 70]","[1, 132, 226]","[0, 40, 227]","[0, 71, 228]","[1, 71, 229]","[0, 40, 230]","[1, 518, 230]","[0, 40, 231]","[0, 246, 242]",220
"[1, 52, 0]","[0, 48, 4]","[1, 40, 5]","[1, 649, 6]","[0, 40, 7]","[0, 1500, 11]","[0, 1015, 11]","[1, 40, 12]","[1, 104, 17]","[0, 40, 18]","[0, 552, 20]","[1, 40, 32]","[1, 132, 302]","[0, 40, 303]","[0, 71, 305]","[1, 40, 317]","[1, 71, 321]","[0, 40, 322]","[1, 518, 323]","[0, 40, 324]",220
"[1, 52, 0]","[0, 48, 4]","[1, 40, 4]","[1, 617, 6]","[0, 40, 7]","[0, 1500, 12]","[0, 1015, 12]","[1, 40, 12]","[1, 104, 17]","[0, 40, 18]","[0, 552, 20]","[1, 40, 31]","[1, 132, 207]","[0, 40, 207]","[1, 71, 208]","[0, 40, 209]","[0, 71, 209]","[1, 518, 212]","[0, 40, 215]","[0, 292, 225]",220
"[1, 52, 0]","[0, 48, 5]","[1, 40, 6]","[1, 558, 8]","[0, 40, 9]","[0, 1500, 15]","[0, 1013, 15]","[1, 40, 17]","[1, 104, 25]","[0, 40, 26]","[0, 552, 29]","[1, 40, 40]","[1, 132, 287]","[1, 71, 288]","[0, 40, 289]","[0, 40, 289]","[1, 518, 290]","[0, 71, 290]","[0, 40, 291]","[1, 40, 300]",220
"[1, 52, 0]","[0, 48, 4]","[1, 40, 6]","[1, 585, 12]","[0, 40, 14]","[0, 1500, 18]","[0, 1014, 18]","[1, 40, 19]","[1, 104, 26]","[0, 40, 27]","[0, 552, 28]","[1, 40, 39]","[1, 132, 174]","[0, 40, 175]","[0, 71, 177]","[1, 71, 179]","[0, 40, 180]","[1, 518, 180]","[0, 40, 181]","[0, 292, 192]",220
"[1, 52, 0]","[0, 48, 5]","[1, 40, 6]","[1, 558, 13]","[0, 40, 14]","[0, 1500, 19]","[0, 1015, 19]","[1, 40, 20]","[1, 104, 86]","[0, 40, 87]","[0, 552, 88]","[1, 40, 100]","[1, 132, 107]","[0, 40, 108]","[1, 71, 108]","[1, 518, 109]","[0, 40, 109]","[0, 40, 109]","[0, 71, 109]","[0, 246, 120]",220
"[1, 52, 0]","[0, 48, 4]","[1, 40, 4]","[1, 649, 7]","[0, 40, 8]","[0, 1500, 14]","[0, 1013, 14]","[1, 40, 15]","[1, 104, 80]","[0, 40, 81]","[0, 552, 83]","[1, 40, 94]","[1, 132, 189]","[0, 40, 190]","[1, 71, 190]","[1, 518, 191]","[0, 71, 191]","[0, 40, 191]","[0, 40, 192]","[1, 40, 202]",220
"[1, 52, 0]","[0, 48, 5]","[1, 40, 6]","[1, 1935, 8]","[0, 40, 9]","[0, 40, 9]","[0, 1500, 14]","[0, 1500, 14]","[0, 1430, 14]","[1, 40, 15]","[1, 104, 27]","[0, 40, 28]","[0, 552, 29]","[1, 210, 29]","[1, 410, 30]","[0, 40, 30]","[0, 40, 31]","[1, 71, 32]","[0, 71, 32]","[0, 40, 33]",211
"[1, 52, 0]","[0, 48, 4]","[1, 40, 5]","[1, 1935, 7]","[0, 40, 7]","[0, 40, 7]","[0, 1500, 12]","[0, 1500, 13]","[0, 1432, 13]","[1, 40, 13]","[1, 104, 22]","[0, 40, 22]","[1, 210, 23]","[1, 410, 24]","[0, 552, 24]","[0, 40, 25]","[1, 71, 26]","[0, 40, 26]","[0, 71, 27]","[0, 40, 27]",211
"[1, 52, 0]","[0, 48, 4]","[1, 40, 5]","[1, 1935, 11]","[0, 40, 12]","[0, 1500, 17]","[0, 1500, 17]","[0, 1432, 17]","[1, 40, 17]","[1, 104, 56]","[0, 40, 56]","[0, 552, 59]","[1, 210, 66]","[1, 410, 66]","[0, 40, 66]","[0, 40, 67]","[0, 71, 68]","[1, 71, 72]","[0, 40, 73]","[0, 292, 76]",211
"[1, 52, 0]","[0, 48, 4]","[1, 40, 5]","[1, 1935, 6]","[0, 40, 7]","[0, 40, 7]","[0, 1500, 13]","[0, 1500, 13]","[0, 1430, 13]","[1, 40, 13]","[1, 40, 23]","[1, 104, 32]","[0, 40, 33]","[1, 210, 33]","[1, 410, 34]","[0, 40, 34]","[0, 552, 34]","[0, 40, 34]","[1, 40, 35]","[0, 71, 36]",211
"[1, 52, 0]","[0, 48, 4]","[1, 40, 5]","[1, 1935, 7]","[0, 40, 8]","[0, 40, 8]","[0, 1500, 13]","[0, 1500, 13]","[0, 1431, 13]","[1, 40, 14]","[1, 104, 29]","[1, 210, 30]","[0, 40, 30]","[1, 410, 30]","[0, 40, 30]","[0, 40, 30]","[0, 552, 32]","[0, 71, 32]","[1, 40, 33]","[1, 71, 35]",211
"[1, 52, 0]","[0, 48, 4]","[1, 40, 5]","[1, 1935, 9]","[0, 40, 10]","[0, 40, 10]","[0, 1500, 16]","[0, 1500, 16]","[0, 1431, 16]","[1, 40, 16]","[1, 104, 28]","[0, 40, 29]","[1, 210, 29]","[1, 410, 29]","[0, 40, 30]","[0, 40, 30]","[0, 552, 31]","[0, 71, 33]","[1, 40, 34]","[1, 71, 35]",211
"[1, 52, 0]","[0, 48, 4]","[1, 40, 5]","[1, 1935, 7]","[0, 40, 7]","[0, 40, 8]","[0, 1500, 14]","[0, 1500, 14]","[0, 1430, 14]","[1, 40, 15]","[1, 104, 32]","[0, 40, 32]","[1, 210, 33]","[1, 410, 33]","[0, 40, 34]","[0, 40, 34]","[0, 552, 34]","[1, 71, 37]","[0, 71, 37]","[0, 40, 37]",211
"[1, 52, 0]","[0, 48, 6]","[1, 40, 7]","[1, 1935, 9]","[0, 40, 10]","[0, 40, 10]","[0, 1500, 15]","[0, 1500, 15]","[0, 1431, 15]","[1, 40, 16]","[1, 104, 27]","[0, 40, 28]","[0, 552, 30]","[1, 210, 31]","[1, 410, 31]","[0, 40, 32]","[0, 40, 32]","[0, 71, 34]","[1, 71, 35]","[0, 40, 36]",211
"[1, 52, 0]","[0, 48, 4]","[1, 40, 5]","[1, 1935, 8]","[0, 40, 9]","[0, 1500, 15]","[0, 1500, 16]","[1, 40, 16]","[0, 1432, 16]","[1, 104, 28]","[0, 40, 29]","[0, 552, 31]","[1, 210, 36]","[1, 410, 36]","[1, 71, 36]","[0, 40, 37]","[0, 40, 37]","[0, 40, 37]","[0, 71, 39]","[0, 292, 48]",211
"[1, 52, 0]","[0, 48, 4]","[1, 40, 4]","[1, 1935, 6]","[0, 40, 7]","[0, 40, 7]","[0, 1500, 12]","[0, 1500, 12]","[1, 40, 12]","[0, 1430, 12]","[1, 104, 26]","[0, 40, 27]","[1, 210, 28]","[1, 410, 28]","[0, 552, 29]","[0, 40, 29]","[0, 40, 29]","[1, 40, 30]","[0, 71, 31]","[1, 40, 31]",211
"[1, 52, 0]","[0, 48, 4]","[1, 40, 4]","[1, 1935, 6]","[0, 40, 7]","[0, 1500, 13]","[0, 1500, 13]","[0, 1431, 13]","[1, 40, 13]","[1, 104, 30]","[0, 40, 31]","[0, 552, 32]","[1, 210, 33]","[1, 410, 33]","[0, 40, 34]","[0, 40, 34]","[0, 71, 36]","[1, 71, 36]","[0, 40, 37]","[0, 292, 46]",211
"[1, 52, 0]","[0, 48, 4]","[1, 40, 5]","[1, 1935, 7]","[0, 40, 8]","[0, 40, 8]","[0, 1500, 13]","[0, 1500, 13]","[0, 1432, 13]","[1, 40, 14]","[1, 104, 30]","[0, 40, 31]","[0, 552, 32]","[1, 210, 33]","[1, 410, 33]","[0, 40, 34]","[1, 71, 35]","[0, 40, 36]","[0, 71, 36]","[0, 292, 44]",211
"[1, 52, 0]","[0, 48, 4]","[1, 40, 5]","[1, 1935, 9]","[0, 40, 10]","[0, 40, 10]","[0, 1500, 16]","[0, 1500, 16]","[0, 1431, 16]","[1, 40, 17]","[1, 104, 25]","[0, 40, 26]","[1, 210, 26]","[1, 410, 27]","[0, 40, 27]","[0, 40, 27]","[0, 552, 27]","[0, 71, 29]","[1, 71, 29]","[0, 40, 29]",211
"[1, 52, 0]","[0, 48, 5]","[1, 40, 5]","[1, 1935, 6]","[0, 40, 7]","[0, 40, 7]","[0, 1500, 15]","[0, 1500, 15]","[0, 1432, 15]","[1, 40, 16]","[1, 104, 29]","[0, 40, 30]","[0, 552, 33]","[1, 210, 34]","[1, 410, 34]","[0, 40, 34]","[0, 40, 34]","[1, 71, 36]","[0, 40, 37]","[0, 71, 37]",211
"[1, 52, 0]","[0, 48, 4]","[1, 40, 5]","[1, 1935, 6]","[0, 40, 7]","[0, 40, 7]","[0, 1500, 12]","[0, 1500, 12]","[0, 1432, 12]","[1, 40, 13]","[1, 104, 24]","[0, 40, 25]","[1, 210, 26]","[1, 410, 26]","[0, 40, 27]","[0, 552, 27]","[0, 40, 27]","[0, 71, 28]","[1, 40, 29]","[1, 71, 30]",211
"[1, 52, 0]","[0, 48, 5]","[1, 40, 6]","[1, 1935, 9]","[0, 40, 10]","[0, 40, 10]","[0, 1500, 15]","[0, 1500, 15]","[0, 1432, 15]","[1, 40, 16]","[1, 104, 33]","[1, 210, 34]","[1, 410, 34]","[0, 40, 34]","[0, 40, 35]","[0, 552, 36]","[0, 71, 37]","[1, 71, 38]","[0, 40, 39]","[0, 247, 46]",211
"[1, 52, 0]","[0, 48, 3]","[1, 40, 4]","[1, 1935, 6]","[0, 40, 7]","[0, 1500, 12]","[0, 1500, 12]","[0, 1431, 12]","[1, 40, 13]","[1, 104, 25]","[1, 210, 27]","[0, 40, 27]","[1, 410, 27]","[0, 40, 27]","[0, 40, 28]","[0, 552, 28]","[0, 71, 30]","[1, 40, 30]","[1, 71, 31]","[0, 40, 32]",211
"[1, 52, 0]","[0, 48, 6]","[1, 40, 7]","[1, 1935, 8]","[0, 40, 8]","[0, 40, 9]","[0, 1500, 15]","[0, 1500, 16]","[0, 1431, 16]","[1, 40, 16]","[1, 104, 27]","[0, 40, 28]","[1, 210, 28]","[1, 410, 28]","[0, 40, 29]","[0, 40, 30]","[0, 552, 30]","[0, 71, 33]","[1, 40, 33]","[1, 71, 34]",211
"[1, 52, 0]","[0, 48, 3]","[1, 40, 4]","[1, 1935, 6]","[0, 40, 7]","[0, 40, 7]","[0, 1500, 13]","[0, 1500, 13]","[0, 1432, 13]","[1, 40, 13]","[1, 104, 32]","[0, 40, 33]","[1, 210, 34]","[1, 410, 35]","[0, 552, 35]","[0, 40, 35]","[0, 71, 37]","[1, 40, 37]","[1, 71, 40]","[0, 40, 41]",211
"[1, 52, 0]","[0, 48, 3]","[1, 40, 4]","[1, 1935, 6]","[0, 40, 7]","[0, 1500, 12]","[0, 1500, 12]","[0, 1431, 12]","[1, 40, 13]","[1, 104, 45]","[0, 40, 46]","[0, 552, 48]","[1, 210, 49]","[1, 410, 49]","[0, 40, 50]","[0, 71, 52]","[1, 71, 54]","[0, 40, 55]","[0, 292, 60]","[0, 1500, 60]",211
"[1, 52, 0]","[0, 48, 5]","[1, 40, 6]","[1, 1935, 9]","[0, 40, 10]","[0, 1500, 15]","[0, 1500, 15]","[0, 1431, 15]","[1, 40, 16]","[1, 104, 30]","[0, 40, 31]","[1, 210, 33]","[0, 552, 33]","[0, 40, 33]","[1, 410, 33]","[0, 40, 34]","[0, 71, 35]","[1, 40, 35]","[1, 71, 38]","[0, 40, 39]",211
"[1, 52, 0]","[0, 48, 5]","[1, 40, 6]","[1, 1935, 7]","[0, 40, 8]","[0, 40, 8]","[0, 1500, 14]","[0, 1500, 14]","[0, 1431, 14]","[1, 40, 14]","[1, 104, 25]","[1, 210, 26]","[0, 40, 26]","[1, 410, 26]","[0, 40, 27]","[0, 40, 27]","[0, 552, 28]","[0, 71, 28]","[1, 40, 28]","[1, 71, 30]",211
"[1, 52, 0]","[0, 48, 5]","[1, 40, 5]","[1, 1935, 7]","[0, 40, 8]","[0, 40, 8]","[0, 1500, 13]","[0, 1500, 13]","[0, 1432, 13]","[1, 40, 14]","[1, 104, 22]","[1, 210, 23]","[0, 40, 23]","[1, 410, 23]","[0, 40, 24]","[0, 40, 24]","[0, 552, 25]","[0, 71, 25]","[1, 40, 25]","[1, 71, 28]",211
"[1, 52, 0]","[0, 48, 4]","[1, 40, 5]","[1, 1935, 6]","[0, 40, 7]","[0, 40, 7]","[0, 1500, 13]","[0, 1500, 13]","[0, 1429, 13]","[1, 40, 14]","[1, 104, 25]","[0, 40, 26]","[0, 552, 27]","[1, 210, 28]","[1, 410, 29]","[0, 40, 29]","[0, 40, 29]","[0, 71, 31]","[1, 71, 32]","[0, 40, 33]",211
"[1, 52, 0]","[0, 48, 4]","[1, 40, 5]","[1, 1935, 7]","[0, 40, 8]","[0, 40, 8]","[0, 1500, 13]","[0, 1500, 13]","[0, 1431, 13]","[1, 40, 14]","[1, 104, 24]","[0, 40, 25]","[1, 210, 25]","[1, 410, 25]","[0, 40, 26]","[0, 40, 26]","[0, 552, 27]","[0, 71, 28]","[1, 40, 28]","[1, 71, 29]",211
"[1, 52, 0]","[0, 48, 4]","[1, 40, 5]","[1, 1935, 7]","[0, 40, 8]","[0, 1500, 14]","[0, 1500, 15]","[0, 1431, 15]","[1, 40, 15]","[1, 104, 39]","[0, 40, 39]","[1, 210, 40]","[1, 410, 40]","[0, 40, 41]","[0, 552, 41]","[0, 71, 42]","[1, 40, 43]","[1, 71, 44]","[0, 40, 45]","[0, 292, 54]",211
"[1, 52, 0]","[0, 48, 5]","[1, 40, 5]","[1, 1935, 8]","[0, 40, 8]","[0, 40, 9]","[0, 1500, 13]","[0, 1500, 13]","[0, 1430, 13]","[1, 40, 14]","[1, 104, 54]","[0, 40, 55]","[0, 552, 57]","[1, 210, 60]","[1, 410, 60]","[0, 40, 60]","[0, 40, 61]","[0, 71, 62]","[1, 71, 67]","[0, 40, 68]",211
"[1, 52, 0]","[0, 48, 5]","[1, 40, 5]","[1, 1935, 8]","[0, 40, 9]","[0, 40, 9]","[0, 1500, 13]","[0, 1500, 13]","[0, 1431, 13]","[1, 40, 14]","[1, 104, 27]","[0, 40, 28]","[0, 552, 30]","[1, 210, 32]","[1, 410, 33]","[0, 40, 33]","[0, 40, 33]","[0, 71, 36]","[1, 71, 37]","[0, 40, 39]",211
"[1, 52, 0]","[0, 48, 3]","[1, 40, 4]","[1, 1935, 5]","[0, 40, 6]","[0, 1500, 11]","[0, 1500, 12]","[0, 1431, 12]","[1, 40, 12]","[1, 104, 25]","[0, 40, 26]","[1, 210, 26]","[1, 410, 26]","[0, 40, 27]","[0, 40, 27]","[0, 552, 27]","[0, 71, 28]","[1, 40, 29]","[1, 71, 32]","[0, 40, 33]",211
"[1, 52, 0]","[0, 48, 4]","[1, 40, 5]","[1, 1935, 8]","[0, 40, 9]","[0, 1500, 13]","[0, 1500, 14]","[0, 1431, 14]","[1, 40, 14]","[1, 104, 31]","[0, 40, 32]","[1, 210, 34]","[0, 552, 34]","[1, 410, 34]","[0, 40, 35]","[0, 40, 35]","[0, 71, 37]","[1, 40, 38]","[1, 71, 39]","[0, 40, 40]",211
"[1, 52, 0]","[0, 48, 3]","[1, 40, 4]","[1, 1935, 6]","[0, 40, 7]","[0, 1500, 12]","[0, 1500, 13]","[0, 1432, 13]","[1, 40, 13]","[1, 104, 36]","[0, 40, 37]","[1, 210, 39]","[1, 410, 39]","[0, 552, 39]","[0, 40, 39]","[0, 40, 40]","[0, 71, 41]","[1, 40, 41]","[1, 71, 46]","[0, 40, 47]",211
"[1, 52, 0]","[0, 48, 4]","[1, 40, 5]","[1, 1935, 7]","[0, 40, 8]","[0, 40, 8]","[0, 1500, 13]","[0, 1500, 13]","[0, 1432, 13]","[1, 40, 14]","[1, 104, 28]","[0, 40, 29]","[1, 210, 30]","[0, 552, 31]","[0, 40, 31]","[1, 410, 31]","[0, 40, 32]","[0, 71, 33]","[1, 40, 33]","[1, 71, 36]",211
"[1, 52, 0]","[0, 48, 3]","[1, 40, 4]","[1, 1935, 5]","[0, 40, 6]","[0, 40, 6]","[0, 1500, 12]","[0, 1500, 12]","[0, 1431, 12]","[1, 40, 12]","[1, 40, 26]","[1, 104, 30]","[0, 40, 30]","[0, 552, 33]","[1, 210, 36]","[1, 410, 37]","[0, 40, 37]","[0, 40, 37]","[0, 71, 38]","[1, 71, 41]",211
"[1, 52, 0]","[0, 48, 5]","[1, 40, 5]","[1, 1935, 8]","[0, 40, 8]","[0, 40, 8]","[0, 1500, 14]","[0, 1500, 14]","[0, 1431, 14]","[1, 40, 15]","[1, 104, 37]","[0, 40, 38]","[1, 210, 39]","[1, 410, 39]","[0, 40, 40]","[0, 552, 40]","[0, 40, 40]","[0, 71, 41]","[1, 40, 42]","[1, 71, 44]",211
"[1, 52, 0]","[0, 48, 4]","[1, 40, 5]","[1, 1935, 6]","[0, 40, 7]","[0, 1500, 12]","[0, 1500, 12]","[0, 1431, 12]","[1, 40, 12]","[1, 104, 42]","[0, 40, 43]","[0, 552, 45]","[1, 210, 45]","[1, 410, 45]","[0, 40, 46]","[0, 40, 46]","[0, 71, 47]","[1, 40, 48]","[1, 71, 51]","[0, 40, 51]",211
"[1, 52, 0]","[0, 48, 5]","[1, 40, 6]","[1, 1935, 7]","[0, 40, 8]","[0, 40, 9]","[0, 1500, 14]","[0, 1500, 15]","[0, 1431, 15]","[1, 40, 15]","[1, 104, 25]","[0, 40, 26]","[1, 210, 27]","[1, 410, 27]","[0, 552, 28]","[0, 40, 28]","[0, 71, 30]","[1, 40, 30]","[1, 71, 31]","[0, 40, 31]",211
"[1, 52, 0]","[0, 48, 5]","[1, 40, 5]","[1, 1935, 6]","[0, 40, 7]","[0, 40, 7]","[0, 1500, 12]","[0, 1500, 12]","[0, 1432, 12]","[1, 40, 12]","[1, 104, 23]","[0, 40, 24]","[1, 210, 24]","[1, 410, 25]","[0, 40, 25]","[0, 40, 25]","[0, 552, 25]","[0, 71, 27]","[1, 40, 27]","[1, 71, 28]",211
"[1, 52, 0]","[0, 48, 5]","[1, 40, 5]","[1, 1935, 7]","[0, 40, 8]","[0, 1500, 14]","[0, 1500, 14]","[1, 40, 14]","[0, 1432, 14]","[1, 40, 27]","[1, 104, 34]","[0, 40, 35]","[1, 210, 36]","[1, 410, 36]","[0, 552, 37]","[0, 40, 37]","[1, 40, 37]","[1, 71, 39]","[0, 71, 39]","[0, 40, 39]",211
"[1, 52, 0]","[0, 48, 6]","[1, 40, 6]","[1, 1935, 8]","[0, 40, 8]","[0, 40, 9]","[0, 1500, 16]","[0, 1500, 16]","[0, 1432, 16]","[1, 40, 16]","[1, 104, 31]","[0, 40, 32]","[1, 210, 32]","[1, 410, 32]","[0, 40, 32]","[0, 552, 35]","[1, 71, 36]","[0, 40, 37]","[0, 71, 41]","[0, 293, 55]",211
"[1, 52, 0]","[0, 48, 5]","[1, 40, 5]","[1, 1935, 7]","[0, 40, 9]","[0, 40, 9]","[0, 1500, 13]","[0, 1500, 13]","[0, 1431, 14]","[1, 40, 14]","[1, 104, 22]","[0, 40, 23]","[1, 210, 23]","[1, 410, 23]","[0, 40, 24]","[0, 40, 24]","[0, 552, 25]","[0, 71, 26]","[1, 71, 26]","[0, 40, 27]",211
"[1, 52, 0]","[0, 48, 5]","[1, 40, 6]","[1, 1935, 8]","[0, 40, 9]","[0, 1500, 14]","[0, 1500, 14]","[1, 40, 14]","[0, 1431, 14]","[1, 104, 24]","[1, 210, 25]","[0, 40, 25]","[1, 410, 25]","[0, 40, 26]","[0, 40, 26]","[0, 552, 27]","[0, 71, 27]","[1, 40, 27]","[1, 71, 29]","[0, 40, 30]",211
"[1, 52, 0]","[0, 48, 3]","[1, 40, 4]","[1, 1935, 29]","[0, 40, 30]","[0, 40, 31]","[0, 1500, 36]","[0, 1500, 36]","[0, 1431, 36]","[1, 40, 37]","[1, 104, 56]","[0, 40, 57]","[0, 552, 58]","[1, 210, 59]","[1, 410, 59]","[0, 40, 60]","[0, 71, 62]","[1, 40, 62]","[1, 71, 63]","[0, 40, 64]",211
"[1, 52, 0]","[0, 48, 5]","[1, 40, 5]","[1, 1935, 6]","[0, 40, 7]","[0, 40, 7]","[0, 1500, 12]","[0, 1500, 13]","[0, 1430, 13]","[1, 40, 13]","[1, 104, 23]","[0, 40, 24]","[1, 210, 24]","[1, 410, 24]","[0, 40, 25]","[0, 552, 25]","[0, 71, 28]","[1, 40, 28]","[1, 71, 29]","[0, 40, 30]",211
"[1, 52, 0]","[0, 48, 4]","[1, 40, 4]","[1, 1935, 6]","[0, 40, 7]","[0, 40, 7]","[0, 1500, 12]","[0, 1500, 12]","[0, 1431, 12]","[1, 40, 12]","[1, 104, 22]","[0, 40, 23]","[1, 210, 24]","[1, 410, 25]","[0, 40, 25]","[0, 552, 25]","[0, 40, 25]","[0, 71, 26]","[1, 71, 27]","[0, 40, 27]",211
"[1, 52, 0]","[0, 48, 5]","[1, 40, 6]","[1, 1935, 8]","[0, 40, 10]","[0, 40, 10]","[0, 1500, 17]","[0, 1500, 17]","[0, 1431, 17]","[1, 40, 18]","[1, 104, 29]","[0, 40, 30]","[1, 210, 32]","[1, 410, 32]","[0, 40, 33]","[0, 40, 33]","[0, 552, 33]","[0, 71, 35]","[1, 40, 35]","[1, 71, 36]",211
"[1, 52, 0]","[0, 48, 4]","[1, 40, 5]","[1, 1935, 6]","[0, 40, 7]","[0, 40, 7]","[0, 1500, 13]","[0, 1500, 13]","[0, 1430, 13]","[1, 40, 13]","[1, 104, 32]","[1, 210, 33]","[1, 410, 33]","[0, 40, 33]","[0, 40, 34]","[0, 40, 34]","[0, 552, 35]","[0, 71, 35]","[1, 40, 36]","[1, 71, 38]",211
"[1, 52, 0]","[0, 48, 6]","[1, 40, 7]","[1, 1935, 10]","[0, 40, 11]","[0, 1500, 19]","[0, 1500, 19]","[0, 1431, 19]","[1, 40, 20]","[1, 104, 37]","[0, 40, 39]","[1, 210, 39]","[1, 410, 39]","[0, 40, 39]","[0, 40, 40]","[0, 552, 41]","[0, 71, 42]","[1, 40, 43]","[1, 71, 43]","[0, 40, 44]",211
"[1, 52, 0]","[0, 48, 4]","[1, 40, 5]","[1, 1935, 10]","[0, 40, 12]","[0, 1500, 15]","[0, 1500, 15]","[0, 1431, 16]","[1, 40, 16]","[1, 104, 27]","[1, 210, 28]","[1, 410, 28]","[0, 40, 28]","[0, 40, 29]","[0, 40, 29]","[0, 552, 30]","[0, 71, 30]","[1, 40, 31]","[1, 71, 33]","[0, 40, 34]",211
"[1, 52, 0]","[0, 48, 6]","[1, 40, 6]","[1, 1935, 8]","[0, 40, 9]","[0, 1500, 15]","[0, 1500, 15]","[0, 1430, 15]","[1, 40, 15]","[1, 104, 36]","[1, 210, 37]","[0, 40, 37]","[1, 410, 38]","[0, 40, 38]","[0, 552, 41]","[0, 71, 42]","[1, 40, 42]","[1, 71, 43]","[0, 40, 44]","[0, 292, 49]",211
"[1, 52, 0]","[0, 48, 4]","[1, 40, 5]","[1, 1935, 6]","[0, 40, 6]","[0, 1500, 13]","[0, 1500, 14]","[0, 1432, 14]","[1, 40, 14]","[1, 104, 28]","[0, 40, 29]","[1, 210, 29]","[0, 40, 30]","[0, 552, 30]","[0, 71, 32]","[1, 40, 32]","[1, 410, 33]","[1, 71, 33]","[0, 40, 34]","[0, 40, 34]",211
"[1, 52, 0]","[0, 48, 4]","[1, 40, 4]","[1, 1935, 6]","[0, 40, 7]","[0, 40, 7]","[0, 1500, 12]","[0, 1500, 12]","[1, 40, 13]","[0, 1432, 13]","[1, 40, 29]","[1, 104, 73]","[0, 40, 74]","[0, 552, 76]","[1, 210, 77]","[1, 410, 77]","[0, 40, 78]","[0, 40, 78]","[0, 71, 79]","[1, 71, 81]",211
"[1, 52, 0]","[0, 48, 4]","[1, 40, 5]","[1, 1935, 8]","[0, 40, 9]","[0, 40, 9]","[0, 1500, 14]","[0, 1500, 14]","[0, 1432, 14]","[1, 40, 15]","[1, 104, 31]","[0, 40, 32]","[0, 552, 34]","[1, 210, 35]","[1, 410, 35]","[0, 40, 36]","[1, 71, 37]","[0, 71, 37]","[0, 40, 38]","[0, 292, 48]",211
"[1, 52, 0]","[0, 48, 4]","[1, 40, 5]","[1, 1935, 8]","[0, 40, 9]","[0, 40, 9]","[0, 1500, 15]","[0, 1500, 15]","[0, 1430, 15]","[1, 40, 16]","[1, 40, 33]","[1, 104, 39]","[0, 40, 40]","[1, 210, 40]","[1, 410, 40]","[0, 40, 41]","[0, 40, 41]","[0, 552, 42]","[0, 71, 42]","[1, 40, 42]",211
"[1, 52, 0]","[0, 48, 4]","[1, 40, 4]","[1, 1935, 8]","[0, 40, 9]","[0, 1500, 13]","[0, 1500, 13]","[0, 1432, 13]","[1, 40, 13]","[1, 104, 22]","[0, 40, 24]","[1, 210, 24]","[1, 410, 24]","[0, 40, 25]","[0, 40, 25]","[0, 552, 26]","[0, 71, 27]","[1, 40, 28]","[1, 71, 28]","[0, 40, 29]",211
"[1, 52, 0]","[0, 48, 4]","[1, 40, 4]","[1, 1935, 6]","[0, 40, 7]","[0, 1500, 13]","[0, 1500, 13]","[0, 1431, 13]","[1, 40, 13]","[1, 104, 25]","[1, 210, 26]","[1, 410, 26]","[0, 40, 27]","[0, 40, 27]","[0, 40, 27]","[0, 552, 29]","[0, 71, 29]","[1, 40, 29]","[1, 71, 32]","[0, 40, 33]",211
"[1, 52, 0]","[0, 48, 12]","[1, 40, 13]","[1, 1935, 16]","[0, 40, 17]","[0, 40, 17]","[0, 1500, 22]","[0, 1500, 22]","[1, 40, 22]","[0, 1431, 23]","[1, 104, 70]","[0, 40, 71]","[1, 210, 72]","[1, 410, 72]","[0, 40, 73]","[0, 40, 74]","[0, 552, 74]","[0, 71, 76]","[1, 40, 76]","[1, 71, 77]",211
"[1, 52, 0]","[0, 48, 6]","[1, 40, 7]","[1, 1935, 10]","[0, 40, 11]","[0, 40, 11]","[0, 1500, 18]","[0, 1500, 18]","[0, 1431, 18]","[1, 40, 19]","[1, 104, 35]","[0, 40, 36]","[0, 552, 37]","[1, 210, 40]","[1, 410, 41]","[0, 40, 42]","[0, 40, 42]","[1, 71, 44]","[0, 71, 44]","[0, 40, 44]",211
"[1, 52, 0]","[0, 48, 5]","[1, 40, 5]","[1, 1935, 7]","[0, 40, 7]","[0, 40, 7]","[0, 1500, 14]","[0, 1500, 14]","[0, 1432, 14]","[1, 40, 14]","[1, 104, 33]","[0, 40, 34]","[0, 552, 35]","[1, 210, 35]","[1, 410, 35]","[1, 40, 36]","[0, 40, 36]","[0, 40, 36]","[0, 71, 37]","[1, 40, 38]",211
"[1, 52, 0]","[0, 48, 3]","[1, 40, 4]","[1, 1935, 5]","[0, 40, 6]","[0, 40, 6]","[0, 1500, 12]","[0, 1500, 12]","[0, 1430, 12]","[1, 40, 12]","[1, 104, 30]","[0, 40, 31]","[1, 210, 31]","[1, 410, 31]","[0, 40, 32]","[0, 40, 32]","[0, 552, 33]","[0, 71, 33]","[1, 40, 34]","[1, 71, 36]",211
"[1, 52, 0]","[0, 48, 5]","[1, 40, 5]","[1, 1935, 6]","[0, 40, 7]","[0, 40, 7]","[0, 1500, 11]","[0, 1500, 11]","[0, 1430, 11]","[1, 40, 11]","[1, 104, 23]","[0, 40, 25]","[1, 210, 25]","[1, 410, 25]","[0, 40, 26]","[0, 40, 26]","[0, 552, 27]","[0, 71, 27]","[1, 40, 28]","[1, 71, 31]",211
"[1, 52, 0]","[0, 48, 5]","[1, 40, 6]","[1, 1935, 9]","[0, 40, 10]","[0, 40, 10]","[0, 1500, 16]","[0, 1500, 16]","[0, 1431, 16]","[1, 40, 16]","[1, 104, 27]","[0, 40, 28]","[1, 210, 29]","[0, 40, 30]","[1, 410, 30]","[0, 552, 30]","[1, 40, 30]","[0, 40, 30]","[0, 71, 31]","[1, 40, 32]",211
"[1, 52, 0]","[0, 48, 4]","[1, 40, 4]","[1, 1935, 6]","[0, 40, 6]","[0, 40, 6]","[0, 1500, 11]","[0, 1500, 11]","[0, 1431, 11]","[1, 40, 11]","[1, 104, 20]","[1, 210, 21]","[0, 40, 21]","[0, 40, 21]","[1, 410, 21]","[0, 40, 22]","[0, 552, 22]","[0, 71, 23]","[1, 40, 23]","[1, 71, 25]",211
"[1, 52, 0]","[0, 48, 5]","[1, 40, 5]","[1, 1935, 6]","[0, 40, 7]","[0, 40, 7]","[0, 1500, 11]","[0, 1500, 11]","[0, 1431, 11]","[1, 40, 12]","[1, 104, 22]","[0, 40, 23]","[0, 552, 25]","[1, 210, 25]","[1, 410, 25]","[0, 40, 26]","[0, 40, 26]","[0, 71, 27]","[1, 71, 30]","[0, 40, 31]",211
"[1, 52, 0]","[0, 48, 5]","[1, 40, 6]","[1, 1935, 9]","[0, 40, 9]","[0, 40, 9]","[0, 1500, 17]","[0, 1500, 17]","[0, 1431, 17]","[1, 40, 18]","[1, 104, 66]","[0, 40, 67]","[0, 552, 69]","[1, 210, 69]","[1, 410, 69]","[0, 40, 70]","[0, 40, 70]","[1, 71, 72]","[0, 40, 73]","[0, 71, 74]",211
"[1, 52, 0]","[0, 48, 5]","[1, 40, 6]","[1, 1935, 8]","[0, 40, 8]","[0, 40, 8]","[0, 1500, 14]","[0, 1500, 14]","[0, 1432, 14]","[1, 40, 14]","[1, 104, 26]","[1, 210, 27]","[1, 410, 28]","[0, 40, 28]","[0, 40, 28]","[0, 552, 30]","[0, 71, 31]","[1, 40, 31]","[1, 71, 34]","[0, 40, 34]",211
"[1, 52, 0]","[0, 48, 4]","[1, 40, 5]","[1, 1935, 6]","[0, 40, 7]","[0, 40, 7]","[0, 1500, 11]","[0, 1500, 11]","[0, 1431, 11]","[1, 40, 12]","[1, 104, 22]","[0, 40, 22]","[1, 210, 24]","[1, 410, 24]","[0, 552, 24]","[0, 40, 24]","[0, 40, 24]","[1, 71, 26]","[0, 71, 26]","[0, 40, 26]",211
"[1, 52, 0]","[0, 48, 4]","[1, 40, 4]","[1, 1935, 6]","[0, 40, 7]","[0, 40, 7]","[0, 1500, 12]","[0, 1500, 12]","[0, 1432, 12]","[1, 40, 13]","[1, 104, 31]","[0, 40, 32]","[1, 210, 33]","[1, 410, 33]","[0, 552, 33]","[0, 40, 34]","[1, 71, 36]","[0, 71, 36]","[0, 40, 36]","[0, 246, 48]",211
"[1, 52, 0]","[0, 48, 4]","[1, 40, 4]","[1, 1935, 6]","[0, 40, 6]","[0, 1500, 12]","[0, 1500, 12]","[0, 1432, 12]","[1, 40, 13]","[1, 104, 29]","[0, 40, 30]","[1, 210, 31]","[1, 410, 31]","[0, 552, 31]","[0, 40, 31]","[0, 71, 33]","[1, 71, 33]","[0, 40, 34]","[0, 292, 41]","[0, 1431, 41]",211
"[1, 52, 0]","[0, 48, 4]","[1, 40, 5]","[1, 1935, 7]","[0, 40, 8]","[0, 1500, 14]","[0, 1500, 14]","[0, 1432, 14]","[1, 40, 15]","[1, 104, 35]","[0, 40, 37]","[0, 552, 38]","[1, 210, 43]","[1, 410, 44]","[0, 40, 44]","[0, 40, 45]","[0, 71, 46]","[1, 71, 48]","[0, 40, 50]","[0, 292, 56]",211
"[1, 52, 0]","[0, 48, 4]","[1, 40, 4]","[1, 1935, 7]","[0, 40, 8]","[0, 40, 8]","[0, 1500, 16]","[0, 1500, 16]","[0, 1430, 16]","[1, 40, 17]","[1, 104, 37]","[0, 40, 38]","[1, 210, 38]","[1, 410, 38]","[0, 40, 39]","[0, 40, 39]","[0, 552, 40]","[0, 71, 41]","[1, 40, 41]","[1, 71, 43]",211
"[1, 52, 0]","[0, 48, 4]","[1, 40, 5]","[1, 1935, 8]","[0, 40, 9]","[0, 1500, 17]","[0, 1500, 17]","[0, 1430, 17]","[1, 40, 17]","[1, 104, 44]","[0, 40, 45]","[1, 210, 45]","[1, 410, 46]","[0, 552, 47]","[0, 40, 47]","[1, 71, 48]","[0, 71, 49]","[0, 40, 49]","[0, 247, 57]","[0, 1431, 57]",211
"[1, 52, 0]","[0, 48, 4]","[1, 40, 5]","[1, 1935, 8]","[0, 40, 9]","[0, 40, 10]","[0, 1500, 14]","[0, 1500, 14]","[0, 1431, 14]","[1, 40, 15]","[1, 104, 23]","[1, 210, 24]","[0, 40, 24]","[1, 410, 24]","[0, 40, 24]","[0, 552, 25]","[0, 71, 26]","[1, 40, 26]","[1, 71, 27]","[0, 40, 28]",211
"[1, 52, 0]","[0, 48, 5]","[1, 40, 6]","[1, 1935, 7]","[0, 40, 8]","[0, 1500, 13]","[0, 1500, 13]","[0, 1431, 13]","[1, 40, 13]","[1, 104, 34]","[0, 40, 36]","[1, 210, 37]","[1, 410, 37]","[0, 552, 37]","[0, 40, 38]","[0, 71, 39]","[1, 40, 40]","[1, 71, 42]","[0, 40, 42]","[0, 292, 49]",211
"[1, 52, 0]","[0, 48, 4]","[1, 40, 5]","[1, 1935, 7]","[0, 40, 8]","[0, 40, 8]","[0, 1500, 13]","[0, 1500, 13]","[0, 1431, 13]","[1, 40, 13]","[1, 104, 26]","[1, 210, 27]","[1, 410, 27]","[0, 40, 27]","[0, 40, 28]","[0, 40, 28]","[0, 552, 29]","[0, 71, 29]","[1, 40, 30]","[1, 71, 32]",211
"[1, 52, 0]","[0, 48, 5]","[1, 40, 6]","[1, 1935, 13]","[0, 40, 14]","[0, 40, 14]","[0, 1500, 18]","[0, 1500, 18]","[0, 1430, 18]","[1, 40, 20]","[1, 104, 42]","[0, 40, 43]","[1, 210, 44]","[1, 410, 44]","[0, 40, 45]","[0, 552, 45]","[0, 71, 46]","[1, 40, 47]","[1, 71, 49]","[0, 40, 50]",211
"[1, 52, 0]","[0, 48, 4]","[1, 40, 5]","[1, 1935, 11]","[0, 40, 12]","[0, 40, 12]","[0, 1500, 18]","[0, 1500, 18]","[0, 1432, 18]","[1, 40, 18]","[1, 104, 32]","[1, 210, 33]","[1, 410, 33]","[0, 40, 33]","[0, 40, 34]","[0, 40, 34]","[0, 552, 35]","[0, 71, 35]","[1, 40, 36]","[1, 71, 38]",211
"[1, 52, 0]","[0, 48, 4]","[1, 40, 4]","[1, 1935, 6]","[0, 40, 7]","[0, 40, 7]","[0, 1500, 13]","[0, 1500, 13]","[0, 1431, 13]","[1, 40, 13]","[1, 104, 37]","[0, 40, 38]","[0, 552, 39]","[1, 210, 47]","[1, 410, 47]","[1, 71, 47]","[0, 40, 48]","[0, 40, 48]","[0, 40, 48]","[0, 71, 49]",211
"[1, 52, 0]","[0, 48, 4]","[1, 40, 4]","[1, 1935, 6]","[0, 40, 7]","[0, 40, 7]","[0, 1500, 11]","[0, 1500, 11]","[0, 1431, 12]","[1, 40, 12]","[1, 104, 21]","[0, 40, 23]","[1, 210, 24]","[1, 410, 24]","[0, 552, 24]","[1, 40, 24]","[0, 40, 24]","[0, 71, 26]","[1, 40, 26]","[1, 71, 26]",211
"[1, 52, 0]","[0, 48, 5]","[1, 40, 6]","[1, 1935, 9]","[0, 40, 10]","[0, 1500, 16]","[0, 1500, 16]","[0, 1431, 16]","[1, 40, 16]","[1, 104, 24]","[0, 40, 25]","[1, 210, 26]","[1, 410, 26]","[0, 40, 27]","[0, 552, 27]","[0, 71, 29]","[1, 71, 29]","[0, 40, 30]","[0, 292, 40]","[0, 1500, 40]",211
"[1, 52, 0]","[0, 48, 6]","[1, 40, 6]","[1, 1935, 8]","[0, 40, 9]","[0, 40, 9]","[0, 1500, 15]","[0, 1500, 16]","[0, 1432, 16]","[1, 40, 16]","[1, 104, 34]","[0, 40, 35]","[1, 210, 36]","[1, 410, 36]","[0, 40, 37]","[0, 40, 37]","[0, 552, 37]","[1, 71, 39]","[0, 71, 40]","[0, 40, 40]",211
"[1, 52, 0]","[0, 48, 3]","[1, 40, 4]","[1, 1935, 6]","[0, 40, 6]","[0, 40, 6]","[0, 1500, 13]","[0, 1500, 13]","[0, 1431, 13]","[1, 40, 13]","[1, 104, 55]","[0, 40, 57]","[0, 552, 59]","[1, 210, 70]","[1, 410, 70]","[0, 40, 71]","[0, 71, 73]","[1, 71, 74]","[0, 40, 75]","[0, 292, 83]",211
"[1, 52, 0]","[0, 48, 5]","[1, 40, 5]","[1, 1935, 7]","[0, 40, 8]","[0, 40, 8]","[0, 1500, 14]","[0, 1500, 14]","[0, 1430, 14]","[1, 40, 15]","[1, 104, 23]","[1, 210, 24]","[1, 410, 24]","[0, 40, 24]","[0, 40, 25]","[0, 552, 26]","[0, 71, 26]","[1, 40, 27]","[1, 71, 27]","[0, 40, 28]",211
"[1, 52, 0]","[0, 48, 4]","[1, 40, 4]","[1, 1935, 6]","[0, 40, 7]","[0, 1500, 12]","[0, 1500, 12]","[0, 1432, 12]","[1, 40, 13]","[1, 104, 25]","[1, 210, 26]","[0, 40, 26]","[1, 410, 27]","[0, 40, 27]","[0, 40, 27]","[0, 552, 28]","[0, 71, 29]","[1, 40, 29]","[1, 71, 31]","[0, 40, 32]",211
"[1, 52, 0]","[0, 48, 4]","[1, 40, 4]","[1, 1935, 6]","[0, 40, 7]","[0, 40, 7]","[0, 1500, 12]","[0, 1500, 12]","[0, 1430, 12]","[1, 40, 12]","[1, 104, 29]","[1, 210, 30]","[1, 410, 30]","[0, 40, 30]","[0, 40, 31]","[0, 40, 31]","[0, 552, 33]","[0, 71, 33]","[1, 40, 34]","[1, 71, 35]",211
"[1, 52, 0]","[0, 48, 4]","[1, 40, 5]","[1, 1935, 8]","[0, 40, 9]","[0, 40, 9]","[0, 1500, 15]","[0, 1500, 15]","[0, 1430, 15]","[1, 40, 16]","[1, 104, 25]","[0, 40, 26]","[1, 210, 27]","[1, 410, 27]","[0, 40, 28]","[0, 552, 28]","[0, 40, 28]","[1, 40, 28]","[0, 71, 29]","[1, 40, 30]",211
"[1, 52, 0]","[0, 48, 4]","[1, 40, 5]","[1, 1935, 9]","[0, 40, 10]","[0, 1500, 14]","[0, 1500, 14]","[0, 1430, 14]","[1, 40, 15]","[1, 104, 33]","[0, 40, 34]","[1, 210, 35]","[1, 410, 35]","[0, 552, 36]","[0, 40, 36]","[0, 40, 36]","[0, 71, 37]","[1, 40, 38]","[1, 71, 40]","[0, 40, 40]",211
"[1, 52, 0]","[0, 48, 4]","[1, 40, 5]","[1, 1935, 7]","[0, 40, 8]","[0, 40, 8]","[0, 1500, 13]","[0, 1500, 13]","[0, 1432, 13]","[1, 40, 14]","[1, 104, 23]","[1, 210, 24]","[1, 410, 24]","[0, 40, 24]","[0, 40, 25]","[0, 40, 25]","[0, 552, 26]","[0, 71, 26]","[1, 40, 27]","[1, 71, 29]",211
"[1, 52, 0]","[0, 48, 4]","[1, 40, 4]","[1, 1935, 5]","[0, 40, 6]","[0, 40, 6]","[0, 1500, 12]","[0, 1500, 12]","[0, 1431, 12]","[1, 40, 12]","[1, 104, 31]","[0, 40, 32]","[0, 552, 33]","[1, 210, 35]","[1, 410, 35]","[0, 40, 36]","[0, 71, 37]","[1, 71, 40]","[0, 40, 41]","[0, 292, 47]",211
"[1, 52, 0]","[0, 48, 4]","[1, 40, 5]","[1, 1935, 7]","[0, 40, 7]","[0, 40, 8]","[0, 1500, 13]","[0, 1500, 13]","[0, 1431, 13]","[1, 40, 14]","[1, 104, 28]","[0, 40, 28]","[1, 210, 29]","[1, 410, 29]","[0, 40, 30]","[0, 40, 30]","[0, 552, 31]","[0, 71, 32]","[1, 71, 33]","[0, 40, 34]",211
"[1, 52, 0]","[0, 48, 5]","[1, 40, 5]","[1, 1935, 6]","[0, 40, 7]","[0, 40, 8]","[0, 1500, 15]","[0, 1500, 15]","[0, 1432, 15]","[1, 40, 15]","[1, 104, 31]","[0, 40, 32]","[0, 552, 34]","[1, 210, 35]","[1, 410, 35]","[0, 40, 36]","[0, 40, 36]","[1, 71, 37]","[0, 71, 38]","[0, 40, 39]",211
"[1, 52, 0]","[0, 48, 4]","[1, 40, 5]","[1, 1935, 8]","[0, 40, 9]","[0, 1500, 15]","[0, 1500, 15]","[0, 1432, 15]","[1, 40, 15]","[1, 104, 32]","[1, 210, 33]","[1, 410, 33]","[0, 40, 34]","[0, 40, 34]","[0, 40, 34]","[0, 552, 35]","[0, 71, 37]","[1, 40, 37]","[1, 71, 38]","[0, 40, 39]",211
"[1, 52, 0]","[0, 48, 5]","[1, 40, 6]","[1, 1935, 8]","[0, 40, 9]","[0, 40, 9]","[0, 1500, 15]","[0, 1500, 15]","[0, 1431, 15]","[1, 40, 16]","[1, 104, 26]","[0, 40, 27]","[1, 210, 28]","[1, 410, 28]","[0, 552, 29]","[0, 40, 29]","[1, 71, 31]","[0, 71, 32]","[0, 40, 32]","[0, 247, 39]",211
"[1, 52, 0]","[0, 48, 4]","[1, 40, 4]","[1, 1935, 5]","[0, 40, 6]","[0, 40, 6]","[0, 1500, 11]","[0, 1500, 11]","[0, 1431, 11]","[1, 40, 11]","[1, 104, 27]","[0, 40, 28]","[0, 552, 30]","[1, 210, 31]","[1, 410, 31]","[0, 40, 31]","[0, 40, 32]","[1, 71, 34]","[0, 71, 34]","[0, 40, 35]",211
"[1, 52, 0]","[0, 48, 4]","[1, 40, 4]","[1, 1935, 6]","[0, 40, 7]","[0, 40, 7]","[0, 1500, 14]","[0, 1500, 14]","[0, 1432, 14]","[1, 40, 15]","[1, 104, 36]","[1, 210, 37]","[1, 410, 37]","[0, 40, 37]","[0, 40, 38]","[0, 552, 39]","[0, 71, 41]","[1, 71, 41]","[0, 40, 42]","[0, 246, 48]",211
"[1, 52, 0]","[0, 48, 4]","[1, 40, 5]","[1, 1935, 6]","[0, 40, 7]","[0, 1500, 12]","[0, 1500, 13]","[0, 1431, 13]","[1, 40, 14]","[1, 104, 29]","[0, 40, 30]","[0, 552, 32]","[1, 210, 32]","[1, 410, 33]","[0, 40, 33]","[0, 40, 33]","[0, 71, 35]","[1, 71, 35]","[0, 40, 36]","[0, 246, 41]",211
"[1, 52, 0]","[0, 48, 3]","[1, 40, 5]","[1, 1935, 12]","[0, 40, 13]","[0, 40, 13]","[0, 1500, 17]","[0, 1500, 17]","[0, 1431, 17]","[1, 40, 17]","[1, 104, 72]","[0, 40, 74]","[0, 552, 75]","[1, 210, 76]","[1, 410, 77]","[0, 40, 77]","[0, 40, 78]","[0, 71, 80]","[1, 71, 80]","[0, 40, 81]",211
"[1, 52, 0]","[0, 48, 5]","[1, 40, 5]","[1, 1935, 7]","[0, 40, 8]","[0, 1500, 14]","[0, 1500, 14]","[0, 1430, 14]","[1, 40, 14]","[1, 104, 26]","[0, 40, 27]","[1, 210, 27]","[1, 410, 27]","[0, 40, 28]","[0, 40, 28]","[0, 552, 28]","[0, 71, 30]","[1, 71, 30]","[0, 40, 30]","[1, 40, 44]",211
"[1, 52, 0]","[0, 48, 4]","[1, 40, 4]","[1, 1935, 6]","[0, 40, 6]","[0, 1500, 12]","[0, 1500, 12]","[0, 1432, 12]","[1, 40, 13]","[1, 104, 28]","[0, 40, 29]","[1, 210, 29]","[1, 410, 30]","[0, 40, 30]","[0, 40, 30]","[0, 552, 31]","[0, 71, 32]","[1, 40, 32]","[1, 71, 34]","[0, 40, 35]",211
"[1, 52, 0]","[0, 48, 5]","[1, 40, 6]","[1, 1935, 9]","[0, 40, 10]","[0, 1500, 15]","[0, 1500, 15]","[0, 1432, 16]","[1, 40, 16]","[1, 104, 29]","[0, 40, 30]","[0, 552, 32]","[1, 210, 32]","[1, 410, 33]","[0, 40, 33]","[0, 40, 33]","[0, 71, 35]","[1, 71, 37]","[0, 40, 38]","[0, 246, 44]",211
"[1, 52, 0]","[0, 48, 5]","[1, 40, 5]","[1, 1935, 8]","[0, 40, 9]","[0, 1500, 13]","[0, 1500, 13]","[1, 40, 14]","[0, 1430, 14]","[1, 104, 26]","[0, 40, 27]","[1, 210, 28]","[1, 410, 28]","[0, 40, 28]","[0, 40, 28]","[0, 552, 30]","[0, 71, 30]","[1, 40, 30]","[1, 71, 32]","[0, 40, 33]",211
"[1, 52, 0]","[0, 48, 4]","[1, 40, 5]","[1, 1950, 22]","[0, 40, 24]","[0, 1500, 30]","[0, 1500, 30]","[0, 628, 30]","[1, 40, 31]","[1, 104, 53]","[0, 40, 54]","[1, 132, 54]","[1, 375, 55]","[0, 552, 55]","[0, 40, 55]","[0, 40, 56]","[0, 71, 57]","[1, 40, 57]","[1, 71, 59]","[0, 40, 60]",212
"[1, 52, 0]","[0, 48, 4]","[1, 40, 5]","[1, 1950, 6]","[0, 40, 7]","[0, 40, 7]","[0, 1500, 12]","[0, 1500, 12]","[0, 627, 12]","[1, 40, 12]","[1, 104, 22]","[1, 132, 23]","[0, 40, 23]","[1, 375, 23]","[0, 40, 24]","[0, 40, 24]","[0, 552, 25]","[0, 71, 25]","[1, 40, 26]","[1, 71, 27]",212
"[1, 52, 0]","[0, 48, 5]","[1, 40, 6]","[1, 1950, 9]","[0, 40, 10]","[0, 40, 10]","[0, 1500, 15]","[0, 1500, 15]","[0, 629, 16]","[1, 40, 16]","[1, 104, 23]","[0, 40, 24]","[1, 132, 26]","[1, 375, 26]","[0, 552, 26]","[0, 40, 27]","[1, 71, 27]","[0, 71, 28]","[0, 40, 29]","[0, 246, 38]",212
"[1, 52, 0]","[0, 48, 5]","[1, 40, 6]","[1, 1950, 7]","[0, 40, 8]","[0, 40, 8]","[0, 1500, 15]","[0, 1500, 15]","[0, 629, 15]","[1, 40, 16]","[1, 104, 22]","[1, 132, 23]","[0, 40, 23]","[1, 375, 23]","[0, 40, 24]","[0, 40, 24]","[0, 552, 25]","[0, 71, 25]","[1, 40, 26]","[1, 71, 27]",212
"[1, 52, 0]","[0, 48, 7]","[1, 40, 7]","[1, 1950, 8]","[0, 40, 9]","[0, 40, 9]","[0, 1500, 18]","[0, 1500, 18]","[0, 627, 18]","[1, 40, 19]","[1, 104, 25]","[0, 40, 27]","[1, 132, 27]","[1, 375, 28]","[0, 40, 29]","[0, 40, 29]","[0, 552, 32]","[1, 71, 33]","[0, 40, 35]","[0, 71, 37]",212
"[1, 52, 0]","[0, 48, 5]","[1, 40, 6]","[1, 1950, 24]","[0, 40, 25]","[0, 1500, 31]","[0, 1500, 31]","[1, 40, 31]","[0, 628, 31]","[1, 104, 37]","[1, 132, 38]","[0, 40, 38]","[1, 375, 39]","[0, 40, 39]","[0, 40, 39]","[0, 552, 40]","[0, 71, 41]","[1, 40, 42]","[1, 71, 43]","[0, 40, 44]",212
"[1, 52, 0]","[0, 48, 4]","[1, 40, 5]","[1, 1950, 6]","[0, 40, 7]","[0, 40, 8]","[0, 1500, 14]","[0, 1500, 14]","[0, 629, 14]","[1, 40, 14]","[1, 104, 21]","[1, 132, 22]","[1, 375, 22]","[0, 40, 22]","[0, 40, 22]","[0, 40, 22]","[0, 552, 24]","[0, 71, 24]","[1, 40, 24]","[1, 71, 25]",212
"[1, 52, 0]","[0, 48, 5]","[1, 40, 6]","[1, 1950, 10]","[0, 40, 11]","[0, 1500, 16]","[0, 1500, 16]","[0, 627, 16]","[1, 40, 17]","[1, 104, 26]","[0, 40, 27]","[1, 132, 28]","[1, 375, 28]","[0, 552, 29]","[0, 40, 29]","[1, 71, 30]","[0, 71, 31]","[0, 40, 31]","[0, 247, 49]","[0, 1500, 49]",212
"[1, 52, 0]","[0, 48, 4]","[1, 40, 5]","[1, 1950, 9]","[0, 40, 10]","[0, 40, 10]","[0, 1500, 16]","[0, 1500, 16]","[0, 629, 16]","[1, 40, 17]","[1, 104, 36]","[0, 40, 37]","[1, 132, 37]","[1, 375, 38]","[0, 40, 38]","[0, 40, 38]","[0, 552, 38]","[0, 71, 40]","[1, 40, 42]","[1, 71, 44]",212
"[1, 52, 0]","[0, 48, 4]","[1, 40, 5]","[1, 1950, 7]","[0, 40, 8]","[0, 1500, 13]","[0, 1500, 13]","[0, 629, 13]","[1, 40, 13]","[1, 104, 22]","[0, 40, 23]","[1, 132, 24]","[1, 375, 24]","[0, 40, 24]","[0, 40, 24]","[0, 552, 25]","[1, 71, 26]","[0, 71, 27]","[0, 40, 27]","[0, 292, 38]",212
"[1, 52, 0]","[0, 48, 5]","[1, 40, 5]","[1, 1950, 7]","[0, 40, 8]","[0, 40, 8]","[0, 1500, 15]","[0, 1500, 15]","[0, 628, 15]","[1, 40, 16]","[1, 104, 24]","[1, 132, 25]","[0, 40, 25]","[1, 375, 25]","[0, 40, 27]","[0, 40, 27]","[0, 552, 27]","[0, 71, 29]","[1, 40, 30]","[1, 71, 34]",212
"[1, 52, 0]","[0, 48, 4]","[1, 40, 5]","[1, 1950, 7]","[0, 40, 7]","[0, 40, 8]","[0, 1500, 14]","[0, 1500, 15]","[0, 627, 15]","[1, 40, 15]","[1, 104, 24]","[0, 40, 24]","[1, 132, 25]","[1, 375, 25]","[0, 40, 26]","[0, 552, 26]","[0, 40, 26]","[1, 71, 27]","[0, 40, 28]","[0, 71, 28]",212
"[1, 52, 0]","[0, 48, 4]","[1, 40, 5]","[1, 1950, 7]","[0, 40, 8]","[0, 40, 8]","[0, 1500, 13]","[0, 1500, 13]","[1, 40, 14]","[0, 628, 14]","[1, 40, 25]","[1, 104, 29]","[0, 40, 29]","[0, 552, 31]","[1, 132, 32]","[0, 40, 32]","[1, 375, 33]","[0, 40, 34]","[0, 71, 35]","[1, 71, 36]",212
"[1, 52, 0]","[0, 48, 5]","[1, 40, 6]","[1, 1950, 11]","[0, 40, 12]","[0, 1500, 18]","[0, 1500, 18]","[0, 627, 18]","[1, 40, 18]","[1, 104, 26]","[0, 40, 27]","[1, 132, 28]","[1, 375, 28]","[0, 552, 29]","[0, 40, 29]","[0, 40, 29]","[0, 71, 31]","[1, 71, 31]","[0, 40, 31]","[0, 292, 39]",212
"[1, 52, 0]","[0, 48, 4]","[1, 40, 5]","[1, 1950, 6]","[0, 40, 7]","[0, 40, 7]","[0, 1500, 14]","[0, 1500, 14]","[0, 629, 14]","[1, 40, 14]","[1, 104, 33]","[0, 40, 34]","[1, 132, 34]","[1, 375, 35]","[0, 40, 35]","[0, 40, 36]","[0, 552, 36]","[1, 71, 37]","[0, 71, 37]","[0, 40, 38]",212
"[1, 52, 0]","[0, 48, 4]","[1, 40, 5]","[1, 1950, 6]","[0, 40, 7]","[0, 40, 7]","[0, 1500, 13]","[0, 1500, 14]","[0, 628, 14]","[1, 40, 14]","[1, 104, 63]","[0, 40, 64]","[1, 132, 65]","[0, 552, 66]","[1, 375, 66]","[0, 40, 66]","[0, 40, 67]","[0, 71, 68]","[1, 71, 68]","[0, 40, 69]",212
"[1, 52, 0]","[0, 48, 3]","[1, 40, 4]","[1, 1950, 5]","[0, 40, 6]","[0, 1500, 10]","[0, 1500, 10]","[0, 628, 10]","[1, 40, 11]","[1, 104, 17]","[0, 40, 18]","[1, 132, 18]","[1, 375, 18]","[0, 40, 19]","[0, 552, 19]","[0, 40, 19]","[1, 71, 20]","[0, 71, 21]","[0, 40, 21]","[0, 292, 29]",212
"[1, 52, 0]","[0, 48, 3]","[1, 40, 4]","[1, 1950, 9]","[0, 40, 11]","[0, 1500, 17]","[0, 1500, 17]","[0, 628, 17]","[1, 40, 18]","[1, 104, 29]","[0, 40, 30]","[0, 552, 31]","[1, 132, 35]","[1, 375, 36]","[1, 71, 36]","[0, 40, 36]","[0, 40, 37]","[0, 71, 40]","[0, 1500, 48]","[0, 1242, 48]",212
"[1, 52, 0]","[0, 48, 4]","[1, 40, 5]","[1, 1950, 8]","[0, 40, 9]","[0, 40, 9]","[0, 1500, 15]","[0, 1500, 15]","[0, 627, 15]","[1, 40, 16]","[1, 104, 37]","[1, 132, 38]","[0, 40, 38]","[1, 375, 38]","[0, 40, 39]","[0, 40, 39]","[0, 552, 40]","[0, 71, 40]","[1, 40, 41]","[1, 71, 42]",212
"[1, 52, 0]","[0, 48, 5]","[1, 40, 6]","[1, 1950, 7]","[0, 40, 8]","[0, 40, 8]","[0, 1500, 14]","[0, 1500, 14]","[0, 628, 14]","[1, 40, 15]","[1, 104, 28]","[0, 40, 29]","[1, 132, 30]","[1, 375, 31]","[0, 552, 31]","[0, 40, 31]","[0, 40, 31]","[0, 71, 32]","[1, 40, 33]","[1, 71, 34]",212
"[1, 52, 0]","[0, 48, 8]","[1, 40, 8]","[1, 1950, 10]","[0, 40, 11]","[0, 1500, 18]","[0, 1500, 18]","[0, 629, 18]","[1, 40, 19]","[1, 104, 27]","[0, 40, 28]","[1, 132, 28]","[1, 375, 29]","[0, 40, 29]","[0, 40, 30]","[0, 552, 30]","[1, 71, 32]","[0, 40, 32]","[0, 71, 32]","[0, 293, 46]",212
"[1, 52, 0]","[0, 48, 4]","[1, 40, 4]","[1, 1950, 6]","[0, 40, 7]","[0, 40, 7]","[0, 1500, 12]","[0, 1500, 12]","[0, 629, 12]","[1, 40, 13]","[1, 104, 22]","[0, 40, 23]","[0, 552, 25]","[1, 132, 28]","[1, 375, 28]","[0, 40, 29]","[0, 40, 29]","[1, 71, 30]","[0, 40, 31]","[0, 71, 31]",212
"[1, 52, 0]","[0, 48, 4]","[1, 40, 5]","[1, 1950, 6]","[0, 40, 7]","[0, 1500, 12]","[0, 1500, 12]","[0, 628, 12]","[1, 40, 13]","[1, 104, 28]","[0, 40, 29]","[1, 132, 30]","[1, 375, 30]","[0, 40, 31]","[0, 40, 31]","[0, 552, 31]","[0, 71, 33]","[1, 40, 33]","[1, 71, 33]","[0, 40, 34]",212
"[1, 52, 0]","[0, 48, 4]","[1, 40, 5]","[1, 1950, 8]","[0, 40, 8]","[0, 40, 8]","[0, 1500, 15]","[0, 1500, 15]","[0, 627, 15]","[1, 40, 16]","[1, 104, 26]","[0, 40, 26]","[0, 552, 29]","[1, 132, 29]","[1, 375, 29]","[0, 40, 30]","[0, 40, 30]","[1, 71, 31]","[0, 71, 31]","[0, 40, 32]",212
"[1, 52, 0]","[0, 48, 7]","[1, 40, 9]","[1, 1950, 12]","[0, 40, 13]","[0, 40, 13]","[0, 1500, 20]","[0, 1500, 20]","[0, 629, 20]","[1, 40, 21]","[1, 104, 29]","[0, 40, 30]","[0, 552, 32]","[1, 132, 35]","[1, 375, 36]","[1, 71, 36]","[0, 40, 37]","[0, 40, 37]","[0, 40, 37]","[0, 71, 38]",212
"[1, 52, 0]","[0, 48, 5]","[1, 40, 5]","[1, 1950, 8]","[0, 40, 9]","[0, 40, 9]","[0, 1500, 14]","[0, 1500, 14]","[0, 628, 14]","[1, 40, 15]","[1, 104, 24]","[0, 40, 25]","[1, 132, 25]","[1, 375, 25]","[0, 40, 26]","[0, 552, 27]","[1, 71, 27]","[0, 71, 28]","[0, 40, 28]","[0, 292, 36]",212
"[1, 52, 0]","[0, 48, 5]","[1, 40, 6]","[1, 1950, 10]","[0, 40, 11]","[0, 40, 11]","[0, 1500, 16]","[0, 1500, 16]","[0, 629, 16]","[1, 40, 17]","[1, 104, 23]","[0, 40, 24]","[1, 132, 25]","[1, 375, 25]","[0, 552, 25]","[0, 40, 26]","[0, 40, 26]","[1, 71, 27]","[0, 71, 27]","[0, 40, 28]",212
"[1, 52, 0]","[0, 48, 3]","[1, 40, 4]","[1, 1950, 6]","[0, 40, 7]","[0, 40, 7]","[0, 1500, 12]","[0, 1500, 12]","[0, 627, 12]","[1, 40, 13]","[1, 104, 40]","[0, 40, 41]","[1, 132, 42]","[1, 375, 42]","[0, 552, 42]","[0, 40, 43]","[0, 40, 43]","[0, 71, 44]","[1, 40, 45]","[1, 71, 45]",212
"[1, 52, 0]","[0, 48, 4]","[1, 40, 5]","[1, 1950, 6]","[0, 40, 7]","[0, 1500, 13]","[0, 1500, 13]","[0, 628, 13]","[1, 40, 14]","[1, 104, 20]","[0, 40, 20]","[1, 132, 21]","[1, 375, 21]","[0, 40, 22]","[0, 40, 22]","[0, 552, 22]","[1, 71, 23]","[0, 71, 23]","[0, 40, 24]","[0, 292, 34]",212
"[1, 52, 0]","[0, 48, 4]","[1, 40, 6]","[1, 1950, 7]","[0, 40, 8]","[0, 40, 8]","[0, 1500, 14]","[0, 1500, 14]","[0, 628, 14]","[1, 40, 14]","[1, 104, 21]","[0, 40, 23]","[1, 132, 23]","[1, 375, 23]","[0, 552, 24]","[0, 40, 24]","[1, 71, 26]","[0, 71, 26]","[0, 40, 26]","[0, 292, 34]",212
"[1, 52, 0]","[0, 48, 6]","[1, 40, 7]","[1, 1950, 12]","[0, 40, 13]","[0, 1500, 21]","[0, 1500, 21]","[0, 627, 21]","[1, 40, 22]","[1, 104, 66]","[0, 40, 67]","[0, 552, 69]","[1, 132, 70]","[1, 375, 70]","[0, 40, 71]","[0, 71, 73]","[1, 71, 75]","[0, 40, 76]","[0, 246, 83]","[0, 1477, 83]",212
"[1, 52, 0]","[0, 48, 4]","[1, 40, 5]","[1, 1950, 7]","[0, 40, 8]","[0, 1500, 14]","[0, 1500, 14]","[0, 627, 14]","[1, 40, 15]","[1, 104, 20]","[0, 40, 20]","[0, 552, 23]","[1, 132, 23]","[1, 375, 23]","[0, 40, 24]","[1, 71, 26]","[0, 40, 27]","[0, 71, 28]","[0, 292, 37]","[0, 1500, 37]",212
"[1, 52, 0]","[0, 48, 5]","[1, 40, 6]","[1, 1950, 7]","[0, 40, 8]","[0, 40, 8]","[0, 1500, 14]","[0, 1500, 15]","[0, 627, 15]","[1, 40, 15]","[1, 104, 22]","[0, 40, 24]","[1, 132, 24]","[1, 375, 25]","[0, 40, 25]","[0, 40, 25]","[0, 552, 26]","[1, 71, 27]","[0, 71, 27]","[0, 40, 28]",212
"[1, 52, 0]","[0, 48, 7]","[1, 40, 7]","[1, 1950, 9]","[0, 40, 10]","[0, 40, 10]","[0, 1500, 16]","[0, 1500, 16]","[0, 628, 16]","[1, 40, 16]","[1, 104, 24]","[0, 40, 25]","[1, 132, 26]","[0, 552, 27]","[1, 375, 27]","[0, 40, 27]","[0, 40, 27]","[0, 71, 28]","[1, 40, 29]","[1, 71, 32]",212
"[1, 52, 0]","[0, 48, 4]","[1, 40, 5]","[1, 1950, 9]","[0, 40, 10]","[0, 1500, 16]","[0, 1500, 16]","[0, 628, 16]","[1, 40, 16]","[1, 104, 46]","[0, 40, 48]","[1, 132, 48]","[1, 375, 49]","[0, 40, 49]","[0, 552, 49]","[0, 40, 49]","[0, 71, 50]","[1, 40, 51]","[1, 71, 51]","[0, 40, 52]",212
"[1, 52, 0]","[0, 48, 4]","[1, 40, 5]","[1, 1950, 7]","[0, 40, 8]","[0, 40, 8]","[0, 1500, 14]","[0, 1500, 14]","[0, 627, 14]","[1, 40, 15]","[1, 104, 25]","[0, 40, 25]","[1, 132, 27]","[1, 375, 27]","[0, 552, 27]","[0, 40, 27]","[0, 40, 28]","[0, 71, 29]","[1, 40, 30]","[1, 71, 30]",212
"[1, 52, 0]","[0, 48, 7]","[1, 40, 8]","[1, 1950, 12]","[0, 40, 12]","[0, 40, 13]","[0, 1500, 18]","[0, 1500, 19]","[0, 628, 19]","[1, 40, 19]","[1, 104, 26]","[0, 40, 27]","[1, 132, 27]","[1, 375, 27]","[0, 40, 28]","[0, 40, 28]","[0, 552, 29]","[0, 71, 29]","[1, 40, 30]","[1, 71, 31]",212
"[1, 52, 0]","[0, 48, 4]","[1, 40, 5]","[1, 1950, 6]","[0, 40, 7]","[0, 40, 7]","[0, 1500, 13]","[0, 1500, 13]","[0, 628, 13]","[1, 40, 13]","[1, 104, 22]","[0, 40, 22]","[1, 132, 23]","[1, 375, 23]","[0, 40, 24]","[0, 40, 24]","[0, 552, 24]","[1, 71, 26]","[0, 71, 26]","[0, 40, 26]",212
"[1, 52, 0]","[0, 48, 4]","[1, 40, 5]","[1, 1950, 7]","[0, 40, 7]","[0, 40, 8]","[0, 1500, 13]","[0, 1500, 13]","[0, 628, 13]","[1, 40, 14]","[1, 104, 20]","[1, 132, 21]","[0, 40, 21]","[1, 375, 21]","[0, 40, 22]","[0, 40, 22]","[0, 552, 24]","[0, 71, 24]","[1, 40, 24]","[1, 71, 25]",212
"[1, 52, 0]","[0, 48, 4]","[1, 40, 5]","[1, 1950, 10]","[0, 40, 10]","[0, 40, 10]","[0, 1500, 16]","[0, 1500, 16]","[0, 629, 16]","[1, 40, 16]","[1, 104, 25]","[0, 40, 26]","[1, 132, 26]","[1, 375, 27]","[0, 40, 27]","[0, 40, 27]","[0, 552, 27]","[1, 71, 29]","[0, 71, 29]","[0, 40, 29]",212
"[1, 52, 0]","[0, 48, 5]","[1, 40, 5]","[1, 1950, 8]","[0, 40, 9]","[0, 40, 9]","[0, 1500, 15]","[0, 1500, 15]","[0, 627, 15]","[1, 40, 16]","[1, 104, 24]","[1, 132, 25]","[1, 375, 25]","[0, 40, 25]","[0, 40, 26]","[0, 40, 26]","[0, 552, 27]","[0, 71, 27]","[1, 40, 28]","[1, 71, 29]",212
"[1, 52, 0]","[0, 48, 4]","[1, 40, 5]","[1, 1950, 7]","[0, 40, 8]","[0, 40, 8]","[0, 1500, 13]","[0, 1500, 13]","[0, 627, 13]","[1, 40, 13]","[1, 104, 22]","[0, 40, 23]","[1, 132, 24]","[1, 375, 24]","[0, 40, 25]","[0, 552, 25]","[0, 40, 25]","[0, 71, 26]","[1, 40, 27]","[1, 71, 29]",212
"[1, 52, 0]","[0, 48, 4]","[1, 40, 5]","[1, 1950, 10]","[0, 40, 11]","[0, 40, 11]","[0, 1500, 18]","[0, 1500, 18]","[0, 628, 18]","[1, 40, 19]","[1, 104, 28]","[0, 40, 29]","[1, 132, 31]","[1, 375, 31]","[0, 552, 31]","[0, 40, 32]","[0, 71, 33]","[1, 71, 34]","[0, 40, 35]","[0, 292, 45]",212
"[1, 52, 0]","[0, 48, 5]","[1, 40, 6]","[1, 1950, 8]","[0, 40, 8]","[0, 1500, 14]","[0, 1500, 14]","[0, 628, 14]","[1, 40, 14]","[1, 104, 29]","[1, 132, 30]","[0, 40, 30]","[1, 375, 30]","[0, 40, 31]","[0, 40, 31]","[0, 552, 31]","[0, 71, 32]","[1, 40, 33]","[1, 71, 33]","[0, 40, 34]",212
"[1, 52, 0]","[0, 48, 4]","[1, 40, 5]","[1, 1950, 6]","[0, 40, 6]","[0, 40, 6]","[0, 1500, 12]","[0, 1500, 12]","[0, 627, 12]","[1, 40, 13]","[1, 104, 39]","[0, 40, 40]","[1, 132, 40]","[1, 375, 40]","[0, 40, 41]","[0, 40, 41]","[0, 552, 42]","[0, 71, 43]","[1, 71, 43]","[0, 40, 44]",212
"[1, 52, 0]","[0, 48, 4]","[1, 40, 5]","[1, 1950, 8]","[0, 40, 9]","[0, 40, 9]","[0, 1500, 15]","[0, 1500, 15]","[0, 628, 15]","[1, 40, 15]","[1, 104, 23]","[0, 40, 24]","[1, 132, 25]","[1, 375, 25]","[0, 40, 26]","[0, 40, 26]","[0, 552, 27]","[0, 71, 28]","[1, 40, 29]","[1, 71, 31]",212
"[1, 52, 0]","[0, 48, 3]","[1, 40, 3]","[1, 1950, 5]","[0, 40, 6]","[0, 1500, 12]","[0, 1500, 12]","[0, 628, 12]","[1, 40, 12]","[1, 104, 20]","[0, 40, 20]","[1, 132, 21]","[1, 375, 21]","[0, 40, 22]","[0, 40, 22]","[0, 552, 22]","[0, 71, 24]","[1, 40, 24]","[1, 71, 25]","[0, 40, 26]",212
"[1, 52, 0]","[0, 48, 4]","[1, 40, 5]","[1, 1950, 7]","[0, 40, 7]","[0, 40, 8]","[0, 1500, 13]","[0, 1500, 13]","[0, 628, 14]","[1, 40, 14]","[1, 40, 29]","[1, 104, 32]","[1, 132, 33]","[0, 40, 33]","[1, 375, 33]","[0, 40, 34]","[0, 40, 34]","[0, 552, 35]","[0, 71, 35]","[1, 40, 35]",212
"[1, 52, 0]","[0, 48, 5]","[1, 40, 6]","[1, 1950, 9]","[0, 40, 9]","[0, 1500, 15]","[0, 1500, 15]","[0, 628, 15]","[1, 40, 16]","[1, 104, 23]","[0, 40, 24]","[1, 132, 25]","[1, 375, 25]","[0, 40, 25]","[0, 40, 25]","[0, 552, 27]","[1, 71, 28]","[0, 71, 28]","[0, 40, 28]","[0, 292, 37]",212
"[1, 52, 0]","[0, 48, 4]","[1, 40, 4]","[1, 1950, 6]","[0, 40, 6]","[0, 1500, 12]","[0, 1500, 12]","[0, 627, 12]","[1, 40, 13]","[1, 104, 23]","[0, 40, 25]","[1, 132, 25]","[0, 40, 26]","[0, 552, 27]","[1, 375, 27]","[0, 40, 28]","[0, 71, 28]","[1, 40, 29]","[1, 71, 30]","[0, 40, 31]",212
"[1, 52, 0]","[0, 48, 4]","[1, 40, 5]","[1, 1950, 6]","[0, 40, 7]","[0, 40, 8]","[0, 1500, 12]","[0, 1500, 12]","[0, 628, 12]","[1, 40, 12]","[1, 104, 18]","[0, 40, 18]","[1, 132, 19]","[1, 375, 19]","[0, 40, 19]","[0, 40, 20]","[0, 552, 20]","[0, 71, 21]","[1, 40, 21]","[1, 71, 22]",212
"[1, 52, 0]","[0, 48, 5]","[1, 40, 6]","[1, 1950, 9]","[0, 40, 10]","[0, 40, 10]","[0, 1500, 18]","[0, 1500, 18]","[0, 629, 18]","[1, 40, 19]","[1, 104, 26]","[0, 40, 27]","[1, 132, 27]","[1, 375, 28]","[0, 40, 28]","[0, 40, 28]","[0, 552, 29]","[1, 71, 30]","[0, 40, 31]","[0, 71, 32]",212
"[1, 52, 0]","[0, 48, 4]","[1, 40, 5]","[1, 1950, 6]","[0, 40, 7]","[0, 40, 7]","[0, 1500, 12]","[0, 1500, 13]","[0, 629, 13]","[1, 40, 13]","[1, 104, 31]","[0, 40, 32]","[1, 132, 32]","[1, 375, 32]","[0, 40, 33]","[0, 552, 33]","[0, 71, 34]","[1, 40, 35]","[1, 71, 36]","[0, 40, 36]",212
"[1, 52, 0]","[0, 48, 4]","[1, 40, 5]","[1, 1950, 7]","[0, 40, 8]","[0, 40, 8]","[0, 1500, 14]","[0, 1500, 14]","[0, 627, 14]","[1, 40, 15]","[1, 104, 21]","[0, 40, 22]","[1, 132, 23]","[0, 552, 23]","[1, 375, 23]","[0, 40, 24]","[0, 40, 25]","[1, 71, 25]","[0, 71, 26]","[0, 40, 27]",212
"[1, 52, 0]","[0, 48, 4]","[1, 40, 5]","[1, 1950, 6]","[0, 40, 7]","[0, 40, 7]","[0, 1500, 13]","[0, 1500, 13]","[0, 628, 13]","[1, 40, 13]","[1, 104, 21]","[0, 40, 22]","[1, 132, 23]","[1, 375, 23]","[0, 552, 23]","[0, 40, 23]","[0, 40, 24]","[1, 71, 24]","[0, 71, 25]","[0, 40, 25]",212
"[1, 52, 0]","[0, 48, 5]","[1, 40, 5]","[1, 1950, 10]","[0, 40, 11]","[0, 40, 11]","[0, 1500, 16]","[0, 1500, 16]","[0, 628, 16]","[1, 40, 17]","[1, 104, 23]","[1, 132, 24]","[1, 375, 24]","[0, 40, 24]","[0, 40, 25]","[0, 40, 25]","[0, 552, 26]","[0, 71, 26]","[1, 40, 27]","[1, 71, 28]",212
"[1, 52, 0]","[0, 48, 5]","[1, 40, 6]","[1, 1950, 8]","[0, 40, 9]","[0, 40, 9]","[0, 1500, 14]","[0, 1500, 14]","[0, 629, 15]","[1, 40, 15]","[1, 104, 22]","[1, 132, 24]","[0, 40, 24]","[1, 375, 24]","[0, 40, 25]","[0, 40, 25]","[0, 552, 25]","[0, 71, 27]","[1, 40, 27]","[1, 71, 29]",212
"[1, 52, 0]","[0, 48, 10]","[1, 40, 13]","[1, 1950, 17]","[0, 40, 18]","[0, 40, 19]","[0, 1500, 25]","[0, 1500, 25]","[0, 628, 25]","[1, 40, 26]","[1, 104, 43]","[0, 40, 44]","[0, 552, 49]","[1, 40, 92]","[1, 132, 120]","[0, 40, 121]","[0, 71, 123]","[1, 71, 125]","[0, 40, 126]","[1, 375, 187]",212
"[1, 52, 0]","[0, 48, 4]","[1, 40, 5]","[1, 1950, 9]","[0, 40, 10]","[0, 40, 10]","[0, 1500, 15]","[0, 1500, 15]","[0, 628, 15]","[1, 40, 16]","[1, 104, 26]","[1, 132, 28]","[0, 40, 28]","[1, 375, 28]","[0, 40, 29]","[0, 40, 29]","[0, 552, 29]","[0, 71, 30]","[1, 40, 30]","[1, 71, 31]",212
"[1, 52, 0]","[0, 48, 5]","[1, 40, 5]","[1, 1950, 6]","[0, 40, 8]","[0, 40, 8]","[0, 1500, 13]","[0, 1500, 14]","[0, 628, 14]","[1, 40, 14]","[1, 104, 26]","[0, 40, 27]","[0, 552, 28]","[1, 132, 29]","[1, 375, 29]","[0, 40, 29]","[0, 40, 30]","[0, 71, 31]","[1, 71, 32]","[0, 40, 32]",212
"[1, 52, 0]","[0, 48, 4]","[1, 40, 4]","[1, 1950, 5]","[0, 40, 6]","[0, 40, 6]","[0, 1500, 12]","[0, 1500, 12]","[0, 628, 12]","[1, 40, 13]","[1, 104, 20]","[0, 40, 21]","[1, 132, 23]","[1, 375, 23]","[0, 552, 23]","[0, 40, 24]","[1, 71, 25]","[0, 40, 26]","[0, 71, 26]","[0, 292, 36]",212
"[1, 52, 0]","[0, 48, 4]","[1, 40, 5]","[1, 1950, 9]","[0, 40, 9]","[0, 40, 10]","[0, 1500, 14]","[0, 1500, 14]","[0, 629, 14]","[1, 40, 17]","[1, 104, 26]","[0, 40, 27]","[1, 132, 29]","[0, 552, 29]","[0, 40, 29]","[1, 71, 31]","[0, 71, 31]","[0, 40, 32]","[1, 375, 32]","[0, 40, 33]",212
"[1, 52, 0]","[0, 48, 5]","[1, 40, 6]","[1, 1950, 7]","[0, 40, 9]","[0, 1500, 14]","[0, 1500, 14]","[0, 628, 14]","[1, 40, 14]","[1, 40, 26]","[1, 104, 33]","[1, 132, 34]","[1, 375, 34]","[0, 40, 34]","[0, 40, 34]","[0, 552, 36]","[0, 71, 36]","[1, 40, 36]","[1, 71, 38]","[0, 40, 39]",212
"[1, 52, 0]","[0, 48, 5]","[1, 40, 6]","[1, 1950, 7]","[0, 40, 8]","[0, 40, 8]","[0, 1500, 14]","[0, 1500, 14]","[0, 629, 14]","[1, 40, 14]","[1, 104, 26]","[0, 40, 27]","[1, 132, 28]","[0, 552, 28]","[1, 375, 28]","[0, 40, 29]","[0, 40, 29]","[0, 71, 30]","[1, 40, 31]","[1, 71, 31]",212
"[1, 52, 0]","[0, 48, 4]","[1, 40, 4]","[1, 1950, 5]","[0, 40, 7]","[0, 1500, 11]","[0, 1500, 11]","[0, 627, 11]","[1, 40, 12]","[1, 104, 25]","[1, 132, 26]","[0, 40, 26]","[1, 375, 26]","[0, 40, 26]","[0, 40, 27]","[0, 561, 28]","[1, 71, 29]","[0, 40, 29]","[0, 246, 35]","[0, 1431, 35]",212
"[1, 52, 0]","[0, 48, 5]","[1, 40, 6]","[1, 1950, 8]","[0, 40, 9]","[0, 40, 9]","[0, 1500, 14]","[0, 1500, 14]","[0, 628, 14]","[1, 40, 15]","[1, 104, 24]","[0, 40, 26]","[1, 132, 27]","[1, 375, 27]","[0, 552, 27]","[0, 40, 28]","[0, 71, 30]","[1, 71, 30]","[0, 40, 32]","[0, 292, 37]",212
"[1, 52, 0]","[0, 48, 5]","[1, 40, 5]","[1, 1950, 7]","[0, 40, 8]","[0, 40, 8]","[0, 1500, 14]","[0, 1500, 14]","[0, 628, 14]","[1, 40, 14]","[1, 104, 28]","[0, 40, 29]","[0, 552, 31]","[1, 132, 31]","[1, 375, 31]","[0, 40, 32]","[0, 40, 32]","[1, 71, 33]","[0, 71, 33]","[0, 40, 34]",212
"[1, 52, 0]","[0, 48, 4]","[1, 40, 5]","[1, 1950, 6]","[0, 40, 7]","[0, 40, 7]","[0, 1500, 12]","[0, 1500, 12]","[0, 628, 12]","[1, 40, 13]","[1, 104, 21]","[0, 40, 22]","[1, 132, 23]","[1, 375, 23]","[0, 40, 23]","[0, 40, 24]","[0, 552, 24]","[0, 71, 25]","[1, 40, 25]","[1, 71, 26]",212
"[1, 52, 0]","[0, 48, 5]","[1, 40, 6]","[1, 1950, 7]","[0, 40, 8]","[0, 1500, 13]","[0, 1500, 14]","[0, 627, 14]","[1, 40, 14]","[1, 104, 29]","[0, 40, 30]","[1, 132, 31]","[1, 375, 31]","[0, 40, 32]","[0, 40, 32]","[0, 552, 32]","[1, 71, 33]","[0, 71, 34]","[0, 40, 34]","[0, 246, 41]",212
"[1, 52, 0]","[0, 48, 4]","[1, 40, 5]","[1, 1950, 7]","[0, 40, 8]","[0, 40, 8]","[0, 1500, 14]","[0, 1500, 14]","[0, 628, 14]","[1, 40, 15]","[1, 104, 22]","[0, 40, 23]","[1, 132, 24]","[1, 375, 24]","[0, 40, 25]","[0, 40, 25]","[0, 552, 25]","[1, 71, 26]","[0, 71, 26]","[0, 40, 27]",212
"[1, 52, 0]","[0, 48, 4]","[1, 40, 5]","[1, 1950, 7]","[0, 40, 8]","[0, 40, 8]","[0, 1500, 13]","[0, 1500, 13]","[0, 627, 13]","[1, 40, 14]","[1, 104, 27]","[0, 40, 27]","[0, 552, 30]","[1, 132, 32]","[1, 375, 32]","[1, 71, 33]","[0, 40, 33]","[0, 40, 33]","[0, 40, 34]","[0, 71, 35]",212
"[1, 52, 0]","[0, 48, 6]","[1, 40, 6]","[1, 1950, 8]","[0, 40, 9]","[0, 1500, 15]","[0, 1500, 15]","[0, 628, 15]","[1, 40, 15]","[1, 104, 22]","[0, 40, 23]","[0, 552, 25]","[1, 40, 36]","[1, 132, 36]","[1, 375, 36]","[0, 40, 37]","[0, 40, 37]","[1, 71, 38]","[0, 71, 38]","[0, 40, 39]",212
"[1, 52, 0]","[0, 48, 3]","[1, 40, 4]","[1, 1950, 6]","[0, 40, 7]","[0, 1500, 11]","[0, 1500, 11]","[0, 628, 11]","[1, 40, 12]","[1, 104, 23]","[0, 40, 25]","[0, 552, 26]","[1, 132, 27]","[1, 375, 28]","[0, 40, 28]","[0, 40, 28]","[0, 71, 29]","[1, 71, 30]","[0, 40, 31]","[0, 292, 40]",212
"[1, 52, 0]","[0, 48, 5]","[1, 40, 6]","[1, 1950, 9]","[0, 40, 10]","[0, 1500, 15]","[0, 1500, 15]","[0, 628, 15]","[1, 40, 16]","[1, 104, 35]","[0, 40, 37]","[1, 132, 37]","[1, 375, 37]","[0, 40, 38]","[0, 552, 38]","[0, 40, 38]","[0, 71, 40]","[1, 40, 40]","[1, 71, 41]","[0, 40, 42]",212
"[1, 52, 0]","[0, 48, 3]","[1, 40, 4]","[1, 1950, 5]","[0, 40, 5]","[0, 40, 5]","[0, 1500, 11]","[0, 1500, 11]","[0, 629, 11]","[1, 40, 12]","[1, 104, 20]","[0, 40, 21]","[1, 132, 22]","[1, 375, 22]","[0, 552, 22]","[0, 40, 23]","[0, 40, 23]","[1, 71, 24]","[0, 71, 24]","[0, 40, 24]",212
"[1, 52, 0]","[0, 48, 4]","[1, 40, 5]","[1, 1950, 7]","[0, 40, 8]","[0, 1500, 14]","[0, 1500, 14]","[0, 628, 14]","[1, 40, 14]","[1, 104, 22]","[0, 40, 23]","[0, 552, 25]","[1, 132, 25]","[1, 375, 26]","[0, 40, 27]","[0, 40, 27]","[0, 71, 28]","[1, 71, 28]","[0, 40, 29]","[0, 292, 36]",212
"[1, 52, 0]","[0, 48, 5]","[1, 40, 6]","[1, 1950, 7]","[0, 40, 8]","[0, 40, 8]","[0, 1500, 13]","[0, 1500, 14]","[0, 626, 14]","[1, 40, 14]","[1, 104, 24]","[0, 40, 25]","[0, 552, 27]","[1, 132, 27]","[1, 375, 27]","[0, 40, 28]","[0, 40, 28]","[0, 71, 30]","[1, 71, 30]","[0, 40, 31]",212
"[1, 52, 0]","[0, 48, 5]","[1, 40, 5]","[1, 1950, 6]","[0, 40, 7]","[0, 40, 8]","[0, 1500, 13]","[0, 1500, 13]","[0, 628, 13]","[1, 40, 13]","[1, 104, 24]","[1, 132, 25]","[1, 375, 25]","[0, 40, 25]","[0, 40, 26]","[0, 40, 26]","[0, 552, 27]","[0, 71, 27]","[1, 40, 28]","[1, 71, 28]",212
"[1, 52, 0]","[0, 48, 4]","[1, 40, 5]","[1, 1950, 6]","[0, 40, 6]","[0, 1500, 12]","[0, 1500, 12]","[0, 628, 12]","[1, 40, 13]","[1, 104, 17]","[0, 40, 18]","[1, 132, 19]","[1, 375, 19]","[0, 552, 20]","[0, 40, 20]","[0, 40, 20]","[1, 71, 21]","[0, 71, 21]","[0, 40, 21]","[0, 292, 30]",212
"[1, 52, 0]","[0, 48, 5]","[1, 40, 5]","[1, 1950, 8]","[0, 40, 9]","[0, 40, 9]","[0, 1500, 14]","[0, 1500, 14]","[0, 629, 14]","[1, 40, 14]","[1, 104, 24]","[0, 40, 25]","[1, 132, 26]","[1, 375, 26]","[0, 40, 27]","[0, 40, 27]","[0, 552, 27]","[0, 71, 28]","[1, 40, 29]","[1, 71, 29]",212
"[1, 52, 0]","[0, 48, 4]","[1, 40, 5]","[1, 1950, 6]","[0, 40, 7]","[0, 40, 7]","[0, 1500, 12]","[0, 1500, 12]","[0, 629, 12]","[1, 40, 13]","[1, 104, 26]","[0, 40, 28]","[1, 132, 28]","[1, 375, 28]","[0, 40, 29]","[0, 40, 29]","[0, 552, 29]","[0, 71, 31]","[1, 71, 31]","[0, 40, 32]",212
"[1, 52, 0]","[0, 48, 3]","[1, 40, 4]","[1, 1950, 6]","[0, 40, 7]","[0, 1500, 11]","[0, 1500, 11]","[0, 628, 11]","[1, 40, 12]","[1, 104, 37]","[0, 40, 38]","[1, 132, 39]","[1, 375, 39]","[0, 40, 40]","[0, 40, 40]","[0, 552, 40]","[0, 71, 41]","[1, 40, 41]","[1, 71, 42]","[0, 40, 42]",212
"[1, 52, 0]","[0, 48, 4]","[1, 40, 5]","[1, 1950, 8]","[0, 40, 9]","[0, 40, 9]","[0, 1500, 15]","[0, 1500, 15]","[0, 629, 15]","[1, 40, 16]","[1, 104, 26]","[0, 40, 27]","[1, 132, 27]","[1, 375, 28]","[0, 40, 28]","[0, 552, 28]","[0, 40, 28]","[0, 71, 30]","[1, 40, 30]","[1, 71, 31]",212
"[1, 52, 0]","[0, 48, 5]","[1, 40, 5]","[1, 1950, 8]","[0, 40, 9]","[0, 1500, 14]","[0, 1500, 14]","[0, 627, 14]","[1, 40, 15]","[1, 104, 27]","[0, 40, 28]","[0, 552, 30]","[1, 132, 30]","[1, 375, 31]","[0, 40, 32]","[0, 40, 32]","[0, 71, 33]","[1, 71, 34]","[0, 40, 35]","[0, 246, 41]",212
"[1, 52, 0]","[0, 48, 5]","[1, 40, 6]","[1, 1950, 7]","[0, 40, 8]","[0, 40, 8]","[0, 1500, 13]","[0, 1500, 14]","[0, 628, 14]","[1, 40, 14]","[1, 104, 22]","[0, 40, 23]","[0, 552, 25]","[1, 132, 26]","[1, 375, 26]","[0, 40, 26]","[0, 40, 26]","[1, 71, 28]","[0, 71, 28]","[0, 40, 28]",212
"[1, 52, 0]","[0, 48, 4]","[1, 40, 5]","[1, 1950, 8]","[0, 40, 10]","[0, 1500, 15]","[0, 1500, 15]","[0, 628, 15]","[1, 40, 16]","[1, 104, 41]","[0, 40, 42]","[1, 132, 42]","[1, 375, 42]","[0, 40, 43]","[0, 552, 44]","[0, 71, 45]","[1, 71, 45]","[0, 40, 46]","[0, 292, 51]","[0, 1431, 51]",212
"[1, 52, 0]","[0, 48, 4]","[1, 40, 5]","[1, 1950, 6]","[0, 40, 7]","[0, 40, 7]","[0, 1500, 12]","[0, 1500, 12]","[0, 628, 12]","[1, 40, 12]","[1, 104, 18]","[1, 132, 19]","[0, 40, 19]","[0, 40, 20]","[0, 552, 21]","[0, 71, 21]","[1, 40, 22]","[1, 71, 22]","[0, 40, 23]","[1, 375, 69]",212
"[1, 52, 0]","[0, 48, 4]","[1, 40, 5]","[1, 1950, 7]","[0, 40, 7]","[0, 40, 7]","[0, 1500, 13]","[0, 1500, 13]","[0, 628, 13]","[1, 40, 13]","[1, 104, 21]","[0, 40, 21]","[1, 132, 22]","[1, 375, 22]","[0, 552, 23]","[0, 40, 23]","[0, 71, 25]","[1, 40, 25]","[1, 71, 26]","[0, 40, 27]",212
"[1, 52, 0]","[0, 48, 4]","[1, 40, 5]","[1, 1950, 9]","[0, 40, 10]","[0, 40, 10]","[0, 1500, 16]","[0, 1500, 16]","[0, 628, 16]","[1, 40, 17]","[1, 104, 30]","[0, 40, 31]","[1, 132, 31]","[1, 375, 32]","[0, 40, 32]","[0, 552, 33]","[1, 71, 34]","[0, 71, 34]","[0, 40, 35]","[0, 1500, 43]",212
"[1, 52, 0]","[0, 48, 5]","[1, 40, 5]","[1, 1950, 8]","[0, 40, 8]","[0, 40, 9]","[0, 1500, 13]","[0, 1500, 13]","[0, 628, 13]","[1, 40, 13]","[1, 104, 30]","[0, 40, 31]","[0, 552, 33]","[1, 132, 34]","[1, 375, 34]","[0, 40, 35]","[0, 71, 37]","[1, 71, 40]","[0, 40, 41]","[0, 246, 45]",212
"[1, 52, 0]","[0, 48, 6]","[1, 40, 7]","[1, 1950, 10]","[0, 40, 10]","[0, 40, 10]","[0, 1500, 16]","[0, 1500, 16]","[0, 627, 16]","[1, 40, 17]","[1, 104, 32]","[0, 40, 33]","[1, 132, 34]","[1, 375, 34]","[0, 552, 34]","[0, 40, 35]","[0, 40, 35]","[0, 71, 36]","[1, 71, 36]","[0, 40, 37]",212
"[1, 52, 0]","[0, 48, 4]","[1, 40, 5]","[1, 1950, 9]","[0, 40, 10]","[0, 40, 10]","[0, 1500, 14]","[0, 1500, 14]","[0, 628, 15]","[1, 40, 15]","[1, 104, 21]","[0, 40, 22]","[1, 132, 22]","[1, 375, 23]","[0, 40, 23]","[0, 40, 23]","[0, 552, 24]","[0, 71, 24]","[1, 40, 24]","[1, 71, 25]",212
"[1, 52, 0]","[0, 48, 5]","[1, 40, 6]","[1, 1950, 7]","[0, 40, 8]","[0, 1500, 13]","[0, 1500, 13]","[0, 628, 13]","[1, 40, 14]","[1, 104, 20]","[1, 132, 21]","[0, 40, 21]","[0, 40, 21]","[0, 552, 23]","[0, 71, 23]","[1, 40, 24]","[1, 71, 26]","[0, 40, 27]","[1, 375, 295]","[0, 40, 296]",212
"[1, 52, 0]","[0, 48, 4]","[1, 40, 5]","[1, 1950, 11]","[0, 40, 11]","[0, 40, 11]","[0, 1500, 17]","[0, 1500, 17]","[0, 628, 17]","[1, 40, 18]","[1, 104, 34]","[0, 40, 35]","[0, 552, 37]","[1, 132, 38]","[1, 375, 38]","[0, 40, 38]","[0, 40, 39]","[0, 71, 40]","[1, 71, 41]","[0, 40, 41]",212
"[1, 52, 0]","[0, 48, 5]","[1, 40, 5]","[1, 1950, 8]","[0, 40, 8]","[0, 40, 8]","[0, 1500, 13]","[0, 1500, 13]","[0, 627, 13]","[1, 40, 13]","[1, 104, 20]","[0, 40, 21]","[1, 132, 22]","[1, 375, 22]","[0, 40, 23]","[0, 552, 23]","[0, 40, 23]","[0, 71, 24]","[1, 71, 24]","[0, 40, 25]",212
"[1, 52, 0]","[0, 48, 4]","[1, 40, 5]","[1, 1950, 8]","[0, 40, 8]","[0, 40, 9]","[0, 1500, 14]","[0, 1500, 14]","[1, 40, 14]","[0, 629, 14]","[1, 104, 23]","[0, 40, 24]","[1, 132, 24]","[1, 375, 24]","[0, 40, 25]","[0, 40, 25]","[0, 552, 26]","[0, 71, 26]","[1, 40, 27]","[1, 71, 27]",212
"[1, 52, 0]","[0, 48, 5]","[1, 40, 6]","[1, 1950, 8]","[0, 40, 8]","[0, 40, 9]","[0, 1500, 15]","[0, 1500, 15]","[0, 629, 15]","[1, 40, 16]","[1, 104, 22]","[0, 40, 23]","[1, 132, 24]","[1, 375, 24]","[0, 40, 25]","[0, 552, 25]","[1, 71, 27]","[0, 71, 27]","[0, 40, 27]","[0, 246, 37]",212
"[1, 52, 0]","[0, 48, 3]","[1, 40, 3]","[1, 1950, 7]","[0, 40, 8]","[0, 40, 8]","[0, 1500, 14]","[0, 1500, 14]","[0, 628, 14]","[1, 40, 15]","[1, 104, 24]","[1, 132, 25]","[1, 375, 25]","[0, 40, 25]","[0, 40, 26]","[0, 40, 26]","[0, 552, 28]","[0, 71, 29]","[1, 71, 30]","[0, 40, 30]",212
"[1, 52, 0]","[0, 48, 4]","[1, 40, 5]","[1, 1950, 8]","[0, 40, 9]","[0, 40, 9]","[0, 1500, 15]","[0, 1500, 15]","[0, 628, 15]","[1, 40, 16]","[1, 104, 28]","[0, 40, 29]","[0, 552, 31]","[1, 132, 31]","[0, 40, 32]","[1, 375, 32]","[0, 40, 33]","[0, 71, 34]","[1, 71, 36]","[0, 40, 37]",212
"[1, 52, 0]","[0, 48, 5]","[1, 40, 5]","[1, 1950, 7]","[0, 40, 8]","[0, 40, 9]","[0, 1500, 12]","[0, 1500, 12]","[0, 627, 12]","[1, 40, 13]","[1, 104, 27]","[1, 132, 28]","[0, 40, 28]","[1, 375, 28]","[0, 40, 29]","[0, 40, 29]","[0, 552, 29]","[1, 71, 30]","[0, 71, 31]","[0, 40, 31]",212
"[1, 52, 0]","[0, 48, 7]","[1, 40, 8]","[1, 713, 15]","[0, 40, 18]","[0, 1500, 26]","[0, 1500, 26]","[0, 343, 26]","[1, 40, 29]","[1, 104, 50]","[0, 40, 51]","[1, 210, 53]","[1, 410, 54]","[0, 552, 54]","[0, 40, 54]","[0, 40, 55]","[0, 71, 56]","[1, 40, 57]","[1, 71, 58]","[0, 40, 60]",210
"[1, 52, 0]","[0, 48, 8]","[1, 40, 8]","[1, 713, 10]","[0, 40, 12]","[0, 1500, 18]","[0, 1500, 18]","[0, 343, 18]","[1, 40, 18]","[1, 104, 35]","[0, 40, 37]","[0, 552, 39]","[1, 210, 40]","[1, 410, 40]","[0, 40, 41]","[0, 40, 41]","[1, 71, 43]","[0, 71, 43]","[0, 40, 43]","[0, 292, 52]",210
"[1, 52, 0]","[0, 48, 4]","[1, 40, 6]","[1, 713, 8]","[0, 40, 9]","[0, 1500, 16]","[0, 1500, 16]","[1, 40, 16]","[0, 344, 16]","[1, 40, 32]","[1, 104, 34]","[0, 40, 35]","[1, 210, 35]","[1, 410, 35]","[0, 40, 36]","[0, 40, 36]","[0, 552, 37]","[0, 71, 39]","[1, 40, 40]","[1, 71, 40]",210
"[1, 52, 0]","[0, 48, 5]","[1, 40, 5]","[1, 713, 7]","[0, 40, 10]","[0, 1500, 16]","[0, 1500, 16]","[0, 343, 16]","[1, 40, 17]","[1, 104, 28]","[0, 40, 29]","[1, 210, 30]","[1, 410, 30]","[0, 40, 30]","[0, 40, 30]","[0, 552, 31]","[0, 71, 32]","[1, 40, 33]","[1, 71, 34]","[0, 40, 35]",210
"[1, 52, 0]","[0, 48, 4]","[1, 40, 5]","[1, 713, 7]","[0, 40, 8]","[0, 1500, 12]","[0, 1500, 12]","[0, 343, 12]","[1, 40, 12]","[1, 104, 27]","[0, 40, 28]","[1, 210, 28]","[0, 40, 29]","[1, 410, 29]","[0, 40, 30]","[0, 552, 30]","[0, 71, 31]","[1, 40, 31]","[1, 71, 34]","[0, 40, 34]",210
"[1, 52, 0]","[0, 48, 5]","[1, 40, 5]","[1, 713, 6]","[0, 40, 10]","[0, 1500, 14]","[0, 1500, 14]","[0, 343, 14]","[1, 40, 15]","[1, 104, 38]","[1, 210, 39]","[1, 410, 39]","[0, 40, 39]","[0, 40, 40]","[0, 40, 40]","[0, 552, 42]","[0, 71, 42]","[1, 40, 43]","[1, 71, 44]","[0, 40, 44]",210
"[1, 52, 0]","[0, 48, 12]","[1, 40, 13]","[1, 713, 16]","[0, 40, 17]","[0, 1500, 22]","[0, 1500, 22]","[0, 344, 22]","[1, 40, 22]","[1, 104, 32]","[0, 40, 32]","[1, 210, 34]","[1, 410, 34]","[0, 40, 34]","[0, 552, 35]","[1, 71, 36]","[0, 71, 36]","[0, 40, 37]","[0, 292, 46]","[0, 1500, 46]",210
"[1, 52, 0]","[0, 48, 5]","[1, 40, 5]","[1, 713, 6]","[0, 40, 7]","[0, 1500, 12]","[0, 1500, 12]","[1, 40, 12]","[0, 344, 13]","[1, 104, 22]","[0, 40, 22]","[1, 210, 23]","[1, 410, 23]","[0, 40, 23]","[0, 40, 24]","[0, 552, 24]","[0, 71, 26]","[1, 40, 26]","[1, 71, 27]","[0, 40, 27]",210
"[1, 52, 0]","[0, 48, 7]","[1, 40, 7]","[1, 713, 9]","[0, 40, 10]","[0, 1500, 16]","[0, 1500, 16]","[0, 342, 17]","[1, 40, 17]","[1, 104, 31]","[0, 40, 32]","[1, 210, 33]","[1, 410, 33]","[0, 552, 34]","[0, 40, 34]","[0, 40, 34]","[1, 71, 36]","[0, 71, 36]","[0, 40, 37]","[0, 292, 44]",210
"[1, 52, 0]","[0, 48, 3]","[1, 40, 4]","[1, 713, 6]","[0, 40, 6]","[0, 1500, 11]","[0, 1500, 11]","[0, 343, 11]","[1, 40, 12]","[1, 104, 25]","[0, 40, 27]","[1, 210, 27]","[1, 410, 28]","[0, 40, 28]","[0, 40, 28]","[0, 552, 29]","[1, 71, 31]","[0, 71, 31]","[0, 40, 31]","[0, 247, 45]",210
"[1, 52, 0]","[0, 48, 4]","[1, 40, 5]","[1, 713, 7]","[0, 40, 9]","[0, 1500, 13]","[0, 1500, 13]","[0, 344, 13]","[1, 40, 13]","[1, 104, 26]","[0, 40, 27]","[1, 210, 28]","[1, 410, 28]","[0, 40, 28]","[0, 40, 29]","[0, 552, 30]","[0, 71, 31]","[1, 40, 31]","[1, 71, 32]","[0, 40, 33]",210
"[1, 52, 0]","[0, 48, 5]","[1, 40, 6]","[1, 713, 6]","[0, 40, 7]","[0, 1500, 13]","[0, 1500, 13]","[0, 343, 13]","[1, 40, 14]","[1, 104, 25]","[0, 40, 26]","[1, 210, 27]","[0, 552, 28]","[1, 410, 28]","[0, 40, 28]","[0, 40, 28]","[0, 71, 30]","[1, 40, 30]","[1, 71, 31]","[0, 40, 32]",210
"[1, 52, 0]","[0, 48, 4]","[1, 40, 5]","[1, 713, 7]","[0, 40, 8]","[0, 1500, 13]","[0, 1500, 13]","[0, 344, 13]","[1, 40, 14]","[1, 104, 35]","[0, 40, 36]","[1, 210, 36]","[1, 410, 36]","[0, 40, 37]","[0, 40, 37]","[0, 552, 38]","[0, 71, 39]","[1, 40, 39]","[1, 71, 40]","[0, 40, 41]",210
"[1, 52, 0]","[0, 48, 4]","[1, 40, 5]","[1, 713, 8]","[0, 40, 10]","[0, 1500, 17]","[0, 1500, 17]","[0, 344, 17]","[1, 40, 18]","[1, 104, 30]","[0, 40, 31]","[0, 552, 33]","[1, 210, 34]","[1, 410, 35]","[0, 40, 35]","[0, 40, 36]","[0, 71, 37]","[1, 71, 39]","[0, 40, 40]","[0, 292, 47]",210
"[1, 52, 0]","[0, 48, 17]","[1, 40, 18]","[1, 713, 22]","[0, 40, 23]","[0, 1500, 30]","[0, 1500, 31]","[0, 342, 31]","[1, 40, 31]","[1, 104, 48]","[0, 40, 49]","[0, 552, 50]","[1, 210, 56]","[1, 410, 56]","[0, 40, 57]","[0, 71, 59]","[1, 71, 61]","[0, 40, 62]","[0, 247, 66]","[0, 1500, 66]",210
"[1, 52, 0]","[0, 48, 4]","[1, 40, 5]","[1, 713, 6]","[0, 40, 7]","[0, 1500, 13]","[0, 1500, 13]","[0, 342, 13]","[1, 40, 13]","[1, 104, 24]","[0, 40, 25]","[0, 552, 27]","[1, 210, 28]","[1, 410, 28]","[0, 40, 30]","[0, 71, 32]","[1, 71, 34]","[0, 40, 35]","[0, 247, 40]","[0, 86, 41]",210
"[1, 52, 0]","[0, 48, 5]","[1, 40, 6]","[1, 713, 7]","[0, 40, 8]","[0, 1500, 13]","[0, 1500, 13]","[0, 344, 14]","[1, 40, 14]","[1, 104, 23]","[0, 40, 24]","[1, 210, 24]","[1, 410, 24]","[0, 40, 25]","[0, 552, 26]","[0, 71, 28]","[1, 71, 28]","[0, 40, 29]","[0, 292, 35]","[1, 40, 36]",210
"[1, 52, 0]","[0, 48, 4]","[1, 40, 5]","[1, 713, 12]","[0, 40, 13]","[0, 1500, 18]","[0, 1500, 18]","[0, 342, 18]","[1, 40, 19]","[1, 104, 45]","[0, 40, 46]","[0, 552, 48]","[1, 210, 49]","[1, 410, 49]","[0, 40, 50]","[0, 40, 50]","[0, 71, 51]","[1, 40, 52]","[1, 71, 58]","[0, 40, 59]",210
"[1, 52, 0]","[0, 48, 6]","[1, 40, 6]","[1, 713, 7]","[0, 40, 8]","[0, 1500, 13]","[0, 1500, 13]","[0, 344, 13]","[1, 40, 14]","[1, 104, 24]","[0, 40, 24]","[1, 210, 24]","[1, 410, 24]","[0, 40, 25]","[0, 40, 26]","[0, 552, 26]","[0, 71, 27]","[1, 40, 27]","[1, 71, 29]","[0, 40, 30]",210
"[1, 52, 0]","[0, 48, 4]","[1, 40, 6]","[1, 713, 8]","[0, 40, 9]","[0, 1500, 14]","[0, 1500, 14]","[0, 343, 14]","[1, 40, 14]","[1, 104, 25]","[0, 40, 25]","[1, 210, 26]","[1, 410, 26]","[0, 40, 26]","[0, 40, 27]","[0, 552, 28]","[0, 71, 29]","[1, 40, 29]","[1, 71, 31]","[0, 40, 32]",210
"[1, 52, 0]","[0, 48, 8]","[1, 40, 9]","[1, 713, 9]","[0, 40, 10]","[0, 1500, 16]","[0, 1500, 16]","[0, 343, 16]","[1, 40, 16]","[1, 40, 31]","[1, 104, 33]","[0, 40, 34]","[1, 210, 34]","[1, 410, 35]","[0, 40, 35]","[0, 40, 35]","[0, 552, 37]","[1, 71, 39]","[0, 71, 39]","[0, 40, 39]",210
"[1, 52, 0]","[0, 48, 5]","[1, 40, 5]","[1, 713, 8]","[0, 40, 10]","[0, 1500, 14]","[0, 1500, 15]","[0, 342, 15]","[1, 40, 15]","[1, 104, 27]","[0, 40, 28]","[0, 552, 30]","[1, 210, 32]","[1, 410, 33]","[0, 40, 33]","[0, 40, 33]","[0, 71, 35]","[1, 71, 35]","[0, 40, 36]","[0, 247, 47]",210
"[1, 52, 0]","[0, 48, 4]","[1, 40, 4]","[1, 713, 6]","[0, 40, 7]","[0, 1500, 12]","[0, 1500, 12]","[0, 344, 12]","[1, 40, 12]","[1, 104, 37]","[1, 210, 38]","[0, 40, 38]","[1, 410, 38]","[0, 40, 38]","[0, 40, 39]","[0, 552, 40]","[0, 71, 40]","[1, 40, 41]","[1, 71, 41]","[0, 40, 42]",210
"[1, 52, 0]","[0, 48, 7]","[1, 40, 7]","[1, 713, 8]","[0, 40, 9]","[0, 1500, 15]","[0, 1500, 15]","[0, 342, 15]","[1, 40, 15]","[1, 104, 26]","[1, 210, 27]","[0, 40, 27]","[0, 40, 27]","[1, 410, 29]","[0, 583, 30]","[0, 40, 30]","[1, 71, 32]","[0, 40, 32]","[0, 292, 42]","[0, 1431, 42]",210
"[1, 52, 0]","[0, 48, 4]","[1, 40, 4]","[1, 713, 5]","[0, 40, 6]","[0, 1500, 12]","[0, 1500, 12]","[0, 344, 12]","[1, 40, 13]","[1, 104, 24]","[0, 40, 24]","[0, 552, 26]","[1, 210, 28]","[1, 410, 28]","[0, 40, 29]","[0, 40, 29]","[0, 71, 31]","[1, 71, 31]","[0, 40, 32]","[0, 1500, 41]",210
"[1, 52, 0]","[0, 48, 6]","[1, 40, 6]","[1, 713, 8]","[0, 40, 10]","[0, 1500, 16]","[0, 1500, 16]","[0, 343, 16]","[1, 40, 16]","[1, 104, 33]","[0, 40, 34]","[1, 210, 35]","[1, 410, 35]","[0, 40, 35]","[0, 40, 36]","[0, 552, 36]","[0, 71, 37]","[1, 40, 37]","[1, 71, 39]","[0, 40, 40]",210
"[1, 52, 0]","[0, 48, 4]","[1, 40, 5]","[1, 713, 6]","[0, 40, 6]","[0, 1500, 11]","[0, 1500, 12]","[1, 40, 12]","[0, 342, 12]","[1, 104, 21]","[1, 210, 22]","[0, 40, 22]","[1, 410, 22]","[0, 40, 23]","[0, 40, 23]","[0, 552, 24]","[0, 71, 24]","[1, 40, 25]","[1, 71, 26]","[0, 40, 27]",210
"[1, 52, 0]","[0, 48, 5]","[1, 40, 5]","[1, 713, 7]","[0, 40, 8]","[0, 1500, 14]","[0, 1500, 14]","[0, 344, 14]","[1, 40, 14]","[1, 104, 27]","[0, 40, 29]","[1, 210, 29]","[1, 410, 29]","[0, 40, 29]","[0, 40, 30]","[0, 552, 31]","[0, 71, 31]","[1, 40, 31]","[1, 71, 33]","[0, 40, 34]",210
"[1, 52, 0]","[0, 48, 6]","[1, 40, 6]","[1, 713, 7]","[0, 40, 9]","[0, 1500, 14]","[0, 1500, 15]","[0, 344, 15]","[1, 40, 16]","[1, 104, 29]","[0, 40, 30]","[1, 210, 30]","[1, 410, 30]","[0, 40, 31]","[0, 40, 31]","[0, 552, 31]","[1, 71, 33]","[0, 40, 34]","[0, 71, 35]","[0, 1500, 46]",210
"[1, 52, 0]","[0, 48, 4]","[1, 40, 4]","[1, 713, 5]","[0, 40, 6]","[0, 1500, 13]","[0, 1500, 13]","[0, 342, 13]","[1, 40, 14]","[1, 104, 49]","[0, 40, 49]","[1, 210, 50]","[1, 410, 51]","[0, 552, 51]","[0, 40, 51]","[0, 40, 51]","[0, 71, 53]","[1, 40, 53]","[1, 71, 54]","[0, 40, 54]",210
"[1, 52, 0]","[0, 48, 5]","[1, 40, 6]","[1, 713, 7]","[0, 40, 8]","[0, 1500, 14]","[0, 1500, 14]","[0, 342, 14]","[1, 40, 14]","[1, 104, 25]","[1, 210, 26]","[0, 40, 26]","[1, 410, 26]","[0, 40, 27]","[0, 40, 27]","[0, 552, 28]","[0, 71, 28]","[1, 40, 28]","[1, 71, 31]","[0, 40, 31]",210
"[1, 52, 0]","[0, 48, 5]","[1, 40, 6]","[1, 713, 9]","[0, 40, 10]","[0, 1500, 14]","[0, 1500, 14]","[0, 344, 14]","[1, 40, 14]","[1, 104, 25]","[0, 40, 26]","[1, 210, 27]","[1, 410, 27]","[0, 40, 27]","[0, 40, 27]","[0, 552, 28]","[0, 71, 29]","[1, 40, 29]","[1, 71, 30]","[0, 40, 31]",210
"[1, 52, 0]","[0, 48, 6]","[1, 40, 7]","[1, 713, 8]","[0, 40, 9]","[0, 1500, 14]","[0, 1500, 15]","[0, 343, 15]","[1, 40, 15]","[1, 104, 29]","[0, 40, 30]","[0, 552, 33]","[1, 210, 36]","[1, 410, 36]","[0, 40, 36]","[0, 40, 36]","[0, 71, 39]","[1, 71, 41]","[0, 40, 42]","[0, 246, 46]",210
"[1, 52, 0]","[0, 48, 4]","[1, 40, 4]","[1, 713, 6]","[0, 40, 7]","[0, 1500, 12]","[0, 1500, 12]","[0, 343, 12]","[1, 40, 12]","[1, 104, 30]","[0, 40, 31]","[0, 552, 33]","[1, 210, 35]","[1, 410, 35]","[0, 40, 35]","[0, 40, 35]","[0, 71, 37]","[1, 71, 39]","[0, 40, 39]","[0, 292, 46]",210
"[1, 52, 0]","[0, 48, 4]","[1, 40, 4]","[1, 713, 6]","[0, 40, 7]","[0, 1500, 13]","[0, 1500, 13]","[1, 40, 14]","[0, 343, 14]","[1, 104, 29]","[1, 210, 30]","[1, 410, 30]","[0, 40, 31]","[0, 561, 35]","[1, 71, 37]","[0, 40, 38]","[0, 246, 42]","[0, 1500, 43]","[0, 1035, 43]","[1, 40, 43]",210
"[1, 52, 0]","[0, 48, 6]","[1, 40, 6]","[1, 713, 8]","[0, 40, 9]","[0, 1500, 13]","[0, 1500, 14]","[0, 343, 14]","[1, 40, 15]","[1, 104, 22]","[1, 210, 23]","[0, 40, 23]","[1, 410, 23]","[0, 40, 24]","[0, 40, 24]","[0, 552, 25]","[0, 71, 26]","[1, 40, 26]","[1, 71, 27]","[0, 40, 27]",210
"[1, 52, 0]","[0, 48, 4]","[1, 40, 5]","[1, 713, 6]","[0, 40, 7]","[0, 1500, 16]","[0, 1500, 16]","[0, 342, 16]","[1, 40, 17]","[1, 104, 33]","[0, 40, 34]","[1, 210, 35]","[1, 410, 35]","[0, 552, 36]","[0, 40, 36]","[1, 71, 38]","[0, 40, 39]","[0, 71, 39]","[0, 292, 47]","[0, 1431, 47]",210
"[1, 52, 0]","[0, 48, 5]","[1, 40, 6]","[1, 713, 9]","[0, 40, 12]","[0, 1500, 19]","[0, 1500, 19]","[0, 344, 19]","[1, 40, 20]","[1, 104, 28]","[0, 40, 29]","[1, 210, 29]","[1, 410, 29]","[0, 40, 30]","[0, 40, 30]","[0, 552, 31]","[0, 71, 32]","[1, 40, 33]","[1, 71, 34]","[0, 40, 34]",210
"[1, 52, 0]","[0, 48, 6]","[1, 40, 7]","[1, 713, 8]","[0, 40, 9]","[0, 1500, 13]","[0, 1500, 13]","[0, 344, 13]","[1, 40, 13]","[1, 104, 24]","[0, 40, 25]","[1, 210, 25]","[1, 410, 25]","[0, 40, 26]","[0, 40, 26]","[0, 552, 28]","[0, 71, 28]","[1, 40, 28]","[1, 71, 31]","[0, 40, 32]",210
"[1, 52, 0]","[0, 48, 3]","[1, 40, 4]","[1, 713, 5]","[0, 40, 6]","[0, 1500, 12]","[0, 1500, 13]","[0, 343, 13]","[1, 40, 13]","[1, 104, 24]","[0, 40, 24]","[1, 210, 26]","[1, 410, 26]","[0, 552, 26]","[0, 40, 27]","[0, 40, 27]","[0, 71, 29]","[1, 71, 29]","[0, 40, 29]","[0, 292, 37]",210
"[1, 52, 0]","[0, 48, 10]","[1, 40, 11]","[1, 713, 14]","[0, 40, 15]","[0, 1500, 19]","[0, 1500, 19]","[0, 343, 19]","[1, 40, 20]","[1, 104, 33]","[1, 210, 35]","[1, 410, 35]","[0, 40, 37]","[0, 561, 39]","[1, 71, 43]","[0, 40, 45]","[0, 293, 48]","[0, 1500, 48]","[0, 958, 48]","[0, 71, 48]",210
"[1, 52, 0]","[0, 48, 5]","[1, 40, 5]","[1, 713, 6]","[0, 40, 6]","[0, 1500, 11]","[0, 1500, 11]","[0, 342, 11]","[1, 40, 12]","[1, 104, 22]","[1, 210, 23]","[1, 410, 23]","[0, 40, 24]","[0, 40, 24]","[0, 40, 24]","[0, 552, 26]","[0, 71, 27]","[1, 40, 27]","[1, 71, 28]","[0, 40, 29]",210
"[1, 52, 0]","[0, 48, 4]","[1, 40, 5]","[1, 713, 6]","[0, 40, 6]","[0, 1500, 10]","[0, 1500, 10]","[0, 342, 10]","[1, 40, 11]","[1, 104, 29]","[0, 40, 30]","[0, 552, 31]","[1, 210, 33]","[1, 410, 33]","[1, 71, 34]","[0, 40, 34]","[0, 40, 34]","[0, 40, 35]","[0, 71, 36]","[0, 246, 45]",210
"[1, 52, 0]","[0, 48, 5]","[1, 40, 6]","[1, 713, 30]","[0, 40, 31]","[0, 1500, 37]","[0, 1500, 37]","[0, 343, 37]","[1, 40, 38]","[1, 104, 51]","[0, 40, 53]","[1, 210, 53]","[1, 410, 53]","[0, 40, 54]","[0, 40, 54]","[0, 552, 55]","[0, 71, 55]","[1, 40, 56]","[1, 71, 57]","[0, 40, 58]",210
"[1, 52, 0]","[0, 48, 6]","[1, 40, 6]","[1, 713, 7]","[0, 40, 8]","[0, 1500, 13]","[0, 1500, 13]","[0, 343, 13]","[1, 40, 14]","[1, 104, 21]","[1, 210, 22]","[0, 40, 22]","[1, 410, 23]","[0, 40, 23]","[0, 40, 23]","[0, 552, 24]","[0, 71, 27]","[1, 40, 27]","[1, 71, 29]","[0, 40, 30]",210
"[1, 52, 0]","[0, 48, 6]","[1, 40, 7]","[1, 713, 9]","[0, 40, 10]","[0, 1500, 16]","[0, 1500, 17]","[0, 343, 17]","[1, 40, 17]","[1, 104, 27]","[0, 40, 28]","[1, 210, 30]","[1, 410, 30]","[0, 552, 30]","[0, 40, 31]","[0, 40, 31]","[1, 71, 34]","[0, 71, 34]","[0, 40, 35]","[0, 292, 41]",210
"[1, 52, 0]","[0, 48, 4]","[1, 40, 4]","[1, 713, 6]","[0, 40, 7]","[0, 1500, 11]","[0, 1500, 11]","[1, 40, 11]","[0, 343, 11]","[1, 104, 24]","[0, 40, 25]","[1, 210, 25]","[0, 40, 26]","[0, 552, 27]","[0, 71, 28]","[1, 40, 28]","[1, 71, 31]","[0, 40, 32]","[1, 410, 39]","[0, 40, 40]",210
"[1, 52, 0]","[0, 48, 4]","[1, 40, 5]","[1, 713, 9]","[0, 40, 10]","[0, 1500, 15]","[0, 1500, 15]","[0, 343, 15]","[1, 40, 15]","[1, 104, 32]","[1, 210, 33]","[1, 410, 33]","[0, 40, 33]","[0, 40, 33]","[0, 40, 33]","[0, 552, 35]","[0, 71, 35]","[1, 40, 35]","[1, 71, 37]","[0, 40, 38]",210
"[1, 52, 0]","[0, 48, 4]","[1, 40, 5]","[1, 713, 8]","[0, 40, 9]","[0, 1500, 14]","[0, 1500, 14]","[0, 343, 14]","[1, 40, 15]","[1, 104, 25]","[0, 40, 25]","[1, 210, 27]","[0, 552, 27]","[1, 410, 27]","[0, 40, 27]","[1, 71, 29]","[0, 71, 29]","[0, 40, 29]","[0, 246, 38]","[1, 40, 38]",210
"[1, 52, 0]","[0, 48, 4]","[1, 40, 5]","[1, 713, 7]","[0, 40, 7]","[0, 1500, 13]","[0, 1500, 13]","[0, 343, 13]","[1, 40, 13]","[1, 104, 27]","[0, 40, 28]","[1, 210, 28]","[1, 410, 28]","[0, 40, 28]","[0, 40, 29]","[0, 552, 30]","[0, 71, 32]","[1, 71, 32]","[0, 40, 33]","[0, 292, 39]",210
"[1, 52, 0]","[0, 48, 4]","[1, 40, 5]","[1, 713, 6]","[0, 40, 7]","[0, 1500, 13]","[0, 1500, 13]","[0, 344, 13]","[1, 40, 14]","[1, 104, 24]","[1, 210, 25]","[0, 40, 25]","[1, 410, 25]","[0, 40, 26]","[0, 552, 27]","[0, 71, 28]","[1, 40, 28]","[1, 71, 29]","[0, 40, 30]","[0, 246, 36]",210
"[1, 52, 0]","[0, 48, 3]","[1, 40, 4]","[1, 713, 5]","[0, 40, 6]","[0, 1500, 13]","[0, 1500, 13]","[0, 343, 13]","[1, 40, 13]","[1, 104, 23]","[1, 210, 24]","[1, 410, 24]","[0, 40, 26]","[0, 40, 26]","[0, 40, 26]","[0, 561, 28]","[1, 71, 30]","[0, 40, 31]","[0, 246, 43]","[0, 1500, 43]",210
"[1, 52, 0]","[0, 48, 5]","[1, 40, 6]","[1, 713, 7]","[0, 40, 7]","[0, 1500, 13]","[0, 1500, 13]","[1, 40, 13]","[0, 342, 14]","[1, 40, 26]","[1, 104, 26]","[0, 40, 27]","[1, 210, 28]","[1, 410, 28]","[0, 40, 28]","[0, 40, 28]","[0, 552, 29]","[0, 71, 30]","[1, 40, 30]","[1, 71, 31]",210
"[1, 52, 0]","[0, 48, 6]","[1, 40, 7]","[1, 713, 9]","[0, 40, 10]","[0, 1500, 16]","[0, 1500, 16]","[0, 343, 16]","[1, 40, 16]","[1, 104, 35]","[0, 40, 35]","[1, 210, 36]","[1, 410, 36]","[0, 40, 36]","[0, 40, 36]","[0, 552, 37]","[0, 71, 38]","[1, 40, 38]","[1, 71, 40]","[0, 40, 40]",210
"[1, 52, 0]","[0, 48, 5]","[1, 40, 6]","[1, 713, 8]","[0, 40, 8]","[0, 1500, 15]","[0, 1500, 15]","[0, 343, 15]","[1, 40, 16]","[1, 104, 28]","[0, 40, 30]","[1, 210, 30]","[1, 410, 30]","[0, 40, 31]","[0, 40, 31]","[0, 552, 33]","[0, 71, 33]","[1, 40, 33]","[1, 71, 36]","[0, 40, 37]",210
"[1, 52, 0]","[0, 48, 7]","[1, 40, 8]","[1, 713, 10]","[0, 40, 11]","[0, 1500, 15]","[0, 1500, 15]","[0, 342, 15]","[1, 40, 16]","[1, 104, 25]","[0, 40, 26]","[1, 210, 27]","[1, 410, 27]","[0, 40, 27]","[0, 40, 28]","[0, 552, 28]","[0, 71, 30]","[1, 40, 30]","[1, 71, 31]","[0, 40, 31]",210
"[1, 52, 0]","[0, 48, 4]","[1, 40, 5]","[1, 713, 7]","[0, 40, 7]","[0, 1500, 13]","[0, 1500, 13]","[0, 343, 13]","[1, 40, 13]","[1, 104, 30]","[0, 40, 31]","[1, 210, 31]","[1, 410, 32]","[0, 40, 32]","[0, 552, 32]","[0, 40, 33]","[0, 71, 34]","[1, 40, 35]","[1, 71, 36]","[0, 40, 36]",210
"[1, 52, 0]","[0, 48, 4]","[1, 40, 6]","[1, 713, 11]","[0, 40, 13]","[0, 1500, 18]","[0, 1500, 18]","[0, 344, 18]","[1, 40, 19]","[1, 104, 55]","[0, 40, 56]","[0, 552, 59]","[1, 210, 63]","[1, 410, 63]","[0, 40, 64]","[1, 71, 65]","[0, 40, 65]","[0, 71, 66]","[0, 246, 74]","[0, 1477, 74]",210
"[1, 52, 0]","[0, 48, 3]","[1, 40, 4]","[1, 713, 8]","[0, 40, 8]","[0, 1500, 15]","[0, 1500, 16]","[0, 344, 16]","[1, 40, 16]","[1, 104, 31]","[0, 40, 31]","[1, 210, 32]","[1, 410, 32]","[0, 40, 33]","[0, 552, 33]","[0, 40, 33]","[0, 71, 34]","[1, 40, 34]","[1, 71, 35]","[0, 40, 36]",210
"[1, 52, 0]","[0, 48, 5]","[1, 40, 5]","[1, 713, 6]","[0, 40, 7]","[0, 1500, 12]","[0, 1500, 12]","[0, 344, 13]","[1, 40, 13]","[1, 104, 37]","[0, 40, 38]","[1, 210, 39]","[1, 410, 39]","[0, 40, 39]","[0, 40, 40]","[0, 552, 41]","[0, 71, 41]","[1, 40, 42]","[1, 71, 44]","[0, 40, 45]",210
"[1, 52, 0]","[0, 48, 5]","[1, 40, 6]","[1, 713, 12]","[0, 40, 12]","[0, 1500, 19]","[0, 1500, 19]","[0, 343, 19]","[1, 40, 19]","[1, 104, 53]","[0, 40, 54]","[1, 210, 57]","[1, 410, 57]","[0, 552, 57]","[0, 40, 58]","[0, 40, 59]","[0, 71, 60]","[1, 40, 61]","[1, 71, 61]","[0, 40, 62]",210
"[1, 52, 0]","[0, 48, 5]","[1, 40, 5]","[1, 713, 7]","[0, 40, 9]","[0, 1500, 15]","[0, 1500, 15]","[0, 342, 15]","[1, 40, 16]","[1, 104, 33]","[0, 40, 35]","[0, 552, 37]","[1, 210, 37]","[1, 410, 37]","[0, 40, 39]","[0, 40, 39]","[0, 71, 40]","[1, 40, 42]","[1, 71, 47]","[0, 40, 48]",210
"[1, 52, 0]","[0, 48, 4]","[1, 40, 5]","[1, 713, 7]","[0, 40, 8]","[0, 1500, 13]","[0, 1500, 13]","[0, 344, 13]","[1, 40, 14]","[1, 40, 34]","[1, 104, 46]","[0, 40, 47]","[1, 210, 49]","[0, 552, 49]","[1, 410, 49]","[0, 40, 49]","[0, 40, 50]","[0, 71, 51]","[1, 40, 52]","[1, 71, 54]",210
"[1, 52, 0]","[0, 48, 4]","[1, 40, 5]","[1, 713, 7]","[0, 40, 8]","[0, 1500, 13]","[0, 1500, 13]","[0, 343, 13]","[1, 40, 14]","[1, 104, 28]","[0, 40, 28]","[1, 210, 29]","[1, 410, 30]","[0, 40, 30]","[0, 40, 30]","[0, 552, 31]","[0, 71, 32]","[1, 40, 33]","[1, 71, 36]","[0, 40, 37]",210
"[1, 52, 0]","[0, 48, 5]","[1, 40, 5]","[1, 713, 6]","[0, 40, 7]","[0, 1500, 13]","[0, 1500, 13]","[0, 344, 13]","[1, 40, 13]","[1, 104, 30]","[0, 40, 31]","[1, 210, 32]","[1, 410, 32]","[0, 40, 32]","[0, 40, 33]","[0, 561, 64]","[1, 71, 66]","[0, 40, 67]","[0, 292, 71]","[0, 1431, 71]",210
"[1, 52, 0]","[0, 48, 6]","[1, 40, 6]","[1, 713, 27]","[0, 40, 28]","[0, 1500, 34]","[0, 1500, 34]","[0, 343, 34]","[1, 40, 35]","[1, 104, 56]","[0, 40, 57]","[1, 210, 59]","[1, 410, 60]","[0, 40, 60]","[0, 40, 60]","[0, 583, 68]","[1, 71, 71]","[0, 40, 72]","[0, 246, 79]","[0, 1500, 80]",210
"[1, 52, 0]","[0, 48, 4]","[1, 40, 5]","[1, 713, 8]","[0, 40, 9]","[0, 1500, 16]","[0, 1500, 16]","[0, 342, 16]","[1, 40, 16]","[1, 104, 33]","[0, 40, 35]","[0, 552, 37]","[1, 210, 38]","[1, 410, 39]","[0, 40, 40]","[0, 40, 40]","[0, 71, 41]","[1, 71, 42]","[0, 40, 43]","[0, 246, 52]",210
"[1, 52, 0]","[0, 48, 4]","[1, 40, 5]","[1, 713, 6]","[0, 40, 7]","[0, 1500, 13]","[0, 1500, 13]","[0, 342, 13]","[1, 40, 14]","[1, 104, 28]","[0, 40, 29]","[1, 210, 30]","[1, 410, 31]","[0, 40, 31]","[0, 40, 31]","[0, 552, 31]","[0, 71, 33]","[1, 40, 34]","[1, 71, 35]","[0, 40, 35]",210
"[1, 52, 0]","[0, 48, 4]","[1, 40, 5]","[1, 713, 7]","[0, 40, 8]","[0, 1500, 12]","[0, 1500, 12]","[0, 344, 12]","[1, 40, 13]","[1, 104, 33]","[0, 40, 34]","[1, 210, 34]","[1, 410, 34]","[0, 40, 35]","[0, 552, 37]","[0, 71, 37]","[1, 40, 38]","[1, 71, 41]","[0, 40, 42]","[0, 292, 49]",210
"[1, 52, 0]","[0, 48, 6]","[1, 40, 7]","[1, 713, 8]","[0, 40, 8]","[0, 1500, 14]","[0, 1500, 14]","[0, 343, 14]","[1, 40, 14]","[1, 104, 22]","[0, 40, 23]","[1, 210, 23]","[1, 410, 23]","[0, 40, 24]","[0, 40, 24]","[0, 552, 24]","[1, 71, 26]","[0, 71, 26]","[0, 40, 32]","[0, 292, 36]",210
"[1, 52, 0]","[0, 48, 5]","[1, 40, 6]","[1, 713, 7]","[0, 40, 8]","[0, 1500, 13]","[0, 1500, 13]","[0, 344, 13]","[1, 40, 13]","[1, 104, 22]","[0, 40, 22]","[1, 210, 23]","[1, 410, 23]","[0, 40, 24]","[0, 552, 24]","[1, 71, 26]","[0, 71, 26]","[0, 40, 26]","[0, 292, 37]","[1, 40, 38]",210
"[1, 52, 0]","[0, 48, 4]","[1, 40, 5]","[1, 713, 8]","[0, 40, 9]","[0, 1500, 14]","[0, 1500, 14]","[0, 343, 14]","[1, 40, 15]","[1, 104, 38]","[0, 40, 38]","[0, 552, 40]","[1, 210, 41]","[1, 410, 41]","[0, 40, 41]","[0, 40, 42]","[0, 71, 43]","[1, 71, 44]","[0, 40, 45]","[0, 292, 52]",210
"[1, 52, 0]","[0, 48, 4]","[1, 40, 5]","[1, 713, 9]","[0, 40, 9]","[0, 1500, 14]","[0, 1500, 14]","[0, 343, 14]","[1, 40, 15]","[1, 104, 29]","[0, 40, 30]","[1, 210, 31]","[1, 410, 31]","[0, 552, 32]","[0, 40, 32]","[0, 40, 32]","[1, 71, 33]","[0, 71, 34]","[0, 40, 34]","[0, 1500, 41]",210
"[1, 52, 0]","[0, 48, 5]","[1, 40, 5]","[1, 713, 8]","[0, 40, 9]","[0, 1500, 13]","[0, 1500, 13]","[0, 343, 13]","[1, 40, 14]","[1, 104, 25]","[0, 40, 26]","[1, 210, 27]","[1, 410, 27]","[0, 552, 27]","[0, 40, 28]","[0, 40, 28]","[0, 71, 29]","[1, 40, 29]","[1, 71, 30]","[0, 40, 31]",210
"[1, 52, 0]","[0, 48, 4]","[1, 40, 5]","[1, 713, 7]","[0, 40, 9]","[0, 1500, 14]","[0, 1500, 14]","[0, 343, 14]","[1, 40, 15]","[1, 104, 24]","[0, 40, 25]","[1, 210, 26]","[1, 410, 26]","[0, 40, 26]","[0, 40, 26]","[0, 552, 28]","[0, 71, 29]","[1, 40, 29]","[1, 71, 31]","[0, 40, 31]",210
"[1, 52, 0]","[0, 48, 3]","[1, 40, 4]","[1, 713, 6]","[0, 40, 7]","[0, 1500, 13]","[0, 1500, 13]","[0, 343, 13]","[1, 40, 13]","[1, 104, 24]","[0, 40, 25]","[1, 210, 25]","[1, 410, 25]","[0, 40, 26]","[0, 40, 27]","[0, 552, 27]","[0, 71, 28]","[1, 40, 29]","[1, 71, 29]","[0, 40, 30]",210
"[1, 52, 0]","[0, 48, 4]","[1, 40, 5]","[1, 713, 7]","[0, 40, 8]","[0, 1500, 13]","[0, 1500, 13]","[0, 342, 13]","[1, 40, 14]","[1, 104, 27]","[0, 40, 28]","[1, 210, 29]","[1, 410, 29]","[0, 40, 30]","[0, 40, 30]","[0, 552, 31]","[0, 71, 33]","[1, 71, 33]","[0, 40, 34]","[0, 292, 40]",210
"[1, 52, 0]","[0, 48, 5]","[1, 40, 6]","[1, 713, 8]","[0, 40, 9]","[0, 1500, 14]","[0, 1500, 14]","[0, 343, 14]","[1, 40, 14]","[1, 104, 32]","[1, 210, 33]","[1, 410, 33]","[0, 40, 33]","[0, 40, 34]","[0, 40, 34]","[0, 552, 35]","[0, 71, 35]","[1, 40, 36]","[1, 71, 38]","[0, 40, 39]",210
"[1, 52, 0]","[0, 48, 6]","[1, 40, 7]","[1, 713, 12]","[0, 40, 14]","[0, 1500, 17]","[0, 1500, 17]","[0, 344, 18]","[1, 40, 18]","[1, 40, 28]","[1, 104, 32]","[0, 40, 33]","[1, 210, 34]","[1, 410, 34]","[0, 40, 34]","[0, 40, 35]","[0, 552, 35]","[0, 71, 36]","[1, 40, 37]","[1, 71, 39]",210
"[1, 52, 0]","[0, 48, 5]","[1, 40, 6]","[1, 713, 9]","[0, 40, 10]","[0, 1500, 15]","[0, 1500, 15]","[0, 342, 15]","[1, 40, 16]","[1, 104, 32]","[0, 40, 34]","[0, 552, 36]","[1, 210, 36]","[1, 410, 37]","[0, 40, 37]","[0, 40, 37]","[0, 71, 39]","[1, 40, 39]","[1, 71, 40]","[0, 40, 40]",210
"[1, 52, 0]","[0, 48, 6]","[1, 40, 7]","[1, 713, 9]","[0, 40, 11]","[0, 1500, 16]","[0, 1500, 16]","[0, 343, 16]","[1, 40, 17]","[1, 104, 27]","[0, 40, 27]","[1, 210, 27]","[1, 410, 27]","[0, 40, 28]","[0, 552, 29]","[0, 71, 30]","[1, 40, 30]","[1, 71, 33]","[0, 40, 33]","[0, 292, 37]",210
"[1, 52, 0]","[0, 48, 6]","[1, 40, 6]","[1, 713, 8]","[0, 40, 8]","[0, 1500, 13]","[0, 1500, 14]","[0, 343, 14]","[1, 40, 14]","[1, 104, 29]","[0, 40, 29]","[1, 210, 30]","[1, 410, 30]","[0, 40, 31]","[0, 40, 31]","[0, 552, 31]","[0, 71, 32]","[1, 40, 33]","[1, 71, 34]","[0, 40, 35]",210
"[1, 52, 0]","[0, 48, 2]","[1, 40, 3]","[1, 713, 5]","[0, 40, 6]","[0, 1500, 11]","[0, 1500, 11]","[0, 342, 11]","[1, 40, 12]","[1, 104, 31]","[0, 40, 32]","[1, 210, 32]","[1, 410, 32]","[0, 40, 33]","[0, 552, 33]","[0, 71, 35]","[1, 40, 35]","[1, 71, 36]","[0, 40, 36]","[0, 292, 42]",210
"[1, 52, 0]","[0, 48, 4]","[1, 40, 5]","[1, 713, 6]","[0, 40, 7]","[0, 1500, 10]","[0, 1500, 11]","[1, 40, 11]","[0, 343, 11]","[1, 104, 26]","[0, 40, 27]","[1, 210, 27]","[1, 410, 27]","[0, 40, 28]","[0, 552, 29]","[0, 71, 30]","[1, 40, 30]","[1, 71, 31]","[0, 40, 32]","[0, 292, 42]",210
"[1, 52, 0]","[0, 48, 11]","[1, 40, 12]","[1, 713, 15]","[0, 40, 16]","[0, 1500, 22]","[0, 1500, 22]","[0, 344, 22]","[1, 40, 22]","[1, 104, 34]","[0, 40, 35]","[0, 552, 37]","[1, 210, 38]","[1, 410, 38]","[0, 40, 39]","[1, 71, 41]","[0, 40, 42]","[0, 71, 42]","[0, 292, 51]","[0, 1500, 51]",210
"[1, 52, 0]","[0, 48, 6]","[1, 40, 7]","[1, 713, 10]","[0, 40, 10]","[0, 1500, 16]","[0, 1500, 16]","[0, 343, 16]","[1, 40, 16]","[1, 104, 27]","[0, 40, 28]","[1, 210, 28]","[1, 410, 28]","[0, 40, 29]","[0, 40, 29]","[0, 552, 32]","[0, 71, 32]","[1, 40, 32]","[1, 71, 36]","[0, 40, 37]",210
"[1, 52, 0]","[0, 48, 6]","[1, 40, 6]","[1, 713, 9]","[0, 40, 10]","[0, 1500, 13]","[0, 1500, 13]","[0, 344, 13]","[1, 40, 14]","[1, 104, 23]","[0, 40, 25]","[0, 552, 26]","[1, 40, 38]","[1, 210, 38]","[1, 410, 38]","[0, 40, 39]","[0, 40, 39]","[1, 71, 40]","[0, 71, 41]","[0, 40, 41]",210
"[1, 52, 0]","[0, 48, 5]","[1, 40, 5]","[1, 713, 6]","[0, 40, 7]","[0, 1500, 12]","[0, 1500, 12]","[0, 344, 12]","[1, 40, 12]","[1, 104, 22]","[0, 40, 23]","[1, 210, 24]","[1, 410, 24]","[0, 552, 24]","[0, 40, 25]","[0, 40, 25]","[1, 71, 26]","[0, 71, 27]","[0, 40, 28]","[0, 292, 36]",210
"[1, 52, 0]","[0, 48, 5]","[1, 40, 5]","[1, 713, 6]","[0, 40, 7]","[0, 1500, 13]","[0, 1500, 13]","[0, 343, 13]","[1, 40, 14]","[1, 104, 24]","[1, 210, 25]","[1, 410, 25]","[0, 40, 26]","[0, 552, 29]","[0, 40, 29]","[0, 40, 30]","[0, 71, 31]","[1, 40, 32]","[1, 71, 32]","[0, 40, 33]",210
"[1, 52, 0]","[0, 48, 4]","[1, 40, 5]","[1, 713, 6]","[0, 40, 6]","[0, 1500, 12]","[0, 1500, 12]","[0, 343, 12]","[1, 40, 12]","[1, 104, 22]","[0, 40, 23]","[1, 210, 24]","[1, 410, 24]","[0, 40, 25]","[0, 40, 25]","[0, 552, 25]","[0, 71, 27]","[1, 40, 27]","[1, 71, 29]","[0, 40, 29]",210
"[1, 52, 0]","[0, 48, 4]","[1, 40, 5]","[1, 713, 7]","[0, 40, 8]","[0, 1500, 12]","[0, 1500, 12]","[0, 344, 12]","[1, 40, 13]","[1, 104, 30]","[0, 40, 31]","[1, 210, 32]","[1, 410, 32]","[0, 552, 33]","[0, 40, 33]","[1, 71, 34]","[0, 71, 35]","[0, 40, 35]","[0, 292, 44]","[1, 40, 44]",210
"[1, 52, 0]","[0, 48, 5]","[1, 40, 6]","[1, 713, 8]","[0, 40, 9]","[0, 1500, 15]","[0, 1500, 15]","[0, 343, 15]","[1, 40, 16]","[1, 104, 27]","[0, 40, 28]","[1, 210, 28]","[1, 410, 28]","[0, 40, 29]","[0, 40, 29]","[0, 552, 30]","[0, 71, 31]","[1, 40, 31]","[1, 71, 32]","[0, 40, 33]",210
"[1, 52, 0]","[0, 48, 4]","[1, 40, 4]","[1, 713, 6]","[0, 40, 6]","[0, 1500, 11]","[0, 1500, 11]","[0, 343, 11]","[1, 40, 12]","[1, 104, 22]","[0, 40, 23]","[1, 210, 24]","[1, 410, 25]","[0, 552, 25]","[0, 40, 25]","[0, 40, 26]","[0, 71, 27]","[1, 40, 27]","[1, 71, 27]","[0, 40, 28]",210
"[1, 52, 0]","[0, 48, 5]","[1, 40, 6]","[1, 713, 9]","[0, 40, 10]","[0, 1500, 16]","[0, 1500, 16]","[0, 343, 16]","[1, 40, 18]","[1, 104, 29]","[0, 40, 30]","[1, 210, 31]","[1, 410, 31]","[0, 40, 31]","[0, 40, 31]","[0, 552, 32]","[0, 71, 32]","[1, 40, 33]","[1, 71, 37]","[0, 40, 38]",210
"[1, 52, 0]","[0, 48, 6]","[1, 40, 7]","[1, 713, 11]","[0, 40, 11]","[0, 1500, 16]","[0, 1500, 16]","[0, 343, 16]","[1, 40, 16]","[1, 40, 29]","[1, 104, 34]","[0, 40, 35]","[1, 210, 35]","[1, 410, 36]","[0, 40, 36]","[0, 40, 36]","[0, 552, 36]","[0, 71, 38]","[1, 40, 38]","[1, 71, 39]",210
"[1, 52, 0]","[0, 48, 5]","[1, 40, 6]","[1, 713, 7]","[0, 40, 7]","[0, 1500, 14]","[0, 1500, 14]","[0, 344, 14]","[1, 40, 14]","[1, 104, 24]","[0, 40, 25]","[1, 210, 25]","[1, 410, 26]","[0, 40, 26]","[0, 40, 27]","[0, 552, 27]","[0, 71, 29]","[1, 40, 29]","[1, 71, 30]","[0, 40, 30]",210
"[1, 52, 0]","[0, 48, 14]","[1, 40, 14]","[1, 713, 16]","[0, 40, 16]","[0, 1500, 22]","[0, 1500, 22]","[0, 344, 22]","[1, 40, 22]","[1, 104, 38]","[0, 40, 38]","[1, 210, 40]","[0, 552, 40]","[1, 410, 40]","[0, 40, 41]","[0, 40, 41]","[0, 71, 43]","[1, 71, 44]","[0, 40, 44]","[0, 293, 53]",210
"[1, 52, 0]","[0, 48, 3]","[1, 40, 4]","[1, 713, 31]","[0, 40, 32]","[0, 1500, 37]","[0, 1500, 37]","[0, 342, 37]","[1, 40, 37]","[1, 104, 63]","[1, 210, 65]","[1, 410, 65]","[0, 40, 65]","[0, 40, 65]","[0, 40, 66]","[0, 552, 67]","[0, 71, 68]","[1, 40, 68]","[1, 71, 70]","[0, 40, 70]",210
"[1, 52, 0]","[0, 48, 5]","[1, 40, 5]","[1, 713, 8]","[0, 40, 9]","[0, 1500, 14]","[0, 1500, 14]","[0, 342, 14]","[1, 40, 15]","[1, 104, 67]","[1, 210, 68]","[0, 40, 68]","[1, 410, 68]","[0, 40, 69]","[0, 40, 69]","[0, 552, 70]","[0, 71, 70]","[1, 40, 71]","[1, 71, 72]","[0, 40, 72]",210
"[1, 52, 0]","[0, 48, 5]","[1, 40, 5]","[1, 713, 7]","[0, 40, 8]","[0, 1500, 13]","[0, 1500, 14]","[0, 344, 14]","[1, 40, 14]","[1, 104, 27]","[0, 40, 27]","[1, 210, 28]","[1, 410, 28]","[0, 40, 28]","[0, 40, 29]","[0, 552, 29]","[0, 71, 30]","[1, 40, 30]","[1, 71, 32]","[0, 40, 32]",210
