0,1,2,3,4,5,6,7,8,9,label
"[1, 52, 0]","[0, 48, 4]","[1, 40, 5]","[1, 1950, 22]","[0, 40, 24]","[0, 1500, 30]","[0, 1500, 30]","[0, 628, 30]","[1, 40, 31]","[1, 104, 53]",212
"[1, 52, 0]","[0, 48, 4]","[1, 40, 5]","[1, 1950, 6]","[0, 40, 7]","[0, 40, 7]","[0, 1500, 12]","[0, 1500, 12]","[0, 627, 12]","[1, 40, 12]",212
"[1, 52, 0]","[0, 48, 5]","[1, 40, 6]","[1, 1950, 9]","[0, 40, 10]","[0, 40, 10]","[0, 1500, 15]","[0, 1500, 15]","[0, 629, 16]","[1, 40, 16]",212
"[1, 52, 0]","[0, 48, 5]","[1, 40, 6]","[1, 1950, 7]","[0, 40, 8]","[0, 40, 8]","[0, 1500, 15]","[0, 1500, 15]","[0, 629, 15]","[1, 40, 16]",212
"[1, 52, 0]","[0, 48, 7]","[1, 40, 7]","[1, 1950, 8]","[0, 40, 9]","[0, 40, 9]","[0, 1500, 18]","[0, 1500, 18]","[0, 627, 18]","[1, 40, 19]",212
"[1, 52, 0]","[0, 48, 5]","[1, 40, 6]","[1, 1950, 24]","[0, 40, 25]","[0, 1500, 31]","[0, 1500, 31]","[1, 40, 31]","[0, 628, 31]","[1, 104, 37]",212
"[1, 52, 0]","[0, 48, 4]","[1, 40, 5]","[1, 1950, 6]","[0, 40, 7]","[0, 40, 8]","[0, 1500, 14]","[0, 1500, 14]","[0, 629, 14]","[1, 40, 14]",212
"[1, 52, 0]","[0, 48, 5]","[1, 40, 6]","[1, 1950, 10]","[0, 40, 11]","[0, 1500, 16]","[0, 1500, 16]","[0, 627, 16]","[1, 40, 17]","[1, 104, 26]",212
"[1, 52, 0]","[0, 48, 4]","[1, 40, 5]","[1, 1950, 9]","[0, 40, 10]","[0, 40, 10]","[0, 1500, 16]","[0, 1500, 16]","[0, 629, 16]","[1, 40, 17]",212
"[1, 52, 0]","[0, 48, 4]","[1, 40, 5]","[1, 1950, 7]","[0, 40, 8]","[0, 1500, 13]","[0, 1500, 13]","[0, 629, 13]","[1, 40, 13]","[1, 104, 22]",212
"[1, 52, 0]","[0, 48, 5]","[1, 40, 5]","[1, 1950, 7]","[0, 40, 8]","[0, 40, 8]","[0, 1500, 15]","[0, 1500, 15]","[0, 628, 15]","[1, 40, 16]",212
"[1, 52, 0]","[0, 48, 4]","[1, 40, 5]","[1, 1950, 7]","[0, 40, 7]","[0, 40, 8]","[0, 1500, 14]","[0, 1500, 15]","[0, 627, 15]","[1, 40, 15]",212
"[1, 52, 0]","[0, 48, 4]","[1, 40, 5]","[1, 1950, 7]","[0, 40, 8]","[0, 40, 8]","[0, 1500, 13]","[0, 1500, 13]","[1, 40, 14]","[0, 628, 14]",212
"[1, 52, 0]","[0, 48, 5]","[1, 40, 6]","[1, 1950, 11]","[0, 40, 12]","[0, 1500, 18]","[0, 1500, 18]","[0, 627, 18]","[1, 40, 18]","[1, 104, 26]",212
"[1, 52, 0]","[0, 48, 4]","[1, 40, 5]","[1, 1950, 6]","[0, 40, 7]","[0, 40, 7]","[0, 1500, 14]","[0, 1500, 14]","[0, 629, 14]","[1, 40, 14]",212
"[1, 52, 0]","[0, 48, 4]","[1, 40, 5]","[1, 1950, 6]","[0, 40, 7]","[0, 40, 7]","[0, 1500, 13]","[0, 1500, 14]","[0, 628, 14]","[1, 40, 14]",212
"[1, 52, 0]","[0, 48, 3]","[1, 40, 4]","[1, 1950, 5]","[0, 40, 6]","[0, 1500, 10]","[0, 1500, 10]","[0, 628, 10]","[1, 40, 11]","[1, 104, 17]",212
"[1, 52, 0]","[0, 48, 3]","[1, 40, 4]","[1, 1950, 9]","[0, 40, 11]","[0, 1500, 17]","[0, 1500, 17]","[0, 628, 17]","[1, 40, 18]","[1, 104, 29]",212
"[1, 52, 0]","[0, 48, 4]","[1, 40, 5]","[1, 1950, 8]","[0, 40, 9]","[0, 40, 9]","[0, 1500, 15]","[0, 1500, 15]","[0, 627, 15]","[1, 40, 16]",212
"[1, 52, 0]","[0, 48, 5]","[1, 40, 6]","[1, 1950, 7]","[0, 40, 8]","[0, 40, 8]","[0, 1500, 14]","[0, 1500, 14]","[0, 628, 14]","[1, 40, 15]",212
"[1, 52, 0]","[0, 48, 8]","[1, 40, 8]","[1, 1950, 10]","[0, 40, 11]","[0, 1500, 18]","[0, 1500, 18]","[0, 629, 18]","[1, 40, 19]","[1, 104, 27]",212
"[1, 52, 0]","[0, 48, 4]","[1, 40, 4]","[1, 1950, 6]","[0, 40, 7]","[0, 40, 7]","[0, 1500, 12]","[0, 1500, 12]","[0, 629, 12]","[1, 40, 13]",212
"[1, 52, 0]","[0, 48, 4]","[1, 40, 5]","[1, 1950, 6]","[0, 40, 7]","[0, 1500, 12]","[0, 1500, 12]","[0, 628, 12]","[1, 40, 13]","[1, 104, 28]",212
"[1, 52, 0]","[0, 48, 4]","[1, 40, 5]","[1, 1950, 8]","[0, 40, 8]","[0, 40, 8]","[0, 1500, 15]","[0, 1500, 15]","[0, 627, 15]","[1, 40, 16]",212
"[1, 52, 0]","[0, 48, 7]","[1, 40, 9]","[1, 1950, 12]","[0, 40, 13]","[0, 40, 13]","[0, 1500, 20]","[0, 1500, 20]","[0, 629, 20]","[1, 40, 21]",212
"[1, 52, 0]","[0, 48, 5]","[1, 40, 5]","[1, 1950, 8]","[0, 40, 9]","[0, 40, 9]","[0, 1500, 14]","[0, 1500, 14]","[0, 628, 14]","[1, 40, 15]",212
"[1, 52, 0]","[0, 48, 5]","[1, 40, 6]","[1, 1950, 10]","[0, 40, 11]","[0, 40, 11]","[0, 1500, 16]","[0, 1500, 16]","[0, 629, 16]","[1, 40, 17]",212
"[1, 52, 0]","[0, 48, 3]","[1, 40, 4]","[1, 1950, 6]","[0, 40, 7]","[0, 40, 7]","[0, 1500, 12]","[0, 1500, 12]","[0, 627, 12]","[1, 40, 13]",212
"[1, 52, 0]","[0, 48, 4]","[1, 40, 5]","[1, 1950, 6]","[0, 40, 7]","[0, 1500, 13]","[0, 1500, 13]","[0, 628, 13]","[1, 40, 14]","[1, 104, 20]",212
"[1, 52, 0]","[0, 48, 4]","[1, 40, 6]","[1, 1950, 7]","[0, 40, 8]","[0, 40, 8]","[0, 1500, 14]","[0, 1500, 14]","[0, 628, 14]","[1, 40, 14]",212
"[1, 52, 0]","[0, 48, 6]","[1, 40, 7]","[1, 1950, 12]","[0, 40, 13]","[0, 1500, 21]","[0, 1500, 21]","[0, 627, 21]","[1, 40, 22]","[1, 104, 66]",212
"[1, 52, 0]","[0, 48, 4]","[1, 40, 5]","[1, 1950, 7]","[0, 40, 8]","[0, 1500, 14]","[0, 1500, 14]","[0, 627, 14]","[1, 40, 15]","[1, 104, 20]",212
"[1, 52, 0]","[0, 48, 5]","[1, 40, 6]","[1, 1950, 7]","[0, 40, 8]","[0, 40, 8]","[0, 1500, 14]","[0, 1500, 15]","[0, 627, 15]","[1, 40, 15]",212
"[1, 52, 0]","[0, 48, 7]","[1, 40, 7]","[1, 1950, 9]","[0, 40, 10]","[0, 40, 10]","[0, 1500, 16]","[0, 1500, 16]","[0, 628, 16]","[1, 40, 16]",212
"[1, 52, 0]","[0, 48, 4]","[1, 40, 5]","[1, 1950, 9]","[0, 40, 10]","[0, 1500, 16]","[0, 1500, 16]","[0, 628, 16]","[1, 40, 16]","[1, 104, 46]",212
"[1, 52, 0]","[0, 48, 4]","[1, 40, 5]","[1, 1950, 7]","[0, 40, 8]","[0, 40, 8]","[0, 1500, 14]","[0, 1500, 14]","[0, 627, 14]","[1, 40, 15]",212
"[1, 52, 0]","[0, 48, 7]","[1, 40, 8]","[1, 1950, 12]","[0, 40, 12]","[0, 40, 13]","[0, 1500, 18]","[0, 1500, 19]","[0, 628, 19]","[1, 40, 19]",212
"[1, 52, 0]","[0, 48, 4]","[1, 40, 5]","[1, 1950, 6]","[0, 40, 7]","[0, 40, 7]","[0, 1500, 13]","[0, 1500, 13]","[0, 628, 13]","[1, 40, 13]",212
"[1, 52, 0]","[0, 48, 4]","[1, 40, 5]","[1, 1950, 7]","[0, 40, 7]","[0, 40, 8]","[0, 1500, 13]","[0, 1500, 13]","[0, 628, 13]","[1, 40, 14]",212
"[1, 52, 0]","[0, 48, 4]","[1, 40, 5]","[1, 1950, 10]","[0, 40, 10]","[0, 40, 10]","[0, 1500, 16]","[0, 1500, 16]","[0, 629, 16]","[1, 40, 16]",212
"[1, 52, 0]","[0, 48, 5]","[1, 40, 5]","[1, 1950, 8]","[0, 40, 9]","[0, 40, 9]","[0, 1500, 15]","[0, 1500, 15]","[0, 627, 15]","[1, 40, 16]",212
"[1, 52, 0]","[0, 48, 4]","[1, 40, 5]","[1, 1950, 7]","[0, 40, 8]","[0, 40, 8]","[0, 1500, 13]","[0, 1500, 13]","[0, 627, 13]","[1, 40, 13]",212
"[1, 52, 0]","[0, 48, 4]","[1, 40, 5]","[1, 1950, 10]","[0, 40, 11]","[0, 40, 11]","[0, 1500, 18]","[0, 1500, 18]","[0, 628, 18]","[1, 40, 19]",212
"[1, 52, 0]","[0, 48, 5]","[1, 40, 6]","[1, 1950, 8]","[0, 40, 8]","[0, 1500, 14]","[0, 1500, 14]","[0, 628, 14]","[1, 40, 14]","[1, 104, 29]",212
"[1, 52, 0]","[0, 48, 4]","[1, 40, 5]","[1, 1950, 6]","[0, 40, 6]","[0, 40, 6]","[0, 1500, 12]","[0, 1500, 12]","[0, 627, 12]","[1, 40, 13]",212
"[1, 52, 0]","[0, 48, 4]","[1, 40, 5]","[1, 1950, 8]","[0, 40, 9]","[0, 40, 9]","[0, 1500, 15]","[0, 1500, 15]","[0, 628, 15]","[1, 40, 15]",212
"[1, 52, 0]","[0, 48, 3]","[1, 40, 3]","[1, 1950, 5]","[0, 40, 6]","[0, 1500, 12]","[0, 1500, 12]","[0, 628, 12]","[1, 40, 12]","[1, 104, 20]",212
"[1, 52, 0]","[0, 48, 4]","[1, 40, 5]","[1, 1950, 7]","[0, 40, 7]","[0, 40, 8]","[0, 1500, 13]","[0, 1500, 13]","[0, 628, 14]","[1, 40, 14]",212
"[1, 52, 0]","[0, 48, 5]","[1, 40, 6]","[1, 1950, 9]","[0, 40, 9]","[0, 1500, 15]","[0, 1500, 15]","[0, 628, 15]","[1, 40, 16]","[1, 104, 23]",212
"[1, 52, 0]","[0, 48, 4]","[1, 40, 4]","[1, 1950, 6]","[0, 40, 6]","[0, 1500, 12]","[0, 1500, 12]","[0, 627, 12]","[1, 40, 13]","[1, 104, 23]",212
"[1, 52, 0]","[0, 48, 4]","[1, 40, 5]","[1, 1950, 6]","[0, 40, 7]","[0, 40, 8]","[0, 1500, 12]","[0, 1500, 12]","[0, 628, 12]","[1, 40, 12]",212
"[1, 52, 0]","[0, 48, 5]","[1, 40, 6]","[1, 1950, 9]","[0, 40, 10]","[0, 40, 10]","[0, 1500, 18]","[0, 1500, 18]","[0, 629, 18]","[1, 40, 19]",212
"[1, 52, 0]","[0, 48, 4]","[1, 40, 5]","[1, 1950, 6]","[0, 40, 7]","[0, 40, 7]","[0, 1500, 12]","[0, 1500, 13]","[0, 629, 13]","[1, 40, 13]",212
"[1, 52, 0]","[0, 48, 4]","[1, 40, 5]","[1, 1950, 7]","[0, 40, 8]","[0, 40, 8]","[0, 1500, 14]","[0, 1500, 14]","[0, 627, 14]","[1, 40, 15]",212
"[1, 52, 0]","[0, 48, 4]","[1, 40, 5]","[1, 1950, 6]","[0, 40, 7]","[0, 40, 7]","[0, 1500, 13]","[0, 1500, 13]","[0, 628, 13]","[1, 40, 13]",212
"[1, 52, 0]","[0, 48, 5]","[1, 40, 5]","[1, 1950, 10]","[0, 40, 11]","[0, 40, 11]","[0, 1500, 16]","[0, 1500, 16]","[0, 628, 16]","[1, 40, 17]",212
"[1, 52, 0]","[0, 48, 5]","[1, 40, 6]","[1, 1950, 8]","[0, 40, 9]","[0, 40, 9]","[0, 1500, 14]","[0, 1500, 14]","[0, 629, 15]","[1, 40, 15]",212
"[1, 52, 0]","[0, 48, 10]","[1, 40, 13]","[1, 1950, 17]","[0, 40, 18]","[0, 40, 19]","[0, 1500, 25]","[0, 1500, 25]","[0, 628, 25]","[1, 40, 26]",212
"[1, 52, 0]","[0, 48, 4]","[1, 40, 5]","[1, 1950, 9]","[0, 40, 10]","[0, 40, 10]","[0, 1500, 15]","[0, 1500, 15]","[0, 628, 15]","[1, 40, 16]",212
"[1, 52, 0]","[0, 48, 5]","[1, 40, 5]","[1, 1950, 6]","[0, 40, 8]","[0, 40, 8]","[0, 1500, 13]","[0, 1500, 14]","[0, 628, 14]","[1, 40, 14]",212
"[1, 52, 0]","[0, 48, 4]","[1, 40, 4]","[1, 1950, 5]","[0, 40, 6]","[0, 40, 6]","[0, 1500, 12]","[0, 1500, 12]","[0, 628, 12]","[1, 40, 13]",212
"[1, 52, 0]","[0, 48, 4]","[1, 40, 5]","[1, 1950, 9]","[0, 40, 9]","[0, 40, 10]","[0, 1500, 14]","[0, 1500, 14]","[0, 629, 14]","[1, 40, 17]",212
"[1, 52, 0]","[0, 48, 5]","[1, 40, 6]","[1, 1950, 7]","[0, 40, 9]","[0, 1500, 14]","[0, 1500, 14]","[0, 628, 14]","[1, 40, 14]","[1, 40, 26]",212
"[1, 52, 0]","[0, 48, 5]","[1, 40, 6]","[1, 1950, 7]","[0, 40, 8]","[0, 40, 8]","[0, 1500, 14]","[0, 1500, 14]","[0, 629, 14]","[1, 40, 14]",212
"[1, 52, 0]","[0, 48, 4]","[1, 40, 4]","[1, 1950, 5]","[0, 40, 7]","[0, 1500, 11]","[0, 1500, 11]","[0, 627, 11]","[1, 40, 12]","[1, 104, 25]",212
"[1, 52, 0]","[0, 48, 5]","[1, 40, 6]","[1, 1950, 8]","[0, 40, 9]","[0, 40, 9]","[0, 1500, 14]","[0, 1500, 14]","[0, 628, 14]","[1, 40, 15]",212
"[1, 52, 0]","[0, 48, 5]","[1, 40, 5]","[1, 1950, 7]","[0, 40, 8]","[0, 40, 8]","[0, 1500, 14]","[0, 1500, 14]","[0, 628, 14]","[1, 40, 14]",212
"[1, 52, 0]","[0, 48, 4]","[1, 40, 5]","[1, 1950, 6]","[0, 40, 7]","[0, 40, 7]","[0, 1500, 12]","[0, 1500, 12]","[0, 628, 12]","[1, 40, 13]",212
"[1, 52, 0]","[0, 48, 5]","[1, 40, 6]","[1, 1950, 7]","[0, 40, 8]","[0, 1500, 13]","[0, 1500, 14]","[0, 627, 14]","[1, 40, 14]","[1, 104, 29]",212
"[1, 52, 0]","[0, 48, 4]","[1, 40, 5]","[1, 1950, 7]","[0, 40, 8]","[0, 40, 8]","[0, 1500, 14]","[0, 1500, 14]","[0, 628, 14]","[1, 40, 15]",212
"[1, 52, 0]","[0, 48, 4]","[1, 40, 5]","[1, 1950, 7]","[0, 40, 8]","[0, 40, 8]","[0, 1500, 13]","[0, 1500, 13]","[0, 627, 13]","[1, 40, 14]",212
"[1, 52, 0]","[0, 48, 6]","[1, 40, 6]","[1, 1950, 8]","[0, 40, 9]","[0, 1500, 15]","[0, 1500, 15]","[0, 628, 15]","[1, 40, 15]","[1, 104, 22]",212
"[1, 52, 0]","[0, 48, 3]","[1, 40, 4]","[1, 1950, 6]","[0, 40, 7]","[0, 1500, 11]","[0, 1500, 11]","[0, 628, 11]","[1, 40, 12]","[1, 104, 23]",212
"[1, 52, 0]","[0, 48, 5]","[1, 40, 6]","[1, 1950, 9]","[0, 40, 10]","[0, 1500, 15]","[0, 1500, 15]","[0, 628, 15]","[1, 40, 16]","[1, 104, 35]",212
"[1, 52, 0]","[0, 48, 3]","[1, 40, 4]","[1, 1950, 5]","[0, 40, 5]","[0, 40, 5]","[0, 1500, 11]","[0, 1500, 11]","[0, 629, 11]","[1, 40, 12]",212
"[1, 52, 0]","[0, 48, 4]","[1, 40, 5]","[1, 1950, 7]","[0, 40, 8]","[0, 1500, 14]","[0, 1500, 14]","[0, 628, 14]","[1, 40, 14]","[1, 104, 22]",212
"[1, 52, 0]","[0, 48, 5]","[1, 40, 6]","[1, 1950, 7]","[0, 40, 8]","[0, 40, 8]","[0, 1500, 13]","[0, 1500, 14]","[0, 626, 14]","[1, 40, 14]",212
"[1, 52, 0]","[0, 48, 5]","[1, 40, 5]","[1, 1950, 6]","[0, 40, 7]","[0, 40, 8]","[0, 1500, 13]","[0, 1500, 13]","[0, 628, 13]","[1, 40, 13]",212
"[1, 52, 0]","[0, 48, 4]","[1, 40, 5]","[1, 1950, 6]","[0, 40, 6]","[0, 1500, 12]","[0, 1500, 12]","[0, 628, 12]","[1, 40, 13]","[1, 104, 17]",212
"[1, 52, 0]","[0, 48, 5]","[1, 40, 5]","[1, 1950, 8]","[0, 40, 9]","[0, 40, 9]","[0, 1500, 14]","[0, 1500, 14]","[0, 629, 14]","[1, 40, 14]",212
"[1, 52, 0]","[0, 48, 4]","[1, 40, 5]","[1, 1950, 6]","[0, 40, 7]","[0, 40, 7]","[0, 1500, 12]","[0, 1500, 12]","[0, 629, 12]","[1, 40, 13]",212
"[1, 52, 0]","[0, 48, 3]","[1, 40, 4]","[1, 1950, 6]","[0, 40, 7]","[0, 1500, 11]","[0, 1500, 11]","[0, 628, 11]","[1, 40, 12]","[1, 104, 37]",212
"[1, 52, 0]","[0, 48, 4]","[1, 40, 5]","[1, 1950, 8]","[0, 40, 9]","[0, 40, 9]","[0, 1500, 15]","[0, 1500, 15]","[0, 629, 15]","[1, 40, 16]",212
"[1, 52, 0]","[0, 48, 5]","[1, 40, 5]","[1, 1950, 8]","[0, 40, 9]","[0, 1500, 14]","[0, 1500, 14]","[0, 627, 14]","[1, 40, 15]","[1, 104, 27]",212
"[1, 52, 0]","[0, 48, 5]","[1, 40, 6]","[1, 1950, 7]","[0, 40, 8]","[0, 40, 8]","[0, 1500, 13]","[0, 1500, 14]","[0, 628, 14]","[1, 40, 14]",212
"[1, 52, 0]","[0, 48, 4]","[1, 40, 5]","[1, 1950, 8]","[0, 40, 10]","[0, 1500, 15]","[0, 1500, 15]","[0, 628, 15]","[1, 40, 16]","[1, 104, 41]",212
"[1, 52, 0]","[0, 48, 4]","[1, 40, 5]","[1, 1950, 6]","[0, 40, 7]","[0, 40, 7]","[0, 1500, 12]","[0, 1500, 12]","[0, 628, 12]","[1, 40, 12]",212
"[1, 52, 0]","[0, 48, 4]","[1, 40, 5]","[1, 1950, 7]","[0, 40, 7]","[0, 40, 7]","[0, 1500, 13]","[0, 1500, 13]","[0, 628, 13]","[1, 40, 13]",212
"[1, 52, 0]","[0, 48, 4]","[1, 40, 5]","[1, 1950, 9]","[0, 40, 10]","[0, 40, 10]","[0, 1500, 16]","[0, 1500, 16]","[0, 628, 16]","[1, 40, 17]",212
"[1, 52, 0]","[0, 48, 5]","[1, 40, 5]","[1, 1950, 8]","[0, 40, 8]","[0, 40, 9]","[0, 1500, 13]","[0, 1500, 13]","[0, 628, 13]","[1, 40, 13]",212
"[1, 52, 0]","[0, 48, 6]","[1, 40, 7]","[1, 1950, 10]","[0, 40, 10]","[0, 40, 10]","[0, 1500, 16]","[0, 1500, 16]","[0, 627, 16]","[1, 40, 17]",212
"[1, 52, 0]","[0, 48, 4]","[1, 40, 5]","[1, 1950, 9]","[0, 40, 10]","[0, 40, 10]","[0, 1500, 14]","[0, 1500, 14]","[0, 628, 15]","[1, 40, 15]",212
"[1, 52, 0]","[0, 48, 5]","[1, 40, 6]","[1, 1950, 7]","[0, 40, 8]","[0, 1500, 13]","[0, 1500, 13]","[0, 628, 13]","[1, 40, 14]","[1, 104, 20]",212
"[1, 52, 0]","[0, 48, 4]","[1, 40, 5]","[1, 1950, 11]","[0, 40, 11]","[0, 40, 11]","[0, 1500, 17]","[0, 1500, 17]","[0, 628, 17]","[1, 40, 18]",212
"[1, 52, 0]","[0, 48, 5]","[1, 40, 5]","[1, 1950, 8]","[0, 40, 8]","[0, 40, 8]","[0, 1500, 13]","[0, 1500, 13]","[0, 627, 13]","[1, 40, 13]",212
"[1, 52, 0]","[0, 48, 4]","[1, 40, 5]","[1, 1950, 8]","[0, 40, 8]","[0, 40, 9]","[0, 1500, 14]","[0, 1500, 14]","[1, 40, 14]","[0, 629, 14]",212
"[1, 52, 0]","[0, 48, 5]","[1, 40, 6]","[1, 1950, 8]","[0, 40, 8]","[0, 40, 9]","[0, 1500, 15]","[0, 1500, 15]","[0, 629, 15]","[1, 40, 16]",212
"[1, 52, 0]","[0, 48, 3]","[1, 40, 3]","[1, 1950, 7]","[0, 40, 8]","[0, 40, 8]","[0, 1500, 14]","[0, 1500, 14]","[0, 628, 14]","[1, 40, 15]",212
"[1, 52, 0]","[0, 48, 4]","[1, 40, 5]","[1, 1950, 8]","[0, 40, 9]","[0, 40, 9]","[0, 1500, 15]","[0, 1500, 15]","[0, 628, 15]","[1, 40, 16]",212
"[1, 52, 0]","[0, 48, 5]","[1, 40, 5]","[1, 1950, 7]","[0, 40, 8]","[0, 40, 9]","[0, 1500, 12]","[0, 1500, 12]","[0, 627, 12]","[1, 40, 13]",212
"[1, 60, 0]","[0, 60, 6]","[1, 52, 6]","[1, 629, 6]","[0, 52, 6]","[0, 1500, 13]","[1, 52, 13]","[0, 1024, 13]","[1, 52, 13]","[1, 116, 61]",120
"[1, 60, 0]","[0, 60, 4]","[1, 52, 4]","[1, 597, 5]","[0, 52, 6]","[0, 1500, 11]","[1, 52, 11]","[0, 1024, 11]","[1, 52, 11]","[1, 116, 18]",120
"[1, 60, 0]","[0, 60, 4]","[1, 52, 4]","[1, 629, 5]","[0, 52, 5]","[0, 1500, 9]","[1, 52, 9]","[0, 1025, 9]","[1, 52, 9]","[1, 116, 15]",120
"[1, 60, 0]","[0, 60, 4]","[1, 52, 4]","[1, 570, 4]","[0, 52, 7]","[0, 1500, 14]","[1, 52, 15]","[0, 1024, 15]","[1, 52, 15]","[1, 116, 22]",120
"[1, 60, 0]","[0, 60, 4]","[1, 52, 4]","[1, 661, 4]","[0, 52, 5]","[0, 1500, 8]","[1, 52, 8]","[0, 1024, 8]","[1, 52, 8]","[1, 116, 15]",120
"[1, 60, 0]","[0, 60, 4]","[1, 52, 4]","[1, 597, 4]","[0, 52, 5]","[0, 1500, 9]","[1, 52, 9]","[0, 1023, 9]","[1, 52, 9]","[1, 116, 15]",120
"[1, 60, 0]","[0, 60, 4]","[1, 52, 4]","[1, 570, 4]","[0, 52, 5]","[0, 1500, 9]","[1, 52, 9]","[0, 1023, 9]","[1, 52, 9]","[1, 116, 16]",120
"[1, 60, 0]","[0, 60, 3]","[1, 52, 4]","[1, 661, 4]","[0, 52, 5]","[0, 1500, 9]","[1, 52, 9]","[0, 1023, 9]","[1, 52, 9]","[1, 116, 15]",120
"[1, 60, 0]","[0, 60, 5]","[1, 52, 5]","[1, 661, 6]","[0, 52, 6]","[0, 1500, 10]","[1, 52, 11]","[0, 1024, 11]","[1, 52, 11]","[1, 116, 18]",120
"[1, 60, 0]","[0, 60, 4]","[1, 52, 4]","[1, 570, 4]","[0, 52, 5]","[0, 1500, 9]","[1, 52, 10]","[0, 1023, 10]","[1, 52, 10]","[1, 116, 16]",120
"[1, 60, 0]","[0, 60, 4]","[1, 52, 4]","[1, 661, 4]","[0, 52, 5]","[0, 1500, 9]","[1, 52, 9]","[0, 1024, 9]","[1, 52, 9]","[1, 116, 18]",120
"[1, 60, 0]","[0, 60, 3]","[1, 52, 4]","[1, 570, 4]","[0, 52, 5]","[0, 1500, 8]","[1, 52, 8]","[0, 1023, 8]","[1, 52, 8]","[1, 116, 15]",120
"[1, 60, 0]","[0, 60, 4]","[1, 52, 4]","[1, 661, 4]","[0, 52, 5]","[0, 1500, 9]","[1, 52, 9]","[0, 1023, 9]","[1, 52, 9]","[1, 116, 16]",120
"[1, 60, 0]","[0, 60, 4]","[1, 52, 4]","[1, 570, 5]","[0, 52, 6]","[0, 1500, 10]","[1, 52, 10]","[0, 1024, 10]","[1, 52, 10]","[1, 116, 16]",120
"[1, 60, 0]","[0, 60, 4]","[1, 52, 4]","[1, 661, 5]","[0, 52, 5]","[0, 1500, 10]","[1, 52, 10]","[0, 1024, 10]","[1, 52, 10]","[1, 116, 17]",120
"[1, 60, 0]","[0, 60, 4]","[1, 52, 4]","[1, 661, 5]","[0, 52, 5]","[0, 1500, 9]","[1, 52, 9]","[0, 1023, 9]","[1, 52, 9]","[1, 116, 16]",120
"[1, 60, 0]","[0, 60, 4]","[1, 52, 4]","[1, 629, 4]","[0, 52, 5]","[0, 1500, 9]","[1, 52, 9]","[0, 1025, 9]","[1, 52, 9]","[1, 116, 15]",120
"[1, 60, 0]","[0, 60, 4]","[1, 52, 4]","[1, 570, 4]","[0, 52, 5]","[0, 1500, 9]","[1, 52, 9]","[0, 1024, 9]","[1, 52, 9]","[1, 116, 15]",120
"[1, 60, 0]","[0, 60, 4]","[1, 52, 4]","[1, 570, 5]","[0, 52, 5]","[0, 1500, 10]","[1, 52, 11]","[0, 1024, 11]","[1, 52, 11]","[1, 116, 17]",120
"[1, 60, 0]","[0, 60, 4]","[1, 52, 4]","[1, 597, 5]","[0, 52, 6]","[0, 1500, 9]","[1, 52, 9]","[0, 1024, 10]","[1, 52, 10]","[1, 116, 16]",120
"[1, 60, 0]","[0, 60, 3]","[1, 52, 3]","[1, 629, 4]","[0, 52, 4]","[0, 1500, 8]","[1, 52, 8]","[0, 1024, 8]","[1, 52, 8]","[1, 116, 14]",120
"[1, 60, 0]","[0, 60, 4]","[1, 52, 4]","[1, 629, 4]","[0, 52, 5]","[0, 1500, 9]","[1, 52, 9]","[0, 1024, 9]","[1, 52, 9]","[1, 116, 17]",120
"[1, 60, 0]","[0, 60, 4]","[1, 52, 4]","[1, 629, 5]","[0, 52, 5]","[0, 1500, 10]","[1, 52, 10]","[0, 1024, 10]","[1, 52, 10]","[1, 116, 16]",120
"[1, 60, 0]","[0, 60, 3]","[1, 52, 3]","[1, 661, 4]","[0, 52, 4]","[0, 1500, 10]","[1, 52, 10]","[0, 1025, 11]","[1, 52, 11]","[1, 116, 16]",120
"[1, 60, 0]","[0, 60, 4]","[1, 52, 4]","[1, 661, 4]","[0, 52, 5]","[0, 1500, 9]","[1, 52, 9]","[0, 1025, 9]","[1, 52, 9]","[1, 116, 20]",120
"[1, 60, 0]","[0, 60, 4]","[1, 52, 4]","[1, 661, 4]","[0, 52, 5]","[0, 1500, 9]","[1, 52, 9]","[0, 1024, 9]","[1, 52, 9]","[1, 116, 15]",120
"[1, 60, 0]","[0, 60, 4]","[1, 52, 4]","[1, 570, 4]","[0, 52, 5]","[0, 1500, 9]","[1, 52, 9]","[0, 1024, 9]","[1, 52, 9]","[1, 116, 17]",120
"[1, 60, 0]","[0, 60, 4]","[1, 52, 4]","[1, 661, 5]","[0, 52, 5]","[0, 1500, 11]","[1, 52, 11]","[0, 1023, 11]","[1, 52, 11]","[1, 116, 24]",120
"[1, 60, 0]","[0, 60, 3]","[1, 52, 4]","[1, 597, 4]","[0, 52, 5]","[0, 1500, 8]","[1, 52, 8]","[0, 1025, 8]","[1, 52, 8]","[1, 116, 15]",120
"[1, 60, 0]","[0, 60, 4]","[1, 52, 4]","[1, 570, 5]","[0, 52, 6]","[0, 1500, 11]","[1, 52, 11]","[0, 1024, 11]","[1, 52, 11]","[1, 116, 16]",120
"[1, 60, 0]","[0, 60, 3]","[1, 52, 3]","[1, 661, 4]","[0, 52, 5]","[0, 1500, 9]","[1, 52, 9]","[0, 1025, 9]","[1, 52, 9]","[1, 116, 15]",120
"[1, 60, 0]","[0, 60, 5]","[1, 52, 5]","[1, 661, 6]","[0, 52, 6]","[0, 1500, 10]","[1, 52, 10]","[0, 1024, 10]","[1, 52, 10]","[1, 116, 20]",120
"[1, 60, 0]","[0, 60, 4]","[1, 52, 4]","[1, 597, 4]","[0, 52, 5]","[0, 1500, 9]","[1, 52, 9]","[0, 1023, 10]","[1, 52, 10]","[1, 116, 17]",120
"[1, 60, 0]","[0, 60, 4]","[1, 52, 4]","[1, 597, 5]","[0, 52, 6]","[0, 1500, 10]","[1, 52, 10]","[0, 1023, 10]","[1, 52, 10]","[1, 116, 17]",120
"[1, 60, 0]","[0, 60, 7]","[1, 52, 7]","[1, 570, 8]","[0, 52, 12]","[0, 1500, 20]","[1, 52, 20]","[0, 1024, 20]","[1, 52, 20]","[1, 116, 26]",120
"[1, 60, 0]","[0, 60, 3]","[1, 52, 4]","[1, 661, 4]","[0, 52, 5]","[0, 1500, 10]","[1, 52, 10]","[0, 1025, 11]","[1, 52, 11]","[1, 116, 17]",120
"[1, 60, 0]","[0, 60, 26]","[1, 52, 26]","[1, 661, 27]","[0, 52, 36]","[0, 1500, 46]","[1, 52, 46]","[0, 1024, 46]","[1, 52, 46]","[1, 116, 55]",120
"[1, 60, 0]","[0, 60, 4]","[1, 52, 4]","[1, 597, 4]","[0, 52, 5]","[0, 1500, 10]","[1, 52, 10]","[0, 1023, 10]","[1, 52, 10]","[1, 116, 18]",120
"[1, 60, 0]","[0, 60, 3]","[1, 52, 3]","[1, 597, 4]","[0, 52, 5]","[0, 1500, 9]","[1, 52, 9]","[0, 1025, 9]","[1, 52, 9]","[1, 116, 16]",120
"[1, 60, 0]","[0, 60, 4]","[1, 52, 4]","[1, 597, 4]","[0, 52, 5]","[0, 1500, 10]","[1, 52, 10]","[0, 1024, 10]","[1, 52, 10]","[1, 116, 19]",120
"[1, 60, 0]","[0, 60, 4]","[1, 52, 4]","[1, 570, 4]","[0, 52, 5]","[0, 1500, 9]","[1, 52, 10]","[0, 1024, 10]","[1, 52, 10]","[1, 116, 16]",120
"[1, 60, 0]","[0, 60, 4]","[1, 52, 4]","[1, 629, 5]","[0, 52, 5]","[0, 1500, 9]","[1, 52, 9]","[0, 1024, 9]","[1, 52, 9]","[1, 116, 16]",120
"[1, 60, 0]","[0, 60, 4]","[1, 52, 4]","[1, 661, 5]","[0, 52, 5]","[0, 1500, 10]","[1, 52, 10]","[0, 1024, 10]","[1, 52, 10]","[1, 116, 15]",120
"[1, 60, 0]","[0, 60, 4]","[1, 52, 4]","[1, 570, 4]","[0, 52, 5]","[0, 1500, 10]","[1, 52, 10]","[0, 1024, 10]","[1, 52, 10]","[1, 116, 17]",120
"[1, 60, 0]","[0, 60, 4]","[1, 52, 4]","[1, 661, 4]","[0, 52, 5]","[0, 1500, 10]","[1, 52, 10]","[0, 1023, 10]","[1, 52, 10]","[1, 116, 17]",120
"[1, 60, 0]","[0, 60, 5]","[1, 52, 5]","[1, 629, 5]","[0, 52, 6]","[0, 1500, 13]","[1, 52, 13]","[0, 1024, 13]","[1, 52, 13]","[1, 116, 19]",120
"[1, 60, 0]","[0, 60, 4]","[1, 52, 4]","[1, 661, 5]","[0, 52, 5]","[0, 1500, 9]","[1, 52, 9]","[0, 1024, 9]","[1, 52, 9]","[1, 116, 17]",120
"[1, 60, 0]","[0, 60, 3]","[1, 52, 3]","[1, 597, 4]","[0, 52, 4]","[0, 1500, 8]","[1, 52, 8]","[0, 1025, 8]","[1, 52, 8]","[1, 116, 15]",120
"[1, 60, 0]","[0, 60, 3]","[1, 52, 3]","[1, 661, 4]","[0, 52, 5]","[0, 1500, 9]","[1, 52, 9]","[0, 1024, 9]","[1, 52, 9]","[1, 116, 15]",120
"[1, 60, 0]","[0, 60, 4]","[1, 52, 4]","[1, 629, 4]","[0, 52, 5]","[0, 1500, 9]","[1, 52, 9]","[0, 1024, 9]","[1, 52, 9]","[1, 116, 15]",120
"[1, 60, 0]","[0, 60, 4]","[1, 52, 4]","[1, 570, 5]","[0, 52, 5]","[0, 1500, 9]","[1, 52, 9]","[0, 1024, 9]","[1, 52, 9]","[1, 116, 19]",120
"[1, 60, 0]","[0, 60, 4]","[1, 52, 4]","[1, 661, 5]","[0, 52, 5]","[0, 1500, 10]","[1, 52, 10]","[0, 1024, 10]","[1, 52, 10]","[1, 116, 17]",120
"[1, 60, 0]","[0, 60, 4]","[1, 52, 4]","[1, 661, 4]","[0, 52, 5]","[0, 1500, 8]","[1, 52, 9]","[0, 1025, 9]","[1, 52, 9]","[1, 116, 16]",120
"[1, 60, 0]","[0, 60, 4]","[1, 52, 4]","[1, 629, 4]","[0, 52, 5]","[0, 1500, 10]","[1, 52, 10]","[0, 1025, 11]","[1, 52, 11]","[1, 116, 17]",120
"[1, 60, 0]","[0, 60, 3]","[1, 52, 3]","[1, 570, 3]","[0, 52, 4]","[0, 1500, 8]","[1, 52, 8]","[0, 1025, 8]","[1, 52, 8]","[1, 116, 17]",120
"[1, 60, 0]","[0, 60, 4]","[1, 52, 4]","[1, 661, 4]","[0, 52, 5]","[0, 1500, 11]","[1, 52, 11]","[0, 1024, 11]","[1, 52, 11]","[1, 116, 19]",120
"[1, 60, 0]","[0, 60, 4]","[1, 52, 4]","[1, 570, 5]","[0, 52, 6]","[0, 1500, 11]","[1, 52, 11]","[0, 1024, 11]","[1, 52, 11]","[1, 116, 19]",120
"[1, 60, 0]","[0, 60, 4]","[1, 52, 4]","[1, 570, 4]","[0, 52, 5]","[0, 1500, 8]","[1, 52, 8]","[0, 1024, 8]","[1, 52, 8]","[1, 116, 16]",120
"[1, 60, 0]","[0, 60, 4]","[1, 52, 4]","[1, 570, 4]","[0, 52, 5]","[0, 1500, 11]","[1, 52, 11]","[0, 1024, 11]","[1, 52, 11]","[1, 116, 17]",120
"[1, 60, 0]","[0, 60, 4]","[1, 52, 4]","[1, 597, 4]","[0, 52, 4]","[0, 1500, 8]","[1, 52, 8]","[0, 1025, 8]","[1, 52, 8]","[1, 116, 14]",120
"[1, 60, 0]","[0, 60, 4]","[1, 52, 4]","[1, 661, 4]","[0, 52, 5]","[0, 1500, 9]","[1, 52, 9]","[0, 1025, 9]","[1, 52, 9]","[1, 116, 16]",120
"[1, 60, 0]","[0, 60, 5]","[1, 52, 5]","[1, 629, 5]","[0, 52, 6]","[0, 1500, 10]","[1, 52, 10]","[0, 1025, 10]","[1, 52, 10]","[1, 116, 16]",120
"[1, 60, 0]","[0, 60, 3]","[1, 52, 3]","[1, 570, 4]","[0, 52, 5]","[0, 1500, 9]","[1, 52, 9]","[0, 1024, 9]","[1, 52, 9]","[1, 116, 14]",120
"[1, 60, 0]","[0, 60, 4]","[1, 52, 4]","[1, 629, 5]","[0, 52, 6]","[0, 1500, 10]","[1, 52, 10]","[0, 1025, 10]","[1, 52, 10]","[1, 116, 19]",120
"[1, 60, 0]","[0, 60, 4]","[1, 52, 4]","[1, 629, 4]","[0, 52, 5]","[0, 1500, 9]","[1, 52, 9]","[0, 1025, 9]","[1, 52, 9]","[1, 116, 17]",120
"[1, 60, 0]","[0, 60, 4]","[1, 52, 4]","[1, 597, 5]","[0, 52, 5]","[0, 1500, 10]","[1, 52, 10]","[0, 1024, 10]","[1, 52, 10]","[1, 116, 19]",120
"[1, 60, 0]","[0, 60, 3]","[1, 52, 3]","[1, 661, 4]","[0, 52, 5]","[0, 1500, 8]","[1, 52, 8]","[0, 1025, 9]","[1, 52, 9]","[1, 116, 15]",120
"[1, 60, 0]","[0, 60, 4]","[1, 52, 4]","[1, 570, 4]","[0, 52, 5]","[0, 1500, 10]","[1, 52, 10]","[0, 1025, 10]","[1, 52, 10]","[1, 116, 16]",120
"[1, 60, 0]","[0, 60, 3]","[1, 52, 4]","[1, 629, 4]","[0, 52, 4]","[0, 1500, 9]","[1, 52, 9]","[0, 1024, 9]","[1, 52, 9]","[1, 116, 16]",120
"[1, 60, 0]","[0, 60, 9]","[1, 52, 9]","[1, 570, 10]","[0, 52, 16]","[0, 1500, 25]","[1, 52, 25]","[0, 1023, 25]","[1, 52, 25]","[1, 116, 35]",120
"[1, 60, 0]","[0, 60, 4]","[1, 52, 4]","[1, 570, 5]","[0, 52, 5]","[0, 1500, 9]","[1, 52, 9]","[0, 1023, 9]","[1, 52, 9]","[1, 116, 17]",120
"[1, 60, 0]","[0, 60, 7]","[1, 52, 7]","[1, 597, 7]","[0, 52, 8]","[0, 1500, 12]","[1, 52, 12]","[0, 1025, 12]","[1, 52, 12]","[1, 116, 20]",120
"[1, 60, 0]","[0, 60, 4]","[1, 52, 4]","[1, 597, 5]","[0, 52, 6]","[0, 1500, 10]","[1, 52, 10]","[0, 1025, 11]","[1, 52, 11]","[1, 116, 19]",120
"[1, 60, 0]","[0, 60, 4]","[1, 52, 4]","[1, 661, 5]","[0, 52, 5]","[0, 1500, 9]","[1, 52, 9]","[0, 1025, 9]","[1, 52, 9]","[1, 116, 17]",120
"[1, 60, 0]","[0, 60, 4]","[1, 52, 4]","[1, 629, 5]","[0, 52, 5]","[0, 1500, 12]","[1, 52, 12]","[0, 1025, 12]","[1, 52, 12]","[1, 116, 18]",120
"[1, 60, 0]","[0, 60, 4]","[1, 52, 4]","[1, 661, 5]","[0, 52, 5]","[0, 1500, 11]","[1, 52, 11]","[0, 1024, 11]","[1, 52, 11]","[1, 116, 17]",120
"[1, 60, 0]","[0, 60, 4]","[1, 52, 4]","[1, 570, 5]","[0, 52, 5]","[0, 1500, 10]","[1, 52, 10]","[0, 1023, 10]","[1, 52, 10]","[1, 116, 17]",120
"[1, 60, 0]","[0, 60, 3]","[1, 52, 4]","[1, 597, 4]","[0, 52, 5]","[0, 1500, 9]","[1, 52, 10]","[0, 1025, 10]","[1, 52, 10]","[1, 116, 18]",120
"[1, 60, 0]","[0, 60, 3]","[1, 52, 4]","[1, 629, 4]","[0, 52, 5]","[0, 1500, 8]","[1, 52, 8]","[0, 1024, 8]","[1, 52, 8]","[1, 116, 16]",120
"[1, 60, 0]","[0, 60, 4]","[1, 52, 4]","[1, 629, 4]","[0, 52, 5]","[0, 1500, 9]","[1, 52, 9]","[0, 1024, 9]","[1, 52, 9]","[1, 116, 15]",120
"[1, 60, 0]","[0, 60, 5]","[1, 52, 5]","[1, 597, 6]","[0, 52, 6]","[0, 1500, 13]","[1, 52, 13]","[0, 1024, 13]","[1, 52, 13]","[1, 116, 19]",120
"[1, 60, 0]","[0, 60, 4]","[1, 52, 4]","[1, 597, 4]","[0, 52, 5]","[0, 1500, 10]","[1, 52, 10]","[0, 1024, 11]","[1, 52, 11]","[1, 116, 16]",120
"[1, 60, 0]","[0, 60, 4]","[1, 52, 4]","[1, 597, 4]","[0, 52, 5]","[0, 1500, 9]","[1, 52, 9]","[0, 1024, 9]","[1, 52, 9]","[1, 116, 16]",120
"[1, 60, 0]","[0, 60, 4]","[1, 52, 4]","[1, 597, 5]","[0, 52, 5]","[0, 1500, 10]","[1, 52, 10]","[0, 1024, 10]","[1, 52, 10]","[1, 116, 15]",120
"[1, 60, 0]","[0, 60, 4]","[1, 52, 4]","[1, 597, 4]","[0, 52, 5]","[0, 1500, 10]","[1, 52, 10]","[0, 1024, 10]","[1, 52, 10]","[1, 116, 17]",120
"[1, 60, 0]","[0, 60, 4]","[1, 52, 4]","[1, 661, 4]","[0, 52, 5]","[0, 1500, 9]","[1, 52, 9]","[0, 1025, 9]","[1, 52, 9]","[1, 116, 14]",120
"[1, 60, 0]","[0, 60, 5]","[1, 52, 5]","[1, 570, 5]","[0, 52, 6]","[0, 1500, 10]","[1, 52, 10]","[0, 1024, 10]","[1, 52, 10]","[1, 116, 16]",120
"[1, 60, 0]","[0, 60, 6]","[1, 52, 6]","[1, 570, 7]","[0, 52, 9]","[0, 1500, 19]","[1, 52, 19]","[0, 1023, 19]","[1, 52, 19]","[1, 116, 25]",120
"[1, 60, 0]","[0, 60, 4]","[1, 52, 4]","[1, 570, 5]","[0, 52, 5]","[0, 1500, 10]","[1, 52, 10]","[0, 1023, 10]","[1, 52, 10]","[1, 116, 16]",120
"[1, 60, 0]","[0, 60, 4]","[1, 52, 4]","[1, 661, 4]","[0, 52, 5]","[0, 1500, 11]","[1, 52, 11]","[0, 1024, 11]","[1, 52, 11]","[1, 116, 17]",120
"[1, 60, 0]","[0, 60, 5]","[1, 52, 5]","[1, 629, 5]","[0, 52, 6]","[0, 1500, 9]","[1, 52, 9]","[0, 1024, 9]","[1, 52, 9]","[1, 116, 18]",120
"[1, 60, 0]","[0, 60, 3]","[1, 52, 4]","[1, 629, 4]","[0, 52, 5]","[0, 1500, 9]","[1, 52, 9]","[0, 1024, 9]","[1, 52, 9]","[1, 116, 17]",120
"[1, 60, 0]","[0, 60, 4]","[1, 52, 4]","[1, 629, 4]","[0, 52, 4]","[0, 1500, 9]","[1, 52, 9]","[0, 1025, 9]","[1, 52, 9]","[1, 116, 15]",120
"[1, 60, 0]","[0, 60, 4]","[1, 52, 4]","[1, 661, 4]","[0, 52, 5]","[0, 1500, 9]","[1, 52, 9]","[0, 1023, 9]","[1, 52, 9]","[1, 116, 15]",120
"[1, 60, 0]","[0, 60, 7]","[1, 52, 8]","[1, 597, 8]","[0, 52, 10]","[0, 1500, 15]","[1, 52, 15]","[0, 1023, 15]","[1, 52, 15]","[1, 116, 22]",120
"[1, 60, 0]","[0, 60, 4]","[1, 52, 4]","[1, 597, 4]","[0, 52, 5]","[0, 1500, 9]","[1, 52, 9]","[0, 1023, 9]","[1, 52, 9]","[1, 116, 16]",120
"[1, 60, 0]","[0, 60, 4]","[1, 52, 4]","[1, 570, 4]","[0, 52, 5]","[0, 1500, 9]","[1, 52, 9]","[0, 1024, 9]","[1, 52, 9]","[1, 116, 16]",120
"[1, 60, 0]","[0, 60, 4]","[1, 52, 4]","[1, 570, 4]","[0, 52, 5]","[0, 1500, 8]","[1, 52, 9]","[0, 1025, 9]","[1, 52, 9]","[1, 116, 15]",120
"[1, 60, 0]","[0, 60, 4]","[1, 52, 4]","[1, 570, 5]","[0, 52, 5]","[0, 1500, 10]","[1, 52, 10]","[0, 1023, 10]","[1, 52, 10]","[1, 116, 17]",120
"[1, 60, 0]","[0, 60, 3]","[1, 52, 3]","[1, 597, 4]","[0, 52, 5]","[0, 1500, 10]","[1, 52, 10]","[0, 1024, 10]","[1, 52, 10]","[1, 116, 17]",120
"[1, 52, 0]","[0, 48, 6]","[1, 40, 6]","[1, 1807, 11]","[0, 40, 12]","[0, 40, 13]","[0, 1500, 18]","[0, 1500, 18]","[0, 641, 18]","[1, 40, 19]",222
"[1, 52, 0]","[0, 48, 3]","[1, 40, 4]","[1, 2078, 5]","[0, 40, 6]","[0, 1415, 11]","[1, 104, 14]","[1, 132, 15]","[0, 40, 15]","[0, 40, 15]",222
"[1, 52, 0]","[0, 48, 5]","[1, 40, 6]","[1, 1775, 11]","[0, 40, 12]","[0, 40, 13]","[0, 1500, 17]","[0, 1500, 17]","[0, 643, 17]","[1, 40, 18]",222
"[1, 52, 0]","[0, 48, 5]","[1, 40, 5]","[1, 1775, 7]","[0, 40, 8]","[0, 1500, 13]","[0, 1500, 13]","[0, 642, 14]","[1, 40, 14]","[1, 104, 22]",222
"[1, 52, 0]","[0, 48, 6]","[1, 40, 7]","[1, 2078, 12]","[0, 40, 13]","[0, 1415, 18]","[1, 40, 29]","[1, 104, 81]","[1, 132, 82]","[0, 40, 82]",222
"[1, 52, 0]","[0, 48, 4]","[1, 40, 4]","[1, 2078, 11]","[0, 40, 12]","[0, 40, 12]","[0, 1415, 17]","[1, 104, 21]","[0, 40, 22]","[1, 132, 23]",222
"[1, 52, 0]","[0, 48, 5]","[1, 40, 5]","[1, 2078, 8]","[0, 40, 8]","[0, 1415, 12]","[1, 40, 22]","[1, 104, 31]","[0, 40, 32]","[1, 132, 32]",222
"[1, 52, 0]","[0, 48, 4]","[1, 40, 5]","[1, 1807, 9]","[0, 40, 11]","[0, 1500, 15]","[0, 1500, 15]","[0, 642, 15]","[1, 40, 16]","[1, 104, 23]",222
"[1, 52, 0]","[0, 48, 5]","[1, 40, 6]","[1, 2014, 9]","[0, 40, 10]","[0, 40, 10]","[0, 1415, 14]","[1, 104, 18]","[1, 132, 18]","[1, 518, 19]",222
"[1, 52, 0]","[0, 48, 4]","[1, 40, 5]","[1, 2014, 10]","[0, 40, 11]","[0, 40, 11]","[0, 1415, 15]","[1, 104, 20]","[1, 132, 20]","[1, 518, 20]",222
"[1, 52, 0]","[0, 48, 4]","[1, 40, 5]","[1, 1871, 9]","[0, 40, 10]","[0, 1500, 15]","[0, 1500, 15]","[0, 643, 15]","[1, 40, 16]","[1, 40, 26]",222
"[1, 52, 0]","[0, 48, 3]","[1, 40, 4]","[1, 1871, 5]","[0, 40, 6]","[0, 40, 6]","[0, 1500, 11]","[0, 1500, 11]","[0, 641, 11]","[1, 40, 12]",222
"[1, 52, 0]","[0, 48, 4]","[1, 40, 5]","[1, 1775, 8]","[0, 40, 9]","[0, 40, 9]","[0, 1500, 14]","[0, 1500, 14]","[0, 642, 15]","[1, 40, 15]",222
"[1, 52, 0]","[0, 48, 4]","[1, 40, 5]","[1, 1839, 21]","[0, 40, 22]","[0, 1500, 27]","[0, 1500, 27]","[0, 642, 27]","[1, 40, 28]","[1, 104, 88]",222
"[1, 52, 0]","[0, 48, 5]","[1, 40, 6]","[1, 1807, 8]","[0, 40, 9]","[0, 1500, 15]","[0, 1500, 15]","[0, 641, 15]","[1, 40, 15]","[1, 104, 123]",222
"[1, 52, 0]","[0, 48, 4]","[1, 40, 5]","[1, 2046, 6]","[0, 40, 7]","[0, 40, 7]","[0, 1415, 13]","[1, 104, 19]","[1, 132, 19]","[0, 40, 20]",222
"[1, 52, 0]","[0, 48, 5]","[1, 40, 6]","[1, 2014, 8]","[0, 40, 9]","[0, 1415, 14]","[1, 104, 20]","[0, 40, 21]","[1, 132, 22]","[0, 552, 23]",222
"[1, 52, 0]","[0, 48, 4]","[1, 40, 5]","[1, 2110, 6]","[0, 40, 7]","[0, 40, 7]","[0, 1415, 11]","[1, 104, 17]","[1, 132, 17]","[0, 40, 17]",222
"[1, 52, 0]","[0, 48, 4]","[1, 40, 6]","[1, 1871, 31]","[0, 40, 32]","[0, 40, 32]","[0, 1500, 37]","[0, 1500, 37]","[0, 643, 37]","[1, 40, 37]",222
"[1, 52, 0]","[0, 48, 4]","[1, 40, 5]","[1, 2078, 8]","[0, 40, 9]","[0, 40, 10]","[0, 1415, 14]","[1, 40, 25]","[1, 104, 48]","[1, 132, 49]",222
"[1, 52, 0]","[0, 48, 4]","[1, 40, 5]","[1, 1839, 9]","[0, 40, 10]","[0, 40, 10]","[0, 1500, 17]","[0, 1500, 17]","[0, 642, 17]","[1, 40, 19]",222
"[1, 52, 0]","[0, 48, 5]","[1, 40, 6]","[1, 2014, 12]","[0, 40, 13]","[0, 1415, 17]","[1, 40, 29]","[1, 104, 55]","[0, 40, 56]","[1, 132, 57]",222
"[1, 52, 0]","[0, 48, 4]","[1, 40, 5]","[1, 1871, 6]","[0, 40, 8]","[0, 1500, 11]","[0, 1500, 11]","[0, 641, 11]","[1, 40, 12]","[1, 104, 17]",222
"[1, 52, 0]","[0, 48, 4]","[1, 40, 5]","[1, 1807, 7]","[0, 40, 8]","[0, 40, 8]","[0, 1500, 13]","[0, 1500, 13]","[0, 642, 13]","[1, 40, 14]",222
"[1, 52, 0]","[0, 48, 4]","[1, 40, 4]","[1, 1871, 13]","[0, 40, 14]","[0, 40, 14]","[0, 1500, 19]","[0, 1500, 19]","[0, 641, 19]","[1, 40, 20]",222
"[1, 52, 0]","[0, 48, 3]","[1, 40, 4]","[1, 2078, 6]","[0, 40, 7]","[0, 40, 7]","[0, 1415, 11]","[1, 104, 14]","[1, 132, 14]","[0, 40, 15]",222
"[1, 52, 0]","[0, 48, 5]","[1, 40, 5]","[1, 2014, 7]","[0, 40, 8]","[0, 40, 8]","[0, 1415, 13]","[1, 104, 17]","[1, 132, 18]","[0, 40, 18]",222
"[1, 52, 0]","[0, 48, 4]","[1, 40, 4]","[1, 2046, 6]","[0, 40, 7]","[0, 40, 7]","[0, 1415, 12]","[1, 104, 17]","[1, 132, 18]","[0, 40, 18]",222
"[1, 52, 0]","[0, 48, 4]","[1, 40, 5]","[1, 1839, 8]","[0, 40, 9]","[0, 40, 9]","[0, 1500, 14]","[0, 1500, 14]","[0, 642, 14]","[1, 40, 15]",222
"[1, 52, 0]","[0, 48, 4]","[1, 40, 4]","[1, 1871, 42]","[0, 40, 43]","[0, 40, 43]","[0, 1500, 48]","[0, 1500, 48]","[0, 643, 48]","[1, 40, 49]",222
"[1, 52, 0]","[0, 48, 4]","[1, 40, 5]","[1, 2014, 8]","[0, 40, 8]","[0, 1415, 13]","[1, 104, 17]","[0, 40, 18]","[0, 552, 20]","[1, 132, 20]",222
"[1, 52, 0]","[0, 48, 4]","[1, 40, 5]","[1, 2110, 7]","[0, 40, 8]","[0, 1415, 12]","[1, 104, 17]","[1, 132, 18]","[0, 40, 18]","[1, 518, 18]",222
"[1, 52, 0]","[0, 48, 5]","[1, 40, 6]","[1, 1775, 46]","[0, 40, 48]","[0, 1500, 53]","[0, 1500, 53]","[0, 643, 53]","[1, 40, 54]","[1, 104, 163]",222
"[1, 52, 0]","[0, 48, 4]","[1, 40, 5]","[1, 1871, 8]","[0, 40, 9]","[0, 40, 9]","[0, 1500, 14]","[0, 1500, 14]","[0, 642, 14]","[1, 40, 15]",222
"[1, 52, 0]","[0, 48, 4]","[1, 40, 5]","[1, 1839, 6]","[0, 40, 7]","[0, 40, 7]","[0, 1500, 13]","[0, 1500, 13]","[0, 643, 13]","[1, 40, 14]",222
"[1, 52, 0]","[0, 48, 3]","[1, 40, 4]","[1, 2110, 5]","[0, 40, 6]","[0, 40, 6]","[0, 1415, 13]","[1, 104, 16]","[1, 132, 17]","[1, 518, 17]",222
"[1, 52, 0]","[0, 48, 3]","[1, 40, 4]","[1, 2110, 6]","[0, 40, 7]","[0, 40, 7]","[0, 1415, 12]","[1, 104, 16]","[1, 132, 16]","[1, 518, 16]",222
"[1, 52, 0]","[0, 48, 4]","[1, 40, 5]","[1, 2046, 14]","[0, 40, 15]","[0, 1415, 19]","[1, 40, 29]","[1, 104, 31]","[0, 40, 32]","[1, 132, 32]",222
"[1, 52, 0]","[0, 48, 5]","[1, 40, 6]","[1, 2078, 10]","[0, 40, 11]","[0, 40, 11]","[0, 1415, 15]","[1, 104, 19]","[0, 40, 20]","[1, 132, 20]",222
"[1, 52, 0]","[0, 48, 4]","[1, 40, 5]","[1, 1775, 8]","[0, 40, 9]","[0, 40, 9]","[0, 1500, 15]","[0, 1500, 15]","[0, 643, 15]","[1, 40, 16]",222
"[1, 52, 0]","[0, 48, 4]","[1, 40, 4]","[1, 2014, 6]","[0, 40, 7]","[0, 40, 7]","[0, 1415, 11]","[1, 104, 16]","[1, 132, 17]","[0, 40, 17]",222
"[1, 52, 0]","[0, 48, 3]","[1, 40, 4]","[1, 1839, 7]","[0, 40, 8]","[0, 40, 8]","[0, 1500, 13]","[0, 1500, 13]","[0, 642, 13]","[1, 40, 14]",222
"[1, 52, 0]","[0, 48, 5]","[1, 40, 5]","[1, 1807, 12]","[0, 40, 13]","[0, 1500, 19]","[0, 1500, 19]","[0, 642, 19]","[1, 40, 20]","[1, 104, 26]",222
"[1, 52, 0]","[0, 48, 5]","[1, 40, 6]","[1, 1807, 9]","[0, 40, 10]","[0, 1500, 15]","[0, 1500, 15]","[0, 642, 15]","[1, 40, 16]","[1, 104, 196]",222
"[1, 52, 0]","[0, 48, 5]","[1, 40, 6]","[1, 2078, 7]","[0, 40, 8]","[0, 40, 8]","[0, 1415, 13]","[1, 104, 16]","[0, 40, 17]","[1, 132, 17]",222
"[1, 52, 0]","[0, 48, 5]","[1, 40, 6]","[1, 1807, 10]","[0, 40, 11]","[0, 40, 11]","[0, 1500, 20]","[0, 1500, 20]","[0, 642, 20]","[1, 40, 21]",222
"[1, 52, 0]","[0, 48, 3]","[1, 40, 4]","[1, 2110, 8]","[0, 40, 9]","[0, 1415, 14]","[1, 104, 19]","[1, 132, 20]","[0, 40, 20]","[0, 40, 21]",222
"[1, 52, 0]","[0, 48, 4]","[1, 40, 5]","[1, 2078, 9]","[0, 40, 9]","[0, 40, 10]","[0, 1415, 14]","[1, 104, 18]","[1, 132, 19]","[0, 40, 19]",222
"[1, 52, 0]","[0, 48, 4]","[1, 40, 4]","[1, 1871, 7]","[0, 40, 7]","[0, 40, 8]","[0, 1500, 12]","[0, 1500, 12]","[0, 642, 12]","[1, 40, 12]",222
"[1, 52, 0]","[0, 48, 5]","[1, 40, 6]","[1, 2078, 8]","[0, 40, 9]","[0, 40, 9]","[0, 1415, 15]","[1, 104, 20]","[1, 132, 21]","[0, 40, 22]",222
"[1, 52, 0]","[0, 48, 6]","[1, 40, 7]","[1, 2110, 8]","[0, 40, 9]","[0, 40, 9]","[0, 1415, 15]","[1, 104, 18]","[1, 132, 19]","[0, 40, 19]",222
"[1, 52, 0]","[0, 48, 5]","[1, 40, 5]","[1, 2110, 7]","[0, 40, 8]","[0, 40, 8]","[0, 1415, 12]","[1, 104, 15]","[1, 132, 16]","[0, 40, 16]",222
"[1, 52, 0]","[0, 48, 5]","[1, 40, 6]","[1, 2110, 8]","[0, 40, 9]","[0, 1415, 15]","[1, 104, 23]","[0, 40, 24]","[0, 552, 26]","[1, 132, 27]",222
"[1, 52, 0]","[0, 48, 5]","[1, 40, 5]","[1, 2110, 9]","[0, 40, 10]","[0, 40, 10]","[0, 1415, 13]","[1, 104, 17]","[1, 132, 18]","[0, 40, 18]",222
"[1, 52, 0]","[0, 48, 4]","[1, 40, 5]","[1, 1839, 10]","[0, 40, 11]","[0, 40, 11]","[0, 1500, 16]","[0, 1500, 16]","[0, 643, 16]","[1, 40, 17]",222
"[1, 52, 0]","[0, 48, 4]","[1, 40, 5]","[1, 1871, 101]","[0, 40, 103]","[0, 40, 103]","[0, 1500, 109]","[0, 1500, 109]","[0, 643, 109]","[1, 40, 110]",222
"[1, 52, 0]","[0, 48, 5]","[1, 40, 6]","[1, 2110, 15]","[0, 40, 16]","[0, 40, 16]","[0, 1415, 20]","[1, 104, 24]","[0, 40, 25]","[1, 132, 26]",222
"[1, 52, 0]","[0, 48, 4]","[1, 40, 4]","[1, 1775, 7]","[0, 40, 8]","[0, 40, 8]","[0, 1500, 14]","[0, 1500, 14]","[0, 642, 14]","[1, 40, 15]",222
"[1, 52, 0]","[0, 48, 4]","[1, 40, 5]","[1, 1839, 11]","[0, 40, 13]","[0, 40, 13]","[0, 1500, 18]","[0, 1500, 18]","[0, 643, 18]","[1, 40, 18]",222
"[1, 52, 0]","[0, 48, 4]","[1, 40, 5]","[1, 1807, 7]","[0, 40, 8]","[0, 40, 8]","[0, 1500, 14]","[0, 1500, 14]","[0, 641, 14]","[1, 40, 15]",222
"[1, 52, 0]","[0, 48, 4]","[1, 40, 5]","[1, 2110, 6]","[0, 40, 7]","[0, 40, 7]","[0, 1415, 12]","[1, 104, 16]","[1, 132, 17]","[0, 40, 17]",222
"[1, 52, 0]","[0, 48, 5]","[1, 40, 6]","[1, 2110, 9]","[0, 40, 11]","[0, 40, 11]","[0, 1415, 14]","[1, 40, 25]","[1, 104, 32]","[0, 40, 33]",222
"[1, 52, 0]","[0, 48, 4]","[1, 40, 5]","[1, 1839, 8]","[0, 40, 9]","[0, 40, 9]","[0, 1500, 15]","[0, 1500, 15]","[0, 643, 15]","[1, 40, 16]",222
"[1, 52, 0]","[0, 48, 5]","[1, 40, 5]","[1, 1775, 8]","[0, 40, 9]","[0, 40, 9]","[0, 1500, 14]","[0, 1500, 14]","[0, 641, 14]","[1, 40, 15]",222
"[1, 52, 0]","[0, 48, 4]","[1, 40, 5]","[1, 2014, 6]","[0, 40, 7]","[0, 40, 7]","[0, 1415, 10]","[1, 40, 22]","[1, 104, 58]","[1, 132, 58]",222
"[1, 52, 0]","[0, 48, 4]","[1, 40, 4]","[1, 2110, 5]","[0, 40, 6]","[0, 40, 6]","[0, 1415, 11]","[1, 104, 15]","[1, 132, 15]","[1, 518, 16]",222
"[1, 52, 0]","[0, 48, 5]","[1, 40, 5]","[1, 2078, 7]","[0, 40, 8]","[0, 40, 8]","[0, 1415, 12]","[1, 40, 23]","[1, 104, 46]","[0, 40, 48]",222
"[1, 52, 0]","[0, 48, 3]","[1, 40, 4]","[1, 1871, 5]","[0, 40, 6]","[0, 1500, 11]","[0, 1500, 11]","[0, 641, 11]","[1, 40, 12]","[1, 104, 24]",222
"[1, 52, 0]","[0, 48, 3]","[1, 40, 4]","[1, 1871, 6]","[0, 40, 7]","[0, 40, 7]","[0, 1500, 12]","[0, 1500, 12]","[0, 643, 12]","[1, 40, 13]",222
"[1, 52, 0]","[0, 48, 4]","[1, 40, 5]","[1, 2014, 7]","[0, 40, 8]","[0, 40, 8]","[0, 1415, 12]","[1, 104, 16]","[0, 40, 17]","[0, 552, 19]",222
"[1, 52, 0]","[0, 48, 4]","[1, 40, 4]","[1, 2046, 7]","[0, 40, 9]","[0, 40, 9]","[0, 1415, 13]","[1, 104, 16]","[1, 132, 16]","[0, 40, 17]",222
"[1, 52, 0]","[0, 48, 4]","[1, 40, 5]","[1, 1775, 17]","[0, 40, 18]","[0, 40, 18]","[0, 1500, 24]","[0, 1500, 24]","[0, 642, 24]","[1, 40, 25]",222
"[1, 52, 0]","[0, 48, 4]","[1, 40, 5]","[1, 2046, 19]","[0, 40, 20]","[0, 40, 20]","[0, 1415, 25]","[1, 104, 33]","[1, 132, 34]","[0, 40, 35]",222
"[1, 52, 0]","[0, 48, 5]","[1, 40, 5]","[1, 1775, 7]","[0, 40, 8]","[0, 40, 8]","[0, 1500, 12]","[0, 1500, 12]","[0, 641, 12]","[1, 40, 13]",222
"[1, 52, 0]","[0, 48, 5]","[1, 40, 6]","[1, 2014, 9]","[0, 40, 10]","[0, 40, 10]","[0, 1415, 14]","[1, 40, 26]","[1, 104, 62]","[1, 132, 63]",222
"[1, 52, 0]","[0, 48, 5]","[1, 40, 6]","[1, 1775, 9]","[0, 40, 10]","[0, 1500, 14]","[0, 1500, 14]","[1, 40, 14]","[0, 642, 14]","[1, 40, 25]",222
"[1, 52, 0]","[0, 48, 4]","[1, 40, 5]","[1, 2014, 7]","[0, 40, 8]","[0, 1415, 13]","[1, 104, 17]","[1, 132, 17]","[0, 40, 17]","[0, 40, 18]",222
"[1, 52, 0]","[0, 48, 5]","[1, 40, 5]","[1, 2046, 9]","[0, 40, 11]","[0, 1415, 15]","[1, 104, 18]","[1, 132, 19]","[0, 40, 19]","[1, 518, 20]",222
"[1, 52, 0]","[0, 48, 3]","[1, 40, 4]","[1, 2110, 8]","[0, 40, 9]","[0, 1415, 14]","[1, 104, 17]","[1, 132, 18]","[0, 40, 18]","[0, 40, 19]",222
"[1, 52, 0]","[0, 48, 3]","[1, 40, 4]","[1, 1807, 5]","[0, 40, 6]","[0, 40, 6]","[0, 1500, 12]","[0, 1500, 12]","[0, 643, 12]","[1, 40, 13]",222
"[1, 52, 0]","[0, 48, 5]","[1, 40, 6]","[1, 2046, 10]","[0, 40, 12]","[0, 40, 12]","[0, 1415, 17]","[1, 104, 22]","[1, 132, 22]","[0, 40, 23]",222
"[1, 52, 0]","[0, 48, 4]","[1, 40, 5]","[1, 1775, 10]","[0, 40, 11]","[0, 40, 11]","[0, 1500, 16]","[0, 1500, 16]","[0, 642, 16]","[1, 40, 17]",222
"[1, 52, 0]","[0, 48, 5]","[1, 40, 8]","[1, 1871, 128]","[0, 40, 129]","[0, 1500, 136]","[0, 1500, 136]","[0, 642, 136]","[1, 40, 137]","[1, 104, 256]",222
"[1, 52, 0]","[0, 48, 4]","[1, 40, 6]","[1, 2046, 17]","[0, 40, 18]","[0, 1415, 23]","[1, 40, 33]","[1, 104, 120]","[1, 132, 121]","[0, 40, 121]",222
"[1, 52, 0]","[0, 48, 3]","[1, 40, 4]","[1, 2110, 6]","[0, 40, 7]","[0, 1415, 10]","[1, 104, 14]","[1, 132, 14]","[0, 40, 15]","[1, 518, 15]",222
"[1, 52, 0]","[0, 48, 9]","[1, 40, 10]","[1, 2110, 13]","[0, 40, 14]","[0, 40, 15]","[0, 1415, 18]","[1, 104, 21]","[1, 132, 22]","[0, 40, 22]",222
"[1, 52, 0]","[0, 48, 4]","[1, 40, 4]","[1, 2078, 6]","[0, 40, 7]","[0, 1415, 12]","[1, 104, 16]","[0, 40, 17]","[0, 552, 18]","[1, 132, 18]",222
"[1, 52, 0]","[0, 48, 3]","[1, 40, 4]","[1, 2014, 6]","[0, 40, 7]","[0, 40, 7]","[0, 1415, 11]","[1, 104, 15]","[0, 40, 15]","[1, 132, 17]",222
"[1, 52, 0]","[0, 48, 3]","[1, 40, 4]","[1, 2046, 7]","[0, 40, 8]","[0, 1415, 12]","[1, 104, 17]","[1, 132, 17]","[0, 40, 18]","[1, 518, 18]",222
"[1, 52, 0]","[0, 48, 4]","[1, 40, 6]","[1, 1807, 8]","[0, 40, 10]","[0, 1500, 14]","[0, 1500, 14]","[0, 643, 14]","[1, 40, 15]","[1, 104, 114]",222
"[1, 52, 0]","[0, 48, 5]","[1, 40, 6]","[1, 1775, 28]","[0, 40, 30]","[0, 1500, 35]","[0, 1500, 35]","[0, 642, 36]","[1, 40, 36]","[1, 40, 47]",222
"[1, 52, 0]","[0, 48, 5]","[1, 40, 7]","[1, 2078, 12]","[0, 40, 13]","[0, 1415, 17]","[1, 104, 23]","[0, 40, 24]","[1, 132, 25]","[0, 552, 26]",222
"[1, 52, 0]","[0, 48, 5]","[1, 40, 5]","[1, 1775, 10]","[0, 40, 11]","[0, 40, 11]","[0, 1500, 15]","[0, 1500, 15]","[0, 642, 15]","[1, 40, 16]",222
"[1, 52, 0]","[0, 48, 4]","[1, 40, 6]","[1, 1839, 9]","[0, 40, 10]","[0, 40, 10]","[0, 1500, 16]","[0, 1500, 16]","[0, 642, 16]","[1, 40, 16]",222
"[1, 52, 0]","[0, 48, 4]","[1, 40, 5]","[1, 1871, 7]","[0, 40, 8]","[0, 40, 8]","[0, 1500, 13]","[0, 1500, 14]","[0, 642, 14]","[1, 40, 14]",222
"[1, 52, 0]","[0, 48, 5]","[1, 40, 6]","[1, 1839, 7]","[0, 40, 9]","[0, 40, 9]","[0, 1500, 13]","[0, 1500, 13]","[0, 642, 13]","[1, 40, 14]",222
"[1, 52, 0]","[0, 48, 4]","[1, 40, 5]","[1, 1839, 9]","[0, 40, 11]","[0, 40, 11]","[0, 1500, 17]","[0, 1500, 17]","[0, 641, 17]","[1, 40, 18]",222
"[1, 52, 0]","[0, 48, 5]","[1, 40, 6]","[1, 2078, 15]","[0, 40, 16]","[0, 40, 16]","[0, 1415, 20]","[1, 104, 29]","[0, 40, 30]","[0, 552, 31]",222
"[1, 52, 0]","[0, 48, 5]","[1, 40, 6]","[1, 2046, 7]","[0, 40, 8]","[0, 40, 8]","[0, 1415, 12]","[1, 104, 18]","[1, 132, 18]","[0, 40, 19]",222
"[1, 52, 0]","[0, 48, 4]","[1, 40, 5]","[1, 2078, 7]","[0, 40, 8]","[0, 40, 8]","[0, 1415, 12]","[1, 104, 16]","[1, 132, 17]","[1, 518, 17]",222
"[1, 52, 0]","[0, 48, 4]","[1, 40, 5]","[1, 649, 8]","[0, 40, 9]","[0, 1500, 16]","[0, 1014, 16]","[1, 40, 17]","[1, 104, 26]","[0, 40, 27]",220
"[1, 52, 0]","[0, 48, 5]","[1, 40, 6]","[1, 585, 29]","[0, 40, 30]","[0, 1500, 34]","[0, 1013, 34]","[1, 40, 35]","[1, 104, 54]","[0, 40, 55]",220
"[1, 52, 0]","[0, 48, 5]","[1, 40, 6]","[1, 585, 15]","[0, 40, 17]","[0, 1500, 22]","[0, 1014, 22]","[1, 40, 22]","[1, 104, 83]","[0, 40, 85]",220
"[1, 52, 0]","[0, 48, 4]","[1, 40, 5]","[1, 649, 7]","[0, 40, 8]","[0, 1500, 14]","[0, 1015, 14]","[1, 40, 14]","[1, 104, 24]","[0, 40, 25]",220
"[1, 52, 0]","[0, 48, 4]","[1, 40, 5]","[1, 585, 8]","[0, 40, 9]","[0, 1500, 14]","[0, 1014, 14]","[1, 40, 15]","[1, 104, 21]","[0, 40, 22]",220
"[1, 52, 0]","[0, 48, 4]","[1, 40, 4]","[1, 617, 9]","[0, 40, 11]","[0, 1500, 15]","[0, 1014, 15]","[1, 40, 16]","[1, 104, 25]","[0, 40, 26]",220
"[1, 52, 0]","[0, 48, 4]","[1, 40, 5]","[1, 558, 16]","[0, 40, 17]","[0, 1500, 25]","[0, 1013, 25]","[1, 40, 26]","[1, 104, 32]","[0, 40, 33]",220
"[1, 52, 0]","[0, 48, 4]","[1, 40, 5]","[1, 617, 7]","[0, 40, 7]","[0, 1500, 11]","[0, 1015, 11]","[1, 40, 12]","[1, 104, 16]","[0, 40, 17]",220
"[1, 52, 0]","[0, 48, 5]","[1, 40, 5]","[1, 558, 7]","[0, 40, 8]","[0, 1500, 15]","[0, 1013, 15]","[1, 40, 16]","[1, 104, 79]","[0, 40, 80]",220
"[1, 52, 0]","[0, 48, 4]","[1, 40, 4]","[1, 558, 12]","[0, 40, 13]","[0, 1500, 18]","[0, 1014, 18]","[1, 40, 19]","[1, 104, 26]","[0, 40, 27]",220
"[1, 52, 0]","[0, 48, 4]","[1, 40, 5]","[1, 558, 19]","[0, 40, 21]","[0, 1500, 26]","[0, 1014, 26]","[1, 40, 27]","[1, 104, 38]","[0, 40, 39]",220
"[1, 52, 0]","[0, 48, 5]","[1, 40, 5]","[1, 617, 10]","[0, 40, 11]","[0, 1500, 16]","[0, 1013, 16]","[1, 40, 17]","[1, 104, 22]","[0, 40, 23]",220
"[1, 52, 0]","[0, 48, 4]","[1, 40, 5]","[1, 558, 26]","[0, 40, 27]","[0, 1500, 32]","[0, 1014, 32]","[1, 40, 33]","[1, 104, 106]","[0, 40, 106]",220
"[1, 52, 0]","[0, 48, 4]","[1, 40, 6]","[1, 558, 9]","[0, 40, 11]","[0, 1500, 15]","[0, 1014, 16]","[1, 40, 17]","[1, 104, 36]","[0, 40, 37]",220
"[1, 52, 0]","[0, 48, 4]","[1, 40, 5]","[1, 558, 69]","[0, 40, 70]","[0, 1500, 75]","[0, 1015, 75]","[1, 40, 75]","[1, 104, 110]","[0, 40, 112]",220
"[1, 52, 0]","[0, 48, 5]","[1, 40, 5]","[1, 585, 26]","[0, 40, 28]","[0, 1500, 33]","[0, 1014, 33]","[1, 40, 35]","[1, 104, 88]","[0, 40, 89]",220
"[1, 52, 0]","[0, 48, 5]","[1, 40, 5]","[1, 558, 7]","[0, 40, 8]","[0, 1500, 13]","[0, 1013, 13]","[1, 40, 14]","[1, 104, 18]","[0, 40, 19]",220
"[1, 52, 0]","[0, 48, 5]","[1, 40, 6]","[1, 558, 9]","[0, 40, 10]","[0, 1500, 15]","[0, 1014, 15]","[1, 40, 15]","[1, 104, 20]","[0, 40, 21]",220
"[1, 52, 0]","[0, 48, 5]","[1, 40, 6]","[1, 617, 12]","[0, 40, 13]","[0, 1500, 17]","[0, 1014, 17]","[1, 40, 17]","[1, 104, 29]","[0, 40, 30]",220
"[1, 52, 0]","[0, 48, 4]","[1, 40, 5]","[1, 558, 15]","[0, 40, 16]","[0, 1500, 22]","[0, 1014, 22]","[1, 40, 23]","[1, 104, 30]","[0, 40, 32]",220
"[1, 52, 0]","[0, 48, 5]","[1, 40, 5]","[1, 649, 8]","[0, 40, 9]","[0, 1500, 14]","[0, 1014, 14]","[1, 40, 15]","[1, 104, 22]","[0, 40, 23]",220
"[1, 52, 0]","[0, 48, 4]","[1, 40, 6]","[1, 585, 12]","[0, 40, 13]","[0, 1500, 18]","[0, 1014, 18]","[1, 40, 19]","[1, 104, 90]","[0, 40, 91]",220
"[1, 52, 0]","[0, 48, 5]","[1, 40, 6]","[1, 585, 10]","[0, 40, 11]","[0, 1500, 16]","[0, 1015, 16]","[1, 40, 17]","[1, 104, 32]","[0, 40, 33]",220
"[1, 52, 0]","[0, 48, 4]","[1, 40, 4]","[1, 649, 15]","[0, 40, 15]","[0, 1500, 20]","[0, 1014, 20]","[1, 40, 21]","[1, 104, 32]","[0, 40, 34]",220
"[1, 52, 0]","[0, 48, 5]","[1, 40, 6]","[1, 585, 13]","[0, 40, 13]","[0, 1500, 18]","[0, 1015, 18]","[1, 40, 19]","[1, 104, 27]","[0, 40, 29]",220
"[1, 52, 0]","[0, 48, 5]","[1, 40, 7]","[1, 558, 23]","[0, 40, 25]","[0, 1500, 30]","[0, 1013, 30]","[1, 40, 32]","[1, 104, 48]","[0, 40, 50]",220
"[1, 52, 0]","[0, 48, 4]","[1, 40, 4]","[1, 558, 6]","[0, 40, 7]","[0, 1500, 12]","[0, 1014, 13]","[1, 40, 13]","[1, 104, 18]","[0, 40, 19]",220
"[1, 52, 0]","[0, 48, 4]","[1, 40, 5]","[1, 585, 20]","[0, 40, 21]","[0, 1500, 26]","[0, 1014, 26]","[1, 40, 27]","[1, 104, 36]","[0, 40, 36]",220
"[1, 52, 0]","[0, 48, 5]","[1, 40, 6]","[1, 649, 11]","[0, 40, 12]","[0, 1500, 16]","[0, 1014, 17]","[1, 40, 17]","[1, 104, 30]","[0, 40, 31]",220
"[1, 52, 0]","[0, 48, 3]","[1, 40, 4]","[1, 649, 11]","[0, 40, 12]","[0, 1500, 16]","[0, 1015, 16]","[1, 40, 16]","[1, 104, 28]","[0, 40, 28]",220
"[1, 52, 0]","[0, 48, 4]","[1, 40, 5]","[1, 585, 10]","[0, 40, 11]","[0, 1500, 15]","[0, 1014, 15]","[1, 40, 16]","[1, 104, 25]","[0, 40, 26]",220
"[1, 52, 0]","[0, 48, 3]","[1, 40, 4]","[1, 649, 7]","[0, 40, 8]","[0, 1500, 13]","[0, 1014, 13]","[1, 40, 14]","[1, 104, 21]","[0, 40, 22]",220
"[1, 52, 0]","[0, 48, 4]","[1, 40, 6]","[1, 617, 9]","[0, 40, 10]","[0, 1500, 15]","[0, 1014, 15]","[1, 40, 17]","[1, 104, 59]","[0, 40, 60]",220
"[1, 52, 0]","[0, 48, 4]","[1, 40, 5]","[1, 617, 7]","[0, 40, 7]","[0, 1500, 12]","[0, 1013, 12]","[1, 40, 13]","[1, 104, 18]","[0, 40, 19]",220
"[1, 52, 0]","[0, 48, 4]","[1, 40, 5]","[1, 585, 10]","[0, 40, 11]","[0, 1500, 15]","[0, 1015, 15]","[1, 40, 16]","[1, 104, 28]","[0, 40, 29]",220
"[1, 52, 0]","[0, 48, 5]","[1, 40, 5]","[1, 558, 8]","[0, 40, 9]","[0, 1500, 16]","[0, 1015, 16]","[1, 40, 16]","[1, 104, 27]","[0, 40, 29]",220
"[1, 52, 0]","[0, 48, 4]","[1, 40, 5]","[1, 617, 9]","[0, 40, 10]","[0, 1500, 15]","[0, 1013, 15]","[1, 40, 16]","[1, 104, 24]","[0, 40, 25]",220
"[1, 52, 0]","[0, 48, 4]","[1, 40, 5]","[1, 649, 6]","[0, 40, 7]","[0, 1500, 12]","[0, 1014, 12]","[1, 40, 13]","[1, 104, 23]","[0, 40, 24]",220
"[1, 52, 0]","[0, 48, 4]","[1, 40, 5]","[1, 558, 14]","[0, 40, 15]","[0, 1500, 19]","[0, 1014, 19]","[1, 40, 20]","[1, 104, 28]","[0, 40, 28]",220
"[1, 52, 0]","[0, 48, 5]","[1, 40, 6]","[1, 558, 20]","[0, 40, 22]","[0, 1500, 28]","[0, 1013, 28]","[1, 40, 29]","[1, 104, 57]","[0, 40, 58]",220
"[1, 52, 0]","[0, 48, 4]","[1, 40, 6]","[1, 649, 9]","[0, 40, 10]","[0, 1500, 15]","[0, 1015, 15]","[1, 40, 15]","[1, 104, 24]","[0, 40, 25]",220
"[1, 52, 0]","[0, 48, 5]","[1, 40, 5]","[1, 617, 9]","[0, 40, 10]","[0, 1500, 15]","[0, 1015, 15]","[1, 40, 16]","[1, 104, 28]","[0, 40, 29]",220
"[1, 52, 0]","[0, 48, 4]","[1, 40, 5]","[1, 585, 7]","[0, 40, 8]","[0, 1500, 12]","[0, 1014, 13]","[1, 40, 13]","[1, 104, 22]","[0, 40, 23]",220
"[1, 52, 0]","[0, 48, 4]","[1, 40, 5]","[1, 558, 13]","[0, 40, 13]","[0, 1500, 20]","[0, 1014, 20]","[1, 40, 21]","[1, 104, 29]","[0, 40, 30]",220
"[1, 52, 0]","[0, 48, 5]","[1, 40, 8]","[1, 585, 13]","[0, 40, 14]","[0, 1500, 18]","[0, 1014, 18]","[1, 40, 19]","[1, 104, 25]","[0, 40, 26]",220
"[1, 52, 0]","[0, 48, 4]","[1, 40, 5]","[1, 649, 8]","[0, 40, 8]","[0, 1500, 13]","[0, 1013, 14]","[1, 40, 14]","[1, 104, 19]","[0, 40, 20]",220
"[1, 52, 0]","[0, 48, 5]","[1, 40, 5]","[1, 585, 50]","[0, 40, 51]","[0, 1500, 57]","[0, 1014, 57]","[1, 40, 58]","[1, 104, 65]","[0, 40, 66]",220
"[1, 52, 0]","[0, 48, 8]","[1, 40, 9]","[1, 558, 14]","[0, 40, 15]","[0, 1500, 20]","[0, 1015, 20]","[1, 40, 21]","[1, 104, 33]","[0, 40, 34]",220
"[1, 52, 0]","[0, 48, 4]","[1, 40, 5]","[1, 649, 11]","[0, 40, 12]","[0, 1500, 16]","[0, 1015, 16]","[1, 40, 17]","[1, 104, 24]","[0, 40, 25]",220
"[1, 52, 0]","[0, 48, 6]","[1, 40, 8]","[1, 585, 16]","[0, 40, 17]","[0, 1500, 23]","[0, 1013, 23]","[1, 40, 25]","[1, 104, 39]","[0, 40, 40]",220
"[1, 52, 0]","[0, 48, 5]","[1, 40, 6]","[1, 617, 7]","[0, 40, 8]","[0, 1500, 14]","[0, 1014, 14]","[1, 40, 15]","[1, 104, 52]","[0, 40, 53]",220
"[1, 52, 0]","[0, 48, 4]","[1, 40, 5]","[1, 617, 7]","[0, 40, 8]","[0, 1500, 13]","[0, 1014, 13]","[1, 40, 14]","[1, 104, 20]","[0, 40, 22]",220
"[1, 52, 0]","[0, 48, 4]","[1, 40, 5]","[1, 585, 8]","[0, 40, 9]","[0, 1500, 18]","[0, 1014, 18]","[1, 40, 19]","[1, 104, 27]","[0, 40, 28]",220
"[1, 52, 0]","[0, 48, 5]","[1, 40, 5]","[1, 585, 8]","[0, 40, 8]","[0, 1500, 14]","[0, 1014, 14]","[1, 40, 15]","[1, 104, 22]","[0, 40, 24]",220
"[1, 52, 0]","[0, 48, 4]","[1, 40, 5]","[1, 585, 17]","[0, 40, 18]","[0, 1500, 23]","[0, 1013, 23]","[1, 40, 24]","[1, 104, 32]","[0, 40, 33]",220
"[1, 52, 0]","[0, 48, 3]","[1, 40, 5]","[1, 649, 41]","[0, 40, 42]","[0, 1500, 47]","[0, 1014, 47]","[1, 40, 48]","[1, 104, 58]","[0, 40, 59]",220
"[1, 52, 0]","[0, 48, 5]","[1, 40, 6]","[1, 617, 9]","[0, 40, 10]","[0, 1500, 15]","[0, 1014, 16]","[1, 40, 17]","[1, 104, 23]","[0, 40, 24]",220
"[1, 52, 0]","[0, 48, 5]","[1, 40, 6]","[1, 558, 7]","[0, 40, 8]","[0, 1500, 14]","[0, 1014, 14]","[1, 40, 15]","[1, 104, 23]","[0, 40, 24]",220
"[1, 52, 0]","[0, 48, 4]","[1, 40, 5]","[1, 585, 19]","[0, 40, 20]","[0, 1500, 24]","[0, 1015, 24]","[1, 40, 24]","[1, 104, 101]","[0, 40, 102]",220
"[1, 52, 0]","[0, 48, 5]","[1, 40, 6]","[1, 585, 11]","[0, 40, 12]","[0, 1500, 18]","[0, 1013, 18]","[1, 40, 19]","[1, 104, 27]","[0, 40, 28]",220
"[1, 52, 0]","[0, 48, 4]","[1, 40, 6]","[1, 649, 16]","[0, 40, 16]","[0, 1500, 21]","[0, 1014, 21]","[1, 40, 22]","[1, 104, 31]","[0, 40, 32]",220
"[1, 52, 0]","[0, 48, 5]","[1, 40, 5]","[1, 585, 7]","[0, 40, 7]","[0, 1500, 13]","[0, 1015, 13]","[1, 40, 14]","[1, 104, 20]","[0, 40, 21]",220
"[1, 52, 0]","[0, 48, 3]","[1, 40, 4]","[1, 649, 10]","[0, 40, 11]","[0, 1500, 16]","[0, 1013, 16]","[1, 40, 17]","[1, 104, 29]","[0, 40, 30]",220
"[1, 52, 0]","[0, 48, 4]","[1, 40, 10]","[1, 558, 13]","[0, 40, 14]","[0, 1500, 18]","[0, 1014, 18]","[1, 40, 18]","[1, 104, 25]","[0, 40, 26]",220
"[1, 52, 0]","[0, 48, 5]","[1, 40, 5]","[1, 649, 9]","[0, 40, 10]","[0, 1500, 15]","[0, 1013, 15]","[1, 40, 15]","[1, 104, 22]","[0, 40, 23]",220
"[1, 52, 0]","[0, 48, 3]","[1, 40, 4]","[1, 558, 7]","[0, 40, 7]","[0, 1500, 14]","[0, 1014, 14]","[1, 40, 15]","[1, 104, 23]","[0, 40, 24]",220
"[1, 52, 0]","[0, 48, 6]","[1, 40, 7]","[1, 649, 14]","[0, 40, 16]","[0, 1500, 21]","[0, 1014, 21]","[1, 40, 22]","[1, 104, 39]","[0, 40, 41]",220
"[1, 52, 0]","[0, 48, 3]","[1, 40, 4]","[1, 617, 7]","[0, 40, 7]","[0, 1500, 14]","[0, 1013, 14]","[1, 40, 15]","[1, 104, 25]","[0, 40, 27]",220
"[1, 52, 0]","[0, 48, 4]","[1, 40, 6]","[1, 617, 12]","[0, 40, 12]","[0, 1500, 18]","[0, 1014, 18]","[1, 40, 18]","[1, 104, 26]","[0, 40, 28]",220
"[1, 52, 0]","[0, 48, 4]","[1, 40, 5]","[1, 585, 8]","[0, 40, 8]","[0, 1500, 14]","[0, 1015, 14]","[1, 40, 16]","[1, 104, 20]","[0, 40, 21]",220
"[1, 52, 0]","[0, 48, 4]","[1, 40, 5]","[1, 617, 8]","[0, 40, 8]","[0, 1500, 13]","[0, 1013, 13]","[1, 40, 13]","[1, 104, 20]","[0, 40, 21]",220
"[1, 52, 0]","[0, 48, 3]","[1, 40, 4]","[1, 585, 10]","[0, 40, 11]","[0, 1500, 14]","[0, 1014, 15]","[1, 40, 15]","[1, 104, 22]","[0, 40, 23]",220
"[1, 52, 0]","[0, 48, 5]","[1, 40, 5]","[1, 585, 40]","[0, 40, 42]","[0, 1500, 46]","[0, 1014, 46]","[1, 40, 46]","[1, 104, 148]","[0, 40, 150]",220
"[1, 52, 0]","[0, 48, 9]","[1, 40, 10]","[1, 617, 13]","[0, 40, 14]","[0, 1500, 20]","[0, 1014, 20]","[1, 40, 22]","[1, 104, 48]","[0, 40, 48]",220
"[1, 52, 0]","[0, 48, 4]","[1, 40, 5]","[1, 617, 15]","[0, 40, 16]","[0, 1500, 22]","[0, 1014, 22]","[1, 40, 23]","[1, 104, 36]","[0, 40, 37]",220
"[1, 52, 0]","[0, 48, 5]","[1, 40, 6]","[1, 558, 14]","[0, 40, 15]","[0, 1500, 20]","[0, 1014, 20]","[1, 40, 21]","[1, 104, 30]","[0, 40, 31]",220
"[1, 52, 0]","[0, 48, 5]","[1, 40, 7]","[1, 617, 119]","[0, 40, 120]","[0, 1500, 125]","[0, 1013, 125]","[1, 40, 129]","[1, 104, 155]","[0, 40, 156]",220
"[1, 52, 0]","[0, 48, 6]","[1, 40, 6]","[1, 558, 8]","[0, 40, 9]","[0, 1500, 15]","[0, 1015, 15]","[1, 40, 16]","[1, 104, 21]","[0, 40, 22]",220
"[1, 52, 0]","[0, 48, 4]","[1, 40, 5]","[1, 617, 15]","[0, 40, 16]","[0, 1500, 21]","[0, 1015, 21]","[1, 40, 23]","[1, 104, 34]","[0, 40, 35]",220
"[1, 52, 0]","[0, 48, 5]","[1, 40, 7]","[1, 558, 10]","[0, 40, 12]","[0, 1500, 19]","[0, 1014, 19]","[1, 40, 20]","[1, 104, 110]","[0, 40, 111]",220
"[1, 52, 0]","[0, 48, 4]","[1, 40, 5]","[1, 649, 13]","[0, 40, 16]","[0, 1500, 20]","[0, 1014, 21]","[1, 40, 22]","[1, 104, 44]","[0, 40, 46]",220
"[1, 52, 0]","[0, 48, 4]","[1, 40, 5]","[1, 649, 7]","[0, 40, 8]","[0, 1500, 14]","[0, 1014, 14]","[1, 40, 15]","[1, 104, 31]","[0, 40, 32]",220
"[1, 52, 0]","[0, 48, 4]","[1, 40, 5]","[1, 649, 6]","[0, 40, 7]","[0, 1500, 12]","[0, 1013, 12]","[1, 40, 13]","[1, 104, 102]","[0, 40, 103]",220
"[1, 52, 0]","[0, 48, 4]","[1, 40, 5]","[1, 617, 13]","[0, 40, 14]","[0, 1500, 17]","[0, 1013, 17]","[1, 40, 18]","[1, 104, 26]","[0, 40, 27]",220
"[1, 52, 0]","[0, 48, 3]","[1, 40, 3]","[1, 585, 7]","[0, 40, 7]","[0, 1500, 12]","[0, 1015, 12]","[1, 40, 13]","[1, 104, 19]","[0, 40, 20]",220
"[1, 52, 0]","[0, 48, 5]","[1, 40, 6]","[1, 585, 10]","[0, 40, 11]","[0, 1500, 16]","[0, 1014, 16]","[1, 40, 16]","[1, 104, 33]","[0, 40, 34]",220
"[1, 52, 0]","[0, 48, 5]","[1, 40, 5]","[1, 585, 7]","[0, 40, 8]","[0, 1500, 11]","[0, 1015, 12]","[1, 40, 12]","[1, 104, 18]","[0, 40, 19]",220
"[1, 52, 0]","[0, 48, 89]","[1, 40, 90]","[1, 649, 92]","[0, 40, 98]","[0, 1500, 103]","[0, 1014, 103]","[1, 40, 104]","[1, 104, 108]","[0, 40, 110]",220
"[1, 52, 0]","[0, 48, 4]","[1, 40, 5]","[1, 558, 6]","[0, 40, 7]","[0, 1500, 13]","[0, 1014, 13]","[1, 40, 14]","[1, 104, 19]","[0, 40, 20]",220
"[1, 52, 0]","[0, 48, 3]","[1, 40, 4]","[1, 617, 8]","[0, 40, 9]","[0, 1500, 14]","[0, 1014, 14]","[1, 40, 14]","[1, 104, 20]","[0, 40, 21]",220
"[1, 52, 0]","[0, 48, 4]","[1, 40, 5]","[1, 617, 21]","[0, 40, 22]","[0, 1500, 27]","[0, 1014, 27]","[1, 40, 28]","[1, 104, 35]","[0, 40, 37]",220
"[1, 52, 0]","[0, 48, 3]","[1, 40, 4]","[1, 649, 12]","[0, 40, 13]","[0, 1500, 17]","[0, 1014, 17]","[1, 40, 18]","[1, 104, 29]","[0, 40, 30]",220
"[1, 52, 0]","[0, 48, 3]","[1, 40, 4]","[1, 617, 7]","[0, 40, 8]","[0, 1500, 16]","[0, 1014, 16]","[1, 40, 17]","[1, 104, 22]","[0, 40, 23]",220
"[1, 52, 0]","[0, 48, 4]","[1, 40, 5]","[1, 617, 30]","[0, 40, 31]","[0, 1500, 36]","[0, 1014, 36]","[1, 40, 37]","[1, 104, 56]","[0, 40, 57]",220
"[1, 52, 0]","[0, 48, 4]","[1, 40, 5]","[1, 649, 6]","[0, 40, 7]","[0, 1500, 11]","[0, 1015, 11]","[1, 40, 12]","[1, 104, 17]","[0, 40, 18]",220
"[1, 52, 0]","[0, 48, 4]","[1, 40, 4]","[1, 617, 6]","[0, 40, 7]","[0, 1500, 12]","[0, 1015, 12]","[1, 40, 12]","[1, 104, 17]","[0, 40, 18]",220
"[1, 52, 0]","[0, 48, 5]","[1, 40, 6]","[1, 558, 8]","[0, 40, 9]","[0, 1500, 15]","[0, 1013, 15]","[1, 40, 17]","[1, 104, 25]","[0, 40, 26]",220
"[1, 52, 0]","[0, 48, 4]","[1, 40, 6]","[1, 585, 12]","[0, 40, 14]","[0, 1500, 18]","[0, 1014, 18]","[1, 40, 19]","[1, 104, 26]","[0, 40, 27]",220
"[1, 52, 0]","[0, 48, 5]","[1, 40, 6]","[1, 558, 13]","[0, 40, 14]","[0, 1500, 19]","[0, 1015, 19]","[1, 40, 20]","[1, 104, 86]","[0, 40, 87]",220
"[1, 52, 0]","[0, 48, 4]","[1, 40, 4]","[1, 649, 7]","[0, 40, 8]","[0, 1500, 14]","[0, 1013, 14]","[1, 40, 15]","[1, 104, 80]","[0, 40, 81]",220
"[1, 60, 0]","[0, 60, 10]","[1, 52, 10]","[1, 1819, 10]","[0, 52, 11]","[0, 52, 11]","[0, 1500, 48]","[0, 1500, 48]","[0, 663, 48]","[1, 52, 48]",122
"[1, 60, 0]","[0, 60, 4]","[1, 52, 4]","[1, 1819, 7]","[0, 52, 8]","[0, 1500, 14]","[1, 52, 14]","[0, 1500, 14]","[1, 52, 14]","[0, 663, 14]",122
"[1, 60, 0]","[0, 60, 4]","[1, 52, 4]","[1, 1787, 5]","[0, 52, 5]","[0, 52, 5]","[0, 1500, 10]","[1, 52, 10]","[0, 1500, 10]","[1, 52, 10]",122
"[1, 60, 0]","[0, 60, 4]","[1, 52, 4]","[1, 1819, 5]","[0, 52, 6]","[0, 1500, 11]","[1, 52, 11]","[0, 1500, 11]","[1, 52, 11]","[0, 664, 11]",122
"[1, 60, 0]","[0, 60, 3]","[1, 52, 3]","[1, 1787, 3]","[0, 52, 4]","[0, 52, 4]","[0, 1500, 9]","[1, 52, 9]","[0, 1500, 9]","[1, 52, 9]",122
"[1, 60, 0]","[0, 60, 3]","[1, 52, 3]","[1, 1787, 5]","[0, 52, 5]","[0, 1500, 12]","[1, 52, 12]","[0, 1500, 12]","[1, 52, 12]","[0, 664, 12]",122
"[1, 60, 0]","[0, 60, 4]","[1, 52, 4]","[1, 1851, 4]","[0, 52, 5]","[0, 1500, 10]","[1, 52, 10]","[0, 1500, 10]","[1, 52, 10]","[0, 663, 10]",122
"[1, 60, 0]","[0, 60, 4]","[1, 52, 4]","[1, 1787, 4]","[0, 52, 5]","[0, 1500, 10]","[1, 52, 10]","[0, 1500, 10]","[0, 664, 10]","[1, 52, 10]",122
"[1, 60, 0]","[0, 60, 4]","[1, 52, 5]","[1, 1819, 5]","[0, 52, 6]","[0, 1500, 10]","[1, 52, 10]","[0, 1500, 10]","[1, 52, 10]","[0, 664, 11]",122
"[1, 60, 0]","[0, 60, 4]","[1, 52, 4]","[1, 1819, 4]","[0, 52, 5]","[0, 1500, 8]","[1, 52, 8]","[0, 1500, 9]","[1, 52, 9]","[0, 664, 9]",122
"[1, 60, 0]","[0, 60, 4]","[1, 52, 4]","[1, 1883, 4]","[0, 52, 5]","[0, 1500, 10]","[1, 52, 10]","[0, 1500, 10]","[1, 52, 10]","[0, 664, 10]",122
"[1, 60, 0]","[0, 60, 4]","[1, 52, 4]","[1, 1819, 5]","[0, 52, 5]","[0, 1500, 10]","[1, 52, 10]","[0, 1500, 10]","[1, 52, 10]","[0, 664, 10]",122
"[1, 60, 0]","[0, 60, 4]","[1, 52, 4]","[1, 1851, 5]","[0, 52, 6]","[0, 1500, 10]","[1, 52, 10]","[0, 1500, 10]","[1, 52, 10]","[0, 665, 10]",122
"[1, 60, 0]","[0, 60, 4]","[1, 52, 4]","[1, 1883, 4]","[0, 52, 5]","[0, 1500, 10]","[1, 52, 11]","[0, 1500, 11]","[1, 52, 11]","[0, 664, 11]",122
"[1, 60, 0]","[0, 60, 4]","[1, 52, 4]","[1, 1787, 5]","[0, 52, 5]","[0, 1500, 10]","[1, 52, 10]","[0, 1500, 10]","[1, 52, 10]","[0, 665, 11]",122
"[1, 60, 0]","[0, 60, 4]","[1, 52, 4]","[1, 1883, 6]","[0, 52, 7]","[0, 52, 7]","[0, 1500, 12]","[1, 52, 12]","[0, 1500, 13]","[1, 52, 13]",122
"[1, 60, 0]","[0, 60, 4]","[1, 52, 4]","[1, 1819, 4]","[0, 52, 5]","[0, 1500, 9]","[1, 52, 9]","[0, 1500, 9]","[1, 52, 9]","[0, 664, 9]",122
"[1, 60, 0]","[0, 60, 3]","[1, 52, 3]","[1, 1787, 4]","[0, 52, 4]","[0, 1500, 9]","[1, 52, 9]","[0, 1500, 9]","[1, 52, 9]","[0, 664, 9]",122
"[1, 60, 0]","[0, 60, 3]","[1, 52, 3]","[1, 1883, 4]","[0, 52, 5]","[0, 52, 5]","[0, 1500, 9]","[1, 52, 9]","[0, 1500, 9]","[1, 52, 9]",122
"[1, 60, 0]","[0, 60, 4]","[1, 52, 4]","[1, 1851, 4]","[0, 52, 5]","[0, 52, 5]","[0, 1500, 10]","[1, 52, 10]","[0, 1500, 11]","[1, 52, 11]",122
"[1, 60, 0]","[0, 60, 4]","[1, 52, 4]","[1, 1787, 5]","[0, 52, 5]","[0, 1500, 10]","[1, 52, 10]","[0, 1500, 11]","[1, 52, 11]","[0, 664, 11]",122
"[1, 60, 0]","[0, 60, 13]","[1, 52, 13]","[1, 1787, 14]","[0, 52, 18]","[0, 52, 18]","[0, 1500, 26]","[1, 52, 26]","[0, 1500, 26]","[1, 52, 26]",122
"[1, 60, 0]","[0, 60, 4]","[1, 52, 4]","[1, 1883, 4]","[0, 52, 5]","[0, 52, 5]","[0, 1500, 10]","[1, 52, 10]","[0, 1500, 10]","[1, 52, 10]",122
"[1, 60, 0]","[0, 60, 4]","[1, 52, 4]","[1, 1787, 4]","[0, 52, 5]","[0, 1500, 10]","[1, 52, 10]","[0, 1500, 10]","[1, 52, 10]","[0, 664, 10]",122
"[1, 60, 0]","[0, 60, 4]","[1, 52, 4]","[1, 1819, 4]","[0, 52, 5]","[0, 1500, 11]","[1, 52, 12]","[0, 1500, 12]","[1, 52, 12]","[0, 663, 12]",122
"[1, 60, 0]","[0, 60, 3]","[1, 52, 3]","[1, 1787, 4]","[0, 52, 4]","[0, 52, 5]","[0, 1500, 9]","[1, 52, 9]","[0, 1500, 10]","[1, 52, 10]",122
"[1, 60, 0]","[0, 60, 4]","[1, 52, 5]","[1, 1819, 5]","[0, 52, 5]","[0, 1500, 12]","[1, 52, 12]","[0, 1500, 12]","[1, 52, 12]","[0, 664, 12]",122
"[1, 60, 0]","[0, 60, 4]","[1, 52, 4]","[1, 1851, 4]","[0, 52, 5]","[0, 52, 5]","[0, 1500, 10]","[1, 52, 11]","[0, 1500, 11]","[1, 52, 11]",122
"[1, 60, 0]","[0, 60, 4]","[1, 52, 4]","[1, 1819, 5]","[0, 52, 5]","[0, 1500, 10]","[1, 52, 10]","[0, 1500, 10]","[1, 52, 10]","[0, 664, 11]",122
"[1, 60, 0]","[0, 60, 4]","[1, 52, 4]","[1, 1819, 4]","[0, 52, 5]","[0, 1500, 11]","[1, 52, 11]","[0, 1500, 11]","[1, 52, 11]","[0, 664, 11]",122
"[1, 60, 0]","[0, 60, 3]","[1, 52, 3]","[1, 1851, 4]","[0, 52, 4]","[0, 1500, 8]","[1, 52, 8]","[0, 1500, 8]","[1, 52, 8]","[0, 664, 8]",122
"[1, 60, 0]","[0, 60, 4]","[1, 52, 4]","[1, 1851, 5]","[0, 52, 5]","[0, 52, 5]","[0, 1500, 9]","[1, 52, 9]","[0, 1500, 9]","[1, 52, 9]",122
"[1, 60, 0]","[0, 60, 6]","[1, 52, 6]","[1, 1819, 6]","[0, 52, 7]","[0, 1500, 11]","[1, 52, 11]","[0, 1500, 11]","[1, 52, 11]","[0, 664, 11]",122
"[1, 60, 0]","[0, 60, 3]","[1, 52, 3]","[1, 1851, 4]","[0, 52, 5]","[0, 1500, 10]","[1, 52, 10]","[0, 1500, 10]","[1, 52, 10]","[0, 664, 10]",122
"[1, 60, 0]","[0, 60, 4]","[1, 52, 4]","[1, 1787, 4]","[0, 52, 5]","[0, 1500, 12]","[1, 52, 12]","[0, 1500, 12]","[1, 52, 12]","[0, 664, 12]",122
"[1, 60, 0]","[0, 60, 3]","[1, 52, 3]","[1, 1819, 3]","[0, 52, 4]","[0, 1500, 10]","[1, 52, 10]","[0, 1500, 10]","[1, 52, 10]","[0, 664, 11]",122
"[1, 60, 0]","[0, 60, 4]","[1, 52, 4]","[1, 1851, 4]","[0, 52, 5]","[0, 1500, 9]","[1, 52, 9]","[0, 1500, 10]","[1, 52, 10]","[0, 663, 10]",122
"[1, 60, 0]","[0, 60, 4]","[1, 52, 4]","[1, 1787, 4]","[0, 52, 5]","[0, 1500, 10]","[1, 52, 10]","[0, 1500, 10]","[1, 52, 10]","[0, 664, 10]",122
"[1, 60, 0]","[0, 60, 3]","[1, 52, 3]","[1, 1851, 4]","[0, 52, 4]","[0, 1500, 9]","[1, 52, 9]","[0, 1500, 9]","[1, 52, 9]","[0, 664, 9]",122
"[1, 60, 0]","[0, 60, 5]","[1, 52, 5]","[1, 1851, 5]","[0, 52, 6]","[0, 52, 6]","[0, 1500, 11]","[1, 52, 11]","[0, 1500, 11]","[1, 52, 11]",122
"[1, 60, 0]","[0, 60, 14]","[1, 52, 14]","[1, 1883, 14]","[0, 52, 17]","[0, 52, 18]","[0, 1500, 24]","[1, 52, 24]","[0, 1500, 24]","[1, 52, 24]",122
"[1, 60, 0]","[0, 60, 3]","[1, 52, 3]","[1, 1851, 4]","[0, 52, 4]","[0, 52, 4]","[0, 1500, 9]","[1, 52, 9]","[0, 1500, 9]","[1, 52, 9]",122
"[1, 60, 0]","[0, 60, 3]","[1, 52, 3]","[1, 1787, 4]","[0, 52, 5]","[0, 1500, 11]","[1, 52, 11]","[0, 1500, 11]","[1, 52, 11]","[0, 663, 12]",122
"[1, 60, 0]","[0, 60, 4]","[1, 52, 4]","[1, 1883, 4]","[0, 52, 5]","[0, 1500, 11]","[1, 52, 11]","[0, 1500, 11]","[1, 52, 11]","[0, 663, 11]",122
"[1, 60, 0]","[0, 60, 5]","[1, 52, 5]","[1, 1787, 5]","[0, 52, 6]","[0, 1500, 10]","[1, 52, 10]","[0, 1500, 10]","[1, 52, 10]","[0, 663, 10]",122
"[1, 60, 0]","[0, 60, 3]","[1, 52, 3]","[1, 1851, 3]","[0, 52, 4]","[0, 1500, 10]","[1, 52, 10]","[0, 1500, 10]","[1, 52, 10]","[0, 663, 10]",122
"[1, 60, 0]","[0, 60, 3]","[1, 52, 3]","[1, 1851, 4]","[0, 52, 4]","[0, 1500, 10]","[1, 52, 10]","[0, 1500, 10]","[1, 52, 10]","[0, 663, 10]",122
"[1, 60, 0]","[0, 60, 5]","[1, 52, 5]","[1, 1787, 5]","[0, 52, 6]","[0, 1500, 11]","[1, 52, 11]","[0, 1500, 11]","[1, 52, 11]","[0, 665, 11]",122
"[1, 60, 0]","[0, 60, 4]","[1, 52, 4]","[1, 1787, 4]","[0, 52, 5]","[0, 1500, 12]","[1, 52, 12]","[0, 1500, 12]","[1, 52, 12]","[0, 665, 12]",122
"[1, 60, 0]","[0, 60, 6]","[1, 52, 6]","[1, 1819, 6]","[0, 52, 7]","[0, 1500, 12]","[1, 52, 12]","[0, 1500, 12]","[1, 52, 12]","[0, 664, 13]",122
"[1, 60, 0]","[0, 60, 4]","[1, 52, 4]","[1, 1787, 4]","[0, 52, 5]","[0, 1500, 12]","[1, 52, 12]","[0, 1500, 12]","[1, 52, 12]","[0, 664, 12]",122
"[1, 60, 0]","[0, 60, 4]","[1, 52, 4]","[1, 1819, 5]","[0, 52, 5]","[0, 1500, 10]","[1, 52, 10]","[0, 1500, 10]","[1, 52, 10]","[0, 664, 10]",122
"[1, 60, 0]","[0, 60, 4]","[1, 52, 4]","[1, 1787, 5]","[0, 52, 6]","[0, 52, 6]","[0, 1500, 13]","[1, 52, 13]","[0, 1500, 13]","[1, 52, 13]",122
"[1, 60, 0]","[0, 60, 4]","[1, 52, 4]","[1, 1883, 4]","[0, 52, 5]","[0, 1500, 9]","[1, 52, 9]","[0, 1500, 9]","[1, 52, 9]","[0, 663, 9]",122
"[1, 60, 0]","[0, 60, 4]","[1, 52, 4]","[1, 1819, 5]","[0, 52, 5]","[0, 1500, 11]","[1, 52, 11]","[0, 1500, 11]","[1, 52, 11]","[0, 664, 11]",122
"[1, 60, 0]","[0, 60, 5]","[1, 52, 5]","[1, 1883, 5]","[0, 52, 6]","[0, 1500, 10]","[1, 52, 10]","[0, 1500, 10]","[1, 52, 10]","[0, 664, 10]",122
"[1, 60, 0]","[0, 60, 5]","[1, 52, 5]","[1, 1819, 6]","[0, 52, 6]","[0, 52, 6]","[0, 1500, 12]","[1, 52, 12]","[0, 1500, 12]","[1, 52, 12]",122
"[1, 60, 0]","[0, 60, 3]","[1, 52, 3]","[1, 1787, 3]","[0, 52, 4]","[0, 1500, 11]","[1, 52, 11]","[0, 1500, 11]","[1, 52, 11]","[0, 664, 11]",122
"[1, 60, 0]","[0, 60, 4]","[1, 52, 4]","[1, 1883, 4]","[0, 52, 5]","[0, 1500, 10]","[1, 52, 10]","[0, 1500, 10]","[1, 52, 10]","[0, 664, 10]",122
"[1, 60, 0]","[0, 60, 4]","[1, 52, 4]","[1, 1851, 4]","[0, 52, 5]","[0, 1500, 10]","[1, 52, 10]","[0, 1500, 10]","[1, 52, 10]","[0, 663, 11]",122
"[1, 60, 0]","[0, 60, 5]","[1, 52, 5]","[1, 1787, 5]","[0, 52, 7]","[0, 52, 7]","[0, 1500, 11]","[1, 52, 11]","[0, 1500, 11]","[1, 52, 11]",122
"[1, 60, 0]","[0, 60, 4]","[1, 52, 4]","[1, 1819, 4]","[0, 52, 5]","[0, 1500, 9]","[1, 52, 9]","[0, 1500, 9]","[1, 52, 9]","[0, 663, 9]",122
"[1, 60, 0]","[0, 60, 3]","[1, 52, 3]","[1, 1883, 4]","[0, 52, 4]","[0, 1500, 10]","[1, 52, 10]","[0, 1500, 10]","[1, 52, 10]","[0, 663, 10]",122
"[1, 60, 0]","[0, 60, 13]","[1, 52, 13]","[1, 1883, 13]","[0, 52, 22]","[0, 52, 23]","[0, 1500, 31]","[1, 52, 31]","[0, 1500, 31]","[1, 52, 31]",122
"[1, 60, 0]","[0, 60, 3]","[1, 52, 3]","[1, 1787, 4]","[0, 52, 4]","[0, 52, 4]","[0, 1500, 10]","[1, 52, 10]","[0, 1500, 10]","[1, 52, 10]",122
"[1, 60, 0]","[0, 60, 3]","[1, 52, 3]","[1, 1787, 4]","[0, 52, 4]","[0, 1500, 9]","[1, 52, 9]","[0, 1500, 9]","[1, 52, 9]","[0, 663, 9]",122
"[1, 60, 0]","[0, 60, 4]","[1, 52, 4]","[1, 1819, 4]","[0, 52, 5]","[0, 1500, 9]","[1, 52, 9]","[0, 1500, 9]","[1, 52, 9]","[0, 663, 9]",122
"[1, 60, 0]","[0, 60, 19]","[1, 52, 19]","[1, 1819, 20]","[0, 52, 26]","[0, 52, 27]","[0, 1500, 34]","[1, 52, 34]","[0, 1500, 34]","[1, 52, 34]",122
"[1, 60, 0]","[0, 60, 4]","[1, 52, 5]","[1, 1851, 5]","[0, 52, 6]","[0, 1500, 11]","[1, 52, 11]","[0, 1500, 11]","[1, 52, 11]","[0, 664, 11]",122
"[1, 60, 0]","[0, 60, 4]","[1, 52, 4]","[1, 1819, 5]","[0, 52, 6]","[0, 1500, 10]","[1, 52, 10]","[0, 1500, 10]","[1, 52, 10]","[0, 665, 10]",122
"[1, 60, 0]","[0, 60, 4]","[1, 52, 4]","[1, 1787, 4]","[0, 52, 5]","[0, 1500, 9]","[1, 52, 9]","[0, 1500, 9]","[1, 52, 9]","[0, 664, 9]",122
"[1, 60, 0]","[0, 60, 4]","[1, 52, 4]","[1, 1787, 4]","[0, 52, 5]","[0, 52, 5]","[0, 1500, 9]","[1, 52, 9]","[0, 1500, 9]","[1, 52, 9]",122
"[1, 60, 0]","[0, 60, 4]","[1, 52, 4]","[1, 1851, 4]","[0, 52, 5]","[0, 1500, 9]","[1, 52, 9]","[0, 1500, 9]","[1, 52, 9]","[0, 664, 9]",122
"[1, 60, 0]","[0, 60, 4]","[1, 52, 4]","[1, 1787, 4]","[0, 52, 5]","[0, 1500, 10]","[1, 52, 10]","[0, 1500, 11]","[1, 52, 11]","[0, 664, 11]",122
"[1, 60, 0]","[0, 60, 3]","[1, 52, 3]","[1, 1787, 4]","[0, 52, 4]","[0, 1500, 10]","[1, 52, 10]","[0, 1500, 10]","[1, 52, 10]","[0, 664, 10]",122
"[1, 60, 0]","[0, 60, 4]","[1, 52, 4]","[1, 1819, 4]","[0, 52, 5]","[0, 1500, 12]","[1, 52, 12]","[0, 1500, 12]","[1, 52, 12]","[0, 663, 12]",122
"[1, 60, 0]","[0, 60, 3]","[1, 52, 4]","[1, 1819, 4]","[0, 52, 4]","[0, 52, 5]","[0, 1500, 10]","[1, 52, 10]","[0, 1500, 10]","[1, 52, 10]",122
"[1, 60, 0]","[0, 60, 3]","[1, 52, 3]","[1, 1851, 4]","[0, 52, 4]","[0, 1500, 9]","[1, 52, 9]","[0, 1500, 9]","[1, 52, 9]","[0, 664, 9]",122
"[1, 60, 0]","[0, 60, 3]","[1, 52, 3]","[1, 1819, 4]","[0, 52, 4]","[0, 1500, 9]","[1, 52, 10]","[0, 1500, 10]","[1, 52, 10]","[0, 665, 10]",122
"[1, 60, 0]","[0, 60, 3]","[1, 52, 4]","[1, 1819, 4]","[0, 52, 5]","[0, 52, 5]","[0, 1500, 9]","[1, 52, 9]","[0, 1500, 9]","[1, 52, 9]",122
"[1, 60, 0]","[0, 60, 6]","[1, 52, 6]","[1, 1787, 6]","[0, 52, 10]","[0, 52, 10]","[0, 1500, 15]","[1, 52, 16]","[0, 1500, 16]","[1, 52, 16]",122
"[1, 60, 0]","[0, 60, 4]","[1, 52, 4]","[1, 1787, 4]","[0, 52, 5]","[0, 52, 5]","[0, 1500, 11]","[1, 52, 11]","[0, 1500, 11]","[1, 52, 11]",122
"[1, 60, 0]","[0, 60, 4]","[1, 52, 4]","[1, 1851, 5]","[0, 52, 5]","[0, 52, 5]","[0, 1500, 9]","[1, 52, 9]","[0, 1500, 9]","[1, 52, 9]",122
"[1, 60, 0]","[0, 60, 4]","[1, 52, 4]","[1, 1883, 5]","[0, 52, 5]","[0, 1500, 11]","[1, 52, 11]","[0, 1500, 11]","[1, 52, 11]","[0, 664, 11]",122
"[1, 60, 0]","[0, 60, 4]","[1, 52, 4]","[1, 1883, 4]","[0, 52, 5]","[0, 1500, 10]","[1, 52, 10]","[0, 1500, 10]","[1, 52, 10]","[0, 665, 10]",122
"[1, 60, 0]","[0, 60, 4]","[1, 52, 4]","[1, 1819, 4]","[0, 52, 5]","[0, 52, 5]","[0, 1500, 10]","[1, 52, 10]","[0, 1500, 10]","[1, 52, 10]",122
"[1, 60, 0]","[0, 60, 7]","[1, 52, 7]","[1, 1787, 8]","[0, 52, 11]","[0, 52, 11]","[0, 1500, 16]","[1, 52, 16]","[0, 1500, 16]","[1, 52, 16]",122
"[1, 60, 0]","[0, 60, 5]","[1, 52, 5]","[1, 1787, 5]","[0, 52, 6]","[0, 52, 6]","[0, 1500, 10]","[1, 52, 11]","[0, 1500, 11]","[1, 52, 11]",122
"[1, 60, 0]","[0, 60, 4]","[1, 52, 4]","[1, 1851, 7]","[0, 52, 8]","[0, 52, 8]","[0, 1500, 13]","[1, 52, 13]","[0, 1500, 13]","[1, 52, 13]",122
"[1, 60, 0]","[0, 60, 3]","[1, 52, 3]","[1, 1851, 4]","[0, 52, 4]","[0, 1500, 9]","[1, 52, 9]","[0, 1500, 9]","[1, 52, 9]","[0, 664, 10]",122
"[1, 60, 0]","[0, 60, 3]","[1, 52, 3]","[1, 1819, 4]","[0, 52, 5]","[0, 1500, 10]","[1, 52, 10]","[0, 1500, 10]","[1, 52, 10]","[0, 664, 10]",122
"[1, 60, 0]","[0, 60, 9]","[1, 52, 9]","[1, 1883, 10]","[0, 52, 23]","[0, 52, 23]","[0, 1500, 30]","[1, 52, 30]","[0, 1500, 30]","[1, 52, 30]",122
"[1, 60, 0]","[0, 60, 3]","[1, 52, 3]","[1, 1819, 4]","[0, 52, 5]","[0, 1500, 9]","[1, 52, 9]","[0, 1500, 9]","[1, 52, 9]","[0, 663, 9]",122
"[1, 60, 0]","[0, 60, 4]","[1, 52, 4]","[1, 1851, 5]","[0, 52, 5]","[0, 52, 5]","[0, 1500, 9]","[1, 52, 9]","[0, 1500, 9]","[1, 52, 9]",122
"[1, 60, 0]","[0, 60, 3]","[1, 52, 3]","[1, 1883, 5]","[0, 52, 6]","[0, 1500, 10]","[1, 52, 10]","[0, 1500, 10]","[1, 52, 10]","[0, 665, 10]",122
"[1, 60, 0]","[0, 60, 4]","[1, 52, 4]","[1, 1883, 4]","[0, 52, 5]","[0, 52, 5]","[0, 1500, 9]","[1, 52, 9]","[0, 1500, 9]","[1, 52, 9]",122
"[1, 60, 0]","[0, 60, 3]","[1, 52, 3]","[1, 1787, 5]","[0, 52, 6]","[0, 1500, 12]","[1, 52, 12]","[0, 1500, 12]","[1, 52, 12]","[0, 664, 12]",122
"[1, 60, 0]","[0, 60, 3]","[1, 52, 3]","[1, 1819, 4]","[0, 52, 4]","[0, 1500, 9]","[1, 52, 9]","[0, 1500, 9]","[1, 52, 9]","[0, 664, 9]",122
"[1, 60, 0]","[0, 60, 3]","[1, 52, 3]","[1, 1819, 3]","[0, 52, 4]","[0, 1500, 9]","[1, 52, 9]","[0, 1500, 9]","[1, 52, 9]","[0, 664, 9]",122
"[1, 60, 0]","[0, 60, 4]","[1, 52, 4]","[1, 1883, 5]","[0, 52, 6]","[0, 1500, 12]","[1, 52, 12]","[0, 1500, 12]","[1, 52, 12]","[0, 663, 12]",122
"[1, 60, 0]","[0, 60, 4]","[1, 52, 4]","[1, 1962, 7]","[0, 52, 8]","[0, 52, 8]","[0, 1500, 13]","[1, 52, 14]","[0, 1500, 14]","[1, 52, 14]",112
"[1, 60, 0]","[0, 60, 4]","[1, 52, 4]","[1, 1962, 4]","[0, 52, 6]","[0, 1500, 10]","[1, 52, 10]","[0, 1500, 10]","[1, 52, 10]","[0, 663, 11]",112
"[1, 60, 0]","[0, 60, 5]","[1, 52, 5]","[1, 1962, 5]","[0, 52, 6]","[0, 1500, 12]","[1, 52, 13]","[0, 1500, 13]","[1, 52, 13]","[0, 665, 13]",112
"[1, 60, 0]","[0, 60, 4]","[1, 52, 4]","[1, 1962, 5]","[0, 52, 6]","[0, 52, 6]","[0, 1500, 13]","[1, 52, 13]","[0, 1500, 13]","[1, 52, 13]",112
"[1, 60, 0]","[0, 60, 4]","[1, 52, 4]","[1, 1962, 5]","[0, 52, 5]","[0, 52, 5]","[0, 1500, 11]","[1, 52, 11]","[0, 1500, 11]","[1, 52, 11]",112
"[1, 60, 0]","[0, 60, 7]","[1, 52, 7]","[1, 1962, 7]","[0, 52, 8]","[0, 1500, 14]","[1, 52, 14]","[0, 1500, 14]","[1, 52, 14]","[0, 664, 14]",112
"[1, 60, 0]","[0, 60, 3]","[1, 52, 3]","[1, 1962, 4]","[0, 52, 5]","[0, 52, 5]","[0, 1500, 10]","[1, 52, 10]","[0, 1500, 10]","[1, 52, 10]",112
"[1, 60, 0]","[0, 60, 4]","[1, 52, 4]","[1, 1962, 5]","[0, 52, 6]","[0, 1500, 11]","[1, 52, 11]","[0, 1500, 11]","[1, 52, 11]","[0, 664, 11]",112
"[1, 60, 0]","[0, 60, 4]","[1, 52, 4]","[1, 1962, 5]","[0, 52, 6]","[0, 1500, 9]","[1, 52, 9]","[0, 1500, 9]","[1, 52, 9]","[0, 664, 9]",112
"[1, 60, 0]","[0, 60, 4]","[1, 52, 4]","[1, 1962, 5]","[0, 52, 6]","[0, 52, 7]","[0, 1500, 11]","[1, 52, 11]","[0, 1500, 11]","[1, 52, 11]",112
"[1, 60, 0]","[0, 60, 4]","[1, 52, 4]","[1, 1962, 4]","[0, 52, 5]","[0, 1500, 11]","[1, 52, 12]","[0, 1500, 12]","[1, 52, 12]","[0, 664, 12]",112
"[1, 60, 0]","[0, 60, 4]","[1, 52, 4]","[1, 1962, 4]","[0, 52, 5]","[0, 1500, 11]","[1, 52, 11]","[0, 1500, 11]","[1, 52, 11]","[0, 664, 11]",112
"[1, 60, 0]","[0, 60, 4]","[1, 52, 4]","[1, 1962, 5]","[0, 52, 6]","[0, 1500, 11]","[1, 52, 11]","[0, 1500, 11]","[0, 663, 11]","[1, 52, 11]",112
"[1, 60, 0]","[0, 60, 4]","[1, 52, 4]","[1, 1962, 4]","[0, 52, 5]","[0, 52, 6]","[0, 1500, 10]","[1, 52, 10]","[0, 1500, 10]","[1, 52, 10]",112
"[1, 60, 0]","[0, 60, 4]","[1, 52, 4]","[1, 1962, 4]","[0, 52, 6]","[0, 52, 6]","[0, 1500, 11]","[1, 52, 11]","[0, 1500, 11]","[1, 52, 11]",112
"[1, 60, 0]","[0, 60, 4]","[1, 52, 4]","[1, 1962, 5]","[0, 52, 6]","[0, 52, 6]","[0, 1500, 11]","[1, 52, 11]","[0, 1500, 11]","[1, 52, 11]",112
"[1, 60, 0]","[0, 60, 18]","[1, 52, 18]","[1, 1962, 19]","[0, 52, 32]","[0, 52, 32]","[0, 1500, 42]","[1, 52, 42]","[0, 1500, 42]","[1, 52, 42]",112
"[1, 60, 0]","[0, 60, 5]","[1, 52, 5]","[1, 1962, 6]","[0, 52, 7]","[0, 1500, 12]","[1, 52, 12]","[0, 1500, 12]","[1, 52, 12]","[0, 664, 12]",112
"[1, 60, 0]","[0, 60, 4]","[1, 52, 4]","[1, 1962, 5]","[0, 52, 5]","[0, 1500, 9]","[1, 52, 10]","[0, 1500, 10]","[1, 52, 10]","[0, 664, 10]",112
"[1, 60, 0]","[0, 60, 5]","[1, 52, 5]","[1, 1962, 6]","[0, 52, 7]","[0, 52, 7]","[0, 1500, 11]","[1, 52, 12]","[0, 1500, 12]","[1, 52, 12]",112
"[1, 60, 0]","[0, 60, 6]","[1, 52, 6]","[1, 1962, 6]","[0, 52, 8]","[0, 1500, 11]","[1, 52, 12]","[0, 1500, 12]","[1, 52, 12]","[0, 665, 12]",112
"[1, 60, 0]","[0, 60, 3]","[1, 52, 3]","[1, 1962, 3]","[0, 52, 5]","[0, 52, 5]","[0, 1500, 11]","[1, 52, 11]","[0, 1500, 11]","[1, 52, 11]",112
"[1, 60, 0]","[0, 60, 4]","[1, 52, 4]","[1, 1962, 5]","[0, 52, 6]","[0, 1500, 12]","[1, 52, 12]","[0, 1500, 12]","[1, 52, 12]","[0, 664, 12]",112
"[1, 60, 0]","[0, 60, 5]","[1, 52, 5]","[1, 1962, 6]","[0, 52, 7]","[0, 52, 7]","[0, 1500, 12]","[1, 52, 12]","[0, 1500, 13]","[1, 52, 13]",112
"[1, 60, 0]","[0, 60, 3]","[1, 52, 3]","[1, 1962, 4]","[0, 52, 5]","[0, 1500, 10]","[1, 52, 10]","[0, 1500, 10]","[1, 52, 10]","[0, 664, 10]",112
"[1, 60, 0]","[0, 60, 4]","[1, 52, 4]","[1, 1962, 4]","[0, 52, 5]","[0, 1500, 10]","[1, 52, 10]","[0, 1500, 10]","[0, 663, 10]","[1, 52, 10]",112
"[1, 60, 0]","[0, 60, 5]","[1, 52, 5]","[1, 1962, 6]","[0, 52, 7]","[0, 52, 7]","[0, 1500, 13]","[1, 52, 13]","[0, 1500, 13]","[1, 52, 13]",112
"[1, 60, 0]","[0, 60, 4]","[1, 52, 4]","[1, 1962, 4]","[0, 52, 5]","[0, 52, 5]","[0, 1500, 10]","[1, 52, 10]","[0, 1500, 10]","[1, 52, 10]",112
"[1, 60, 0]","[0, 60, 5]","[1, 52, 5]","[1, 1962, 5]","[0, 52, 6]","[0, 1500, 10]","[1, 52, 10]","[0, 1500, 10]","[1, 52, 10]","[0, 663, 10]",112
"[1, 60, 0]","[0, 60, 4]","[1, 52, 4]","[1, 1962, 5]","[0, 52, 6]","[0, 1500, 10]","[1, 52, 10]","[0, 1500, 10]","[1, 52, 10]","[0, 663, 10]",112
"[1, 60, 0]","[0, 60, 6]","[1, 52, 6]","[1, 1962, 6]","[0, 52, 7]","[0, 1500, 13]","[1, 52, 13]","[0, 1500, 13]","[1, 52, 13]","[0, 665, 13]",112
"[1, 60, 0]","[0, 60, 12]","[1, 52, 12]","[1, 1962, 13]","[0, 52, 20]","[0, 52, 20]","[0, 1500, 28]","[1, 52, 28]","[0, 1500, 28]","[1, 52, 28]",112
"[1, 60, 0]","[0, 60, 4]","[1, 52, 4]","[1, 1962, 4]","[0, 52, 6]","[0, 52, 6]","[0, 1500, 10]","[1, 52, 10]","[0, 1500, 10]","[1, 52, 10]",112
"[1, 60, 0]","[0, 60, 4]","[1, 52, 4]","[1, 1962, 4]","[0, 52, 6]","[0, 52, 6]","[0, 1500, 10]","[1, 52, 10]","[0, 1500, 10]","[1, 52, 10]",112
"[1, 60, 0]","[0, 60, 5]","[1, 52, 5]","[1, 1962, 5]","[0, 52, 6]","[0, 1500, 12]","[1, 52, 12]","[0, 1500, 12]","[1, 52, 12]","[0, 664, 12]",112
"[1, 60, 0]","[0, 60, 8]","[1, 52, 8]","[1, 1962, 9]","[0, 52, 9]","[0, 52, 10]","[0, 1500, 14]","[1, 52, 14]","[0, 1500, 14]","[1, 52, 14]",112
"[1, 60, 0]","[0, 60, 4]","[1, 52, 5]","[1, 1962, 6]","[0, 52, 6]","[0, 1500, 11]","[1, 52, 11]","[0, 1500, 11]","[1, 52, 11]","[0, 663, 11]",112
"[1, 60, 0]","[0, 60, 5]","[1, 52, 5]","[1, 1962, 6]","[0, 52, 7]","[0, 1500, 12]","[1, 52, 12]","[0, 1500, 12]","[1, 52, 12]","[0, 664, 12]",112
"[1, 60, 0]","[0, 60, 4]","[1, 52, 4]","[1, 1962, 5]","[0, 52, 5]","[0, 1500, 11]","[1, 52, 11]","[0, 1500, 11]","[1, 52, 11]","[0, 663, 11]",112
"[1, 60, 0]","[0, 60, 4]","[1, 52, 4]","[1, 1962, 5]","[0, 52, 5]","[0, 1500, 13]","[1, 52, 13]","[0, 1500, 13]","[1, 52, 13]","[0, 664, 13]",112
"[1, 60, 0]","[0, 60, 4]","[1, 52, 4]","[1, 1962, 5]","[0, 52, 6]","[0, 1500, 10]","[1, 52, 10]","[0, 1500, 11]","[1, 52, 11]","[0, 664, 11]",112
"[1, 60, 0]","[0, 60, 5]","[1, 52, 5]","[1, 1962, 5]","[0, 52, 6]","[0, 1500, 13]","[1, 52, 13]","[0, 1500, 13]","[1, 52, 13]","[0, 664, 13]",112
"[1, 60, 0]","[0, 60, 3]","[1, 52, 3]","[1, 1962, 4]","[0, 52, 6]","[0, 1500, 10]","[1, 52, 10]","[0, 1500, 11]","[1, 52, 11]","[0, 664, 11]",112
"[1, 60, 0]","[0, 60, 7]","[1, 52, 7]","[1, 1962, 9]","[0, 52, 10]","[0, 52, 10]","[0, 1500, 15]","[1, 52, 15]","[0, 1500, 15]","[1, 52, 15]",112
"[1, 60, 0]","[0, 60, 3]","[1, 52, 3]","[1, 1962, 4]","[0, 52, 4]","[0, 52, 5]","[0, 1500, 11]","[1, 52, 11]","[0, 1500, 11]","[0, 664, 11]",112
"[1, 60, 0]","[0, 60, 5]","[1, 52, 5]","[1, 1962, 6]","[0, 52, 7]","[0, 1500, 11]","[1, 52, 11]","[0, 1500, 11]","[1, 52, 11]","[0, 664, 11]",112
"[1, 60, 0]","[0, 60, 3]","[1, 52, 4]","[1, 1962, 4]","[0, 52, 4]","[0, 1500, 9]","[1, 52, 9]","[0, 1500, 9]","[1, 52, 9]","[0, 664, 9]",112
"[1, 60, 0]","[0, 60, 17]","[1, 52, 17]","[1, 1962, 18]","[0, 52, 24]","[0, 52, 24]","[0, 1500, 34]","[1, 52, 35]","[0, 1500, 35]","[1, 52, 35]",112
"[1, 60, 0]","[0, 60, 4]","[1, 52, 4]","[1, 1962, 5]","[0, 52, 5]","[0, 1500, 10]","[1, 52, 10]","[0, 1500, 10]","[1, 52, 10]","[0, 663, 10]",112
"[1, 60, 0]","[0, 60, 4]","[1, 52, 4]","[1, 1962, 5]","[0, 52, 5]","[0, 1500, 10]","[1, 52, 11]","[0, 1500, 11]","[1, 52, 11]","[0, 664, 11]",112
"[1, 60, 0]","[0, 60, 5]","[1, 52, 5]","[1, 1962, 5]","[0, 52, 6]","[0, 52, 6]","[0, 1500, 12]","[1, 52, 12]","[0, 1500, 12]","[1, 52, 12]",112
"[1, 60, 0]","[0, 60, 5]","[1, 52, 5]","[1, 1962, 5]","[0, 52, 6]","[0, 52, 6]","[0, 1500, 14]","[1, 52, 14]","[0, 1500, 15]","[1, 52, 15]",112
"[1, 60, 0]","[0, 60, 5]","[1, 52, 5]","[1, 1962, 6]","[0, 52, 7]","[0, 1500, 13]","[1, 52, 13]","[0, 1500, 13]","[1, 52, 13]","[0, 663, 13]",112
"[1, 60, 0]","[0, 60, 6]","[1, 52, 6]","[1, 1962, 6]","[0, 52, 7]","[0, 1500, 12]","[1, 52, 12]","[0, 1500, 12]","[1, 52, 12]","[0, 664, 13]",112
"[1, 60, 0]","[0, 60, 4]","[1, 52, 4]","[1, 1962, 4]","[0, 52, 5]","[0, 1500, 10]","[1, 52, 10]","[0, 1500, 11]","[1, 52, 11]","[0, 664, 11]",112
"[1, 60, 0]","[0, 60, 4]","[1, 52, 4]","[1, 1962, 4]","[0, 52, 5]","[0, 1500, 10]","[1, 52, 10]","[0, 1500, 10]","[1, 52, 10]","[0, 664, 10]",112
"[1, 60, 0]","[0, 60, 4]","[1, 52, 4]","[1, 1962, 4]","[0, 52, 5]","[0, 1500, 9]","[1, 52, 9]","[0, 1500, 9]","[1, 52, 9]","[0, 664, 9]",112
"[1, 60, 0]","[0, 60, 4]","[1, 52, 4]","[1, 1962, 4]","[0, 52, 5]","[0, 1500, 10]","[1, 52, 10]","[0, 1500, 10]","[1, 52, 10]","[0, 663, 10]",112
"[1, 60, 0]","[0, 60, 4]","[1, 52, 4]","[1, 1962, 5]","[0, 52, 6]","[0, 1500, 11]","[1, 52, 11]","[0, 1500, 12]","[1, 52, 12]","[0, 665, 12]",112
"[1, 60, 0]","[0, 60, 16]","[1, 52, 16]","[1, 1962, 17]","[0, 52, 22]","[0, 52, 22]","[0, 1500, 30]","[1, 52, 30]","[0, 1500, 30]","[1, 52, 30]",112
"[1, 60, 0]","[0, 60, 3]","[1, 52, 3]","[1, 1962, 4]","[0, 52, 5]","[0, 1500, 10]","[1, 52, 10]","[0, 1500, 10]","[1, 52, 10]","[0, 664, 10]",112
"[1, 60, 0]","[0, 60, 4]","[1, 52, 4]","[1, 1962, 5]","[0, 52, 6]","[0, 1500, 11]","[1, 52, 11]","[0, 1500, 12]","[1, 52, 12]","[0, 663, 12]",112
"[1, 60, 0]","[0, 60, 4]","[1, 52, 4]","[1, 1962, 5]","[0, 52, 6]","[0, 1500, 11]","[1, 52, 11]","[0, 1500, 11]","[1, 52, 11]","[0, 663, 11]",112
"[1, 60, 0]","[0, 60, 6]","[1, 52, 6]","[1, 1962, 7]","[0, 52, 8]","[0, 52, 8]","[0, 1500, 15]","[1, 52, 15]","[0, 1500, 15]","[1, 52, 15]",112
"[1, 60, 0]","[0, 60, 4]","[1, 52, 4]","[1, 1962, 4]","[0, 52, 5]","[0, 52, 5]","[0, 1500, 9]","[1, 52, 10]","[0, 1500, 10]","[1, 52, 10]",112
"[1, 60, 0]","[0, 60, 4]","[1, 52, 4]","[1, 1962, 5]","[0, 52, 6]","[0, 1500, 11]","[1, 52, 11]","[0, 1500, 11]","[1, 52, 11]","[0, 664, 11]",112
"[1, 60, 0]","[0, 60, 4]","[1, 52, 4]","[1, 1962, 5]","[0, 52, 6]","[0, 1500, 11]","[1, 52, 11]","[0, 1500, 11]","[1, 52, 11]","[0, 664, 11]",112
"[1, 60, 0]","[0, 60, 4]","[1, 52, 4]","[1, 1962, 4]","[0, 52, 5]","[0, 1500, 10]","[1, 52, 10]","[0, 1500, 10]","[1, 52, 10]","[0, 664, 10]",112
"[1, 60, 0]","[0, 60, 4]","[1, 52, 4]","[1, 1962, 4]","[0, 52, 5]","[0, 52, 5]","[0, 1500, 9]","[1, 52, 9]","[0, 1500, 9]","[1, 52, 9]",112
"[1, 60, 0]","[0, 60, 6]","[1, 52, 6]","[1, 1962, 7]","[0, 52, 7]","[0, 52, 7]","[0, 1500, 12]","[1, 52, 13]","[0, 1500, 13]","[1, 52, 13]",112
"[1, 60, 0]","[0, 60, 7]","[1, 52, 7]","[1, 1962, 7]","[0, 52, 8]","[0, 52, 8]","[0, 1500, 13]","[1, 52, 14]","[0, 1500, 14]","[1, 52, 14]",112
"[1, 60, 0]","[0, 60, 6]","[1, 52, 6]","[1, 1962, 6]","[0, 52, 8]","[0, 1500, 15]","[1, 52, 15]","[0, 1500, 15]","[0, 665, 15]","[1, 52, 15]",112
"[1, 60, 0]","[0, 60, 4]","[1, 52, 4]","[1, 1962, 5]","[0, 52, 6]","[0, 52, 6]","[0, 1500, 10]","[1, 52, 10]","[0, 1500, 10]","[1, 52, 10]",112
"[1, 60, 0]","[0, 60, 6]","[1, 52, 6]","[1, 1962, 6]","[0, 52, 7]","[0, 52, 7]","[0, 1500, 14]","[1, 52, 14]","[0, 1500, 14]","[1, 52, 14]",112
"[1, 60, 0]","[0, 60, 4]","[1, 52, 4]","[1, 1962, 5]","[0, 52, 6]","[0, 52, 6]","[0, 1500, 10]","[1, 52, 10]","[0, 1500, 10]","[1, 52, 10]",112
"[1, 60, 0]","[0, 60, 5]","[1, 52, 5]","[1, 1962, 6]","[0, 52, 6]","[0, 1500, 11]","[1, 52, 11]","[0, 1500, 11]","[1, 52, 11]","[0, 665, 11]",112
"[1, 60, 0]","[0, 60, 17]","[1, 52, 17]","[1, 1962, 18]","[0, 52, 19]","[0, 52, 19]","[0, 1500, 25]","[1, 52, 25]","[0, 1500, 25]","[1, 52, 25]",112
"[1, 60, 0]","[0, 60, 3]","[1, 52, 3]","[1, 1962, 4]","[0, 52, 5]","[0, 1500, 9]","[1, 52, 9]","[0, 1500, 9]","[1, 52, 9]","[0, 665, 9]",112
"[1, 60, 0]","[0, 60, 4]","[1, 52, 4]","[1, 1962, 5]","[0, 52, 6]","[0, 52, 6]","[0, 1500, 10]","[1, 52, 10]","[0, 1500, 10]","[1, 52, 10]",112
"[1, 60, 0]","[0, 60, 4]","[1, 52, 4]","[1, 1962, 4]","[0, 52, 5]","[0, 52, 5]","[0, 1500, 10]","[1, 52, 10]","[0, 1500, 10]","[1, 52, 10]",112
"[1, 60, 0]","[0, 60, 4]","[1, 52, 4]","[1, 1962, 5]","[0, 52, 6]","[0, 1500, 11]","[1, 52, 11]","[0, 1500, 11]","[1, 52, 11]","[0, 663, 11]",112
"[1, 60, 0]","[0, 60, 5]","[1, 52, 5]","[1, 1962, 5]","[0, 52, 6]","[0, 52, 6]","[0, 1500, 12]","[1, 52, 12]","[0, 1500, 12]","[1, 52, 12]",112
"[1, 60, 0]","[0, 60, 3]","[1, 52, 3]","[1, 1962, 4]","[0, 52, 5]","[0, 1500, 11]","[1, 52, 11]","[0, 1500, 11]","[1, 52, 11]","[0, 665, 11]",112
"[1, 60, 0]","[0, 60, 3]","[1, 52, 3]","[1, 1962, 4]","[0, 52, 5]","[0, 1500, 14]","[1, 52, 14]","[0, 1500, 14]","[1, 52, 14]","[0, 665, 14]",112
"[1, 60, 0]","[0, 60, 11]","[1, 52, 11]","[1, 1962, 12]","[0, 52, 17]","[0, 52, 18]","[0, 1500, 22]","[1, 52, 22]","[0, 1500, 22]","[1, 52, 22]",112
"[1, 60, 0]","[0, 60, 5]","[1, 52, 5]","[1, 1962, 6]","[0, 52, 7]","[0, 1500, 12]","[1, 52, 13]","[0, 1500, 13]","[1, 52, 13]","[0, 663, 13]",112
"[1, 60, 0]","[0, 60, 6]","[1, 52, 6]","[1, 1962, 8]","[0, 52, 10]","[0, 52, 10]","[0, 1500, 17]","[1, 52, 17]","[0, 1500, 17]","[1, 52, 17]",112
"[1, 60, 0]","[0, 60, 4]","[1, 52, 4]","[1, 1962, 4]","[0, 52, 5]","[0, 1500, 20]","[1, 52, 20]","[0, 1500, 20]","[1, 52, 20]","[0, 665, 20]",112
"[1, 60, 0]","[0, 60, 4]","[1, 52, 4]","[1, 1962, 5]","[0, 52, 6]","[0, 1500, 11]","[1, 52, 11]","[0, 1500, 11]","[0, 665, 11]","[1, 52, 11]",112
"[1, 60, 0]","[0, 60, 4]","[1, 52, 4]","[1, 1962, 5]","[0, 52, 5]","[0, 1500, 11]","[1, 52, 11]","[0, 1500, 12]","[1, 52, 12]","[0, 664, 12]",112
"[1, 60, 0]","[0, 60, 5]","[1, 52, 5]","[1, 1962, 5]","[0, 52, 6]","[0, 1500, 11]","[1, 52, 11]","[0, 1500, 11]","[1, 52, 11]","[0, 663, 11]",112
"[1, 60, 0]","[0, 60, 5]","[1, 52, 5]","[1, 1962, 6]","[0, 52, 6]","[0, 52, 7]","[0, 1500, 11]","[1, 52, 12]","[0, 1500, 12]","[1, 52, 12]",112
"[1, 60, 0]","[0, 60, 4]","[1, 52, 4]","[1, 1962, 4]","[0, 52, 5]","[0, 1500, 11]","[1, 52, 12]","[0, 1500, 12]","[1, 52, 12]","[0, 665, 12]",112
"[1, 60, 0]","[0, 60, 4]","[1, 52, 4]","[1, 1962, 4]","[0, 52, 5]","[0, 52, 6]","[0, 1500, 11]","[1, 52, 11]","[0, 1500, 11]","[1, 52, 11]",112
"[1, 60, 0]","[0, 60, 4]","[1, 52, 4]","[1, 1962, 7]","[0, 52, 8]","[0, 1500, 13]","[1, 52, 13]","[0, 1500, 13]","[1, 52, 13]","[0, 663, 13]",112
"[1, 60, 0]","[0, 60, 4]","[1, 52, 4]","[1, 1962, 5]","[0, 52, 6]","[0, 52, 6]","[0, 1500, 10]","[1, 52, 10]","[0, 1500, 11]","[1, 52, 11]",112
"[1, 60, 0]","[0, 60, 3]","[1, 52, 3]","[1, 1962, 4]","[0, 52, 4]","[0, 52, 5]","[0, 1500, 8]","[1, 52, 9]","[0, 1500, 9]","[1, 52, 9]",112
"[1, 60, 0]","[0, 60, 4]","[1, 52, 4]","[1, 1962, 5]","[0, 52, 6]","[0, 52, 6]","[0, 1500, 11]","[1, 52, 11]","[0, 1500, 12]","[1, 52, 12]",112
"[1, 60, 0]","[0, 60, 4]","[1, 52, 4]","[1, 1962, 5]","[0, 52, 6]","[0, 52, 6]","[0, 1500, 11]","[1, 52, 11]","[0, 1500, 11]","[1, 52, 11]",112
"[1, 60, 0]","[0, 60, 5]","[1, 52, 5]","[1, 1962, 5]","[0, 52, 7]","[0, 52, 7]","[0, 1500, 11]","[1, 52, 11]","[0, 1500, 11]","[1, 52, 11]",112
"[1, 52, 0]","[0, 48, 5]","[1, 40, 6]","[1, 1935, 8]","[0, 40, 9]","[0, 40, 9]","[0, 1500, 14]","[0, 1500, 14]","[0, 1430, 14]","[1, 40, 15]",211
"[1, 52, 0]","[0, 48, 4]","[1, 40, 5]","[1, 1935, 7]","[0, 40, 7]","[0, 40, 7]","[0, 1500, 12]","[0, 1500, 13]","[0, 1432, 13]","[1, 40, 13]",211
"[1, 52, 0]","[0, 48, 4]","[1, 40, 5]","[1, 1935, 11]","[0, 40, 12]","[0, 1500, 17]","[0, 1500, 17]","[0, 1432, 17]","[1, 40, 17]","[1, 104, 56]",211
"[1, 52, 0]","[0, 48, 4]","[1, 40, 5]","[1, 1935, 6]","[0, 40, 7]","[0, 40, 7]","[0, 1500, 13]","[0, 1500, 13]","[0, 1430, 13]","[1, 40, 13]",211
"[1, 52, 0]","[0, 48, 4]","[1, 40, 5]","[1, 1935, 7]","[0, 40, 8]","[0, 40, 8]","[0, 1500, 13]","[0, 1500, 13]","[0, 1431, 13]","[1, 40, 14]",211
"[1, 52, 0]","[0, 48, 4]","[1, 40, 5]","[1, 1935, 9]","[0, 40, 10]","[0, 40, 10]","[0, 1500, 16]","[0, 1500, 16]","[0, 1431, 16]","[1, 40, 16]",211
"[1, 52, 0]","[0, 48, 4]","[1, 40, 5]","[1, 1935, 7]","[0, 40, 7]","[0, 40, 8]","[0, 1500, 14]","[0, 1500, 14]","[0, 1430, 14]","[1, 40, 15]",211
"[1, 52, 0]","[0, 48, 6]","[1, 40, 7]","[1, 1935, 9]","[0, 40, 10]","[0, 40, 10]","[0, 1500, 15]","[0, 1500, 15]","[0, 1431, 15]","[1, 40, 16]",211
"[1, 52, 0]","[0, 48, 4]","[1, 40, 5]","[1, 1935, 8]","[0, 40, 9]","[0, 1500, 15]","[0, 1500, 16]","[1, 40, 16]","[0, 1432, 16]","[1, 104, 28]",211
"[1, 52, 0]","[0, 48, 4]","[1, 40, 4]","[1, 1935, 6]","[0, 40, 7]","[0, 40, 7]","[0, 1500, 12]","[0, 1500, 12]","[1, 40, 12]","[0, 1430, 12]",211
"[1, 52, 0]","[0, 48, 4]","[1, 40, 4]","[1, 1935, 6]","[0, 40, 7]","[0, 1500, 13]","[0, 1500, 13]","[0, 1431, 13]","[1, 40, 13]","[1, 104, 30]",211
"[1, 52, 0]","[0, 48, 4]","[1, 40, 5]","[1, 1935, 7]","[0, 40, 8]","[0, 40, 8]","[0, 1500, 13]","[0, 1500, 13]","[0, 1432, 13]","[1, 40, 14]",211
"[1, 52, 0]","[0, 48, 4]","[1, 40, 5]","[1, 1935, 9]","[0, 40, 10]","[0, 40, 10]","[0, 1500, 16]","[0, 1500, 16]","[0, 1431, 16]","[1, 40, 17]",211
"[1, 52, 0]","[0, 48, 5]","[1, 40, 5]","[1, 1935, 6]","[0, 40, 7]","[0, 40, 7]","[0, 1500, 15]","[0, 1500, 15]","[0, 1432, 15]","[1, 40, 16]",211
"[1, 52, 0]","[0, 48, 4]","[1, 40, 5]","[1, 1935, 6]","[0, 40, 7]","[0, 40, 7]","[0, 1500, 12]","[0, 1500, 12]","[0, 1432, 12]","[1, 40, 13]",211
"[1, 52, 0]","[0, 48, 5]","[1, 40, 6]","[1, 1935, 9]","[0, 40, 10]","[0, 40, 10]","[0, 1500, 15]","[0, 1500, 15]","[0, 1432, 15]","[1, 40, 16]",211
"[1, 52, 0]","[0, 48, 3]","[1, 40, 4]","[1, 1935, 6]","[0, 40, 7]","[0, 1500, 12]","[0, 1500, 12]","[0, 1431, 12]","[1, 40, 13]","[1, 104, 25]",211
"[1, 52, 0]","[0, 48, 6]","[1, 40, 7]","[1, 1935, 8]","[0, 40, 8]","[0, 40, 9]","[0, 1500, 15]","[0, 1500, 16]","[0, 1431, 16]","[1, 40, 16]",211
"[1, 52, 0]","[0, 48, 3]","[1, 40, 4]","[1, 1935, 6]","[0, 40, 7]","[0, 40, 7]","[0, 1500, 13]","[0, 1500, 13]","[0, 1432, 13]","[1, 40, 13]",211
"[1, 52, 0]","[0, 48, 3]","[1, 40, 4]","[1, 1935, 6]","[0, 40, 7]","[0, 1500, 12]","[0, 1500, 12]","[0, 1431, 12]","[1, 40, 13]","[1, 104, 45]",211
"[1, 52, 0]","[0, 48, 5]","[1, 40, 6]","[1, 1935, 9]","[0, 40, 10]","[0, 1500, 15]","[0, 1500, 15]","[0, 1431, 15]","[1, 40, 16]","[1, 104, 30]",211
"[1, 52, 0]","[0, 48, 5]","[1, 40, 6]","[1, 1935, 7]","[0, 40, 8]","[0, 40, 8]","[0, 1500, 14]","[0, 1500, 14]","[0, 1431, 14]","[1, 40, 14]",211
"[1, 52, 0]","[0, 48, 5]","[1, 40, 5]","[1, 1935, 7]","[0, 40, 8]","[0, 40, 8]","[0, 1500, 13]","[0, 1500, 13]","[0, 1432, 13]","[1, 40, 14]",211
"[1, 52, 0]","[0, 48, 4]","[1, 40, 5]","[1, 1935, 6]","[0, 40, 7]","[0, 40, 7]","[0, 1500, 13]","[0, 1500, 13]","[0, 1429, 13]","[1, 40, 14]",211
"[1, 52, 0]","[0, 48, 4]","[1, 40, 5]","[1, 1935, 7]","[0, 40, 8]","[0, 40, 8]","[0, 1500, 13]","[0, 1500, 13]","[0, 1431, 13]","[1, 40, 14]",211
"[1, 52, 0]","[0, 48, 4]","[1, 40, 5]","[1, 1935, 7]","[0, 40, 8]","[0, 1500, 14]","[0, 1500, 15]","[0, 1431, 15]","[1, 40, 15]","[1, 104, 39]",211
"[1, 52, 0]","[0, 48, 5]","[1, 40, 5]","[1, 1935, 8]","[0, 40, 8]","[0, 40, 9]","[0, 1500, 13]","[0, 1500, 13]","[0, 1430, 13]","[1, 40, 14]",211
"[1, 52, 0]","[0, 48, 5]","[1, 40, 5]","[1, 1935, 8]","[0, 40, 9]","[0, 40, 9]","[0, 1500, 13]","[0, 1500, 13]","[0, 1431, 13]","[1, 40, 14]",211
"[1, 52, 0]","[0, 48, 3]","[1, 40, 4]","[1, 1935, 5]","[0, 40, 6]","[0, 1500, 11]","[0, 1500, 12]","[0, 1431, 12]","[1, 40, 12]","[1, 104, 25]",211
"[1, 52, 0]","[0, 48, 4]","[1, 40, 5]","[1, 1935, 8]","[0, 40, 9]","[0, 1500, 13]","[0, 1500, 14]","[0, 1431, 14]","[1, 40, 14]","[1, 104, 31]",211
"[1, 52, 0]","[0, 48, 3]","[1, 40, 4]","[1, 1935, 6]","[0, 40, 7]","[0, 1500, 12]","[0, 1500, 13]","[0, 1432, 13]","[1, 40, 13]","[1, 104, 36]",211
"[1, 52, 0]","[0, 48, 4]","[1, 40, 5]","[1, 1935, 7]","[0, 40, 8]","[0, 40, 8]","[0, 1500, 13]","[0, 1500, 13]","[0, 1432, 13]","[1, 40, 14]",211
"[1, 52, 0]","[0, 48, 3]","[1, 40, 4]","[1, 1935, 5]","[0, 40, 6]","[0, 40, 6]","[0, 1500, 12]","[0, 1500, 12]","[0, 1431, 12]","[1, 40, 12]",211
"[1, 52, 0]","[0, 48, 5]","[1, 40, 5]","[1, 1935, 8]","[0, 40, 8]","[0, 40, 8]","[0, 1500, 14]","[0, 1500, 14]","[0, 1431, 14]","[1, 40, 15]",211
"[1, 52, 0]","[0, 48, 4]","[1, 40, 5]","[1, 1935, 6]","[0, 40, 7]","[0, 1500, 12]","[0, 1500, 12]","[0, 1431, 12]","[1, 40, 12]","[1, 104, 42]",211
"[1, 52, 0]","[0, 48, 5]","[1, 40, 6]","[1, 1935, 7]","[0, 40, 8]","[0, 40, 9]","[0, 1500, 14]","[0, 1500, 15]","[0, 1431, 15]","[1, 40, 15]",211
"[1, 52, 0]","[0, 48, 5]","[1, 40, 5]","[1, 1935, 6]","[0, 40, 7]","[0, 40, 7]","[0, 1500, 12]","[0, 1500, 12]","[0, 1432, 12]","[1, 40, 12]",211
"[1, 52, 0]","[0, 48, 5]","[1, 40, 5]","[1, 1935, 7]","[0, 40, 8]","[0, 1500, 14]","[0, 1500, 14]","[1, 40, 14]","[0, 1432, 14]","[1, 40, 27]",211
"[1, 52, 0]","[0, 48, 6]","[1, 40, 6]","[1, 1935, 8]","[0, 40, 8]","[0, 40, 9]","[0, 1500, 16]","[0, 1500, 16]","[0, 1432, 16]","[1, 40, 16]",211
"[1, 52, 0]","[0, 48, 5]","[1, 40, 5]","[1, 1935, 7]","[0, 40, 9]","[0, 40, 9]","[0, 1500, 13]","[0, 1500, 13]","[0, 1431, 14]","[1, 40, 14]",211
"[1, 52, 0]","[0, 48, 5]","[1, 40, 6]","[1, 1935, 8]","[0, 40, 9]","[0, 1500, 14]","[0, 1500, 14]","[1, 40, 14]","[0, 1431, 14]","[1, 104, 24]",211
"[1, 52, 0]","[0, 48, 3]","[1, 40, 4]","[1, 1935, 29]","[0, 40, 30]","[0, 40, 31]","[0, 1500, 36]","[0, 1500, 36]","[0, 1431, 36]","[1, 40, 37]",211
"[1, 52, 0]","[0, 48, 5]","[1, 40, 5]","[1, 1935, 6]","[0, 40, 7]","[0, 40, 7]","[0, 1500, 12]","[0, 1500, 13]","[0, 1430, 13]","[1, 40, 13]",211
"[1, 52, 0]","[0, 48, 4]","[1, 40, 4]","[1, 1935, 6]","[0, 40, 7]","[0, 40, 7]","[0, 1500, 12]","[0, 1500, 12]","[0, 1431, 12]","[1, 40, 12]",211
"[1, 52, 0]","[0, 48, 5]","[1, 40, 6]","[1, 1935, 8]","[0, 40, 10]","[0, 40, 10]","[0, 1500, 17]","[0, 1500, 17]","[0, 1431, 17]","[1, 40, 18]",211
"[1, 52, 0]","[0, 48, 4]","[1, 40, 5]","[1, 1935, 6]","[0, 40, 7]","[0, 40, 7]","[0, 1500, 13]","[0, 1500, 13]","[0, 1430, 13]","[1, 40, 13]",211
"[1, 52, 0]","[0, 48, 6]","[1, 40, 7]","[1, 1935, 10]","[0, 40, 11]","[0, 1500, 19]","[0, 1500, 19]","[0, 1431, 19]","[1, 40, 20]","[1, 104, 37]",211
"[1, 52, 0]","[0, 48, 4]","[1, 40, 5]","[1, 1935, 10]","[0, 40, 12]","[0, 1500, 15]","[0, 1500, 15]","[0, 1431, 16]","[1, 40, 16]","[1, 104, 27]",211
"[1, 52, 0]","[0, 48, 6]","[1, 40, 6]","[1, 1935, 8]","[0, 40, 9]","[0, 1500, 15]","[0, 1500, 15]","[0, 1430, 15]","[1, 40, 15]","[1, 104, 36]",211
"[1, 52, 0]","[0, 48, 4]","[1, 40, 5]","[1, 1935, 6]","[0, 40, 6]","[0, 1500, 13]","[0, 1500, 14]","[0, 1432, 14]","[1, 40, 14]","[1, 104, 28]",211
"[1, 52, 0]","[0, 48, 4]","[1, 40, 4]","[1, 1935, 6]","[0, 40, 7]","[0, 40, 7]","[0, 1500, 12]","[0, 1500, 12]","[1, 40, 13]","[0, 1432, 13]",211
"[1, 52, 0]","[0, 48, 4]","[1, 40, 5]","[1, 1935, 8]","[0, 40, 9]","[0, 40, 9]","[0, 1500, 14]","[0, 1500, 14]","[0, 1432, 14]","[1, 40, 15]",211
"[1, 52, 0]","[0, 48, 4]","[1, 40, 5]","[1, 1935, 8]","[0, 40, 9]","[0, 40, 9]","[0, 1500, 15]","[0, 1500, 15]","[0, 1430, 15]","[1, 40, 16]",211
"[1, 52, 0]","[0, 48, 4]","[1, 40, 4]","[1, 1935, 8]","[0, 40, 9]","[0, 1500, 13]","[0, 1500, 13]","[0, 1432, 13]","[1, 40, 13]","[1, 104, 22]",211
"[1, 52, 0]","[0, 48, 4]","[1, 40, 4]","[1, 1935, 6]","[0, 40, 7]","[0, 1500, 13]","[0, 1500, 13]","[0, 1431, 13]","[1, 40, 13]","[1, 104, 25]",211
"[1, 52, 0]","[0, 48, 12]","[1, 40, 13]","[1, 1935, 16]","[0, 40, 17]","[0, 40, 17]","[0, 1500, 22]","[0, 1500, 22]","[1, 40, 22]","[0, 1431, 23]",211
"[1, 52, 0]","[0, 48, 6]","[1, 40, 7]","[1, 1935, 10]","[0, 40, 11]","[0, 40, 11]","[0, 1500, 18]","[0, 1500, 18]","[0, 1431, 18]","[1, 40, 19]",211
"[1, 52, 0]","[0, 48, 5]","[1, 40, 5]","[1, 1935, 7]","[0, 40, 7]","[0, 40, 7]","[0, 1500, 14]","[0, 1500, 14]","[0, 1432, 14]","[1, 40, 14]",211
"[1, 52, 0]","[0, 48, 3]","[1, 40, 4]","[1, 1935, 5]","[0, 40, 6]","[0, 40, 6]","[0, 1500, 12]","[0, 1500, 12]","[0, 1430, 12]","[1, 40, 12]",211
"[1, 52, 0]","[0, 48, 5]","[1, 40, 5]","[1, 1935, 6]","[0, 40, 7]","[0, 40, 7]","[0, 1500, 11]","[0, 1500, 11]","[0, 1430, 11]","[1, 40, 11]",211
"[1, 52, 0]","[0, 48, 5]","[1, 40, 6]","[1, 1935, 9]","[0, 40, 10]","[0, 40, 10]","[0, 1500, 16]","[0, 1500, 16]","[0, 1431, 16]","[1, 40, 16]",211
"[1, 52, 0]","[0, 48, 4]","[1, 40, 4]","[1, 1935, 6]","[0, 40, 6]","[0, 40, 6]","[0, 1500, 11]","[0, 1500, 11]","[0, 1431, 11]","[1, 40, 11]",211
"[1, 52, 0]","[0, 48, 5]","[1, 40, 5]","[1, 1935, 6]","[0, 40, 7]","[0, 40, 7]","[0, 1500, 11]","[0, 1500, 11]","[0, 1431, 11]","[1, 40, 12]",211
"[1, 52, 0]","[0, 48, 5]","[1, 40, 6]","[1, 1935, 9]","[0, 40, 9]","[0, 40, 9]","[0, 1500, 17]","[0, 1500, 17]","[0, 1431, 17]","[1, 40, 18]",211
"[1, 52, 0]","[0, 48, 5]","[1, 40, 6]","[1, 1935, 8]","[0, 40, 8]","[0, 40, 8]","[0, 1500, 14]","[0, 1500, 14]","[0, 1432, 14]","[1, 40, 14]",211
"[1, 52, 0]","[0, 48, 4]","[1, 40, 5]","[1, 1935, 6]","[0, 40, 7]","[0, 40, 7]","[0, 1500, 11]","[0, 1500, 11]","[0, 1431, 11]","[1, 40, 12]",211
"[1, 52, 0]","[0, 48, 4]","[1, 40, 4]","[1, 1935, 6]","[0, 40, 7]","[0, 40, 7]","[0, 1500, 12]","[0, 1500, 12]","[0, 1432, 12]","[1, 40, 13]",211
"[1, 52, 0]","[0, 48, 4]","[1, 40, 4]","[1, 1935, 6]","[0, 40, 6]","[0, 1500, 12]","[0, 1500, 12]","[0, 1432, 12]","[1, 40, 13]","[1, 104, 29]",211
"[1, 52, 0]","[0, 48, 4]","[1, 40, 5]","[1, 1935, 7]","[0, 40, 8]","[0, 1500, 14]","[0, 1500, 14]","[0, 1432, 14]","[1, 40, 15]","[1, 104, 35]",211
"[1, 52, 0]","[0, 48, 4]","[1, 40, 4]","[1, 1935, 7]","[0, 40, 8]","[0, 40, 8]","[0, 1500, 16]","[0, 1500, 16]","[0, 1430, 16]","[1, 40, 17]",211
"[1, 52, 0]","[0, 48, 4]","[1, 40, 5]","[1, 1935, 8]","[0, 40, 9]","[0, 1500, 17]","[0, 1500, 17]","[0, 1430, 17]","[1, 40, 17]","[1, 104, 44]",211
"[1, 52, 0]","[0, 48, 4]","[1, 40, 5]","[1, 1935, 8]","[0, 40, 9]","[0, 40, 10]","[0, 1500, 14]","[0, 1500, 14]","[0, 1431, 14]","[1, 40, 15]",211
"[1, 52, 0]","[0, 48, 5]","[1, 40, 6]","[1, 1935, 7]","[0, 40, 8]","[0, 1500, 13]","[0, 1500, 13]","[0, 1431, 13]","[1, 40, 13]","[1, 104, 34]",211
"[1, 52, 0]","[0, 48, 4]","[1, 40, 5]","[1, 1935, 7]","[0, 40, 8]","[0, 40, 8]","[0, 1500, 13]","[0, 1500, 13]","[0, 1431, 13]","[1, 40, 13]",211
"[1, 52, 0]","[0, 48, 5]","[1, 40, 6]","[1, 1935, 13]","[0, 40, 14]","[0, 40, 14]","[0, 1500, 18]","[0, 1500, 18]","[0, 1430, 18]","[1, 40, 20]",211
"[1, 52, 0]","[0, 48, 4]","[1, 40, 5]","[1, 1935, 11]","[0, 40, 12]","[0, 40, 12]","[0, 1500, 18]","[0, 1500, 18]","[0, 1432, 18]","[1, 40, 18]",211
"[1, 52, 0]","[0, 48, 4]","[1, 40, 4]","[1, 1935, 6]","[0, 40, 7]","[0, 40, 7]","[0, 1500, 13]","[0, 1500, 13]","[0, 1431, 13]","[1, 40, 13]",211
"[1, 52, 0]","[0, 48, 4]","[1, 40, 4]","[1, 1935, 6]","[0, 40, 7]","[0, 40, 7]","[0, 1500, 11]","[0, 1500, 11]","[0, 1431, 12]","[1, 40, 12]",211
"[1, 52, 0]","[0, 48, 5]","[1, 40, 6]","[1, 1935, 9]","[0, 40, 10]","[0, 1500, 16]","[0, 1500, 16]","[0, 1431, 16]","[1, 40, 16]","[1, 104, 24]",211
"[1, 52, 0]","[0, 48, 6]","[1, 40, 6]","[1, 1935, 8]","[0, 40, 9]","[0, 40, 9]","[0, 1500, 15]","[0, 1500, 16]","[0, 1432, 16]","[1, 40, 16]",211
"[1, 52, 0]","[0, 48, 3]","[1, 40, 4]","[1, 1935, 6]","[0, 40, 6]","[0, 40, 6]","[0, 1500, 13]","[0, 1500, 13]","[0, 1431, 13]","[1, 40, 13]",211
"[1, 52, 0]","[0, 48, 5]","[1, 40, 5]","[1, 1935, 7]","[0, 40, 8]","[0, 40, 8]","[0, 1500, 14]","[0, 1500, 14]","[0, 1430, 14]","[1, 40, 15]",211
"[1, 52, 0]","[0, 48, 4]","[1, 40, 4]","[1, 1935, 6]","[0, 40, 7]","[0, 1500, 12]","[0, 1500, 12]","[0, 1432, 12]","[1, 40, 13]","[1, 104, 25]",211
"[1, 52, 0]","[0, 48, 4]","[1, 40, 4]","[1, 1935, 6]","[0, 40, 7]","[0, 40, 7]","[0, 1500, 12]","[0, 1500, 12]","[0, 1430, 12]","[1, 40, 12]",211
"[1, 52, 0]","[0, 48, 4]","[1, 40, 5]","[1, 1935, 8]","[0, 40, 9]","[0, 40, 9]","[0, 1500, 15]","[0, 1500, 15]","[0, 1430, 15]","[1, 40, 16]",211
"[1, 52, 0]","[0, 48, 4]","[1, 40, 5]","[1, 1935, 9]","[0, 40, 10]","[0, 1500, 14]","[0, 1500, 14]","[0, 1430, 14]","[1, 40, 15]","[1, 104, 33]",211
"[1, 52, 0]","[0, 48, 4]","[1, 40, 5]","[1, 1935, 7]","[0, 40, 8]","[0, 40, 8]","[0, 1500, 13]","[0, 1500, 13]","[0, 1432, 13]","[1, 40, 14]",211
"[1, 52, 0]","[0, 48, 4]","[1, 40, 4]","[1, 1935, 5]","[0, 40, 6]","[0, 40, 6]","[0, 1500, 12]","[0, 1500, 12]","[0, 1431, 12]","[1, 40, 12]",211
"[1, 52, 0]","[0, 48, 4]","[1, 40, 5]","[1, 1935, 7]","[0, 40, 7]","[0, 40, 8]","[0, 1500, 13]","[0, 1500, 13]","[0, 1431, 13]","[1, 40, 14]",211
"[1, 52, 0]","[0, 48, 5]","[1, 40, 5]","[1, 1935, 6]","[0, 40, 7]","[0, 40, 8]","[0, 1500, 15]","[0, 1500, 15]","[0, 1432, 15]","[1, 40, 15]",211
"[1, 52, 0]","[0, 48, 4]","[1, 40, 5]","[1, 1935, 8]","[0, 40, 9]","[0, 1500, 15]","[0, 1500, 15]","[0, 1432, 15]","[1, 40, 15]","[1, 104, 32]",211
"[1, 52, 0]","[0, 48, 5]","[1, 40, 6]","[1, 1935, 8]","[0, 40, 9]","[0, 40, 9]","[0, 1500, 15]","[0, 1500, 15]","[0, 1431, 15]","[1, 40, 16]",211
"[1, 52, 0]","[0, 48, 4]","[1, 40, 4]","[1, 1935, 5]","[0, 40, 6]","[0, 40, 6]","[0, 1500, 11]","[0, 1500, 11]","[0, 1431, 11]","[1, 40, 11]",211
"[1, 52, 0]","[0, 48, 4]","[1, 40, 4]","[1, 1935, 6]","[0, 40, 7]","[0, 40, 7]","[0, 1500, 14]","[0, 1500, 14]","[0, 1432, 14]","[1, 40, 15]",211
"[1, 52, 0]","[0, 48, 4]","[1, 40, 5]","[1, 1935, 6]","[0, 40, 7]","[0, 1500, 12]","[0, 1500, 13]","[0, 1431, 13]","[1, 40, 14]","[1, 104, 29]",211
"[1, 52, 0]","[0, 48, 3]","[1, 40, 5]","[1, 1935, 12]","[0, 40, 13]","[0, 40, 13]","[0, 1500, 17]","[0, 1500, 17]","[0, 1431, 17]","[1, 40, 17]",211
"[1, 52, 0]","[0, 48, 5]","[1, 40, 5]","[1, 1935, 7]","[0, 40, 8]","[0, 1500, 14]","[0, 1500, 14]","[0, 1430, 14]","[1, 40, 14]","[1, 104, 26]",211
"[1, 52, 0]","[0, 48, 4]","[1, 40, 4]","[1, 1935, 6]","[0, 40, 6]","[0, 1500, 12]","[0, 1500, 12]","[0, 1432, 12]","[1, 40, 13]","[1, 104, 28]",211
"[1, 52, 0]","[0, 48, 5]","[1, 40, 6]","[1, 1935, 9]","[0, 40, 10]","[0, 1500, 15]","[0, 1500, 15]","[0, 1432, 16]","[1, 40, 16]","[1, 104, 29]",211
"[1, 52, 0]","[0, 48, 5]","[1, 40, 5]","[1, 1935, 8]","[0, 40, 9]","[0, 1500, 13]","[0, 1500, 13]","[1, 40, 14]","[0, 1430, 14]","[1, 104, 26]",211
"[1, 52, 0]","[0, 48, 5]","[1, 40, 6]","[1, 1807, 12]","[0, 40, 13]","[0, 1500, 18]","[0, 1500, 19]","[0, 641, 19]","[1, 40, 20]","[1, 104, 78]",221
"[1, 52, 0]","[0, 48, 4]","[1, 40, 5]","[1, 1775, 8]","[0, 40, 8]","[0, 40, 9]","[0, 1500, 15]","[0, 1500, 15]","[0, 642, 15]","[1, 40, 15]",221
"[1, 52, 0]","[0, 48, 4]","[1, 40, 5]","[1, 1807, 7]","[0, 40, 8]","[0, 40, 8]","[0, 1500, 15]","[0, 1500, 15]","[0, 641, 15]","[1, 40, 15]",221
"[1, 52, 0]","[0, 48, 4]","[1, 40, 5]","[1, 1839, 12]","[0, 40, 14]","[0, 40, 14]","[0, 1500, 20]","[0, 1500, 21]","[0, 643, 21]","[1, 40, 23]",221
"[1, 52, 0]","[0, 48, 4]","[1, 40, 5]","[1, 1807, 11]","[0, 40, 12]","[0, 40, 12]","[0, 1500, 17]","[0, 1500, 17]","[0, 643, 17]","[1, 40, 17]",221
"[1, 52, 0]","[0, 48, 5]","[1, 40, 7]","[1, 1807, 17]","[0, 40, 18]","[0, 40, 18]","[0, 1500, 24]","[0, 1500, 24]","[0, 643, 24]","[1, 40, 24]",221
"[1, 52, 0]","[0, 48, 4]","[1, 40, 5]","[1, 1839, 8]","[0, 40, 9]","[0, 40, 9]","[0, 1500, 13]","[0, 1500, 13]","[0, 643, 13]","[1, 40, 14]",221
"[1, 52, 0]","[0, 48, 6]","[1, 40, 7]","[1, 1807, 15]","[0, 40, 16]","[0, 40, 16]","[0, 1500, 21]","[0, 1500, 21]","[0, 642, 21]","[1, 40, 22]",221
"[1, 52, 0]","[0, 48, 4]","[1, 40, 5]","[1, 1775, 18]","[0, 40, 19]","[0, 1500, 24]","[0, 1500, 24]","[0, 642, 24]","[1, 40, 25]","[1, 104, 35]",221
"[1, 52, 0]","[0, 48, 4]","[1, 40, 5]","[1, 1839, 12]","[0, 40, 13]","[0, 40, 13]","[0, 1500, 18]","[0, 1500, 19]","[0, 641, 19]","[1, 40, 19]",221
"[1, 52, 0]","[0, 48, 4]","[1, 40, 5]","[1, 1839, 34]","[0, 40, 35]","[0, 40, 35]","[0, 1500, 41]","[0, 1500, 41]","[0, 642, 41]","[1, 40, 42]",221
"[1, 52, 0]","[0, 48, 4]","[1, 40, 5]","[1, 1775, 10]","[0, 40, 11]","[0, 40, 11]","[0, 1500, 16]","[0, 1500, 16]","[0, 641, 16]","[1, 40, 17]",221
"[1, 52, 0]","[0, 48, 4]","[1, 40, 4]","[1, 1775, 6]","[0, 40, 7]","[0, 40, 7]","[0, 1500, 13]","[0, 1500, 13]","[0, 641, 13]","[1, 40, 14]",221
"[1, 52, 0]","[0, 48, 5]","[1, 40, 5]","[1, 1839, 8]","[0, 40, 9]","[0, 40, 9]","[0, 1500, 15]","[0, 1500, 15]","[0, 642, 15]","[1, 40, 16]",221
"[1, 52, 0]","[0, 48, 5]","[1, 40, 6]","[1, 1775, 7]","[0, 40, 8]","[0, 40, 8]","[0, 1500, 13]","[0, 1500, 13]","[0, 641, 13]","[1, 40, 13]",221
"[1, 52, 0]","[0, 48, 4]","[1, 40, 5]","[1, 1807, 54]","[0, 40, 55]","[0, 1500, 61]","[0, 1500, 61]","[0, 642, 61]","[1, 40, 61]","[1, 104, 75]",221
"[1, 52, 0]","[0, 48, 3]","[1, 40, 5]","[1, 1871, 14]","[0, 40, 15]","[0, 40, 15]","[0, 1500, 19]","[0, 1500, 19]","[0, 642, 20]","[1, 40, 20]",221
"[1, 52, 0]","[0, 48, 4]","[1, 40, 5]","[1, 1871, 9]","[0, 40, 10]","[0, 1500, 15]","[0, 1500, 15]","[0, 643, 15]","[1, 40, 16]","[1, 104, 24]",221
"[1, 52, 0]","[0, 48, 5]","[1, 40, 7]","[1, 1775, 11]","[0, 40, 12]","[0, 40, 12]","[0, 1500, 17]","[0, 1500, 17]","[0, 642, 17]","[1, 40, 17]",221
"[1, 52, 0]","[0, 48, 4]","[1, 40, 4]","[1, 1775, 6]","[0, 40, 7]","[0, 1500, 12]","[0, 1500, 13]","[0, 642, 13]","[1, 40, 13]","[1, 104, 19]",221
"[1, 52, 0]","[0, 48, 5]","[1, 40, 6]","[1, 1871, 8]","[0, 40, 9]","[0, 1500, 14]","[0, 1500, 14]","[0, 641, 14]","[1, 40, 15]","[1, 104, 22]",221
"[1, 52, 0]","[0, 48, 3]","[1, 40, 4]","[1, 1807, 6]","[0, 40, 7]","[0, 1500, 11]","[0, 1500, 11]","[0, 642, 11]","[1, 40, 12]","[1, 104, 18]",221
"[1, 52, 0]","[0, 48, 3]","[1, 40, 4]","[1, 1871, 6]","[0, 40, 7]","[0, 40, 7]","[0, 1500, 12]","[0, 1500, 12]","[0, 643, 13]","[1, 40, 13]",221
"[1, 52, 0]","[0, 48, 6]","[1, 40, 6]","[1, 1871, 8]","[0, 40, 9]","[0, 1500, 24]","[0, 1500, 24]","[0, 643, 24]","[1, 40, 25]","[1, 104, 36]",221
"[1, 52, 0]","[0, 48, 5]","[1, 40, 6]","[1, 1807, 9]","[0, 40, 10]","[0, 40, 10]","[0, 1500, 16]","[0, 1500, 16]","[0, 643, 16]","[1, 40, 18]",221
"[1, 52, 0]","[0, 48, 3]","[1, 40, 4]","[1, 1871, 8]","[0, 40, 9]","[0, 40, 9]","[0, 1500, 18]","[0, 1500, 18]","[0, 641, 18]","[1, 40, 21]",221
"[1, 52, 0]","[0, 48, 4]","[1, 40, 5]","[1, 1839, 8]","[0, 40, 9]","[0, 1500, 14]","[0, 1500, 15]","[0, 642, 15]","[1, 40, 15]","[1, 104, 21]",221
"[1, 52, 0]","[0, 48, 5]","[1, 40, 5]","[1, 1807, 12]","[0, 40, 13]","[0, 40, 14]","[0, 1500, 19]","[0, 1500, 19]","[0, 642, 19]","[1, 40, 20]",221
"[1, 52, 0]","[0, 48, 4]","[1, 40, 5]","[1, 1839, 6]","[0, 40, 7]","[0, 40, 7]","[0, 1500, 13]","[0, 1500, 13]","[0, 641, 13]","[1, 40, 13]",221
"[1, 52, 0]","[0, 48, 3]","[1, 40, 4]","[1, 1839, 6]","[0, 40, 6]","[0, 40, 6]","[0, 1500, 10]","[0, 1500, 10]","[0, 642, 10]","[1, 40, 11]",221
"[1, 52, 0]","[0, 48, 4]","[1, 40, 5]","[1, 1839, 7]","[0, 40, 8]","[0, 40, 8]","[0, 1500, 13]","[0, 1500, 13]","[0, 642, 13]","[1, 40, 13]",221
"[1, 52, 0]","[0, 48, 4]","[1, 40, 4]","[1, 1871, 7]","[0, 40, 8]","[0, 40, 8]","[0, 1500, 14]","[0, 1500, 14]","[0, 642, 14]","[1, 40, 15]",221
"[1, 52, 0]","[0, 48, 4]","[1, 40, 5]","[1, 1807, 11]","[0, 40, 12]","[0, 1500, 17]","[0, 1500, 18]","[0, 643, 18]","[1, 40, 18]","[1, 104, 23]",221
"[1, 52, 0]","[0, 48, 6]","[1, 40, 6]","[1, 1807, 8]","[0, 40, 9]","[0, 40, 9]","[0, 1500, 14]","[0, 1500, 15]","[0, 642, 15]","[1, 40, 15]",221
"[1, 52, 0]","[0, 48, 4]","[1, 40, 4]","[1, 1871, 7]","[0, 40, 8]","[0, 40, 8]","[0, 1500, 13]","[0, 1500, 13]","[0, 642, 13]","[1, 40, 13]",221
"[1, 52, 0]","[0, 48, 4]","[1, 40, 4]","[1, 1871, 7]","[0, 40, 8]","[0, 40, 8]","[0, 1500, 13]","[0, 1500, 13]","[0, 643, 13]","[1, 40, 13]",221
"[1, 52, 0]","[0, 48, 4]","[1, 40, 5]","[1, 1871, 8]","[0, 40, 9]","[0, 1500, 12]","[0, 1500, 12]","[0, 642, 12]","[1, 40, 14]","[1, 104, 20]",221
"[1, 52, 0]","[0, 48, 4]","[1, 40, 6]","[1, 1775, 18]","[0, 40, 19]","[0, 1500, 24]","[0, 1500, 24]","[0, 641, 24]","[1, 40, 25]","[1, 104, 104]",221
"[1, 52, 0]","[0, 48, 4]","[1, 40, 6]","[1, 1807, 11]","[0, 40, 12]","[0, 40, 12]","[0, 1500, 17]","[0, 1500, 17]","[0, 642, 17]","[1, 40, 18]",221
"[1, 52, 0]","[0, 48, 4]","[1, 40, 4]","[1, 1839, 7]","[0, 40, 8]","[0, 40, 8]","[0, 1500, 14]","[0, 1500, 14]","[0, 642, 14]","[1, 40, 15]",221
"[1, 52, 0]","[0, 48, 4]","[1, 40, 5]","[1, 1807, 21]","[0, 40, 22]","[0, 1500, 27]","[0, 1500, 27]","[0, 642, 27]","[1, 40, 28]","[1, 104, 35]",221
"[1, 52, 0]","[0, 48, 4]","[1, 40, 5]","[1, 1775, 10]","[0, 40, 11]","[0, 40, 11]","[0, 1500, 15]","[0, 1500, 16]","[0, 642, 16]","[1, 40, 16]",221
"[1, 52, 0]","[0, 48, 4]","[1, 40, 5]","[1, 1775, 8]","[0, 40, 9]","[0, 1500, 13]","[0, 1500, 13]","[0, 642, 14]","[1, 40, 17]","[1, 104, 23]",221
"[1, 52, 0]","[0, 48, 3]","[1, 40, 4]","[1, 1839, 18]","[0, 40, 19]","[0, 1500, 24]","[0, 1500, 24]","[0, 641, 24]","[1, 40, 24]","[1, 104, 33]",221
"[1, 52, 0]","[0, 48, 4]","[1, 40, 5]","[1, 1839, 12]","[0, 40, 13]","[0, 40, 14]","[0, 1500, 19]","[0, 1500, 19]","[0, 641, 19]","[1, 40, 20]",221
"[1, 52, 0]","[0, 48, 4]","[1, 40, 5]","[1, 1807, 49]","[0, 40, 50]","[0, 1500, 56]","[0, 1500, 56]","[0, 641, 56]","[1, 40, 57]","[1, 104, 75]",221
"[1, 52, 0]","[0, 48, 4]","[1, 40, 5]","[1, 1839, 6]","[0, 40, 7]","[0, 40, 7]","[0, 1500, 12]","[0, 1500, 12]","[0, 642, 12]","[1, 40, 12]",221
"[1, 52, 0]","[0, 48, 4]","[1, 40, 7]","[1, 1839, 13]","[0, 40, 13]","[0, 40, 13]","[0, 1500, 19]","[0, 1500, 19]","[0, 643, 19]","[1, 40, 20]",221
"[1, 52, 0]","[0, 48, 4]","[1, 40, 5]","[1, 1871, 7]","[0, 40, 8]","[0, 1500, 12]","[0, 1500, 13]","[0, 641, 13]","[1, 40, 13]","[1, 104, 19]",221
"[1, 52, 0]","[0, 48, 4]","[1, 40, 6]","[1, 1839, 54]","[0, 40, 55]","[0, 1500, 61]","[0, 1500, 61]","[0, 642, 62]","[1, 40, 62]","[1, 104, 82]",221
"[1, 52, 0]","[0, 48, 3]","[1, 40, 4]","[1, 1839, 7]","[0, 40, 8]","[0, 1500, 13]","[0, 1500, 13]","[0, 643, 14]","[1, 40, 14]","[1, 104, 25]",221
"[1, 52, 0]","[0, 48, 5]","[1, 40, 6]","[1, 1775, 16]","[0, 40, 17]","[0, 40, 17]","[0, 1500, 22]","[0, 1500, 22]","[0, 642, 22]","[1, 40, 23]",221
"[1, 52, 0]","[0, 48, 4]","[1, 40, 6]","[1, 1871, 14]","[0, 40, 15]","[0, 1500, 20]","[0, 1500, 20]","[0, 642, 20]","[1, 40, 21]","[1, 104, 32]",221
"[1, 52, 0]","[0, 48, 4]","[1, 40, 9]","[1, 1871, 13]","[0, 40, 14]","[0, 1500, 19]","[0, 1500, 20]","[0, 643, 20]","[1, 40, 20]","[1, 104, 30]",221
"[1, 52, 0]","[0, 48, 4]","[1, 40, 5]","[1, 1807, 11]","[0, 40, 12]","[0, 40, 12]","[0, 1500, 17]","[0, 1500, 17]","[0, 641, 17]","[1, 40, 18]",221
"[1, 52, 0]","[0, 48, 4]","[1, 40, 5]","[1, 1807, 14]","[0, 40, 15]","[0, 1500, 21]","[0, 1500, 21]","[0, 643, 21]","[1, 40, 21]","[1, 104, 30]",221
"[1, 52, 0]","[0, 48, 4]","[1, 40, 4]","[1, 1775, 16]","[0, 40, 18]","[0, 40, 18]","[0, 1500, 23]","[0, 1500, 23]","[0, 642, 23]","[1, 40, 25]",221
"[1, 52, 0]","[0, 48, 5]","[1, 40, 6]","[1, 1807, 24]","[0, 40, 25]","[0, 1500, 31]","[0, 1500, 31]","[0, 643, 31]","[1, 40, 32]","[1, 104, 48]",221
"[1, 52, 0]","[0, 48, 4]","[1, 40, 5]","[1, 1871, 27]","[0, 40, 28]","[0, 40, 28]","[0, 1500, 36]","[0, 1500, 36]","[0, 642, 36]","[1, 40, 36]",221
"[1, 52, 0]","[0, 48, 5]","[1, 40, 6]","[1, 1839, 14]","[0, 40, 15]","[0, 40, 15]","[0, 1500, 20]","[0, 1500, 20]","[0, 642, 20]","[1, 40, 21]",221
"[1, 52, 0]","[0, 48, 4]","[1, 40, 4]","[1, 1775, 7]","[0, 40, 8]","[0, 40, 8]","[0, 1500, 14]","[0, 1500, 14]","[0, 642, 14]","[1, 40, 15]",221
"[1, 52, 0]","[0, 48, 5]","[1, 40, 6]","[1, 1807, 25]","[0, 40, 26]","[0, 40, 26]","[0, 1500, 32]","[0, 1500, 32]","[0, 643, 32]","[1, 40, 33]",221
"[1, 52, 0]","[0, 48, 6]","[1, 40, 7]","[1, 1871, 13]","[0, 40, 14]","[0, 40, 14]","[0, 1500, 20]","[0, 1500, 20]","[0, 641, 20]","[1, 40, 21]",221
"[1, 52, 0]","[0, 48, 5]","[1, 40, 6]","[1, 1871, 11]","[0, 40, 12]","[0, 40, 12]","[0, 1500, 17]","[0, 1500, 17]","[0, 643, 17]","[1, 40, 18]",221
"[1, 52, 0]","[0, 48, 5]","[1, 40, 6]","[1, 1775, 10]","[0, 40, 11]","[0, 40, 11]","[0, 1500, 18]","[0, 1500, 18]","[0, 643, 18]","[1, 40, 18]",221
"[1, 52, 0]","[0, 48, 4]","[1, 40, 5]","[1, 1775, 6]","[0, 40, 7]","[0, 40, 7]","[0, 1500, 14]","[0, 1500, 14]","[0, 642, 14]","[1, 40, 14]",221
"[1, 52, 0]","[0, 48, 5]","[1, 40, 5]","[1, 1871, 11]","[0, 40, 12]","[0, 40, 12]","[0, 1500, 19]","[0, 1500, 20]","[0, 642, 20]","[1, 40, 20]",221
"[1, 52, 0]","[0, 48, 4]","[1, 40, 5]","[1, 1839, 7]","[0, 40, 8]","[0, 40, 8]","[0, 1500, 13]","[0, 1500, 13]","[0, 641, 13]","[1, 40, 14]",221
"[1, 52, 0]","[0, 48, 3]","[1, 40, 4]","[1, 1775, 6]","[0, 40, 7]","[0, 1500, 12]","[0, 1500, 12]","[0, 642, 12]","[1, 40, 13]","[1, 104, 17]",221
"[1, 52, 0]","[0, 48, 5]","[1, 40, 6]","[1, 1839, 14]","[0, 40, 14]","[0, 40, 15]","[0, 1500, 20]","[0, 1500, 20]","[0, 641, 20]","[1, 40, 21]",221
"[1, 52, 0]","[0, 48, 3]","[1, 40, 4]","[1, 1775, 5]","[0, 40, 6]","[0, 40, 6]","[0, 1500, 11]","[0, 1500, 11]","[0, 643, 11]","[1, 40, 12]",221
"[1, 52, 0]","[0, 48, 5]","[1, 40, 6]","[1, 1839, 9]","[0, 40, 10]","[0, 1500, 15]","[0, 1500, 15]","[0, 641, 15]","[1, 40, 16]","[1, 104, 22]",221
"[1, 52, 0]","[0, 48, 4]","[1, 40, 5]","[1, 1871, 6]","[0, 40, 7]","[0, 40, 7]","[0, 1500, 13]","[0, 1500, 13]","[0, 643, 13]","[1, 40, 14]",221
"[1, 52, 0]","[0, 48, 3]","[1, 40, 4]","[1, 1871, 7]","[0, 40, 7]","[0, 40, 7]","[0, 1500, 14]","[0, 1500, 14]","[0, 642, 14]","[1, 40, 14]",221
"[1, 52, 0]","[0, 48, 5]","[1, 40, 5]","[1, 1871, 8]","[0, 40, 9]","[0, 1500, 15]","[0, 1500, 15]","[0, 642, 15]","[1, 40, 17]","[1, 104, 29]",221
"[1, 52, 0]","[0, 48, 7]","[1, 40, 8]","[1, 1871, 15]","[0, 40, 16]","[0, 40, 16]","[0, 1500, 22]","[0, 1500, 22]","[0, 643, 22]","[1, 40, 23]",221
"[1, 52, 0]","[0, 48, 4]","[1, 40, 5]","[1, 1839, 11]","[0, 40, 12]","[0, 1500, 16]","[0, 1500, 16]","[0, 642, 16]","[1, 40, 17]","[1, 104, 22]",221
"[1, 52, 0]","[0, 48, 6]","[1, 40, 6]","[1, 1807, 15]","[0, 40, 16]","[0, 40, 17]","[0, 1500, 23]","[0, 1500, 23]","[0, 642, 23]","[1, 40, 24]",221
"[1, 52, 0]","[0, 48, 4]","[1, 40, 5]","[1, 1839, 7]","[0, 40, 8]","[0, 40, 8]","[0, 1500, 13]","[0, 1500, 13]","[0, 642, 13]","[1, 40, 13]",221
"[1, 52, 0]","[0, 48, 4]","[1, 40, 5]","[1, 1775, 7]","[0, 40, 8]","[0, 1500, 14]","[0, 1500, 14]","[0, 642, 14]","[1, 40, 15]","[1, 104, 21]",221
"[1, 52, 0]","[0, 48, 4]","[1, 40, 5]","[1, 1839, 8]","[0, 40, 9]","[0, 40, 9]","[0, 1500, 14]","[0, 1500, 14]","[0, 642, 14]","[1, 40, 15]",221
"[1, 52, 0]","[0, 48, 4]","[1, 40, 5]","[1, 1839, 8]","[0, 40, 9]","[0, 1500, 15]","[0, 1500, 15]","[0, 641, 15]","[1, 40, 15]","[1, 104, 22]",221
"[1, 52, 0]","[0, 48, 5]","[1, 40, 6]","[1, 1871, 20]","[0, 40, 21]","[0, 40, 22]","[0, 1500, 28]","[0, 1500, 28]","[0, 642, 28]","[1, 40, 29]",221
"[1, 52, 0]","[0, 48, 5]","[1, 40, 6]","[1, 1839, 9]","[0, 40, 9]","[0, 1500, 14]","[0, 1500, 14]","[0, 642, 14]","[1, 40, 15]","[1, 104, 24]",221
"[1, 52, 0]","[0, 48, 4]","[1, 40, 5]","[1, 1775, 20]","[0, 40, 21]","[0, 40, 21]","[0, 1500, 27]","[0, 1500, 27]","[0, 643, 27]","[1, 40, 28]",221
"[1, 52, 0]","[0, 48, 3]","[1, 40, 5]","[1, 1871, 14]","[0, 40, 14]","[0, 1500, 19]","[0, 1500, 20]","[0, 642, 20]","[1, 40, 20]","[1, 104, 27]",221
"[1, 52, 0]","[0, 48, 4]","[1, 40, 5]","[1, 1775, 10]","[0, 40, 10]","[0, 40, 10]","[0, 1500, 16]","[0, 1500, 16]","[0, 641, 16]","[1, 40, 17]",221
"[1, 52, 0]","[0, 48, 4]","[1, 40, 4]","[1, 1839, 12]","[0, 40, 13]","[0, 40, 13]","[0, 1500, 19]","[0, 1500, 19]","[0, 642, 19]","[1, 40, 20]",221
"[1, 52, 0]","[0, 48, 5]","[1, 40, 6]","[1, 1807, 10]","[0, 40, 11]","[0, 40, 11]","[0, 1500, 17]","[0, 1500, 18]","[0, 643, 18]","[1, 40, 18]",221
"[1, 52, 0]","[0, 48, 4]","[1, 40, 6]","[1, 1871, 17]","[0, 40, 18]","[0, 1500, 23]","[0, 1500, 23]","[0, 642, 23]","[1, 40, 23]","[1, 104, 32]",221
"[1, 52, 0]","[0, 48, 4]","[1, 40, 5]","[1, 1839, 8]","[0, 40, 8]","[0, 1500, 14]","[0, 1500, 14]","[0, 641, 14]","[1, 40, 15]","[1, 104, 23]",221
"[1, 52, 0]","[0, 48, 4]","[1, 40, 4]","[1, 1839, 7]","[0, 40, 8]","[0, 40, 8]","[0, 1500, 13]","[0, 1500, 13]","[0, 642, 13]","[1, 40, 14]",221
"[1, 52, 0]","[0, 48, 4]","[1, 40, 5]","[1, 1871, 8]","[0, 40, 9]","[0, 40, 9]","[0, 1500, 14]","[0, 1500, 15]","[0, 642, 15]","[1, 40, 15]",221
"[1, 52, 0]","[0, 48, 4]","[1, 40, 5]","[1, 1775, 7]","[0, 40, 8]","[0, 1500, 13]","[0, 1500, 13]","[0, 642, 13]","[1, 40, 14]","[1, 40, 24]",221
"[1, 52, 0]","[0, 48, 3]","[1, 40, 4]","[1, 1871, 8]","[0, 40, 9]","[0, 40, 9]","[0, 1500, 15]","[0, 1500, 15]","[0, 642, 15]","[1, 40, 15]",221
"[1, 52, 0]","[0, 48, 3]","[1, 40, 4]","[1, 1775, 7]","[0, 40, 8]","[0, 1500, 14]","[0, 1500, 14]","[0, 641, 14]","[1, 40, 14]","[1, 104, 23]",221
"[1, 52, 0]","[0, 48, 5]","[1, 40, 6]","[1, 1775, 9]","[0, 40, 10]","[0, 40, 10]","[0, 1500, 15]","[0, 1500, 15]","[0, 642, 15]","[1, 40, 16]",221
"[1, 52, 0]","[0, 48, 3]","[1, 40, 6]","[1, 1871, 13]","[0, 40, 14]","[0, 40, 14]","[0, 1500, 20]","[0, 1500, 20]","[0, 642, 20]","[1, 40, 21]",221
"[1, 52, 0]","[0, 48, 3]","[1, 40, 4]","[1, 1807, 9]","[0, 40, 10]","[0, 40, 10]","[0, 1500, 15]","[0, 1500, 16]","[0, 643, 16]","[1, 40, 16]",221
"[1, 52, 0]","[0, 48, 4]","[1, 40, 5]","[1, 1775, 11]","[0, 40, 12]","[0, 40, 12]","[0, 1500, 18]","[0, 1500, 18]","[0, 641, 18]","[1, 40, 19]",221
"[1, 60, 0]","[0, 60, 4]","[1, 52, 4]","[1, 1787, 5]","[0, 52, 5]","[0, 52, 5]","[0, 1500, 10]","[1, 52, 10]","[0, 1500, 11]","[1, 52, 11]",121
"[1, 60, 0]","[0, 60, 3]","[1, 52, 4]","[1, 1787, 4]","[0, 52, 5]","[0, 52, 5]","[0, 1500, 10]","[1, 52, 10]","[0, 1500, 10]","[1, 52, 10]",121
"[1, 60, 0]","[0, 60, 3]","[1, 52, 3]","[1, 1787, 4]","[0, 52, 4]","[0, 52, 4]","[0, 1500, 9]","[1, 52, 9]","[0, 1500, 9]","[1, 52, 9]",121
"[1, 60, 0]","[0, 60, 4]","[1, 52, 4]","[1, 1851, 4]","[0, 52, 5]","[0, 1500, 10]","[1, 52, 10]","[0, 1500, 10]","[1, 52, 10]","[0, 665, 10]",121
"[1, 60, 0]","[0, 60, 3]","[1, 52, 3]","[1, 1851, 4]","[0, 52, 5]","[0, 52, 5]","[0, 1500, 9]","[1, 52, 9]","[0, 1500, 9]","[1, 52, 9]",121
"[1, 60, 0]","[0, 60, 4]","[1, 52, 5]","[1, 1787, 5]","[0, 52, 6]","[0, 1500, 10]","[1, 52, 10]","[0, 1500, 10]","[1, 52, 10]","[0, 663, 10]",121
"[1, 60, 0]","[0, 60, 4]","[1, 52, 4]","[1, 1787, 5]","[0, 52, 5]","[0, 52, 5]","[0, 1500, 11]","[1, 52, 11]","[0, 1500, 11]","[1, 52, 11]",121
"[1, 60, 0]","[0, 60, 13]","[1, 52, 13]","[1, 1787, 14]","[0, 52, 17]","[0, 52, 18]","[0, 1500, 24]","[1, 52, 24]","[0, 1500, 24]","[1, 52, 24]",121
"[1, 60, 0]","[0, 60, 4]","[1, 52, 4]","[1, 1851, 5]","[0, 52, 5]","[0, 1500, 9]","[1, 52, 9]","[0, 1500, 9]","[1, 52, 9]","[0, 663, 9]",121
"[1, 60, 0]","[0, 60, 4]","[1, 52, 4]","[1, 1883, 5]","[0, 52, 6]","[0, 52, 6]","[0, 1500, 11]","[1, 52, 11]","[0, 1500, 11]","[1, 52, 11]",121
"[1, 60, 0]","[0, 60, 3]","[1, 52, 3]","[1, 1787, 4]","[0, 52, 4]","[0, 1500, 9]","[1, 52, 9]","[0, 1500, 9]","[1, 52, 9]","[0, 663, 9]",121
"[1, 60, 0]","[0, 60, 4]","[1, 52, 4]","[1, 1787, 5]","[0, 52, 5]","[0, 1500, 10]","[1, 52, 10]","[0, 1500, 10]","[1, 52, 10]","[0, 663, 10]",121
"[1, 60, 0]","[0, 60, 5]","[1, 52, 5]","[1, 1787, 5]","[0, 52, 6]","[0, 1500, 10]","[1, 52, 10]","[0, 1500, 10]","[1, 52, 10]","[0, 664, 10]",121
"[1, 60, 0]","[0, 60, 4]","[1, 52, 4]","[1, 1883, 5]","[0, 52, 5]","[0, 1500, 10]","[1, 52, 10]","[0, 1500, 10]","[1, 52, 10]","[0, 664, 10]",121
"[1, 60, 0]","[0, 60, 4]","[1, 52, 4]","[1, 1851, 5]","[0, 52, 5]","[0, 52, 5]","[0, 1500, 21]","[1, 52, 21]","[0, 1500, 21]","[1, 52, 21]",121
"[1, 60, 0]","[0, 60, 5]","[1, 52, 5]","[1, 1883, 5]","[0, 52, 6]","[0, 1500, 11]","[1, 52, 11]","[0, 1500, 11]","[1, 52, 11]","[0, 664, 11]",121
"[1, 60, 0]","[0, 60, 3]","[1, 52, 4]","[1, 1819, 4]","[0, 52, 5]","[0, 1500, 10]","[1, 52, 10]","[0, 1500, 10]","[1, 52, 10]","[0, 664, 11]",121
"[1, 60, 0]","[0, 60, 4]","[1, 52, 4]","[1, 1819, 4]","[0, 52, 5]","[0, 52, 5]","[0, 1500, 9]","[1, 52, 9]","[0, 1500, 9]","[1, 52, 9]",121
"[1, 60, 0]","[0, 60, 4]","[1, 52, 4]","[1, 1851, 4]","[0, 52, 5]","[0, 1500, 10]","[1, 52, 10]","[0, 1500, 10]","[1, 52, 10]","[0, 663, 10]",121
"[1, 60, 0]","[0, 60, 4]","[1, 52, 4]","[1, 1787, 5]","[0, 52, 6]","[0, 1500, 12]","[1, 52, 12]","[0, 1500, 12]","[1, 52, 12]","[0, 664, 12]",121
"[1, 60, 0]","[0, 60, 4]","[1, 52, 4]","[1, 1883, 4]","[0, 52, 5]","[0, 1500, 10]","[1, 52, 10]","[0, 1500, 10]","[1, 52, 10]","[0, 663, 10]",121
"[1, 60, 0]","[0, 60, 7]","[1, 52, 8]","[1, 1819, 8]","[0, 52, 10]","[0, 52, 10]","[0, 1500, 14]","[1, 52, 14]","[0, 1500, 14]","[1, 52, 14]",121
"[1, 60, 0]","[0, 60, 4]","[1, 52, 4]","[1, 1819, 5]","[0, 52, 6]","[0, 52, 6]","[0, 1500, 12]","[1, 52, 12]","[0, 1500, 12]","[1, 52, 12]",121
"[1, 60, 0]","[0, 60, 5]","[1, 52, 5]","[1, 1883, 5]","[0, 52, 6]","[0, 52, 6]","[0, 1500, 10]","[1, 52, 10]","[0, 1500, 10]","[1, 52, 10]",121
"[1, 60, 0]","[0, 60, 3]","[1, 52, 3]","[1, 1819, 4]","[0, 52, 5]","[0, 1500, 9]","[1, 52, 9]","[0, 1500, 9]","[1, 52, 9]","[0, 664, 9]",121
"[1, 60, 0]","[0, 60, 4]","[1, 52, 4]","[1, 1883, 4]","[0, 52, 5]","[0, 52, 5]","[0, 1500, 9]","[1, 52, 9]","[0, 1500, 9]","[1, 52, 9]",121
"[1, 60, 0]","[0, 60, 5]","[1, 52, 6]","[1, 1819, 6]","[0, 52, 7]","[0, 1500, 11]","[1, 52, 11]","[0, 1500, 11]","[1, 52, 11]","[0, 665, 11]",121
"[1, 60, 0]","[0, 60, 4]","[1, 52, 4]","[1, 1787, 4]","[0, 52, 5]","[0, 1500, 10]","[1, 52, 10]","[0, 1500, 11]","[1, 52, 11]","[0, 664, 11]",121
"[1, 60, 0]","[0, 60, 4]","[1, 52, 4]","[1, 1851, 5]","[0, 52, 5]","[0, 1500, 9]","[1, 52, 9]","[0, 1500, 10]","[1, 52, 10]","[0, 664, 10]",121
"[1, 60, 0]","[0, 60, 5]","[1, 52, 5]","[1, 1883, 5]","[0, 52, 7]","[0, 1500, 10]","[1, 52, 10]","[0, 1500, 10]","[1, 52, 10]","[0, 665, 10]",121
"[1, 60, 0]","[0, 60, 4]","[1, 52, 4]","[1, 1787, 5]","[0, 52, 6]","[0, 1500, 10]","[1, 52, 10]","[0, 1500, 10]","[1, 52, 10]","[0, 664, 10]",121
"[1, 60, 0]","[0, 60, 4]","[1, 52, 4]","[1, 1851, 5]","[0, 52, 6]","[0, 1500, 11]","[1, 52, 11]","[0, 1500, 11]","[1, 52, 11]","[0, 663, 11]",121
"[1, 60, 0]","[0, 60, 5]","[1, 52, 5]","[1, 1851, 5]","[0, 52, 6]","[0, 1500, 10]","[1, 52, 10]","[0, 1500, 10]","[1, 52, 10]","[0, 664, 10]",121
"[1, 60, 0]","[0, 60, 4]","[1, 52, 4]","[1, 1851, 5]","[0, 52, 6]","[0, 1500, 11]","[1, 52, 11]","[0, 1500, 11]","[1, 52, 11]","[0, 664, 11]",121
"[1, 60, 0]","[0, 60, 4]","[1, 52, 4]","[1, 1819, 5]","[0, 52, 5]","[0, 1500, 11]","[1, 52, 11]","[0, 1500, 11]","[1, 52, 11]","[0, 665, 11]",121
"[1, 60, 0]","[0, 60, 4]","[1, 52, 4]","[1, 1851, 5]","[0, 52, 5]","[0, 1500, 10]","[1, 52, 10]","[0, 1500, 11]","[1, 52, 11]","[0, 664, 11]",121
"[1, 60, 0]","[0, 60, 4]","[1, 52, 4]","[1, 1819, 5]","[0, 52, 6]","[0, 1500, 10]","[1, 52, 10]","[0, 1500, 10]","[1, 52, 10]","[0, 664, 10]",121
"[1, 60, 0]","[0, 60, 4]","[1, 52, 4]","[1, 1851, 5]","[0, 52, 5]","[0, 52, 5]","[0, 1500, 11]","[1, 52, 11]","[0, 1500, 11]","[1, 52, 11]",121
"[1, 60, 0]","[0, 60, 4]","[1, 52, 4]","[1, 1787, 4]","[0, 52, 5]","[0, 1500, 10]","[1, 52, 10]","[0, 1500, 10]","[1, 52, 10]","[0, 664, 10]",121
"[1, 60, 0]","[0, 60, 10]","[1, 52, 10]","[1, 1787, 11]","[0, 52, 16]","[0, 52, 16]","[0, 1500, 23]","[1, 52, 23]","[0, 1500, 23]","[1, 52, 23]",121
"[1, 60, 0]","[0, 60, 55]","[1, 52, 55]","[1, 1851, 56]","[0, 52, 59]","[0, 52, 59]","[0, 1500, 67]","[1, 52, 67]","[0, 1500, 67]","[1, 52, 67]",121
"[1, 60, 0]","[0, 60, 5]","[1, 52, 5]","[1, 1851, 5]","[0, 52, 6]","[0, 1500, 10]","[1, 52, 10]","[0, 1500, 10]","[1, 52, 10]","[0, 664, 10]",121
"[1, 60, 0]","[0, 60, 4]","[1, 52, 4]","[1, 1883, 4]","[0, 52, 5]","[0, 1500, 9]","[1, 52, 9]","[0, 1500, 9]","[1, 52, 9]","[0, 663, 9]",121
"[1, 60, 0]","[0, 60, 3]","[1, 52, 3]","[1, 1819, 4]","[0, 52, 5]","[0, 52, 5]","[0, 1500, 9]","[1, 52, 10]","[0, 1500, 10]","[1, 52, 10]",121
"[1, 60, 0]","[0, 60, 4]","[1, 52, 4]","[1, 1819, 5]","[0, 52, 6]","[0, 1500, 11]","[1, 52, 11]","[0, 1500, 12]","[1, 52, 12]","[0, 665, 12]",121
"[1, 60, 0]","[0, 60, 5]","[1, 52, 5]","[1, 1819, 5]","[0, 52, 6]","[0, 52, 8]","[0, 1500, 12]","[1, 52, 12]","[0, 1500, 12]","[1, 52, 12]",121
"[1, 60, 0]","[0, 60, 4]","[1, 52, 4]","[1, 1851, 5]","[0, 52, 5]","[0, 1500, 11]","[1, 52, 11]","[0, 1500, 11]","[1, 52, 11]","[0, 663, 11]",121
"[1, 60, 0]","[0, 60, 4]","[1, 52, 4]","[1, 1851, 5]","[0, 52, 6]","[0, 52, 6]","[0, 1500, 10]","[1, 52, 10]","[0, 1500, 10]","[1, 52, 10]",121
"[1, 60, 0]","[0, 60, 4]","[1, 52, 5]","[1, 1883, 5]","[0, 52, 6]","[0, 1500, 10]","[1, 52, 11]","[0, 1500, 11]","[1, 52, 11]","[0, 663, 11]",121
"[1, 60, 0]","[0, 60, 5]","[1, 52, 5]","[1, 1787, 5]","[0, 52, 6]","[0, 1500, 10]","[1, 52, 10]","[0, 1500, 11]","[1, 52, 11]","[0, 664, 11]",121
"[1, 60, 0]","[0, 60, 4]","[1, 52, 4]","[1, 1883, 5]","[0, 52, 5]","[0, 52, 5]","[0, 1500, 11]","[1, 52, 11]","[0, 1500, 11]","[1, 52, 11]",121
"[1, 60, 0]","[0, 60, 4]","[1, 52, 4]","[1, 1851, 5]","[0, 52, 5]","[0, 52, 5]","[0, 1500, 9]","[1, 52, 9]","[0, 1500, 9]","[1, 52, 9]",121
"[1, 60, 0]","[0, 60, 4]","[1, 52, 4]","[1, 1787, 5]","[0, 52, 6]","[0, 1500, 10]","[1, 52, 10]","[0, 1500, 10]","[1, 52, 10]","[0, 663, 10]",121
"[1, 60, 0]","[0, 60, 4]","[1, 52, 4]","[1, 1883, 5]","[0, 52, 6]","[0, 1500, 12]","[1, 52, 12]","[0, 1500, 12]","[1, 52, 12]","[0, 665, 12]",121
"[1, 60, 0]","[0, 60, 17]","[1, 52, 17]","[1, 1883, 17]","[0, 52, 22]","[0, 52, 22]","[0, 1500, 28]","[1, 52, 28]","[0, 1500, 28]","[1, 52, 28]",121
"[1, 60, 0]","[0, 60, 4]","[1, 52, 4]","[1, 1851, 5]","[0, 52, 6]","[0, 1500, 12]","[1, 52, 12]","[0, 1500, 12]","[1, 52, 12]","[0, 665, 12]",121
"[1, 60, 0]","[0, 60, 4]","[1, 52, 4]","[1, 1787, 5]","[0, 52, 6]","[0, 1500, 11]","[1, 52, 11]","[0, 1500, 11]","[1, 52, 11]","[0, 664, 11]",121
"[1, 60, 0]","[0, 60, 4]","[1, 52, 4]","[1, 1819, 4]","[0, 52, 5]","[0, 1500, 9]","[1, 52, 9]","[0, 1500, 9]","[1, 52, 9]","[0, 664, 9]",121
"[1, 60, 0]","[0, 60, 3]","[1, 52, 4]","[1, 1851, 4]","[0, 52, 5]","[0, 1500, 9]","[1, 52, 9]","[0, 1500, 9]","[1, 52, 9]","[0, 663, 9]",121
"[1, 60, 0]","[0, 60, 3]","[1, 52, 3]","[1, 1819, 4]","[0, 52, 5]","[0, 1500, 12]","[1, 52, 12]","[0, 1500, 12]","[1, 52, 12]","[0, 663, 12]",121
"[1, 60, 0]","[0, 60, 4]","[1, 52, 4]","[1, 1787, 4]","[0, 52, 5]","[0, 1500, 9]","[1, 52, 9]","[0, 1500, 10]","[1, 52, 10]","[0, 664, 10]",121
"[1, 60, 0]","[0, 60, 4]","[1, 52, 4]","[1, 1851, 4]","[0, 52, 5]","[0, 1500, 11]","[1, 52, 11]","[0, 1500, 11]","[1, 52, 11]","[0, 664, 12]",121
"[1, 60, 0]","[0, 60, 4]","[1, 52, 4]","[1, 1883, 5]","[0, 52, 5]","[0, 1500, 9]","[1, 52, 9]","[0, 1500, 9]","[1, 52, 9]","[0, 665, 9]",121
"[1, 60, 0]","[0, 60, 3]","[1, 52, 3]","[1, 1851, 3]","[0, 52, 4]","[0, 52, 5]","[0, 1500, 11]","[1, 52, 11]","[0, 1500, 11]","[1, 52, 11]",121
"[1, 60, 0]","[0, 60, 3]","[1, 52, 3]","[1, 1819, 4]","[0, 52, 4]","[0, 52, 5]","[0, 1500, 8]","[1, 52, 8]","[0, 1500, 8]","[0, 664, 8]",121
"[1, 60, 0]","[0, 60, 3]","[1, 52, 3]","[1, 1883, 4]","[0, 52, 5]","[0, 1500, 9]","[1, 52, 10]","[0, 1500, 10]","[1, 52, 10]","[0, 664, 10]",121
"[1, 60, 0]","[0, 60, 4]","[1, 52, 4]","[1, 1883, 4]","[0, 52, 5]","[0, 52, 5]","[0, 1500, 9]","[1, 52, 9]","[0, 1500, 9]","[1, 52, 9]",121
"[1, 60, 0]","[0, 60, 4]","[1, 52, 4]","[1, 1851, 5]","[0, 52, 5]","[0, 52, 5]","[0, 1500, 11]","[1, 52, 12]","[0, 1500, 12]","[1, 52, 12]",121
"[1, 60, 0]","[0, 60, 4]","[1, 52, 5]","[1, 1883, 5]","[0, 52, 6]","[0, 52, 6]","[0, 1500, 10]","[1, 52, 10]","[0, 1500, 10]","[1, 52, 10]",121
"[1, 60, 0]","[0, 60, 21]","[1, 52, 21]","[1, 1883, 22]","[0, 52, 33]","[0, 52, 33]","[0, 1500, 42]","[1, 52, 42]","[0, 1500, 42]","[1, 52, 42]",121
"[1, 60, 0]","[0, 60, 4]","[1, 52, 4]","[1, 1819, 5]","[0, 52, 5]","[0, 1500, 10]","[1, 52, 10]","[0, 1500, 10]","[1, 52, 10]","[0, 665, 10]",121
"[1, 60, 0]","[0, 60, 3]","[1, 52, 3]","[1, 1851, 4]","[0, 52, 5]","[0, 52, 5]","[0, 1500, 10]","[1, 52, 10]","[0, 1500, 10]","[1, 52, 10]",121
"[1, 60, 0]","[0, 60, 4]","[1, 52, 4]","[1, 1787, 4]","[0, 52, 5]","[0, 52, 5]","[0, 1500, 9]","[1, 52, 9]","[0, 1500, 9]","[1, 52, 9]",121
"[1, 60, 0]","[0, 60, 4]","[1, 52, 4]","[1, 1819, 5]","[0, 52, 5]","[0, 1500, 12]","[1, 52, 12]","[0, 1500, 12]","[1, 52, 12]","[0, 665, 12]",121
"[1, 60, 0]","[0, 60, 4]","[1, 52, 5]","[1, 1851, 5]","[0, 52, 7]","[0, 52, 7]","[0, 1500, 10]","[1, 52, 10]","[0, 1500, 10]","[1, 52, 10]",121
"[1, 60, 0]","[0, 60, 4]","[1, 52, 4]","[1, 1787, 4]","[0, 52, 6]","[0, 1500, 11]","[1, 52, 11]","[0, 1500, 11]","[1, 52, 11]","[0, 665, 11]",121
"[1, 60, 0]","[0, 60, 5]","[1, 52, 5]","[1, 1819, 5]","[0, 52, 6]","[0, 52, 6]","[0, 1500, 11]","[1, 52, 11]","[0, 1500, 11]","[1, 52, 12]",121
"[1, 60, 0]","[0, 60, 4]","[1, 52, 4]","[1, 1883, 5]","[0, 52, 6]","[0, 1500, 10]","[1, 52, 10]","[0, 1500, 10]","[1, 52, 10]","[0, 665, 10]",121
"[1, 60, 0]","[0, 60, 4]","[1, 52, 4]","[1, 1851, 5]","[0, 52, 6]","[0, 1500, 11]","[1, 52, 11]","[0, 1500, 11]","[1, 52, 11]","[0, 664, 11]",121
"[1, 60, 0]","[0, 60, 4]","[1, 52, 4]","[1, 1787, 4]","[0, 52, 5]","[0, 1500, 9]","[1, 52, 9]","[0, 1500, 9]","[1, 52, 9]","[0, 664, 9]",121
"[1, 60, 0]","[0, 60, 5]","[1, 52, 5]","[1, 1787, 5]","[0, 52, 7]","[0, 52, 7]","[0, 1500, 11]","[1, 52, 11]","[0, 1500, 11]","[1, 52, 11]",121
"[1, 60, 0]","[0, 60, 4]","[1, 52, 4]","[1, 1851, 4]","[0, 52, 5]","[0, 52, 5]","[0, 1500, 9]","[1, 52, 9]","[0, 1500, 9]","[1, 52, 9]",121
"[1, 60, 0]","[0, 60, 5]","[1, 52, 5]","[1, 1851, 5]","[0, 52, 6]","[0, 52, 6]","[0, 1500, 11]","[1, 52, 11]","[0, 1500, 11]","[1, 52, 11]",121
"[1, 60, 0]","[0, 60, 4]","[1, 52, 4]","[1, 1819, 5]","[0, 52, 5]","[0, 1500, 10]","[1, 52, 10]","[0, 1500, 10]","[1, 52, 10]","[0, 664, 10]",121
"[1, 60, 0]","[0, 60, 4]","[1, 52, 4]","[1, 1787, 4]","[0, 52, 5]","[0, 52, 5]","[0, 1500, 9]","[1, 52, 10]","[0, 1500, 10]","[1, 52, 10]",121
"[1, 60, 0]","[0, 60, 3]","[1, 52, 4]","[1, 1883, 4]","[0, 52, 5]","[0, 52, 5]","[0, 1500, 10]","[1, 52, 10]","[0, 1500, 10]","[1, 52, 10]",121
"[1, 60, 0]","[0, 60, 4]","[1, 52, 4]","[1, 1883, 4]","[0, 52, 5]","[0, 1500, 15]","[1, 52, 15]","[0, 1500, 15]","[1, 52, 15]","[0, 664, 15]",121
"[1, 60, 0]","[0, 60, 22]","[1, 52, 22]","[1, 1851, 23]","[0, 52, 30]","[0, 52, 30]","[0, 1500, 39]","[1, 52, 39]","[0, 1500, 39]","[1, 52, 39]",121
"[1, 60, 0]","[0, 60, 4]","[1, 52, 4]","[1, 1883, 5]","[0, 52, 7]","[0, 1500, 13]","[1, 52, 13]","[0, 1500, 13]","[1, 52, 13]","[0, 664, 13]",121
"[1, 60, 0]","[0, 60, 17]","[1, 52, 18]","[1, 1819, 18]","[0, 52, 24]","[0, 52, 24]","[0, 1500, 32]","[1, 52, 32]","[0, 1500, 32]","[1, 52, 32]",121
"[1, 60, 0]","[0, 60, 4]","[1, 52, 4]","[1, 1851, 5]","[0, 52, 6]","[0, 1500, 10]","[1, 52, 10]","[0, 1500, 10]","[1, 52, 10]","[0, 665, 10]",121
"[1, 60, 0]","[0, 60, 4]","[1, 52, 4]","[1, 1883, 5]","[0, 52, 6]","[0, 52, 7]","[0, 1500, 10]","[1, 52, 10]","[0, 1500, 10]","[1, 52, 10]",121
"[1, 60, 0]","[0, 60, 3]","[1, 52, 4]","[1, 1851, 4]","[0, 52, 5]","[0, 1500, 9]","[1, 52, 9]","[0, 1500, 9]","[1, 52, 9]","[0, 665, 9]",121
"[1, 60, 0]","[0, 60, 4]","[1, 52, 4]","[1, 1819, 4]","[0, 52, 5]","[0, 1500, 10]","[1, 52, 10]","[0, 1500, 10]","[1, 52, 10]","[0, 663, 10]",121
"[1, 60, 0]","[0, 60, 5]","[1, 52, 5]","[1, 1851, 6]","[0, 52, 6]","[0, 52, 7]","[0, 1500, 10]","[1, 52, 10]","[0, 1500, 11]","[1, 52, 11]",121
"[1, 60, 0]","[0, 60, 6]","[1, 52, 6]","[1, 1819, 7]","[0, 52, 8]","[0, 52, 8]","[0, 1500, 13]","[1, 52, 14]","[0, 1500, 14]","[1, 52, 14]",121
"[1, 60, 0]","[0, 60, 5]","[1, 52, 5]","[1, 1819, 5]","[0, 52, 6]","[0, 52, 7]","[0, 1500, 11]","[1, 52, 11]","[0, 1500, 12]","[1, 52, 12]",121
"[1, 60, 0]","[0, 60, 4]","[1, 52, 4]","[1, 1819, 4]","[0, 52, 6]","[0, 1500, 11]","[1, 52, 11]","[0, 1500, 11]","[1, 52, 11]","[0, 663, 11]",121
"[1, 60, 0]","[0, 60, 4]","[1, 52, 4]","[1, 1819, 4]","[0, 52, 5]","[0, 1500, 9]","[1, 52, 9]","[0, 1500, 9]","[1, 52, 9]","[0, 663, 9]",121
"[1, 60, 0]","[0, 60, 4]","[1, 52, 4]","[1, 1883, 5]","[0, 52, 6]","[0, 1500, 9]","[1, 52, 10]","[0, 1500, 10]","[1, 52, 10]","[0, 665, 10]",121
"[1, 52, 0]","[0, 48, 7]","[1, 40, 8]","[1, 713, 15]","[0, 40, 18]","[0, 1500, 26]","[0, 1500, 26]","[0, 343, 26]","[1, 40, 29]","[1, 104, 50]",210
"[1, 52, 0]","[0, 48, 8]","[1, 40, 8]","[1, 713, 10]","[0, 40, 12]","[0, 1500, 18]","[0, 1500, 18]","[0, 343, 18]","[1, 40, 18]","[1, 104, 35]",210
"[1, 52, 0]","[0, 48, 4]","[1, 40, 6]","[1, 713, 8]","[0, 40, 9]","[0, 1500, 16]","[0, 1500, 16]","[1, 40, 16]","[0, 344, 16]","[1, 40, 32]",210
"[1, 52, 0]","[0, 48, 5]","[1, 40, 5]","[1, 713, 7]","[0, 40, 10]","[0, 1500, 16]","[0, 1500, 16]","[0, 343, 16]","[1, 40, 17]","[1, 104, 28]",210
"[1, 52, 0]","[0, 48, 4]","[1, 40, 5]","[1, 713, 7]","[0, 40, 8]","[0, 1500, 12]","[0, 1500, 12]","[0, 343, 12]","[1, 40, 12]","[1, 104, 27]",210
"[1, 52, 0]","[0, 48, 5]","[1, 40, 5]","[1, 713, 6]","[0, 40, 10]","[0, 1500, 14]","[0, 1500, 14]","[0, 343, 14]","[1, 40, 15]","[1, 104, 38]",210
"[1, 52, 0]","[0, 48, 12]","[1, 40, 13]","[1, 713, 16]","[0, 40, 17]","[0, 1500, 22]","[0, 1500, 22]","[0, 344, 22]","[1, 40, 22]","[1, 104, 32]",210
"[1, 52, 0]","[0, 48, 5]","[1, 40, 5]","[1, 713, 6]","[0, 40, 7]","[0, 1500, 12]","[0, 1500, 12]","[1, 40, 12]","[0, 344, 13]","[1, 104, 22]",210
"[1, 52, 0]","[0, 48, 7]","[1, 40, 7]","[1, 713, 9]","[0, 40, 10]","[0, 1500, 16]","[0, 1500, 16]","[0, 342, 17]","[1, 40, 17]","[1, 104, 31]",210
"[1, 52, 0]","[0, 48, 3]","[1, 40, 4]","[1, 713, 6]","[0, 40, 6]","[0, 1500, 11]","[0, 1500, 11]","[0, 343, 11]","[1, 40, 12]","[1, 104, 25]",210
"[1, 52, 0]","[0, 48, 4]","[1, 40, 5]","[1, 713, 7]","[0, 40, 9]","[0, 1500, 13]","[0, 1500, 13]","[0, 344, 13]","[1, 40, 13]","[1, 104, 26]",210
"[1, 52, 0]","[0, 48, 5]","[1, 40, 6]","[1, 713, 6]","[0, 40, 7]","[0, 1500, 13]","[0, 1500, 13]","[0, 343, 13]","[1, 40, 14]","[1, 104, 25]",210
"[1, 52, 0]","[0, 48, 4]","[1, 40, 5]","[1, 713, 7]","[0, 40, 8]","[0, 1500, 13]","[0, 1500, 13]","[0, 344, 13]","[1, 40, 14]","[1, 104, 35]",210
"[1, 52, 0]","[0, 48, 4]","[1, 40, 5]","[1, 713, 8]","[0, 40, 10]","[0, 1500, 17]","[0, 1500, 17]","[0, 344, 17]","[1, 40, 18]","[1, 104, 30]",210
"[1, 52, 0]","[0, 48, 17]","[1, 40, 18]","[1, 713, 22]","[0, 40, 23]","[0, 1500, 30]","[0, 1500, 31]","[0, 342, 31]","[1, 40, 31]","[1, 104, 48]",210
"[1, 52, 0]","[0, 48, 4]","[1, 40, 5]","[1, 713, 6]","[0, 40, 7]","[0, 1500, 13]","[0, 1500, 13]","[0, 342, 13]","[1, 40, 13]","[1, 104, 24]",210
"[1, 52, 0]","[0, 48, 5]","[1, 40, 6]","[1, 713, 7]","[0, 40, 8]","[0, 1500, 13]","[0, 1500, 13]","[0, 344, 14]","[1, 40, 14]","[1, 104, 23]",210
"[1, 52, 0]","[0, 48, 4]","[1, 40, 5]","[1, 713, 12]","[0, 40, 13]","[0, 1500, 18]","[0, 1500, 18]","[0, 342, 18]","[1, 40, 19]","[1, 104, 45]",210
"[1, 52, 0]","[0, 48, 6]","[1, 40, 6]","[1, 713, 7]","[0, 40, 8]","[0, 1500, 13]","[0, 1500, 13]","[0, 344, 13]","[1, 40, 14]","[1, 104, 24]",210
"[1, 52, 0]","[0, 48, 4]","[1, 40, 6]","[1, 713, 8]","[0, 40, 9]","[0, 1500, 14]","[0, 1500, 14]","[0, 343, 14]","[1, 40, 14]","[1, 104, 25]",210
"[1, 52, 0]","[0, 48, 8]","[1, 40, 9]","[1, 713, 9]","[0, 40, 10]","[0, 1500, 16]","[0, 1500, 16]","[0, 343, 16]","[1, 40, 16]","[1, 40, 31]",210
"[1, 52, 0]","[0, 48, 5]","[1, 40, 5]","[1, 713, 8]","[0, 40, 10]","[0, 1500, 14]","[0, 1500, 15]","[0, 342, 15]","[1, 40, 15]","[1, 104, 27]",210
"[1, 52, 0]","[0, 48, 4]","[1, 40, 4]","[1, 713, 6]","[0, 40, 7]","[0, 1500, 12]","[0, 1500, 12]","[0, 344, 12]","[1, 40, 12]","[1, 104, 37]",210
"[1, 52, 0]","[0, 48, 7]","[1, 40, 7]","[1, 713, 8]","[0, 40, 9]","[0, 1500, 15]","[0, 1500, 15]","[0, 342, 15]","[1, 40, 15]","[1, 104, 26]",210
"[1, 52, 0]","[0, 48, 4]","[1, 40, 4]","[1, 713, 5]","[0, 40, 6]","[0, 1500, 12]","[0, 1500, 12]","[0, 344, 12]","[1, 40, 13]","[1, 104, 24]",210
"[1, 52, 0]","[0, 48, 6]","[1, 40, 6]","[1, 713, 8]","[0, 40, 10]","[0, 1500, 16]","[0, 1500, 16]","[0, 343, 16]","[1, 40, 16]","[1, 104, 33]",210
"[1, 52, 0]","[0, 48, 4]","[1, 40, 5]","[1, 713, 6]","[0, 40, 6]","[0, 1500, 11]","[0, 1500, 12]","[1, 40, 12]","[0, 342, 12]","[1, 104, 21]",210
"[1, 52, 0]","[0, 48, 5]","[1, 40, 5]","[1, 713, 7]","[0, 40, 8]","[0, 1500, 14]","[0, 1500, 14]","[0, 344, 14]","[1, 40, 14]","[1, 104, 27]",210
"[1, 52, 0]","[0, 48, 6]","[1, 40, 6]","[1, 713, 7]","[0, 40, 9]","[0, 1500, 14]","[0, 1500, 15]","[0, 344, 15]","[1, 40, 16]","[1, 104, 29]",210
"[1, 52, 0]","[0, 48, 4]","[1, 40, 4]","[1, 713, 5]","[0, 40, 6]","[0, 1500, 13]","[0, 1500, 13]","[0, 342, 13]","[1, 40, 14]","[1, 104, 49]",210
"[1, 52, 0]","[0, 48, 5]","[1, 40, 6]","[1, 713, 7]","[0, 40, 8]","[0, 1500, 14]","[0, 1500, 14]","[0, 342, 14]","[1, 40, 14]","[1, 104, 25]",210
"[1, 52, 0]","[0, 48, 5]","[1, 40, 6]","[1, 713, 9]","[0, 40, 10]","[0, 1500, 14]","[0, 1500, 14]","[0, 344, 14]","[1, 40, 14]","[1, 104, 25]",210
"[1, 52, 0]","[0, 48, 6]","[1, 40, 7]","[1, 713, 8]","[0, 40, 9]","[0, 1500, 14]","[0, 1500, 15]","[0, 343, 15]","[1, 40, 15]","[1, 104, 29]",210
"[1, 52, 0]","[0, 48, 4]","[1, 40, 4]","[1, 713, 6]","[0, 40, 7]","[0, 1500, 12]","[0, 1500, 12]","[0, 343, 12]","[1, 40, 12]","[1, 104, 30]",210
"[1, 52, 0]","[0, 48, 4]","[1, 40, 4]","[1, 713, 6]","[0, 40, 7]","[0, 1500, 13]","[0, 1500, 13]","[1, 40, 14]","[0, 343, 14]","[1, 104, 29]",210
"[1, 52, 0]","[0, 48, 6]","[1, 40, 6]","[1, 713, 8]","[0, 40, 9]","[0, 1500, 13]","[0, 1500, 14]","[0, 343, 14]","[1, 40, 15]","[1, 104, 22]",210
"[1, 52, 0]","[0, 48, 4]","[1, 40, 5]","[1, 713, 6]","[0, 40, 7]","[0, 1500, 16]","[0, 1500, 16]","[0, 342, 16]","[1, 40, 17]","[1, 104, 33]",210
"[1, 52, 0]","[0, 48, 5]","[1, 40, 6]","[1, 713, 9]","[0, 40, 12]","[0, 1500, 19]","[0, 1500, 19]","[0, 344, 19]","[1, 40, 20]","[1, 104, 28]",210
"[1, 52, 0]","[0, 48, 6]","[1, 40, 7]","[1, 713, 8]","[0, 40, 9]","[0, 1500, 13]","[0, 1500, 13]","[0, 344, 13]","[1, 40, 13]","[1, 104, 24]",210
"[1, 52, 0]","[0, 48, 3]","[1, 40, 4]","[1, 713, 5]","[0, 40, 6]","[0, 1500, 12]","[0, 1500, 13]","[0, 343, 13]","[1, 40, 13]","[1, 104, 24]",210
"[1, 52, 0]","[0, 48, 10]","[1, 40, 11]","[1, 713, 14]","[0, 40, 15]","[0, 1500, 19]","[0, 1500, 19]","[0, 343, 19]","[1, 40, 20]","[1, 104, 33]",210
"[1, 52, 0]","[0, 48, 5]","[1, 40, 5]","[1, 713, 6]","[0, 40, 6]","[0, 1500, 11]","[0, 1500, 11]","[0, 342, 11]","[1, 40, 12]","[1, 104, 22]",210
"[1, 52, 0]","[0, 48, 4]","[1, 40, 5]","[1, 713, 6]","[0, 40, 6]","[0, 1500, 10]","[0, 1500, 10]","[0, 342, 10]","[1, 40, 11]","[1, 104, 29]",210
"[1, 52, 0]","[0, 48, 5]","[1, 40, 6]","[1, 713, 30]","[0, 40, 31]","[0, 1500, 37]","[0, 1500, 37]","[0, 343, 37]","[1, 40, 38]","[1, 104, 51]",210
"[1, 52, 0]","[0, 48, 6]","[1, 40, 6]","[1, 713, 7]","[0, 40, 8]","[0, 1500, 13]","[0, 1500, 13]","[0, 343, 13]","[1, 40, 14]","[1, 104, 21]",210
"[1, 52, 0]","[0, 48, 6]","[1, 40, 7]","[1, 713, 9]","[0, 40, 10]","[0, 1500, 16]","[0, 1500, 17]","[0, 343, 17]","[1, 40, 17]","[1, 104, 27]",210
"[1, 52, 0]","[0, 48, 4]","[1, 40, 4]","[1, 713, 6]","[0, 40, 7]","[0, 1500, 11]","[0, 1500, 11]","[1, 40, 11]","[0, 343, 11]","[1, 104, 24]",210
"[1, 52, 0]","[0, 48, 4]","[1, 40, 5]","[1, 713, 9]","[0, 40, 10]","[0, 1500, 15]","[0, 1500, 15]","[0, 343, 15]","[1, 40, 15]","[1, 104, 32]",210
"[1, 52, 0]","[0, 48, 4]","[1, 40, 5]","[1, 713, 8]","[0, 40, 9]","[0, 1500, 14]","[0, 1500, 14]","[0, 343, 14]","[1, 40, 15]","[1, 104, 25]",210
"[1, 52, 0]","[0, 48, 4]","[1, 40, 5]","[1, 713, 7]","[0, 40, 7]","[0, 1500, 13]","[0, 1500, 13]","[0, 343, 13]","[1, 40, 13]","[1, 104, 27]",210
"[1, 52, 0]","[0, 48, 4]","[1, 40, 5]","[1, 713, 6]","[0, 40, 7]","[0, 1500, 13]","[0, 1500, 13]","[0, 344, 13]","[1, 40, 14]","[1, 104, 24]",210
"[1, 52, 0]","[0, 48, 3]","[1, 40, 4]","[1, 713, 5]","[0, 40, 6]","[0, 1500, 13]","[0, 1500, 13]","[0, 343, 13]","[1, 40, 13]","[1, 104, 23]",210
"[1, 52, 0]","[0, 48, 5]","[1, 40, 6]","[1, 713, 7]","[0, 40, 7]","[0, 1500, 13]","[0, 1500, 13]","[1, 40, 13]","[0, 342, 14]","[1, 40, 26]",210
"[1, 52, 0]","[0, 48, 6]","[1, 40, 7]","[1, 713, 9]","[0, 40, 10]","[0, 1500, 16]","[0, 1500, 16]","[0, 343, 16]","[1, 40, 16]","[1, 104, 35]",210
"[1, 52, 0]","[0, 48, 5]","[1, 40, 6]","[1, 713, 8]","[0, 40, 8]","[0, 1500, 15]","[0, 1500, 15]","[0, 343, 15]","[1, 40, 16]","[1, 104, 28]",210
"[1, 52, 0]","[0, 48, 7]","[1, 40, 8]","[1, 713, 10]","[0, 40, 11]","[0, 1500, 15]","[0, 1500, 15]","[0, 342, 15]","[1, 40, 16]","[1, 104, 25]",210
"[1, 52, 0]","[0, 48, 4]","[1, 40, 5]","[1, 713, 7]","[0, 40, 7]","[0, 1500, 13]","[0, 1500, 13]","[0, 343, 13]","[1, 40, 13]","[1, 104, 30]",210
"[1, 52, 0]","[0, 48, 4]","[1, 40, 6]","[1, 713, 11]","[0, 40, 13]","[0, 1500, 18]","[0, 1500, 18]","[0, 344, 18]","[1, 40, 19]","[1, 104, 55]",210
"[1, 52, 0]","[0, 48, 3]","[1, 40, 4]","[1, 713, 8]","[0, 40, 8]","[0, 1500, 15]","[0, 1500, 16]","[0, 344, 16]","[1, 40, 16]","[1, 104, 31]",210
"[1, 52, 0]","[0, 48, 5]","[1, 40, 5]","[1, 713, 6]","[0, 40, 7]","[0, 1500, 12]","[0, 1500, 12]","[0, 344, 13]","[1, 40, 13]","[1, 104, 37]",210
"[1, 52, 0]","[0, 48, 5]","[1, 40, 6]","[1, 713, 12]","[0, 40, 12]","[0, 1500, 19]","[0, 1500, 19]","[0, 343, 19]","[1, 40, 19]","[1, 104, 53]",210
"[1, 52, 0]","[0, 48, 5]","[1, 40, 5]","[1, 713, 7]","[0, 40, 9]","[0, 1500, 15]","[0, 1500, 15]","[0, 342, 15]","[1, 40, 16]","[1, 104, 33]",210
"[1, 52, 0]","[0, 48, 4]","[1, 40, 5]","[1, 713, 7]","[0, 40, 8]","[0, 1500, 13]","[0, 1500, 13]","[0, 344, 13]","[1, 40, 14]","[1, 40, 34]",210
"[1, 52, 0]","[0, 48, 4]","[1, 40, 5]","[1, 713, 7]","[0, 40, 8]","[0, 1500, 13]","[0, 1500, 13]","[0, 343, 13]","[1, 40, 14]","[1, 104, 28]",210
"[1, 52, 0]","[0, 48, 5]","[1, 40, 5]","[1, 713, 6]","[0, 40, 7]","[0, 1500, 13]","[0, 1500, 13]","[0, 344, 13]","[1, 40, 13]","[1, 104, 30]",210
"[1, 52, 0]","[0, 48, 6]","[1, 40, 6]","[1, 713, 27]","[0, 40, 28]","[0, 1500, 34]","[0, 1500, 34]","[0, 343, 34]","[1, 40, 35]","[1, 104, 56]",210
"[1, 52, 0]","[0, 48, 4]","[1, 40, 5]","[1, 713, 8]","[0, 40, 9]","[0, 1500, 16]","[0, 1500, 16]","[0, 342, 16]","[1, 40, 16]","[1, 104, 33]",210
"[1, 52, 0]","[0, 48, 4]","[1, 40, 5]","[1, 713, 6]","[0, 40, 7]","[0, 1500, 13]","[0, 1500, 13]","[0, 342, 13]","[1, 40, 14]","[1, 104, 28]",210
"[1, 52, 0]","[0, 48, 4]","[1, 40, 5]","[1, 713, 7]","[0, 40, 8]","[0, 1500, 12]","[0, 1500, 12]","[0, 344, 12]","[1, 40, 13]","[1, 104, 33]",210
"[1, 52, 0]","[0, 48, 6]","[1, 40, 7]","[1, 713, 8]","[0, 40, 8]","[0, 1500, 14]","[0, 1500, 14]","[0, 343, 14]","[1, 40, 14]","[1, 104, 22]",210
"[1, 52, 0]","[0, 48, 5]","[1, 40, 6]","[1, 713, 7]","[0, 40, 8]","[0, 1500, 13]","[0, 1500, 13]","[0, 344, 13]","[1, 40, 13]","[1, 104, 22]",210
"[1, 52, 0]","[0, 48, 4]","[1, 40, 5]","[1, 713, 8]","[0, 40, 9]","[0, 1500, 14]","[0, 1500, 14]","[0, 343, 14]","[1, 40, 15]","[1, 104, 38]",210
"[1, 52, 0]","[0, 48, 4]","[1, 40, 5]","[1, 713, 9]","[0, 40, 9]","[0, 1500, 14]","[0, 1500, 14]","[0, 343, 14]","[1, 40, 15]","[1, 104, 29]",210
"[1, 52, 0]","[0, 48, 5]","[1, 40, 5]","[1, 713, 8]","[0, 40, 9]","[0, 1500, 13]","[0, 1500, 13]","[0, 343, 13]","[1, 40, 14]","[1, 104, 25]",210
"[1, 52, 0]","[0, 48, 4]","[1, 40, 5]","[1, 713, 7]","[0, 40, 9]","[0, 1500, 14]","[0, 1500, 14]","[0, 343, 14]","[1, 40, 15]","[1, 104, 24]",210
"[1, 52, 0]","[0, 48, 3]","[1, 40, 4]","[1, 713, 6]","[0, 40, 7]","[0, 1500, 13]","[0, 1500, 13]","[0, 343, 13]","[1, 40, 13]","[1, 104, 24]",210
"[1, 52, 0]","[0, 48, 4]","[1, 40, 5]","[1, 713, 7]","[0, 40, 8]","[0, 1500, 13]","[0, 1500, 13]","[0, 342, 13]","[1, 40, 14]","[1, 104, 27]",210
"[1, 52, 0]","[0, 48, 5]","[1, 40, 6]","[1, 713, 8]","[0, 40, 9]","[0, 1500, 14]","[0, 1500, 14]","[0, 343, 14]","[1, 40, 14]","[1, 104, 32]",210
"[1, 52, 0]","[0, 48, 6]","[1, 40, 7]","[1, 713, 12]","[0, 40, 14]","[0, 1500, 17]","[0, 1500, 17]","[0, 344, 18]","[1, 40, 18]","[1, 40, 28]",210
"[1, 52, 0]","[0, 48, 5]","[1, 40, 6]","[1, 713, 9]","[0, 40, 10]","[0, 1500, 15]","[0, 1500, 15]","[0, 342, 15]","[1, 40, 16]","[1, 104, 32]",210
"[1, 52, 0]","[0, 48, 6]","[1, 40, 7]","[1, 713, 9]","[0, 40, 11]","[0, 1500, 16]","[0, 1500, 16]","[0, 343, 16]","[1, 40, 17]","[1, 104, 27]",210
"[1, 52, 0]","[0, 48, 6]","[1, 40, 6]","[1, 713, 8]","[0, 40, 8]","[0, 1500, 13]","[0, 1500, 14]","[0, 343, 14]","[1, 40, 14]","[1, 104, 29]",210
"[1, 52, 0]","[0, 48, 2]","[1, 40, 3]","[1, 713, 5]","[0, 40, 6]","[0, 1500, 11]","[0, 1500, 11]","[0, 342, 11]","[1, 40, 12]","[1, 104, 31]",210
"[1, 52, 0]","[0, 48, 4]","[1, 40, 5]","[1, 713, 6]","[0, 40, 7]","[0, 1500, 10]","[0, 1500, 11]","[1, 40, 11]","[0, 343, 11]","[1, 104, 26]",210
"[1, 52, 0]","[0, 48, 11]","[1, 40, 12]","[1, 713, 15]","[0, 40, 16]","[0, 1500, 22]","[0, 1500, 22]","[0, 344, 22]","[1, 40, 22]","[1, 104, 34]",210
"[1, 52, 0]","[0, 48, 6]","[1, 40, 7]","[1, 713, 10]","[0, 40, 10]","[0, 1500, 16]","[0, 1500, 16]","[0, 343, 16]","[1, 40, 16]","[1, 104, 27]",210
"[1, 52, 0]","[0, 48, 6]","[1, 40, 6]","[1, 713, 9]","[0, 40, 10]","[0, 1500, 13]","[0, 1500, 13]","[0, 344, 13]","[1, 40, 14]","[1, 104, 23]",210
"[1, 52, 0]","[0, 48, 5]","[1, 40, 5]","[1, 713, 6]","[0, 40, 7]","[0, 1500, 12]","[0, 1500, 12]","[0, 344, 12]","[1, 40, 12]","[1, 104, 22]",210
"[1, 52, 0]","[0, 48, 5]","[1, 40, 5]","[1, 713, 6]","[0, 40, 7]","[0, 1500, 13]","[0, 1500, 13]","[0, 343, 13]","[1, 40, 14]","[1, 104, 24]",210
"[1, 52, 0]","[0, 48, 4]","[1, 40, 5]","[1, 713, 6]","[0, 40, 6]","[0, 1500, 12]","[0, 1500, 12]","[0, 343, 12]","[1, 40, 12]","[1, 104, 22]",210
"[1, 52, 0]","[0, 48, 4]","[1, 40, 5]","[1, 713, 7]","[0, 40, 8]","[0, 1500, 12]","[0, 1500, 12]","[0, 344, 12]","[1, 40, 13]","[1, 104, 30]",210
"[1, 52, 0]","[0, 48, 5]","[1, 40, 6]","[1, 713, 8]","[0, 40, 9]","[0, 1500, 15]","[0, 1500, 15]","[0, 343, 15]","[1, 40, 16]","[1, 104, 27]",210
"[1, 52, 0]","[0, 48, 4]","[1, 40, 4]","[1, 713, 6]","[0, 40, 6]","[0, 1500, 11]","[0, 1500, 11]","[0, 343, 11]","[1, 40, 12]","[1, 104, 22]",210
"[1, 52, 0]","[0, 48, 5]","[1, 40, 6]","[1, 713, 9]","[0, 40, 10]","[0, 1500, 16]","[0, 1500, 16]","[0, 343, 16]","[1, 40, 18]","[1, 104, 29]",210
"[1, 52, 0]","[0, 48, 6]","[1, 40, 7]","[1, 713, 11]","[0, 40, 11]","[0, 1500, 16]","[0, 1500, 16]","[0, 343, 16]","[1, 40, 16]","[1, 40, 29]",210
"[1, 52, 0]","[0, 48, 5]","[1, 40, 6]","[1, 713, 7]","[0, 40, 7]","[0, 1500, 14]","[0, 1500, 14]","[0, 344, 14]","[1, 40, 14]","[1, 104, 24]",210
"[1, 52, 0]","[0, 48, 14]","[1, 40, 14]","[1, 713, 16]","[0, 40, 16]","[0, 1500, 22]","[0, 1500, 22]","[0, 344, 22]","[1, 40, 22]","[1, 104, 38]",210
"[1, 52, 0]","[0, 48, 3]","[1, 40, 4]","[1, 713, 31]","[0, 40, 32]","[0, 1500, 37]","[0, 1500, 37]","[0, 342, 37]","[1, 40, 37]","[1, 104, 63]",210
"[1, 52, 0]","[0, 48, 5]","[1, 40, 5]","[1, 713, 8]","[0, 40, 9]","[0, 1500, 14]","[0, 1500, 14]","[0, 342, 14]","[1, 40, 15]","[1, 104, 67]",210
"[1, 52, 0]","[0, 48, 5]","[1, 40, 5]","[1, 713, 7]","[0, 40, 8]","[0, 1500, 13]","[0, 1500, 14]","[0, 344, 14]","[1, 40, 14]","[1, 104, 27]",210
"[1, 60, 0]","[0, 60, 4]","[1, 52, 4]","[1, 725, 5]","[0, 52, 6]","[0, 1500, 10]","[1, 52, 10]","[0, 1500, 10]","[1, 52, 10]","[0, 379, 10]",110
"[1, 60, 0]","[0, 60, 5]","[1, 52, 5]","[1, 725, 5]","[0, 52, 7]","[0, 1500, 10]","[1, 52, 10]","[0, 1500, 11]","[1, 52, 11]","[0, 379, 11]",110
"[1, 60, 0]","[0, 60, 4]","[1, 52, 5]","[1, 725, 6]","[0, 52, 6]","[0, 1500, 9]","[1, 52, 9]","[0, 1500, 9]","[1, 52, 9]","[0, 379, 9]",110
"[1, 60, 0]","[0, 60, 5]","[1, 52, 5]","[1, 725, 5]","[0, 52, 6]","[0, 1500, 9]","[1, 52, 9]","[0, 1500, 9]","[1, 52, 9]","[0, 379, 9]",110
"[1, 60, 0]","[0, 60, 4]","[1, 52, 4]","[1, 725, 6]","[0, 52, 7]","[0, 1500, 10]","[1, 52, 11]","[0, 1500, 11]","[1, 52, 11]","[0, 380, 11]",110
"[1, 60, 0]","[0, 60, 3]","[1, 52, 3]","[1, 725, 4]","[0, 52, 5]","[0, 1500, 11]","[1, 52, 11]","[0, 1500, 11]","[1, 52, 11]","[0, 380, 11]",110
"[1, 60, 0]","[0, 60, 6]","[1, 52, 6]","[1, 725, 7]","[0, 52, 7]","[0, 1500, 11]","[1, 52, 11]","[0, 1500, 12]","[1, 52, 12]","[0, 380, 12]",110
"[1, 60, 0]","[0, 60, 4]","[1, 52, 4]","[1, 725, 5]","[0, 52, 5]","[0, 1500, 9]","[1, 52, 9]","[0, 1500, 9]","[1, 52, 9]","[0, 380, 9]",110
"[1, 60, 0]","[0, 60, 3]","[1, 52, 3]","[1, 725, 4]","[0, 52, 5]","[0, 1500, 10]","[1, 52, 10]","[0, 1500, 10]","[1, 52, 10]","[0, 380, 11]",110
"[1, 60, 0]","[0, 60, 4]","[1, 52, 4]","[1, 725, 5]","[0, 52, 6]","[0, 1500, 10]","[1, 52, 10]","[0, 1500, 10]","[1, 52, 10]","[0, 380, 10]",110
"[1, 60, 0]","[0, 60, 4]","[1, 52, 4]","[1, 725, 5]","[0, 52, 5]","[0, 1500, 9]","[1, 52, 9]","[0, 1500, 9]","[1, 52, 10]","[0, 379, 10]",110
"[1, 60, 0]","[0, 60, 7]","[1, 52, 7]","[1, 725, 8]","[0, 52, 10]","[0, 1500, 14]","[1, 52, 14]","[0, 1500, 14]","[1, 52, 14]","[0, 378, 14]",110
"[1, 60, 0]","[0, 60, 4]","[1, 52, 4]","[1, 725, 4]","[0, 52, 5]","[0, 1500, 11]","[1, 52, 11]","[0, 1500, 11]","[1, 52, 11]","[0, 378, 11]",110
"[1, 60, 0]","[0, 60, 5]","[1, 52, 5]","[1, 725, 6]","[0, 52, 7]","[0, 1500, 14]","[1, 52, 14]","[0, 1500, 14]","[1, 52, 14]","[0, 379, 14]",110
"[1, 60, 0]","[0, 60, 3]","[1, 52, 3]","[1, 725, 5]","[0, 52, 6]","[0, 1500, 9]","[1, 52, 9]","[0, 1500, 10]","[0, 380, 10]","[1, 52, 10]",110
"[1, 60, 0]","[0, 60, 5]","[1, 52, 5]","[1, 725, 5]","[0, 52, 6]","[0, 1500, 9]","[1, 52, 9]","[0, 1500, 10]","[1, 52, 10]","[0, 379, 10]",110
"[1, 60, 0]","[0, 60, 7]","[1, 52, 7]","[1, 725, 8]","[0, 52, 13]","[0, 1500, 16]","[1, 52, 16]","[0, 1500, 16]","[1, 52, 16]","[0, 378, 16]",110
"[1, 60, 0]","[0, 60, 4]","[1, 52, 4]","[1, 725, 6]","[0, 52, 7]","[0, 1500, 12]","[1, 52, 12]","[0, 1500, 12]","[1, 52, 12]","[0, 380, 12]",110
"[1, 60, 0]","[0, 60, 4]","[1, 52, 4]","[1, 725, 5]","[0, 52, 6]","[0, 1500, 10]","[1, 52, 10]","[0, 1500, 10]","[1, 52, 10]","[0, 380, 11]",110
"[1, 60, 0]","[0, 60, 4]","[1, 52, 4]","[1, 725, 5]","[0, 52, 6]","[0, 1500, 11]","[1, 52, 11]","[0, 1500, 11]","[1, 52, 11]","[0, 379, 11]",110
"[1, 60, 0]","[0, 60, 4]","[1, 52, 4]","[1, 725, 4]","[0, 52, 5]","[0, 1500, 9]","[1, 52, 9]","[0, 1500, 9]","[1, 52, 9]","[0, 379, 10]",110
"[1, 60, 0]","[0, 60, 5]","[1, 52, 5]","[1, 725, 5]","[0, 52, 6]","[0, 1500, 11]","[1, 52, 11]","[0, 1500, 11]","[1, 52, 11]","[0, 379, 11]",110
"[1, 60, 0]","[0, 60, 5]","[1, 52, 5]","[1, 725, 6]","[0, 52, 7]","[0, 1500, 14]","[1, 52, 14]","[0, 1500, 14]","[1, 52, 14]","[0, 379, 14]",110
"[1, 60, 0]","[0, 60, 5]","[1, 52, 5]","[1, 725, 5]","[0, 52, 6]","[0, 1500, 9]","[1, 52, 9]","[0, 1500, 10]","[1, 52, 10]","[0, 379, 10]",110
"[1, 60, 0]","[0, 60, 5]","[1, 52, 5]","[1, 725, 6]","[0, 52, 7]","[0, 1500, 12]","[1, 52, 12]","[0, 1500, 12]","[1, 52, 12]","[0, 378, 12]",110
"[1, 60, 0]","[0, 60, 3]","[1, 52, 3]","[1, 725, 4]","[0, 52, 5]","[0, 1500, 10]","[1, 52, 10]","[0, 1500, 10]","[1, 52, 10]","[0, 379, 10]",110
"[1, 60, 0]","[0, 60, 4]","[1, 52, 4]","[1, 725, 5]","[0, 52, 6]","[0, 1500, 11]","[1, 52, 11]","[0, 1500, 11]","[1, 52, 11]","[0, 380, 11]",110
"[1, 60, 0]","[0, 60, 5]","[1, 52, 5]","[1, 725, 6]","[0, 52, 8]","[0, 1500, 11]","[1, 52, 11]","[0, 1500, 11]","[1, 52, 11]","[0, 378, 11]",110
"[1, 60, 0]","[0, 60, 4]","[1, 52, 4]","[1, 725, 5]","[0, 52, 5]","[0, 1500, 10]","[1, 52, 10]","[0, 1500, 10]","[1, 52, 10]","[0, 379, 10]",110
"[1, 60, 0]","[0, 60, 3]","[1, 52, 3]","[1, 725, 4]","[0, 52, 4]","[0, 1500, 9]","[1, 52, 9]","[0, 1500, 9]","[1, 52, 9]","[0, 378, 9]",110
"[1, 60, 0]","[0, 60, 4]","[1, 52, 4]","[1, 725, 5]","[0, 52, 7]","[0, 1500, 11]","[1, 52, 11]","[0, 1500, 12]","[1, 52, 12]","[0, 380, 12]",110
"[1, 60, 0]","[0, 60, 4]","[1, 52, 4]","[1, 725, 5]","[0, 52, 6]","[0, 1500, 11]","[1, 52, 11]","[0, 1500, 11]","[1, 52, 11]","[0, 379, 11]",110
"[1, 60, 0]","[0, 60, 4]","[1, 52, 4]","[1, 725, 5]","[0, 52, 6]","[0, 1500, 10]","[1, 52, 10]","[0, 1500, 10]","[1, 52, 10]","[0, 380, 10]",110
"[1, 60, 0]","[0, 60, 4]","[1, 52, 4]","[1, 725, 5]","[0, 52, 5]","[0, 1500, 10]","[1, 52, 10]","[0, 1500, 10]","[1, 52, 10]","[0, 379, 10]",110
"[1, 60, 0]","[0, 60, 3]","[1, 52, 4]","[1, 725, 5]","[0, 52, 6]","[0, 1500, 9]","[1, 52, 9]","[0, 1500, 9]","[1, 52, 9]","[0, 380, 9]",110
"[1, 60, 0]","[0, 60, 3]","[1, 52, 3]","[1, 725, 4]","[0, 52, 5]","[0, 1500, 8]","[1, 52, 8]","[0, 1500, 9]","[1, 52, 9]","[0, 379, 9]",110
"[1, 60, 0]","[0, 60, 5]","[1, 52, 5]","[1, 725, 5]","[0, 52, 6]","[0, 1500, 10]","[1, 52, 10]","[0, 1500, 11]","[1, 52, 11]","[0, 379, 11]",110
"[1, 60, 0]","[0, 60, 4]","[1, 52, 4]","[1, 725, 5]","[0, 52, 6]","[0, 1500, 10]","[1, 52, 10]","[0, 1500, 10]","[1, 52, 10]","[0, 379, 10]",110
"[1, 60, 0]","[0, 60, 4]","[1, 52, 4]","[1, 725, 4]","[0, 52, 5]","[0, 1500, 11]","[1, 52, 11]","[0, 1500, 11]","[1, 52, 11]","[0, 378, 11]",110
"[1, 60, 0]","[0, 60, 5]","[1, 52, 5]","[1, 725, 7]","[0, 52, 8]","[0, 1500, 12]","[1, 52, 12]","[0, 1500, 12]","[1, 52, 12]","[0, 378, 12]",110
"[1, 60, 0]","[0, 60, 4]","[1, 52, 4]","[1, 725, 5]","[0, 52, 7]","[0, 1500, 10]","[1, 52, 10]","[0, 1500, 10]","[1, 52, 10]","[0, 378, 10]",110
"[1, 60, 0]","[0, 60, 4]","[1, 52, 4]","[1, 725, 4]","[0, 52, 5]","[0, 1500, 9]","[1, 52, 10]","[0, 1500, 10]","[1, 52, 10]","[0, 379, 10]",110
"[1, 60, 0]","[0, 60, 4]","[1, 52, 4]","[1, 725, 4]","[0, 52, 5]","[0, 1500, 9]","[1, 52, 9]","[0, 1500, 9]","[1, 52, 9]","[0, 378, 9]",110
"[1, 60, 0]","[0, 60, 5]","[1, 52, 5]","[1, 725, 6]","[0, 52, 7]","[0, 1500, 12]","[1, 52, 12]","[0, 1500, 12]","[1, 52, 12]","[0, 378, 12]",110
"[1, 60, 0]","[0, 60, 4]","[1, 52, 4]","[1, 725, 5]","[0, 52, 6]","[0, 1500, 10]","[1, 52, 10]","[0, 1500, 10]","[1, 52, 10]","[0, 380, 10]",110
"[1, 60, 0]","[0, 60, 4]","[1, 52, 4]","[1, 725, 5]","[0, 52, 6]","[0, 1500, 10]","[1, 52, 10]","[0, 1500, 10]","[1, 52, 10]","[0, 380, 10]",110
"[1, 60, 0]","[0, 60, 6]","[1, 52, 6]","[1, 725, 7]","[0, 52, 7]","[0, 1500, 11]","[1, 52, 11]","[0, 1500, 11]","[1, 52, 11]","[0, 379, 11]",110
"[1, 60, 0]","[0, 60, 5]","[1, 52, 5]","[1, 725, 6]","[0, 52, 7]","[0, 1500, 10]","[1, 52, 10]","[0, 1500, 10]","[1, 52, 10]","[0, 379, 10]",110
"[1, 60, 0]","[0, 60, 8]","[1, 52, 8]","[1, 725, 9]","[0, 52, 10]","[0, 1500, 14]","[1, 52, 14]","[0, 1500, 14]","[1, 52, 14]","[0, 379, 14]",110
"[1, 60, 0]","[0, 60, 5]","[1, 52, 5]","[1, 725, 6]","[0, 52, 7]","[0, 1500, 11]","[1, 52, 11]","[0, 1500, 13]","[1, 52, 13]","[0, 380, 13]",110
"[1, 60, 0]","[0, 60, 5]","[1, 52, 5]","[1, 725, 6]","[0, 52, 7]","[0, 1500, 14]","[1, 52, 14]","[0, 1500, 14]","[1, 52, 14]","[0, 380, 14]",110
"[1, 60, 0]","[0, 60, 27]","[1, 52, 27]","[1, 725, 27]","[0, 52, 36]","[0, 1500, 44]","[1, 52, 44]","[0, 1500, 44]","[1, 52, 44]","[0, 379, 44]",110
"[1, 60, 0]","[0, 60, 4]","[1, 52, 5]","[1, 725, 5]","[0, 52, 6]","[0, 1500, 10]","[1, 52, 10]","[0, 1500, 10]","[0, 378, 10]","[1, 52, 10]",110
"[1, 60, 0]","[0, 60, 5]","[1, 52, 5]","[1, 725, 5]","[0, 52, 6]","[0, 1500, 11]","[1, 52, 11]","[0, 1500, 12]","[1, 52, 12]","[0, 380, 13]",110
"[1, 60, 0]","[0, 60, 5]","[1, 52, 5]","[1, 725, 6]","[0, 52, 7]","[0, 1500, 10]","[1, 52, 10]","[0, 1500, 10]","[0, 379, 10]","[1, 52, 10]",110
"[1, 60, 0]","[0, 60, 4]","[1, 52, 4]","[1, 725, 4]","[0, 52, 5]","[0, 1500, 9]","[1, 52, 9]","[0, 1500, 9]","[1, 52, 9]","[0, 378, 9]",110
"[1, 60, 0]","[0, 60, 3]","[1, 52, 3]","[1, 725, 4]","[0, 52, 5]","[0, 1500, 8]","[1, 52, 8]","[0, 1500, 8]","[1, 52, 8]","[0, 379, 8]",110
"[1, 60, 0]","[0, 60, 5]","[1, 52, 5]","[1, 725, 6]","[0, 52, 6]","[0, 1500, 10]","[1, 52, 10]","[0, 1500, 10]","[1, 52, 10]","[0, 380, 10]",110
"[1, 60, 0]","[0, 60, 5]","[1, 52, 5]","[1, 725, 6]","[0, 52, 8]","[0, 1500, 12]","[1, 52, 12]","[0, 1500, 12]","[1, 52, 12]","[0, 379, 12]",110
"[1, 60, 0]","[0, 60, 4]","[1, 52, 4]","[1, 725, 5]","[0, 52, 6]","[0, 1500, 9]","[1, 52, 9]","[0, 1500, 10]","[1, 52, 10]","[0, 380, 10]",110
"[1, 60, 0]","[0, 60, 4]","[1, 52, 4]","[1, 725, 5]","[0, 52, 6]","[0, 1500, 9]","[1, 52, 9]","[0, 1500, 9]","[1, 52, 9]","[0, 380, 9]",110
"[1, 60, 0]","[0, 60, 5]","[1, 52, 5]","[1, 725, 5]","[0, 52, 7]","[0, 1500, 14]","[1, 52, 14]","[0, 1500, 14]","[1, 52, 14]","[0, 378, 14]",110
"[1, 60, 0]","[0, 60, 6]","[1, 52, 6]","[1, 725, 6]","[0, 52, 7]","[0, 1500, 12]","[1, 52, 12]","[0, 1500, 12]","[1, 52, 12]","[0, 378, 12]",110
"[1, 60, 0]","[0, 60, 5]","[1, 52, 5]","[1, 725, 6]","[0, 52, 6]","[0, 1500, 10]","[1, 52, 10]","[0, 1500, 10]","[1, 52, 10]","[0, 380, 10]",110
"[1, 60, 0]","[0, 60, 4]","[1, 52, 4]","[1, 725, 4]","[0, 52, 6]","[0, 1500, 13]","[1, 52, 13]","[0, 1500, 13]","[0, 379, 13]","[1, 52, 13]",110
"[1, 60, 0]","[0, 60, 5]","[1, 52, 5]","[1, 725, 5]","[0, 52, 6]","[0, 1500, 10]","[1, 52, 10]","[0, 1500, 11]","[1, 52, 11]","[0, 379, 11]",110
"[1, 60, 0]","[0, 60, 4]","[1, 52, 5]","[1, 725, 5]","[0, 52, 6]","[0, 1500, 9]","[1, 52, 9]","[0, 1500, 9]","[1, 52, 9]","[0, 378, 9]",110
"[1, 60, 0]","[0, 60, 4]","[1, 52, 4]","[1, 725, 5]","[0, 52, 6]","[0, 1500, 10]","[1, 52, 10]","[0, 1500, 10]","[1, 52, 10]","[0, 379, 10]",110
"[1, 60, 0]","[0, 60, 4]","[1, 52, 4]","[1, 725, 5]","[0, 52, 5]","[0, 1500, 10]","[1, 52, 10]","[0, 1500, 11]","[1, 52, 11]","[0, 380, 11]",110
"[1, 60, 0]","[0, 60, 5]","[1, 52, 5]","[1, 725, 5]","[0, 52, 7]","[0, 1500, 11]","[1, 52, 11]","[0, 1500, 11]","[1, 52, 11]","[0, 380, 11]",110
"[1, 60, 0]","[0, 60, 4]","[1, 52, 4]","[1, 725, 5]","[0, 52, 6]","[0, 1500, 10]","[1, 52, 10]","[0, 1500, 10]","[1, 52, 10]","[0, 379, 10]",110
"[1, 60, 0]","[0, 60, 4]","[1, 52, 4]","[1, 725, 5]","[0, 52, 6]","[0, 1500, 11]","[1, 52, 11]","[0, 1500, 11]","[1, 52, 11]","[0, 380, 11]",110
"[1, 60, 0]","[0, 60, 5]","[1, 52, 5]","[1, 725, 5]","[0, 52, 6]","[0, 1500, 11]","[1, 52, 11]","[0, 1500, 11]","[1, 52, 11]","[0, 380, 11]",110
"[1, 60, 0]","[0, 60, 5]","[1, 52, 5]","[1, 725, 6]","[0, 52, 7]","[0, 1500, 12]","[1, 52, 12]","[0, 1500, 12]","[1, 52, 12]","[0, 378, 12]",110
"[1, 60, 0]","[0, 60, 4]","[1, 52, 4]","[1, 725, 5]","[0, 52, 6]","[0, 1500, 11]","[1, 52, 11]","[0, 1500, 11]","[1, 52, 11]","[0, 380, 11]",110
"[1, 60, 0]","[0, 60, 5]","[1, 52, 5]","[1, 725, 5]","[0, 52, 6]","[0, 1500, 14]","[1, 52, 14]","[0, 1500, 14]","[1, 52, 14]","[0, 379, 15]",110
"[1, 60, 0]","[0, 60, 4]","[1, 52, 4]","[1, 725, 4]","[0, 52, 5]","[0, 1500, 10]","[1, 52, 10]","[0, 1500, 10]","[0, 380, 10]","[1, 52, 10]",110
"[1, 60, 0]","[0, 60, 4]","[1, 52, 4]","[1, 725, 5]","[0, 52, 6]","[0, 1500, 10]","[1, 52, 10]","[0, 1500, 10]","[1, 52, 10]","[0, 378, 10]",110
"[1, 60, 0]","[0, 60, 4]","[1, 52, 4]","[1, 725, 5]","[0, 52, 6]","[0, 1500, 9]","[1, 52, 9]","[0, 1500, 9]","[1, 52, 9]","[0, 379, 9]",110
"[1, 60, 0]","[0, 60, 4]","[1, 52, 4]","[1, 725, 4]","[0, 52, 6]","[0, 1500, 10]","[1, 52, 10]","[0, 1500, 10]","[1, 52, 10]","[0, 378, 11]",110
"[1, 60, 0]","[0, 60, 5]","[1, 52, 5]","[1, 725, 7]","[0, 52, 8]","[0, 1500, 13]","[1, 52, 13]","[0, 1500, 13]","[1, 52, 13]","[0, 380, 13]",110
"[1, 60, 0]","[0, 60, 4]","[1, 52, 4]","[1, 725, 4]","[0, 52, 5]","[0, 1500, 8]","[1, 52, 8]","[0, 1500, 8]","[1, 52, 8]","[0, 378, 8]",110
"[1, 60, 0]","[0, 60, 4]","[1, 52, 4]","[1, 725, 5]","[0, 52, 5]","[0, 1500, 10]","[1, 52, 10]","[0, 1500, 10]","[1, 52, 10]","[0, 379, 10]",110
"[1, 60, 0]","[0, 60, 3]","[1, 52, 3]","[1, 725, 4]","[0, 52, 6]","[0, 1500, 9]","[1, 52, 9]","[0, 1500, 9]","[1, 52, 9]","[0, 379, 9]",110
"[1, 60, 0]","[0, 60, 5]","[1, 52, 5]","[1, 725, 6]","[0, 52, 6]","[0, 1500, 10]","[1, 52, 10]","[0, 1500, 10]","[1, 52, 10]","[0, 379, 10]",110
"[1, 60, 0]","[0, 60, 5]","[1, 52, 5]","[1, 725, 5]","[0, 52, 7]","[0, 1500, 12]","[1, 52, 12]","[0, 1500, 12]","[1, 52, 12]","[0, 378, 12]",110
"[1, 60, 0]","[0, 60, 4]","[1, 52, 4]","[1, 725, 5]","[0, 52, 7]","[0, 1500, 12]","[1, 52, 12]","[0, 1500, 12]","[1, 52, 12]","[0, 378, 12]",110
"[1, 60, 0]","[0, 60, 4]","[1, 52, 4]","[1, 725, 6]","[0, 52, 8]","[0, 1500, 12]","[1, 52, 12]","[0, 1500, 12]","[1, 52, 12]","[0, 378, 12]",110
"[1, 60, 0]","[0, 60, 4]","[1, 52, 4]","[1, 725, 5]","[0, 52, 6]","[0, 1500, 9]","[1, 52, 9]","[0, 1500, 10]","[1, 52, 10]","[0, 378, 10]",110
"[1, 60, 0]","[0, 60, 5]","[1, 52, 5]","[1, 725, 5]","[0, 52, 6]","[0, 1500, 11]","[1, 52, 11]","[0, 1500, 11]","[1, 52, 11]","[0, 379, 12]",110
"[1, 60, 0]","[0, 60, 4]","[1, 52, 5]","[1, 725, 5]","[0, 52, 6]","[0, 1500, 10]","[1, 52, 11]","[0, 1500, 11]","[1, 52, 11]","[0, 379, 11]",110
"[1, 60, 0]","[0, 60, 9]","[1, 52, 9]","[1, 725, 10]","[0, 52, 10]","[0, 1500, 14]","[1, 52, 14]","[0, 1500, 14]","[1, 52, 14]","[0, 378, 14]",110
"[1, 60, 0]","[0, 60, 12]","[1, 52, 12]","[1, 725, 13]","[0, 52, 20]","[0, 1500, 28]","[1, 52, 28]","[0, 1500, 28]","[1, 52, 28]","[0, 379, 28]",110
"[1, 60, 0]","[0, 60, 4]","[1, 52, 4]","[1, 725, 5]","[0, 52, 5]","[0, 1500, 9]","[1, 52, 9]","[0, 1500, 9]","[1, 52, 9]","[0, 379, 9]",110
"[1, 60, 0]","[0, 60, 4]","[1, 52, 4]","[1, 725, 5]","[0, 52, 6]","[0, 1500, 10]","[1, 52, 10]","[0, 1500, 10]","[1, 52, 10]","[0, 379, 10]",110
"[1, 60, 0]","[0, 60, 3]","[1, 52, 3]","[1, 725, 4]","[0, 52, 5]","[0, 1500, 8]","[1, 52, 8]","[0, 1500, 9]","[1, 52, 9]","[0, 379, 10]",110
"[1, 60, 0]","[0, 60, 5]","[1, 52, 5]","[1, 725, 5]","[0, 52, 7]","[0, 1500, 10]","[1, 52, 10]","[0, 1500, 10]","[1, 52, 10]","[0, 379, 10]",110
"[1, 60, 0]","[0, 60, 4]","[1, 52, 4]","[1, 725, 4]","[0, 52, 5]","[0, 1500, 10]","[1, 52, 10]","[0, 1500, 10]","[1, 52, 10]","[0, 380, 10]",110
"[1, 60, 0]","[0, 60, 4]","[1, 52, 4]","[1, 725, 6]","[0, 52, 7]","[0, 1500, 10]","[1, 52, 11]","[0, 1500, 11]","[1, 52, 11]","[0, 378, 11]",110
"[1, 60, 0]","[0, 60, 4]","[1, 52, 4]","[1, 725, 5]","[0, 52, 6]","[0, 1500, 11]","[1, 52, 11]","[0, 1500, 11]","[1, 52, 11]","[0, 379, 11]",110
"[1, 60, 0]","[0, 60, 4]","[1, 52, 4]","[1, 1947, 6]","[0, 52, 7]","[0, 1500, 11]","[1, 52, 11]","[0, 1500, 11]","[1, 52, 11]","[0, 1467, 12]",111
"[1, 60, 0]","[0, 60, 4]","[1, 52, 4]","[1, 1947, 5]","[0, 52, 6]","[0, 52, 6]","[0, 1500, 10]","[1, 52, 10]","[0, 1500, 10]","[1, 52, 10]",111
"[1, 60, 0]","[0, 60, 4]","[1, 52, 4]","[1, 1947, 5]","[0, 52, 6]","[0, 52, 6]","[0, 1500, 11]","[1, 52, 11]","[0, 1500, 12]","[1, 52, 12]",111
"[1, 60, 0]","[0, 60, 5]","[1, 52, 5]","[1, 1947, 5]","[0, 52, 6]","[0, 1500, 10]","[1, 52, 10]","[0, 1500, 11]","[1, 52, 11]","[0, 1466, 11]",111
"[1, 60, 0]","[0, 60, 4]","[1, 52, 4]","[1, 1947, 5]","[0, 52, 6]","[0, 52, 6]","[0, 1500, 10]","[1, 52, 10]","[0, 1500, 10]","[1, 52, 10]",111
"[1, 60, 0]","[0, 60, 4]","[1, 52, 4]","[1, 1947, 5]","[0, 52, 6]","[0, 1500, 11]","[1, 52, 11]","[0, 1500, 11]","[1, 52, 11]","[0, 1466, 11]",111
"[1, 60, 0]","[0, 60, 3]","[1, 52, 3]","[1, 1947, 4]","[0, 52, 5]","[0, 1500, 10]","[1, 52, 10]","[0, 1500, 10]","[1, 52, 10]","[0, 1468, 10]",111
"[1, 60, 0]","[0, 60, 4]","[1, 52, 4]","[1, 1947, 5]","[0, 52, 6]","[0, 1500, 10]","[1, 52, 11]","[0, 1500, 11]","[1, 52, 11]","[0, 1468, 11]",111
"[1, 60, 0]","[0, 60, 3]","[1, 52, 4]","[1, 1947, 4]","[0, 52, 5]","[0, 1500, 9]","[1, 52, 9]","[0, 1500, 9]","[1, 52, 9]","[0, 1467, 9]",111
"[1, 60, 0]","[0, 60, 5]","[1, 52, 5]","[1, 1947, 5]","[0, 52, 6]","[0, 52, 6]","[0, 1500, 11]","[1, 52, 11]","[0, 1500, 11]","[1, 52, 11]",111
"[1, 60, 0]","[0, 60, 4]","[1, 52, 4]","[1, 1947, 5]","[0, 52, 6]","[0, 52, 6]","[0, 1500, 12]","[1, 52, 12]","[0, 1500, 12]","[0, 1467, 12]",111
"[1, 60, 0]","[0, 60, 4]","[1, 52, 4]","[1, 1947, 5]","[0, 52, 6]","[0, 1500, 11]","[1, 52, 11]","[0, 1500, 11]","[1, 52, 11]","[0, 1466, 12]",111
"[1, 60, 0]","[0, 60, 4]","[1, 52, 5]","[1, 1947, 6]","[0, 52, 7]","[0, 52, 7]","[0, 1500, 12]","[1, 52, 12]","[0, 1500, 12]","[1, 52, 12]",111
"[1, 60, 0]","[0, 60, 4]","[1, 52, 4]","[1, 1947, 5]","[0, 52, 6]","[0, 1500, 10]","[1, 52, 10]","[0, 1500, 10]","[1, 52, 10]","[0, 1466, 10]",111
"[1, 60, 0]","[0, 60, 3]","[1, 52, 3]","[1, 1947, 4]","[0, 52, 5]","[0, 52, 5]","[0, 1500, 9]","[1, 52, 9]","[0, 1500, 9]","[1, 52, 9]",111
"[1, 60, 0]","[0, 60, 4]","[1, 52, 4]","[1, 1947, 5]","[0, 52, 5]","[0, 52, 5]","[0, 1500, 10]","[1, 52, 10]","[0, 1500, 10]","[1, 52, 10]",111
"[1, 60, 0]","[0, 60, 6]","[1, 52, 6]","[1, 1947, 7]","[0, 52, 8]","[0, 1500, 13]","[1, 52, 14]","[0, 1500, 14]","[1, 52, 14]","[0, 1468, 14]",111
"[1, 60, 0]","[0, 60, 32]","[1, 52, 32]","[1, 1947, 33]","[0, 52, 34]","[0, 52, 34]","[0, 1500, 38]","[1, 52, 38]","[0, 1500, 38]","[1, 52, 38]",111
"[1, 60, 0]","[0, 60, 12]","[1, 52, 12]","[1, 1947, 13]","[0, 52, 16]","[0, 52, 16]","[0, 1500, 24]","[1, 52, 24]","[0, 1500, 25]","[1, 52, 25]",111
"[1, 60, 0]","[0, 60, 3]","[1, 52, 3]","[1, 1947, 4]","[0, 52, 5]","[0, 1500, 9]","[1, 52, 9]","[0, 1500, 9]","[1, 52, 9]","[0, 1467, 9]",111
"[1, 60, 0]","[0, 60, 5]","[1, 52, 5]","[1, 1947, 5]","[0, 52, 7]","[0, 52, 7]","[0, 1500, 13]","[1, 52, 13]","[0, 1500, 13]","[1, 52, 13]",111
"[1, 60, 0]","[0, 60, 5]","[1, 52, 5]","[1, 1947, 6]","[0, 52, 9]","[0, 52, 9]","[0, 1500, 14]","[1, 52, 14]","[0, 1500, 14]","[1, 52, 14]",111
"[1, 60, 0]","[0, 60, 4]","[1, 52, 5]","[1, 1947, 5]","[0, 52, 6]","[0, 1500, 11]","[1, 52, 11]","[0, 1500, 11]","[1, 52, 11]","[0, 1467, 11]",111
"[1, 60, 0]","[0, 60, 5]","[1, 52, 5]","[1, 1947, 6]","[0, 52, 6]","[0, 1500, 11]","[1, 52, 11]","[0, 1500, 11]","[1, 52, 11]","[0, 1467, 11]",111
"[1, 60, 0]","[0, 60, 5]","[1, 52, 5]","[1, 1947, 6]","[0, 52, 7]","[0, 1500, 12]","[1, 52, 12]","[0, 1500, 12]","[1, 52, 12]","[0, 1467, 12]",111
"[1, 60, 0]","[0, 60, 9]","[1, 52, 9]","[1, 1947, 10]","[0, 52, 11]","[0, 1500, 16]","[1, 52, 16]","[0, 1500, 16]","[1, 52, 16]","[0, 1467, 16]",111
"[1, 60, 0]","[0, 60, 4]","[1, 52, 4]","[1, 1947, 4]","[0, 52, 5]","[0, 1500, 11]","[1, 52, 11]","[0, 1500, 11]","[1, 52, 11]","[0, 1468, 11]",111
"[1, 60, 0]","[0, 60, 5]","[1, 52, 5]","[1, 1947, 6]","[0, 52, 8]","[0, 1500, 12]","[1, 52, 12]","[0, 1500, 12]","[1, 52, 12]","[0, 1468, 12]",111
"[1, 60, 0]","[0, 60, 4]","[1, 52, 4]","[1, 1947, 5]","[0, 52, 6]","[0, 52, 6]","[0, 1500, 11]","[1, 52, 11]","[0, 1500, 11]","[1, 52, 11]",111
"[1, 60, 0]","[0, 60, 6]","[1, 52, 6]","[1, 1947, 6]","[0, 52, 8]","[0, 52, 8]","[0, 1500, 12]","[1, 52, 12]","[0, 1500, 12]","[1, 52, 12]",111
"[1, 60, 0]","[0, 60, 4]","[1, 52, 4]","[1, 1947, 5]","[0, 52, 6]","[0, 52, 6]","[0, 1500, 11]","[1, 52, 11]","[0, 1500, 11]","[1, 52, 11]",111
"[1, 60, 0]","[0, 60, 4]","[1, 52, 4]","[1, 1947, 5]","[0, 52, 6]","[0, 52, 7]","[0, 1500, 11]","[1, 52, 11]","[0, 1500, 11]","[1, 52, 11]",111
"[1, 60, 0]","[0, 60, 4]","[1, 52, 4]","[1, 1947, 4]","[0, 52, 5]","[0, 52, 5]","[0, 1500, 11]","[1, 52, 11]","[0, 1500, 11]","[1, 52, 11]",111
"[1, 60, 0]","[0, 60, 4]","[1, 52, 4]","[1, 1947, 5]","[0, 52, 6]","[0, 52, 6]","[0, 1500, 11]","[1, 52, 11]","[0, 1500, 11]","[1, 52, 11]",111
"[1, 60, 0]","[0, 60, 4]","[1, 52, 4]","[1, 1947, 6]","[0, 52, 7]","[0, 1500, 14]","[1, 52, 14]","[0, 1500, 14]","[1, 52, 14]","[0, 1468, 14]",111
"[1, 60, 0]","[0, 60, 7]","[1, 52, 7]","[1, 1947, 8]","[0, 52, 10]","[0, 1500, 16]","[1, 52, 16]","[0, 1500, 16]","[1, 52, 16]","[0, 1467, 16]",111
"[1, 60, 0]","[0, 60, 4]","[1, 52, 4]","[1, 1947, 5]","[0, 52, 6]","[0, 52, 6]","[0, 1500, 11]","[1, 52, 11]","[0, 1500, 11]","[1, 52, 11]",111
"[1, 60, 0]","[0, 60, 5]","[1, 52, 5]","[1, 1947, 6]","[0, 52, 6]","[0, 52, 7]","[0, 1500, 12]","[1, 52, 12]","[0, 1500, 12]","[1, 52, 12]",111
"[1, 60, 0]","[0, 60, 4]","[1, 52, 4]","[1, 1947, 5]","[0, 52, 6]","[0, 52, 6]","[0, 1500, 11]","[1, 52, 11]","[0, 1500, 11]","[1, 52, 11]",111
"[1, 60, 0]","[0, 60, 5]","[1, 52, 5]","[1, 1947, 6]","[0, 52, 6]","[0, 52, 7]","[0, 1500, 12]","[1, 52, 12]","[0, 1500, 12]","[1, 52, 12]",111
"[1, 60, 0]","[0, 60, 6]","[1, 52, 6]","[1, 1947, 7]","[0, 52, 8]","[0, 52, 8]","[0, 1500, 12]","[1, 52, 12]","[0, 1500, 12]","[1, 52, 12]",111
"[1, 60, 0]","[0, 60, 4]","[1, 52, 4]","[1, 1947, 5]","[0, 52, 6]","[0, 52, 6]","[0, 1500, 11]","[1, 52, 12]","[0, 1500, 12]","[1, 52, 12]",111
"[1, 60, 0]","[0, 60, 20]","[1, 52, 20]","[1, 1947, 22]","[0, 52, 28]","[0, 52, 28]","[0, 1500, 36]","[1, 52, 36]","[0, 1500, 36]","[1, 52, 36]",111
"[1, 60, 0]","[0, 60, 3]","[1, 52, 3]","[1, 1947, 4]","[0, 52, 5]","[0, 1500, 10]","[1, 52, 10]","[0, 1500, 10]","[1, 52, 10]","[0, 1466, 10]",111
"[1, 60, 0]","[0, 60, 5]","[1, 52, 5]","[1, 1947, 5]","[0, 52, 6]","[0, 52, 6]","[0, 1500, 12]","[1, 52, 12]","[0, 1500, 13]","[1, 52, 13]",111
"[1, 60, 0]","[0, 60, 5]","[1, 52, 5]","[1, 1947, 6]","[0, 52, 6]","[0, 52, 7]","[0, 1500, 11]","[1, 52, 12]","[0, 1500, 12]","[1, 52, 12]",111
"[1, 60, 0]","[0, 60, 4]","[1, 52, 5]","[1, 1947, 5]","[0, 52, 6]","[0, 52, 6]","[0, 1500, 11]","[1, 52, 11]","[0, 1500, 11]","[1, 52, 11]",111
"[1, 60, 0]","[0, 60, 5]","[1, 52, 5]","[1, 1947, 6]","[0, 52, 6]","[0, 1500, 11]","[1, 52, 11]","[0, 1500, 11]","[1, 52, 11]","[0, 1466, 11]",111
"[1, 60, 0]","[0, 60, 4]","[1, 52, 5]","[1, 1947, 6]","[0, 52, 7]","[0, 1500, 11]","[1, 52, 12]","[0, 1500, 12]","[1, 52, 12]","[0, 1468, 12]",111
"[1, 60, 0]","[0, 60, 5]","[1, 52, 5]","[1, 1947, 6]","[0, 52, 7]","[0, 52, 7]","[0, 1500, 11]","[1, 52, 11]","[0, 1500, 11]","[1, 52, 11]",111
"[1, 60, 0]","[0, 60, 4]","[1, 52, 4]","[1, 1947, 4]","[0, 52, 6]","[0, 1500, 11]","[1, 52, 11]","[0, 1500, 11]","[1, 52, 11]","[0, 1467, 11]",111
"[1, 60, 0]","[0, 60, 3]","[1, 52, 3]","[1, 1947, 5]","[0, 52, 5]","[0, 1500, 10]","[1, 52, 10]","[0, 1500, 10]","[1, 52, 10]","[0, 1467, 10]",111
"[1, 60, 0]","[0, 60, 4]","[1, 52, 4]","[1, 1947, 5]","[0, 52, 6]","[0, 1500, 11]","[1, 52, 11]","[0, 1500, 11]","[1, 52, 11]","[0, 1467, 11]",111
"[1, 60, 0]","[0, 60, 7]","[1, 52, 7]","[1, 1947, 7]","[0, 52, 8]","[0, 52, 8]","[0, 1500, 14]","[1, 52, 14]","[0, 1500, 14]","[1, 52, 14]",111
"[1, 60, 0]","[0, 60, 9]","[1, 52, 9]","[1, 1947, 10]","[0, 52, 15]","[0, 52, 15]","[0, 1500, 22]","[1, 52, 22]","[0, 1500, 22]","[1, 52, 22]",111
"[1, 60, 0]","[0, 60, 7]","[1, 52, 7]","[1, 1947, 8]","[0, 52, 9]","[0, 1500, 15]","[1, 52, 15]","[0, 1500, 15]","[1, 52, 15]","[0, 1467, 15]",111
"[1, 60, 0]","[0, 60, 3]","[1, 52, 4]","[1, 1947, 4]","[0, 52, 5]","[0, 52, 5]","[0, 1500, 10]","[1, 52, 10]","[0, 1500, 10]","[1, 52, 10]",111
"[1, 60, 0]","[0, 60, 4]","[1, 52, 4]","[1, 1947, 5]","[0, 52, 6]","[0, 1500, 11]","[1, 52, 11]","[0, 1500, 11]","[1, 52, 11]","[0, 1467, 11]",111
"[1, 60, 0]","[0, 60, 4]","[1, 52, 4]","[1, 1947, 5]","[0, 52, 6]","[0, 1500, 10]","[1, 52, 10]","[0, 1500, 11]","[1, 52, 11]","[0, 1468, 11]",111
"[1, 60, 0]","[0, 60, 4]","[1, 52, 4]","[1, 1947, 5]","[0, 52, 6]","[0, 52, 7]","[0, 1500, 13]","[1, 52, 13]","[0, 1500, 14]","[1, 52, 14]",111
"[1, 60, 0]","[0, 60, 4]","[1, 52, 4]","[1, 1947, 5]","[0, 52, 6]","[0, 1500, 11]","[1, 52, 11]","[0, 1500, 11]","[1, 52, 11]","[0, 1467, 11]",111
"[1, 60, 0]","[0, 60, 4]","[1, 52, 4]","[1, 1947, 4]","[0, 52, 5]","[0, 1500, 11]","[1, 52, 11]","[0, 1500, 11]","[1, 52, 11]","[0, 1467, 11]",111
"[1, 60, 0]","[0, 60, 4]","[1, 52, 4]","[1, 1947, 4]","[0, 52, 5]","[0, 52, 5]","[0, 1500, 10]","[1, 52, 10]","[0, 1500, 11]","[1, 52, 11]",111
"[1, 60, 0]","[0, 60, 4]","[1, 52, 4]","[1, 1947, 5]","[0, 52, 6]","[0, 1500, 11]","[1, 52, 11]","[0, 1500, 11]","[1, 52, 11]","[0, 1467, 11]",111
"[1, 60, 0]","[0, 60, 4]","[1, 52, 4]","[1, 1947, 5]","[0, 52, 6]","[0, 1500, 11]","[1, 52, 11]","[0, 1500, 11]","[1, 52, 11]","[0, 1466, 11]",111
"[1, 60, 0]","[0, 60, 4]","[1, 52, 4]","[1, 1947, 5]","[0, 52, 6]","[0, 52, 7]","[0, 1500, 12]","[1, 52, 12]","[0, 1500, 12]","[1, 52, 12]",111
"[1, 60, 0]","[0, 60, 4]","[1, 52, 4]","[1, 1947, 5]","[0, 52, 6]","[0, 1500, 12]","[1, 52, 12]","[0, 1500, 12]","[1, 52, 12]","[0, 1467, 12]",111
"[1, 60, 0]","[0, 60, 4]","[1, 52, 4]","[1, 1947, 4]","[0, 52, 5]","[0, 52, 5]","[0, 1500, 10]","[1, 52, 10]","[0, 1500, 10]","[1, 52, 10]",111
"[1, 60, 0]","[0, 60, 3]","[1, 52, 3]","[1, 1947, 4]","[0, 52, 4]","[0, 1500, 8]","[1, 52, 8]","[0, 1500, 8]","[1, 52, 8]","[0, 1467, 8]",111
"[1, 60, 0]","[0, 60, 3]","[1, 52, 3]","[1, 1947, 5]","[0, 52, 6]","[0, 1500, 10]","[1, 52, 10]","[0, 1500, 10]","[0, 1467, 10]","[1, 52, 10]",111
"[1, 60, 0]","[0, 60, 4]","[1, 52, 4]","[1, 1947, 6]","[0, 52, 7]","[0, 1500, 12]","[1, 52, 12]","[0, 1500, 12]","[1, 52, 12]","[0, 1467, 12]",111
"[1, 60, 0]","[0, 60, 4]","[1, 52, 4]","[1, 1947, 5]","[0, 52, 6]","[0, 52, 6]","[0, 1500, 10]","[1, 52, 10]","[0, 1500, 10]","[1, 52, 10]",111
"[1, 60, 0]","[0, 60, 9]","[1, 52, 9]","[1, 1947, 10]","[0, 52, 11]","[0, 1500, 16]","[1, 52, 16]","[0, 1500, 16]","[1, 52, 17]","[0, 1467, 17]",111
"[1, 60, 0]","[0, 60, 5]","[1, 52, 5]","[1, 1947, 6]","[0, 52, 8]","[0, 1500, 12]","[1, 52, 12]","[0, 1500, 12]","[1, 52, 12]","[0, 1467, 13]",111
"[1, 60, 0]","[0, 60, 4]","[1, 52, 5]","[1, 1947, 6]","[0, 52, 7]","[0, 1500, 11]","[1, 52, 11]","[0, 1500, 11]","[1, 52, 11]","[0, 1467, 11]",111
"[1, 60, 0]","[0, 60, 4]","[1, 52, 4]","[1, 1947, 5]","[0, 52, 6]","[0, 1500, 10]","[1, 52, 10]","[0, 1500, 11]","[1, 52, 11]","[0, 1466, 11]",111
"[1, 60, 0]","[0, 60, 5]","[1, 52, 5]","[1, 1947, 6]","[0, 52, 7]","[0, 1500, 12]","[1, 52, 12]","[0, 1500, 12]","[1, 52, 12]","[0, 1467, 12]",111
"[1, 60, 0]","[0, 60, 3]","[1, 52, 3]","[1, 1947, 4]","[0, 52, 5]","[0, 1500, 9]","[1, 52, 9]","[0, 1500, 9]","[1, 52, 9]","[0, 1467, 9]",111
"[1, 60, 0]","[0, 60, 3]","[1, 52, 3]","[1, 1947, 5]","[0, 52, 6]","[0, 52, 6]","[0, 1500, 11]","[1, 52, 11]","[0, 1500, 11]","[1, 52, 11]",111
"[1, 60, 0]","[0, 60, 4]","[1, 52, 4]","[1, 1947, 5]","[0, 52, 6]","[0, 52, 6]","[0, 1500, 10]","[1, 52, 10]","[0, 1500, 10]","[1, 52, 10]",111
"[1, 60, 0]","[0, 60, 4]","[1, 52, 4]","[1, 1947, 4]","[0, 52, 5]","[0, 1500, 10]","[1, 52, 10]","[0, 1500, 10]","[1, 52, 10]","[0, 1466, 10]",111
"[1, 60, 0]","[0, 60, 5]","[1, 52, 5]","[1, 1947, 5]","[0, 52, 7]","[0, 1500, 11]","[1, 52, 11]","[0, 1500, 11]","[1, 52, 11]","[0, 1468, 11]",111
"[1, 60, 0]","[0, 60, 3]","[1, 52, 3]","[1, 1947, 4]","[0, 52, 4]","[0, 52, 5]","[0, 1500, 9]","[1, 52, 9]","[0, 1500, 10]","[1, 52, 10]",111
"[1, 60, 0]","[0, 60, 4]","[1, 52, 4]","[1, 1947, 5]","[0, 52, 7]","[0, 52, 9]","[0, 1500, 12]","[1, 52, 12]","[0, 1500, 12]","[1, 52, 12]",111
"[1, 60, 0]","[0, 60, 4]","[1, 52, 4]","[1, 1947, 4]","[0, 52, 5]","[0, 52, 5]","[0, 1500, 10]","[1, 52, 10]","[0, 1500, 10]","[1, 52, 10]",111
"[1, 60, 0]","[0, 60, 4]","[1, 52, 4]","[1, 1947, 5]","[0, 52, 6]","[0, 52, 6]","[0, 1500, 12]","[1, 52, 12]","[0, 1500, 12]","[1, 52, 12]",111
"[1, 60, 0]","[0, 60, 4]","[1, 52, 4]","[1, 1947, 5]","[0, 52, 6]","[0, 52, 6]","[0, 1500, 11]","[1, 52, 11]","[0, 1500, 11]","[1, 52, 11]",111
"[1, 60, 0]","[0, 60, 5]","[1, 52, 5]","[1, 1947, 5]","[0, 52, 6]","[0, 1500, 12]","[1, 52, 12]","[0, 1500, 12]","[1, 52, 12]","[0, 1467, 12]",111
"[1, 60, 0]","[0, 60, 4]","[1, 52, 4]","[1, 1947, 5]","[0, 52, 7]","[0, 1500, 13]","[1, 52, 13]","[0, 1500, 14]","[1, 52, 14]","[0, 1468, 14]",111
"[1, 60, 0]","[0, 60, 4]","[1, 52, 4]","[1, 1947, 5]","[0, 52, 5]","[0, 1500, 9]","[1, 52, 9]","[0, 1500, 10]","[1, 52, 10]","[0, 1466, 10]",111
"[1, 60, 0]","[0, 60, 4]","[1, 52, 4]","[1, 1947, 5]","[0, 52, 6]","[0, 52, 7]","[0, 1500, 10]","[1, 52, 10]","[0, 1500, 10]","[1, 52, 10]",111
"[1, 60, 0]","[0, 60, 4]","[1, 52, 4]","[1, 1947, 5]","[0, 52, 5]","[0, 1500, 10]","[1, 52, 10]","[0, 1500, 10]","[1, 52, 10]","[0, 1466, 10]",111
"[1, 60, 0]","[0, 60, 3]","[1, 52, 3]","[1, 1947, 4]","[0, 52, 5]","[0, 52, 5]","[0, 1500, 11]","[1, 52, 11]","[0, 1500, 11]","[1, 52, 11]",111
"[1, 60, 0]","[0, 60, 4]","[1, 52, 4]","[1, 1947, 5]","[0, 52, 6]","[0, 52, 6]","[0, 1500, 11]","[1, 52, 11]","[0, 1500, 11]","[1, 52, 11]",111
"[1, 60, 0]","[0, 60, 5]","[1, 52, 5]","[1, 1947, 6]","[0, 52, 6]","[0, 52, 6]","[0, 1500, 12]","[1, 52, 12]","[0, 1500, 12]","[1, 52, 12]",111
"[1, 60, 0]","[0, 60, 5]","[1, 52, 5]","[1, 1947, 5]","[0, 52, 6]","[0, 52, 6]","[0, 1500, 10]","[1, 52, 10]","[0, 1500, 10]","[1, 52, 10]",111
"[1, 60, 0]","[0, 60, 3]","[1, 52, 3]","[1, 1947, 3]","[0, 52, 4]","[0, 52, 4]","[0, 1500, 9]","[1, 52, 9]","[0, 1500, 9]","[1, 52, 9]",111
"[1, 60, 0]","[0, 60, 4]","[1, 52, 4]","[1, 1947, 5]","[0, 52, 6]","[0, 52, 6]","[0, 1500, 10]","[1, 52, 11]","[0, 1500, 11]","[1, 52, 11]",111
"[1, 60, 0]","[0, 60, 4]","[1, 52, 4]","[1, 1947, 4]","[0, 52, 5]","[0, 52, 5]","[0, 1500, 9]","[1, 52, 9]","[0, 1500, 9]","[1, 52, 9]",111
"[1, 60, 0]","[0, 60, 5]","[1, 52, 5]","[1, 1947, 5]","[0, 52, 6]","[0, 52, 6]","[0, 1500, 12]","[1, 52, 12]","[0, 1500, 12]","[1, 52, 12]",111
